agent,trial,stage,candidate_id,edge_type,strength,active,driver,seed
full_biological,1,F-Con,AUTO_GG_G0_G1,glia_glia,0.9593537143165668,True,0.243639236436246,20260817
full_biological,1,F-Con,AUTO_GG_G1_G3,glia_glia,0.404086960657421,True,0.13064578932941684,20260817
full_biological,1,F-Con,AUTO_GG_G2_G5,glia_glia,0.0,False,0.0,20260817
full_biological,1,F-Con,AUTO_TRI_N0_G1_N4,tripartite,0.0,False,0.002220606289620657,20260817
full_biological,1,F-Con,AUTO_TRI_N3_G2_N5,tripartite,0.0,False,0.0,20260817
full_biological,1,F-Con,AUTO_TRI_N3_G2_N9,tripartite,0.0,False,0.0,20260817
full_biological,2,F-Con,AUTO_GG_G0_G1,glia_glia,1.0,True,0.41680761926038906,20260817
full_biological,2,F-Con,AUTO_GG_G1_G3,glia_glia,1.0,True,0.24793464773718882,20260817
full_biological,2,F-Con,AUTO_GG_G2_G5,glia_glia,0.0,False,0.0,20260817
full_biological,2,F-Con,AUTO_TRI_N0_G1_N4,tripartite,0.6563894360681201,True,0.07031074888877795,20260817
full_biological,2,F-Con,AUTO_TRI_N3_G2_N5,tripartite,0.0,False,0.0,20260817
full_biological,2,F-Con,AUTO_TRI_N3_G2_N9,tripartite,0.0,False,0.0,20260817
full_biological,3,F-Con,AUTO_GG_G0_G1,glia_glia,1.0,True,0.5864300569054746,20260817
full_biological,3,F-Con,AUTO_GG_G1_G3,glia_glia,1.0,True,0.35373935863584377,20260817
full_biological,3,F-Con,AUTO_GG_G2_G5,glia_glia,0.0,False,0.0,20260817
full_biological,3,F-Con,AUTO_TRI_N0_G1_N4,tripartite,1.0,True,0.19682409813996554,20260817
full_biological,3,F-Con,AUTO_TRI_N3_G2_N5,tripartite,0.0,False,0.0,20260817
full_biological,3,F-Con,AUTO_TRI_N3_G2_N9,tripartite,0.0,False,0.0,20260817
full_biological,4,Ext1,AUTO_GG_G0_G1,glia_glia,1.0,True,0.54369702695959,20260817
full_biological,4,Ext1,AUTO_GG_G1_G3,glia_glia,1.0,True,0.32089190053215866,20260817
full_biological,4,Ext1,AUTO_GG_G2_G5,glia_glia,0.06509535473930901,False,0.1649830810994733,20260817
full_biological,4,Ext1,AUTO_TRI_N0_G1_N4,tripartite,1.0,True,0.2628926401086236,20260817
full_biological,4,Ext1,AUTO_TRI_N3_G2_N5,tripartite,0.0,False,0.004719964433221858,20260817
full_biological,4,Ext1,AUTO_TRI_N3_G2_N9,tripartite,0.0,False,0.004719964433221858,20260817
full_biological,5,Ext1,AUTO_GG_G0_G1,glia_glia,1.0,True,0.43495762156767204,20260817
full_biological,5,Ext1,AUTO_GG_G1_G3,glia_glia,1.0,True,0.2915123230945291,20260817
full_biological,5,Ext1,AUTO_GG_G2_G5,glia_glia,0.20752652874399613,True,0.31346785408899924,20260817
full_biological,5,Ext1,AUTO_TRI_N0_G1_N4,tripartite,1.0,True,0.3282493454057862,20260817
full_biological,5,Ext1,AUTO_TRI_N3_G2_N5,tripartite,0.0,False,0.005620449651202916,20260817
full_biological,5,Ext1,AUTO_TRI_N3_G2_N9,tripartite,0.0,False,0.005620449651202916,20260817
full_biological,6,Ext1,AUTO_GG_G0_G1,glia_glia,1.0,True,0.34796609725413763,20260817
full_biological,6,Ext1,AUTO_GG_G1_G3,glia_glia,1.0,True,0.2652552556075489,20260817
full_biological,6,Ext1,AUTO_GG_G2_G5,glia_glia,0.4185060170313903,True,0.44508061751179673,20260817
full_biological,6,Ext1,AUTO_TRI_N0_G1_N4,tripartite,1.0,True,0.34796609725413763,20260817
full_biological,6,Ext1,AUTO_TRI_N3_G2_N5,tripartite,0.0,False,0.008817450450784057,20260817
full_biological,6,Ext1,AUTO_TRI_N3_G2_N9,tripartite,0.0,False,0.008817450450784057,20260817
full_biological,7,Ext1,AUTO_GG_G0_G1,glia_glia,1.0,True,0.2783728778033101,20260817
full_biological,7,Ext1,AUTO_GG_G1_G3,glia_glia,1.0,True,0.24180961225465242,20260817
full_biological,7,Ext1,AUTO_GG_G2_G5,glia_glia,0.6881377268443506,True,0.5576928828408838,20260817
full_biological,7,Ext1,AUTO_TRI_N0_G1_N4,tripartite,1.0,True,0.2783728778033101,20260817
full_biological,7,Ext1,AUTO_TRI_N3_G2_N5,tripartite,0.0,False,0.0186069726080006,20260817
full_biological,7,Ext1,AUTO_TRI_N3_G2_N9,tripartite,0.0,False,0.0186069726080006,20260817
full_biological,8,Ext1,AUTO_GG_G0_G1,glia_glia,1.0,True,0.22269830224264808,20260817
full_biological,8,Ext1,AUTO_GG_G1_G3,glia_glia,1.0,True,0.22089514956414327,20260817
full_biological,8,Ext1,AUTO_GG_G2_G5,glia_glia,1.0,True,0.6476757957818747,20260817
full_biological,8,Ext1,AUTO_TRI_N0_G1_N4,tripartite,1.0,True,0.22269830224264808,20260817
full_biological,8,Ext1,AUTO_TRI_N3_G2_N5,tripartite,0.0,False,0.041000440347599164,20260817
full_biological,8,Ext1,AUTO_TRI_N3_G2_N9,tripartite,0.0,False,0.041000440347599164,20260817
full_biological,9,Ext1,AUTO_GG_G0_G1,glia_glia,1.0,True,0.17815864179411847,20260817
full_biological,9,Ext1,AUTO_GG_G1_G3,glia_glia,1.0,True,0.17815864179411847,20260817
full_biological,9,Ext1,AUTO_GG_G2_G5,glia_glia,1.0,True,0.7135422343447728,20260817
full_biological,9,Ext1,AUTO_TRI_N0_G1_N4,tripartite,1.0,True,0.17815864179411847,20260817
full_biological,9,Ext1,AUTO_TRI_N3_G2_N5,tripartite,0.010133884436773048,False,0.07956378441827949,20260817
full_biological,9,Ext1,AUTO_TRI_N3_G2_N9,tripartite,0.010133884436773048,False,0.07956378441827949,20260817
full_biological,10,Ext1,AUTO_GG_G0_G1,glia_glia,1.0,True,0.14252691343529478,20260817
full_biological,10,Ext1,AUTO_GG_G1_G3,glia_glia,1.0,True,0.14252691343529478,20260817
full_biological,10,Ext1,AUTO_GG_G2_G5,glia_glia,1.0,True,0.7728452393561569,20260817
full_biological,10,Ext1,AUTO_TRI_N0_G1_N4,tripartite,1.0,True,0.14252691343529478,20260817
full_biological,10,Ext1,AUTO_TRI_N3_G2_N5,tripartite,0.030469233174460257,False,0.11435806444461172,20260817
full_biological,10,Ext1,AUTO_TRI_N3_G2_N9,tripartite,0.030469233174460257,False,0.11435806444461172,20260817
full_biological,11,Ext1,AUTO_GG_G0_G1,glia_glia,1.0,True,0.11402153074823583,20260817
full_biological,11,Ext1,AUTO_GG_G1_G3,glia_glia,1.0,True,0.11402153074823583,20260817
full_biological,11,Ext1,AUTO_GG_G2_G5,glia_glia,1.0,True,0.8262727160985934,20260817
full_biological,11,Ext1,AUTO_TRI_N0_G1_N4,tripartite,1.0,True,0.11402153074823583,20260817
full_biological,11,Ext1,AUTO_TRI_N3_G2_N5,tripartite,0.06004627466001505,False,0.1458788379239458,20260817
full_biological,11,Ext1,AUTO_TRI_N3_G2_N9,tripartite,0.06004627466001505,False,0.1458788379239458,20260817
full_biological,12,Ext1,AUTO_GG_G0_G1,glia_glia,1.0,True,0.09121722459858866,20260817
full_biological,12,Ext1,AUTO_GG_G1_G3,glia_glia,1.0,True,0.09121722459858866,20260817
full_biological,12,Ext1,AUTO_GG_G2_G5,glia_glia,1.0,True,0.8744532795454076,20260817
full_biological,12,Ext1,AUTO_TRI_N0_G1_N4,tripartite,1.0,True,0.09121722459858866,20260817
full_biological,12,Ext1,AUTO_TRI_N3_G2_N5,tripartite,0.0980464558330073,False,0.17460776078645568,20260817
full_biological,12,Ext1,AUTO_TRI_N3_G2_N9,tripartite,0.0980464558330073,False,0.17460776078645568,20260817
full_biological,13,Ext1,AUTO_GG_G0_G1,glia_glia,1.0,True,0.07297377967887093,20260817
full_biological,13,Ext1,AUTO_GG_G1_G3,glia_glia,1.0,True,0.07297377967887093,20260817
full_biological,13,Ext1,AUTO_GG_G2_G5,glia_glia,1.0,True,0.9179663113271912,20260817
full_biological,13,Ext1,AUTO_TRI_N0_G1_N4,tripartite,1.0,True,0.07297377967887093,20260817
full_biological,13,Ext1,AUTO_TRI_N3_G2_N5,tripartite,0.1437932973406087,False,0.2010294058562832,20260817
full_biological,13,Ext1,AUTO_TRI_N3_G2_N9,tripartite,0.1437932973406087,False,0.2010294058562832,20260817
full_biological,14,Ext1,AUTO_GG_G0_G1,glia_glia,1.0,True,0.05837902374309675,20260817
full_biological,14,Ext1,AUTO_GG_G1_G3,glia_glia,1.0,True,0.05837902374309675,20260817
full_biological,14,Ext1,AUTO_GG_G2_G5,glia_glia,1.0,True,0.9573513667056262,20260817
full_biological,14,Ext1,AUTO_TRI_N0_G1_N4,tripartite,1.0,True,0.05837902374309675,20260817
full_biological,14,Ext1,AUTO_TRI_N3_G2_N5,tripartite,0.19675805245179293,False,0.22564764689707476,20260817
full_biological,14,Ext1,AUTO_TRI_N3_G2_N9,tripartite,0.19675805245179293,False,0.22564764689707476,20260817
full_biological,15,Ext1,AUTO_GG_G0_G1,glia_glia,1.0,True,0.04670321899447741,20260817
full_biological,15,Ext1,AUTO_GG_G1_G3,glia_glia,1.0,True,0.04670321899447741,20260817
full_biological,15,Ext1,AUTO_GG_G2_G5,glia_glia,1.0,True,0.9931169854806743,20260817
full_biological,15,Ext1,AUTO_TRI_N0_G1_N4,tripartite,1.0,True,0.04670321899447741,20260817
full_biological,15,Ext1,AUTO_TRI_N3_G2_N5,tripartite,0.25657002300467263,False,0.24900154242142902,20260817
full_biological,15,Ext1,AUTO_TRI_N3_G2_N9,tripartite,0.25657002300467263,False,0.24900154242142902,20260817
full_biological,16,Ext1,AUTO_GG_G0_G1,glia_glia,1.0,True,0.03736257519558193,20260817
full_biological,16,Ext1,AUTO_GG_G1_G3,glia_glia,1.0,True,0.03736257519558193,20260817
full_biological,16,Ext1,AUTO_GG_G2_G5,glia_glia,1.0,True,1.0,20260817
full_biological,16,Ext1,AUTO_TRI_N0_G1_N4,tripartite,1.0,True,0.03736257519558193,20260817
full_biological,16,Ext1,AUTO_TRI_N3_G2_N5,tripartite,0.3230318004525869,True,0.2716821337955646,20260817
full_biological,16,Ext1,AUTO_TRI_N3_G2_N9,tripartite,0.3230318004525869,True,0.2716821337955646,20260817
full_biological,17,Ext1,AUTO_GG_G0_G1,glia_glia,1.0,True,0.029890060156465545,20260817
full_biological,17,Ext1,AUTO_GG_G1_G3,glia_glia,1.0,True,0.029890060156465545,20260817
full_biological,17,Ext1,AUTO_GG_G2_G5,glia_glia,1.0,True,1.0,20260817
full_biological,17,Ext1,AUTO_TRI_N0_G1_N4,tripartite,1.0,True,0.029890060156465545,20260817
full_biological,17,Ext1,AUTO_TRI_N3_G2_N5,tripartite,0.3961405169430844,True,0.29435294374437526,20260817
full_biological,17,Ext1,AUTO_TRI_N3_G2_N9,tripartite,0.3961405169430844,True,0.29435294374437526,20260817
full_biological,18,Ext1,AUTO_GG_G0_G1,glia_glia,1.0,True,0.023912048125172437,20260817
full_biological,18,Ext1,AUTO_GG_G1_G3,glia_glia,1.0,True,0.023912048125172437,20260817
full_biological,18,Ext1,AUTO_GG_G2_G5,glia_glia,1.0,True,1.0,20260817
full_biological,18,Ext1,AUTO_TRI_N0_G1_N4,tripartite,1.0,True,0.023912048125172437,20260817
full_biological,18,Ext1,AUTO_TRI_N3_G2_N5,tripartite,0.4761174304552753,True,0.31777840144336555,20260817
full_biological,18,Ext1,AUTO_TRI_N3_G2_N9,tripartite,0.4761174304552753,True,0.31777840144336555,20260817
full_biological,19,Ext1,AUTO_GG_G0_G1,glia_glia,1.0,True,0.01912963850013795,20260817
full_biological,19,Ext1,AUTO_GG_G1_G3,glia_glia,1.0,True,0.01912963850013795,20260817
full_biological,19,Ext1,AUTO_GG_G2_G5,glia_glia,1.0,True,1.0,20260817
full_biological,19,Ext1,AUTO_TRI_N0_G1_N4,tripartite,1.0,True,0.01912963850013795,20260817
full_biological,19,Ext1,AUTO_TRI_N3_G2_N5,tripartite,0.5634499431740698,True,0.34286624873731675,20260817
full_biological,19,Ext1,AUTO_TRI_N3_G2_N9,tripartite,0.5634499431740698,True,0.34286624873731675,20260817
full_biological,20,Ext1,AUTO_GG_G0_G1,glia_glia,1.0,True,0.01530371080011036,20260817
full_biological,20,Ext1,AUTO_GG_G1_G3,glia_glia,1.0,True,0.01530371080011036,20260817
full_biological,20,Ext1,AUTO_GG_G2_G5,glia_glia,1.0,True,1.0,20260817
full_biological,20,Ext1,AUTO_TRI_N0_G1_N4,tripartite,1.0,True,0.01530371080011036,20260817
full_biological,20,Ext1,AUTO_TRI_N3_G2_N5,tripartite,0.6589527217914009,True,0.37073269135553966,20260817
full_biological,20,Ext1,AUTO_TRI_N3_G2_N9,tripartite,0.6589527217914009,True,0.37073269135553966,20260817
full_biological,21,Ext1,AUTO_GG_G0_G1,glia_glia,1.0,True,0.012242968640088288,20260817
full_biological,21,Ext1,AUTO_GG_G1_G3,glia_glia,1.0,True,0.012242968640088288,20260817
full_biological,21,Ext1,AUTO_GG_G2_G5,glia_glia,1.0,True,1.0,20260817
full_biological,21,Ext1,AUTO_TRI_N0_G1_N4,tripartite,1.0,True,0.012242968640088288,20260817
full_biological,21,Ext1,AUTO_TRI_N3_G2_N5,tripartite,0.763858398907373,True,0.40280329159197614,20260817
full_biological,21,Ext1,AUTO_TRI_N3_G2_N9,tripartite,0.763858398907373,True,0.40280329159197614,20260817
full_biological,22,Ext1,AUTO_GG_G0_G1,glia_glia,1.0,True,0.00979437491207063,20260817
full_biological,22,Ext1,AUTO_GG_G1_G3,glia_glia,1.0,True,0.00979437491207063,20260817
full_biological,22,Ext1,AUTO_GG_G2_G5,glia_glia,1.0,True,1.0,20260817
full_biological,22,Ext1,AUTO_TRI_N0_G1_N4,tripartite,1.0,True,0.00979437491207063,20260817
full_biological,22,Ext1,AUTO_TRI_N3_G2_N5,tripartite,0.8799539756701181,True,0.44096884217293447,20260817
full_biological,22,Ext1,AUTO_TRI_N3_G2_N9,tripartite,0.8799539756701181,True,0.44096884217293447,20260817
full_biological,23,Ext1,AUTO_GG_G0_G1,glia_glia,1.0,True,0.007835499929656506,20260817
full_biological,23,Ext1,AUTO_GG_G1_G3,glia_glia,1.0,True,0.007835499929656506,20260817
full_biological,23,Ext1,AUTO_GG_G2_G5,glia_glia,1.0,True,1.0,20260817
full_biological,23,Ext1,AUTO_TRI_N0_G1_N4,tripartite,1.0,True,0.007835499929656506,20260817
full_biological,23,Ext1,AUTO_TRI_N3_G2_N5,tripartite,1.0,True,0.487822553419796,20260817
full_biological,23,Ext1,AUTO_TRI_N3_G2_N9,tripartite,1.0,True,0.487822553419796,20260817
full_biological,24,Ext1,AUTO_GG_G0_G1,glia_glia,1.0,True,0.006268399943725205,20260817
full_biological,24,Ext1,AUTO_GG_G1_G3,glia_glia,1.0,True,0.006268399943725205,20260817
full_biological,24,Ext1,AUTO_GG_G2_G5,glia_glia,1.0,True,1.0,20260817
full_biological,24,Ext1,AUTO_TRI_N0_G1_N4,tripartite,1.0,True,0.006268399943725205,20260817
full_biological,24,Ext1,AUTO_TRI_N3_G2_N5,tripartite,1.0,True,0.5460127641758118,20260817
full_biological,24,Ext1,AUTO_TRI_N3_G2_N9,tripartite,1.0,True,0.5460127641758118,20260817
full_biological,25,Ext1,AUTO_GG_G0_G1,glia_glia,1.0,True,0.005014719954980164,20260817
full_biological,25,Ext1,AUTO_GG_G1_G3,glia_glia,1.0,True,0.005014719954980164,20260817
full_biological,25,Ext1,AUTO_GG_G2_G5,glia_glia,1.0,True,1.0,20260817
full_biological,25,Ext1,AUTO_TRI_N0_G1_N4,tripartite,1.0,True,0.005014719954980164,20260817
full_biological,25,Ext1,AUTO_TRI_N3_G2_N5,tripartite,1.0,True,0.6048837632819097,20260817
full_biological,25,Ext1,AUTO_TRI_N3_G2_N9,tripartite,1.0,True,0.6048837632819097,20260817
full_biological,26,Ext1,AUTO_GG_G0_G1,glia_glia,0.9999209420771187,True,0.004011775963984132,20260817
full_biological,26,Ext1,AUTO_GG_G1_G3,glia_glia,0.9999308243174789,True,0.004011775963984132,20260817
full_biological,26,Ext1,AUTO_GG_G2_G5,glia_glia,1.0,True,1.0,20260817
full_biological,26,Ext1,AUTO_TRI_N0_G1_N4,tripartite,0.9999407065578391,True,0.004011775963984132,20260817
full_biological,26,Ext1,AUTO_TRI_N3_G2_N5,tripartite,1.0,True,0.6645919819192015,20260817
full_biological,26,Ext1,AUTO_TRI_N3_G2_N9,tripartite,1.0,True,0.6645919819192015,20260817
full_biological,27,Ext1,AUTO_GG_G0_G1,glia_glia,0.9997776957388137,True,0.0032094207711873056,20260817
full_biological,27,Ext1,AUTO_GG_G1_G3,glia_glia,0.9998054837714621,True,0.0032094207711873056,20260817
full_biological,27,Ext1,AUTO_GG_G2_G5,glia_glia,1.0,True,1.0,20260817
full_biological,27,Ext1,AUTO_TRI_N0_G1_N4,tripartite,0.9998332718041103,True,0.0032094207711873056,20260817
full_biological,27,Ext1,AUTO_TRI_N3_G2_N5,tripartite,1.0,True,0.7252739835859626,20260817
full_biological,27,Ext1,AUTO_TRI_N3_G2_N9,tripartite,1.0,True,0.7252739835859626,20260817
full_biological,28,Ext1,AUTO_GG_G0_G1,glia_glia,0.9995830986681696,True,0.0025675366169498445,20260817
full_biological,28,Ext1,AUTO_GG_G1_G3,glia_glia,0.9996352113346485,True,0.0025675366169498445,20260817
full_biological,28,Ext1,AUTO_GG_G2_G5,glia_glia,1.0,True,1.0,20260817
full_biological,28,Ext1,AUTO_TRI_N0_G1_N4,tripartite,0.9996873240011273,True,0.0025675366169498445,20260817
full_biological,28,Ext1,AUTO_TRI_N3_G2_N5,tripartite,1.0,True,0.787045337551187,20260817
full_biological,28,Ext1,AUTO_TRI_N3_G2_N9,tripartite,1.0,True,0.787045337551187,20260817
full_biological,29,Ext2,AUTO_GG_G0_G1,glia_glia,0.9993474210116544,True,0.002054029293559876,20260817
full_biological,29,Ext2,AUTO_GG_G1_G3,glia_glia,0.9994289933851976,True,0.002054029293559876,20260817
full_biological,29,Ext2,AUTO_GG_G2_G5,glia_glia,1.0,True,1.0,20260817
full_biological,29,Ext2,AUTO_TRI_N0_G1_N4,tripartite,0.9995105657587409,True,0.002054029293559876,20260817
full_biological,29,Ext2,AUTO_TRI_N3_G2_N5,tripartite,1.0,True,0.8499988147901262,20260817
full_biological,29,Ext2,AUTO_TRI_N3_G2_N9,tripartite,1.0,True,0.8499988147901262,20260817
full_biological,30,Ext2,AUTO_GG_G0_G1,glia_glia,0.9990788788864422,True,0.0016432234348479008,20260817
full_biological,30,Ext2,AUTO_GG_G1_G3,glia_glia,0.999194019025637,True,0.0016432234348479008,20260817
full_biological,30,Ext2,AUTO_GG_G2_G5,glia_glia,1.0,True,1.0,20260817
full_biological,30,Ext2,AUTO_TRI_N0_G1_N4,tripartite,0.9993091591648318,True,0.0016432234348479008,20260817
full_biological,30,Ext2,AUTO_TRI_N3_G2_N5,tripartite,1.0,True,0.9142020280017559,20260817
full_biological,30,Ext2,AUTO_TRI_N3_G2_N9,tripartite,1.0,True,0.9142020280017559,20260817
full_biological,31,Ext2,AUTO_GG_G0_G1,glia_glia,0.9987840451862725,True,0.0013145787478783207,20260817
full_biological,31,Ext2,AUTO_GG_G1_G3,glia_glia,0.9989360395379885,True,0.0013145787478783207,20260817
full_biological,31,Ext2,AUTO_GG_G2_G5,glia_glia,1.0,True,1.0,20260817
full_biological,31,Ext2,AUTO_TRI_N0_G1_N4,tripartite,0.9990880338897045,True,0.0013145787478783207,20260817
full_biological,31,Ext2,AUTO_TRI_N3_G2_N5,tripartite,1.0,True,0.979694668099421,20260817
full_biological,31,Ext2,AUTO_TRI_N3_G2_N9,tripartite,1.0,True,0.979694668099421,20260817
full_biological,32,Ext2,AUTO_GG_G0_G1,glia_glia,0.9984681782261368,True,0.0010516629983026566,20260817
full_biological,32,Ext2,AUTO_GG_G1_G3,glia_glia,0.9986596559478697,True,0.0010516629983026566,20260817
full_biological,32,Ext2,AUTO_GG_G2_G5,glia_glia,1.0,True,1.0,20260817
full_biological,32,Ext2,AUTO_TRI_N0_G1_N4,tripartite,0.9988511336696027,True,0.0010516629983026566,20260817
full_biological,32,Ext2,AUTO_TRI_N3_G2_N5,tripartite,1.0,True,1.0,20260817
full_biological,32,Ext2,AUTO_TRI_N3_G2_N9,tripartite,1.0,True,1.0,20260817
full_biological,33,Ext2,AUTO_GG_G0_G1,glia_glia,0.9981354846580281,True,0.0008413303986421253,20260817
full_biological,33,Ext2,AUTO_GG_G1_G3,glia_glia,0.9983685490757745,True,0.0008413303986421253,20260817
full_biological,33,Ext2,AUTO_GG_G2_G5,glia_glia,1.0,True,1.0,20260817
full_biological,33,Ext2,AUTO_TRI_N0_G1_N4,tripartite,0.9986016134935212,True,0.0008413303986421253,20260817
full_biological,33,Ext2,AUTO_TRI_N3_G2_N5,tripartite,1.0,True,1.0,20260817
full_biological,33,Ext2,AUTO_TRI_N3_G2_N9,tripartite,1.0,True,1.0,20260817
full_biological,34,Ext2,AUTO_GG_G0_G1,glia_glia,0.9977893298035413,True,0.0006730643189137003,20260817
full_biological,34,Ext2,AUTO_GG_G1_G3,glia_glia,0.9980656635780986,True,0.0006730643189137003,20260817
full_biological,34,Ext2,AUTO_GG_G2_G5,glia_glia,1.0,True,1.0,20260817
full_biological,34,Ext2,AUTO_TRI_N0_G1_N4,tripartite,0.9983419973526559,True,0.0006730643189137003,20260817
full_biological,34,Ext2,AUTO_TRI_N3_G2_N5,tripartite,1.0,True,1.0,20260817
full_biological,34,Ext2,AUTO_TRI_N3_G2_N9,tripartite,1.0,True,1.0,20260817
full_biological,35,Ext2,AUTO_GG_G0_G1,glia_glia,0.9974324059199517,True,0.0005384514551309603,20260817
full_biological,35,Ext2,AUTO_GG_G1_G3,glia_glia,0.9977533551799578,True,0.0005384514551309603,20260817
full_biological,35,Ext2,AUTO_GG_G2_G5,glia_glia,1.0,True,1.0,20260817
full_biological,35,Ext2,AUTO_TRI_N0_G1_N4,tripartite,0.9980743044399638,True,0.0005384514551309603,20260817
full_biological,35,Ext2,AUTO_TRI_N3_G2_N5,tripartite,1.0,True,1.0,20260817
full_biological,35,Ext2,AUTO_TRI_N3_G2_N9,tripartite,1.0,True,1.0,20260817
full_biological,36,Ext2,AUTO_GG_G0_G1,glia_glia,0.9970668668130801,True,0.00043076116410476823,20260817
full_biological,36,Ext2,AUTO_GG_G1_G3,glia_glia,0.9974335084614451,True,0.00043076116410476823,20260817
full_biological,36,Ext2,AUTO_GG_G2_G5,glia_glia,1.0,True,1.0,20260817
full_biological,36,Ext2,AUTO_TRI_N0_G1_N4,tripartite,0.99780015010981,True,0.00043076116410476823,20260817
full_biological,36,Ext2,AUTO_TRI_N3_G2_N5,tripartite,1.0,True,1.0,20260817
full_biological,36,Ext2,AUTO_TRI_N3_G2_N9,tripartite,1.0,True,1.0,20260817
full_biological,37,Ext2,AUTO_GG_G0_G1,glia_glia,0.9966944355275829,True,0.0003446089312838146,20260817
full_biological,37,Ext2,AUTO_GG_G1_G3,glia_glia,0.9971076310866349,True,0.0003446089312838146,20260817
full_biological,37,Ext2,AUTO_GG_G2_G5,glia_glia,1.0,True,1.0,20260817
full_biological,37,Ext2,AUTO_TRI_N0_G1_N4,tripartite,0.9975208266456871,True,0.0003446089312838146,20260817
full_biological,37,Ext2,AUTO_TRI_N3_G2_N5,tripartite,1.0,True,1.0,20260817
full_biological,37,Ext2,AUTO_TRI_N3_G2_N9,tripartite,1.0,True,1.0,20260817
full_biological,38,Ext2,AUTO_GG_G0_G1,glia_glia,0.996316490499185,True,0.00027568714502705167,20260817
full_biological,38,Ext2,AUTO_GG_G1_G3,glia_glia,0.9967769291867868,True,0.00027568714502705167,20260817
full_biological,38,Ext2,AUTO_GG_G2_G5,glia_glia,1.0,True,1.0,20260817
full_biological,38,Ext2,AUTO_TRI_N0_G1_N4,tripartite,0.9972373678743887,True,0.00027568714502705167,20260817
full_biological,38,Ext2,AUTO_TRI_N3_G2_N5,tripartite,1.0,True,1.0,20260817
full_biological,38,Ext2,AUTO_TRI_N3_G2_N9,tripartite,1.0,True,1.0,20260817
full_biological,39,Ext2,AUTO_GG_G0_G1,glia_glia,0.9959341344764667,True,0.00022054971602164134,20260817
full_biological,39,Ext2,AUTO_GG_G1_G3,glia_glia,0.9964423676669083,True,0.00022054971602164134,20260817
full_biological,39,Ext2,AUTO_GG_G2_G5,glia_glia,1.0,True,1.0,20260817
full_biological,39,Ext2,AUTO_TRI_N0_G1_N4,tripartite,0.99695060085735,True,0.00022054971602164134,20260817
full_biological,39,Ext2,AUTO_TRI_N3_G2_N5,tripartite,1.0,True,1.0,20260817
full_biological,39,Ext2,AUTO_TRI_N3_G2_N9,tripartite,1.0,True,1.0,20260817
full_biological,40,Ext2,AUTO_GG_G0_G1,glia_glia,0.9955482496582921,True,0.0001764397728173131,20260817
full_biological,40,Ext2,AUTO_GG_G1_G3,glia_glia,0.9961047184510056,True,0.0001764397728173131,20260817
full_biological,40,Ext2,AUTO_GG_G2_G5,glia_glia,1.0,True,1.0,20260817
full_biological,40,Ext2,AUTO_TRI_N0_G1_N4,tripartite,0.996661187243719,True,0.0001764397728173131,20260817
full_biological,40,Ext2,AUTO_TRI_N3_G2_N5,tripartite,1.0,True,1.0,20260817
full_biological,40,Ext2,AUTO_TRI_N3_G2_N9,tripartite,1.0,True,1.0,20260817
full_biological,41,Ext2,AUTO_GG_G0_G1,glia_glia,0.9951595418037524,True,0.00014115181825385048,20260817
full_biological,41,Ext2,AUTO_GG_G1_G3,glia_glia,0.9957645990782833,True,0.00014115181825385048,20260817
full_biological,41,Ext2,AUTO_GG_G2_G5,glia_glia,1.0,True,1.0,20260817
full_biological,41,Ext2,AUTO_TRI_N0_G1_N4,tripartite,0.9963696563528143,True,0.00014115181825385048,20260817
full_biological,41,Ext2,AUTO_TRI_N3_G2_N5,tripartite,1.0,True,1.0,20260817
full_biological,41,Ext2,AUTO_TRI_N3_G2_N9,tripartite,1.0,True,1.0,20260817
full_biological,42,Ext2,AUTO_GG_G0_G1,glia_glia,0.9947685755201207,True,0.00011292145460308038,20260817
full_biological,42,Ext2,AUTO_GG_G1_G3,glia_glia,0.9954225035801055,True,0.00011292145460308038,20260817
full_biological,42,Ext2,AUTO_GG_G2_G5,glia_glia,1.0,True,1.0,20260817
full_biological,42,Ext2,AUTO_TRI_N0_G1_N4,tripartite,0.9960764316400904,True,0.00011292145460308038,20260817
full_biological,42,Ext2,AUTO_TRI_N3_G2_N5,tripartite,1.0,True,1.0,20260817
full_biological,42,Ext2,AUTO_TRI_N3_G2_N9,tripartite,1.0,True,1.0,20260817
full_biological,43,Ext2,AUTO_GG_G0_G1,glia_glia,0.9943758024932152,True,9.033716368246431e-05,20260817
full_biological,43,Ext2,AUTO_GG_G1_G3,glia_glia,0.9950788271815633,True,9.033716368246431e-05,20260817
full_biological,43,Ext2,AUTO_GG_G2_G5,glia_glia,1.0,True,1.0,20260817
full_biological,43,Ext2,AUTO_TRI_N0_G1_N4,tripartite,0.9957818518699113,True,9.033716368246431e-05,20260817
full_biological,43,Ext2,AUTO_TRI_N3_G2_N5,tripartite,1.0,True,1.0,20260817
full_biological,43,Ext2,AUTO_TRI_N3_G2_N9,tripartite,1.0,True,1.0,20260817
full_biological,44,Ext2,AUTO_GG_G0_G1,glia_glia,0.9939815840716909,True,7.226973094597146e-05,20260817
full_biological,44,Ext2,AUTO_GG_G1_G3,glia_glia,0.9947338860627295,True,7.226973094597146e-05,20260817
full_biological,44,Ext2,AUTO_GG_G2_G5,glia_glia,1.0,True,1.0,20260817
full_biological,44,Ext2,AUTO_TRI_N0_G1_N4,tripartite,0.9954861880537681,True,7.226973094597146e-05,20260817
full_biological,44,Ext2,AUTO_TRI_N3_G2_N5,tripartite,1.0,True,1.0,20260817
full_biological,44,Ext2,AUTO_TRI_N3_G2_N9,tripartite,1.0,True,1.0,20260817
full_biological,45,Ext2,AUTO_GG_G0_G1,glia_glia,0.9935862093344714,True,5.781578475677717e-05,20260817
full_biological,45,Ext2,AUTO_GG_G1_G3,glia_glia,0.9943879331676625,True,5.781578475677717e-05,20260817
full_biological,45,Ext2,AUTO_GG_G2_G5,glia_glia,1.0,True,1.0,20260817
full_biological,45,Ext2,AUTO_TRI_N0_G1_N4,tripartite,0.9951896570008535,True,5.781578475677717e-05,20260817
full_biological,45,Ext2,AUTO_TRI_N3_G2_N5,tripartite,1.0,True,1.0,20260817
full_biological,45,Ext2,AUTO_TRI_N3_G2_N9,tripartite,1.0,True,1.0,20260817
full_biological,46,Ext2,AUTO_GG_G0_G1,glia_glia,0.9931899095446959,True,4.6252627805421734e-05,20260817
full_biological,46,Ext2,AUTO_GG_G1_G3,glia_glia,0.9940411708516089,True,4.6252627805421734e-05,20260817
full_biological,46,Ext2,AUTO_GG_G2_G5,glia_glia,1.0,True,1.0,20260817
full_biological,46,Ext2,AUTO_TRI_N0_G1_N4,tripartite,0.9948924321585219,True,4.6252627805421734e-05,20260817
full_biological,46,Ext2,AUTO_TRI_N3_G2_N5,tripartite,1.0,True,1.0,20260817
full_biological,46,Ext2,AUTO_TRI_N3_G2_N9,tripartite,1.0,True,1.0,20260817
full_biological,47,Ext2,AUTO_GG_G0_G1,glia_glia,0.9927928697128754,True,3.700210224433739e-05,20260817
full_biological,47,Ext2,AUTO_GG_G1_G3,glia_glia,0.993693760998766,True,3.700210224433739e-05,20260817
full_biological,47,Ext2,AUTO_GG_G2_G5,glia_glia,1.0,True,1.0,20260817
full_biological,47,Ext2,AUTO_TRI_N0_G1_N4,tripartite,0.9945946522846565,True,3.700210224433739e-05,20260817
full_biological,47,Ext2,AUTO_TRI_N3_G2_N5,tripartite,1.0,True,1.0,20260817
full_biological,47,Ext2,AUTO_TRI_N3_G2_N9,tripartite,1.0,True,1.0,20260817
full_biological,48,Ext2,AUTO_GG_G0_G1,glia_glia,0.992395237847419,True,2.960168179546991e-05,20260817
full_biological,48,Ext2,AUTO_GG_G1_G3,glia_glia,0.9933458331164917,True,2.960168179546991e-05,20260817
full_biological,48,Ext2,AUTO_GG_G2_G5,glia_glia,1.0,True,1.0,20260817
full_biological,48,Ext2,AUTO_TRI_N0_G1_N4,tripartite,0.9942964283855642,True,2.960168179546991e-05,20260817
full_biological,48,Ext2,AUTO_TRI_N3_G2_N5,tripartite,1.0,True,1.0,20260817
full_biological,48,Ext2,AUTO_TRI_N3_G2_N9,tripartite,1.0,True,1.0,20260817
full_biological,49,Ext2,AUTO_GG_G0_G1,glia_glia,0.9919971323550539,True,2.368134543637593e-05,20260817
full_biological,49,Ext2,AUTO_GG_G1_G3,glia_glia,0.9929974908106722,True,2.368134543637593e-05,20260817
full_biological,49,Ext2,AUTO_GG_G2_G5,glia_glia,1.0,True,1.0,20260817
full_biological,49,Ext2,AUTO_TRI_N0_G1_N4,tripartite,0.9939978492662904,True,2.368134543637593e-05,20260817
full_biological,49,Ext2,AUTO_TRI_N3_G2_N5,tripartite,1.0,True,1.0,20260817
full_biological,49,Ext2,AUTO_TRI_N3_G2_N9,tripartite,1.0,True,1.0,20260817
full_biological,50,Ext2,AUTO_GG_G0_G1,glia_glia,0.9915986479611618,True,1.8945076349100747e-05,20260817
full_biological,50,Ext2,AUTO_GG_G1_G3,glia_glia,0.9926488169660167,True,1.8945076349100747e-05,20260817
full_biological,50,Ext2,AUTO_GG_G2_G5,glia_glia,1.0,True,1.0,20260817
full_biological,50,Ext2,AUTO_TRI_N0_G1_N4,tripartite,0.9936989859708714,True,1.8945076349100747e-05,20260817
full_biological,50,Ext2,AUTO_TRI_N3_G2_N5,tripartite,1.0,True,1.0,20260817
full_biological,50,Ext2,AUTO_TRI_N3_G2_N9,tripartite,1.0,True,1.0,20260817
full_biological,51,Ext2,AUTO_GG_G0_G1,glia_glia,0.9911998604460481,True,1.5156061079280599e-05,20260817
full_biological,51,Ext2,AUTO_GG_G1_G3,glia_glia,0.9922998778902923,True,1.5156061079280599e-05,20260817
full_biological,51,Ext2,AUTO_GG_G2_G5,glia_glia,1.0,True,1.0,20260817
full_biological,51,Ext2,AUTO_TRI_N0_G1_N4,tripartite,0.9933998953345361,True,1.5156061079280599e-05,20260817
full_biological,51,Ext2,AUTO_TRI_N3_G2_N5,tripartite,1.0,True,1.0,20260817
full_biological,51,Ext2,AUTO_TRI_N3_G2_N9,tripartite,1.0,True,1.0,20260817
full_biological,52,Ext2,AUTO_GG_G0_G1,glia_glia,0.9908008304339572,True,1.2124848863424479e-05,20260817
full_biological,52,Ext2,AUTO_GG_G1_G3,glia_glia,0.9919507266297127,True,1.2124848863424479e-05,20260817
full_biological,52,Ext2,AUTO_GG_G2_G5,glia_glia,1.0,True,1.0,20260817
full_biological,52,Ext2,AUTO_TRI_N0_G1_N4,tripartite,0.9931006228254678,True,1.2124848863424479e-05,20260817
full_biological,52,Ext2,AUTO_TRI_N3_G2_N5,tripartite,1.0,True,1.0,20260817
full_biological,52,Ext2,AUTO_TRI_N3_G2_N9,tripartite,1.0,True,1.0,20260817
full_biological,53,Ext2,AUTO_GG_G0_G1,glia_glia,0.9904016064242844,True,9.699879090739585e-06,20260817
full_biological,53,Ext2,AUTO_GG_G1_G3,glia_glia,0.9916014056212491,True,9.699879090739585e-06,20260817
full_biological,53,Ext2,AUTO_GG_G2_G5,glia_glia,1.0,True,1.0,20260817
full_biological,53,Ext2,AUTO_TRI_N0_G1_N4,tripartite,0.9928012048182133,True,9.699879090739585e-06,20260817
full_biological,53,Ext2,AUTO_TRI_N3_G2_N5,tripartite,1.0,True,1.0,20260817
full_biological,53,Ext2,AUTO_TRI_N3_G2_N9,tripartite,1.0,True,1.0,20260817
full_biological,54,E-Ret,AUTO_GG_G0_G1,glia_glia,0.9904016064242844,True,9.699879090739585e-06,20260817
full_biological,54,E-Ret,AUTO_GG_G1_G3,glia_glia,0.9916014056212491,True,9.699879090739585e-06,20260817
full_biological,54,E-Ret,AUTO_GG_G2_G5,glia_glia,1.0,True,1.0,20260817
full_biological,54,E-Ret,AUTO_TRI_N0_G1_N4,tripartite,0.9928012048182133,True,9.699879090739585e-06,20260817
full_biological,54,E-Ret,AUTO_TRI_N3_G2_N5,tripartite,1.0,True,1.0,20260817
full_biological,54,E-Ret,AUTO_TRI_N3_G2_N9,tripartite,1.0,True,1.0,20260817
full_biological,55,E-Ret,AUTO_GG_G0_G1,glia_glia,0.9904016064242844,True,9.699879090739585e-06,20260817
full_biological,55,E-Ret,AUTO_GG_G1_G3,glia_glia,0.9916014056212491,True,9.699879090739585e-06,20260817
full_biological,55,E-Ret,AUTO_GG_G2_G5,glia_glia,1.0,True,1.0,20260817
full_biological,55,E-Ret,AUTO_TRI_N0_G1_N4,tripartite,0.9928012048182133,True,9.699879090739585e-06,20260817
full_biological,55,E-Ret,AUTO_TRI_N3_G2_N5,tripartite,1.0,True,1.0,20260817
full_biological,55,E-Ret,AUTO_TRI_N3_G2_N9,tripartite,1.0,True,1.0,20260817
full_biological,56,E-Ret,AUTO_GG_G0_G1,glia_glia,0.9904016064242844,True,9.699879090739585e-06,20260817
full_biological,56,E-Ret,AUTO_GG_G1_G3,glia_glia,0.9916014056212491,True,9.699879090739585e-06,20260817
full_biological,56,E-Ret,AUTO_GG_G2_G5,glia_glia,1.0,True,1.0,20260817
full_biological,56,E-Ret,AUTO_TRI_N0_G1_N4,tripartite,0.9928012048182133,True,9.699879090739585e-06,20260817
full_biological,56,E-Ret,AUTO_TRI_N3_G2_N5,tripartite,1.0,True,1.0,20260817
full_biological,56,E-Ret,AUTO_TRI_N3_G2_N9,tripartite,1.0,True,1.0,20260817
full_biological,57,E-Ret,AUTO_GG_G0_G1,glia_glia,0.9904016064242844,True,9.699879090739585e-06,20260817
full_biological,57,E-Ret,AUTO_GG_G1_G3,glia_glia,0.9916014056212491,True,9.699879090739585e-06,20260817
full_biological,57,E-Ret,AUTO_GG_G2_G5,glia_glia,1.0,True,1.0,20260817
full_biological,57,E-Ret,AUTO_TRI_N0_G1_N4,tripartite,0.9928012048182133,True,9.699879090739585e-06,20260817
full_biological,57,E-Ret,AUTO_TRI_N3_G2_N5,tripartite,1.0,True,1.0,20260817
full_biological,57,E-Ret,AUTO_TRI_N3_G2_N9,tripartite,1.0,True,1.0,20260817
full_biological,58,E-Ret,AUTO_GG_G0_G1,glia_glia,0.9904016064242844,True,9.699879090739585e-06,20260817
full_biological,58,E-Ret,AUTO_GG_G1_G3,glia_glia,0.9916014056212491,True,9.699879090739585e-06,20260817
full_biological,58,E-Ret,AUTO_GG_G2_G5,glia_glia,1.0,True,1.0,20260817
full_biological,58,E-Ret,AUTO_TRI_N0_G1_N4,tripartite,0.9928012048182133,True,9.699879090739585e-06,20260817
full_biological,58,E-Ret,AUTO_TRI_N3_G2_N5,tripartite,1.0,True,1.0,20260817
full_biological,58,E-Ret,AUTO_TRI_N3_G2_N9,tripartite,1.0,True,1.0,20260817
full_biological,59,F-Ren,AUTO_GG_G0_G1,glia_glia,0.9904016064242844,True,9.699879090739585e-06,20260817
full_biological,59,F-Ren,AUTO_GG_G1_G3,glia_glia,0.9916014056212491,True,9.699879090739585e-06,20260817
full_biological,59,F-Ren,AUTO_GG_G2_G5,glia_glia,1.0,True,1.0,20260817
full_biological,59,F-Ren,AUTO_TRI_N0_G1_N4,tripartite,0.9928012048182133,True,9.699879090739585e-06,20260817
full_biological,59,F-Ren,AUTO_TRI_N3_G2_N5,tripartite,1.0,True,1.0,20260817
full_biological,59,F-Ren,AUTO_TRI_N3_G2_N9,tripartite,1.0,True,1.0,20260817
full_biological,60,F-Ren,AUTO_GG_G0_G1,glia_glia,0.9904016064242844,True,9.699879090739585e-06,20260817
full_biological,60,F-Ren,AUTO_GG_G1_G3,glia_glia,0.9916014056212491,True,9.699879090739585e-06,20260817
full_biological,60,F-Ren,AUTO_GG_G2_G5,glia_glia,1.0,True,1.0,20260817
full_biological,60,F-Ren,AUTO_TRI_N0_G1_N4,tripartite,0.9928012048182133,True,9.699879090739585e-06,20260817
full_biological,60,F-Ren,AUTO_TRI_N3_G2_N5,tripartite,1.0,True,1.0,20260817
full_biological,60,F-Ren,AUTO_TRI_N3_G2_N9,tripartite,1.0,True,1.0,20260817
full_biological,61,F-Ren,AUTO_GG_G0_G1,glia_glia,0.9904016064242844,True,9.699879090739585e-06,20260817
full_biological,61,F-Ren,AUTO_GG_G1_G3,glia_glia,0.9916014056212491,True,9.699879090739585e-06,20260817
full_biological,61,F-Ren,AUTO_GG_G2_G5,glia_glia,1.0,True,1.0,20260817
full_biological,61,F-Ren,AUTO_TRI_N0_G1_N4,tripartite,0.9928012048182133,True,9.699879090739585e-06,20260817
full_biological,61,F-Ren,AUTO_TRI_N3_G2_N5,tripartite,1.0,True,1.0,20260817
full_biological,61,F-Ren,AUTO_TRI_N3_G2_N9,tripartite,1.0,True,1.0,20260817
full_biological,62,F-Ren,AUTO_GG_G0_G1,glia_glia,0.9904016064242844,True,9.699879090739585e-06,20260817
full_biological,62,F-Ren,AUTO_GG_G1_G3,glia_glia,0.9916014056212491,True,9.699879090739585e-06,20260817
full_biological,62,F-Ren,AUTO_GG_G2_G5,glia_glia,1.0,True,1.0,20260817
full_biological,62,F-Ren,AUTO_TRI_N0_G1_N4,tripartite,0.9928012048182133,True,9.699879090739585e-06,20260817
full_biological,62,F-Ren,AUTO_TRI_N3_G2_N5,tripartite,1.0,True,1.0,20260817
full_biological,62,F-Ren,AUTO_TRI_N3_G2_N9,tripartite,1.0,True,1.0,20260817
full_biological,63,F-Ren,AUTO_GG_G0_G1,glia_glia,0.9904016064242844,True,9.699879090739585e-06,20260817
full_biological,63,F-Ren,AUTO_GG_G1_G3,glia_glia,0.9916014056212491,True,9.699879090739585e-06,20260817
full_biological,63,F-Ren,AUTO_GG_G2_G5,glia_glia,1.0,True,1.0,20260817
full_biological,63,F-Ren,AUTO_TRI_N0_G1_N4,tripartite,0.9928012048182133,True,9.699879090739585e-06,20260817
full_biological,63,F-Ren,AUTO_TRI_N3_G2_N5,tripartite,1.0,True,1.0,20260817
full_biological,63,F-Ren,AUTO_TRI_N3_G2_N9,tripartite,1.0,True,1.0,20260817
no_retained_fear_memory,1,F-Con,AUTO_GG_G0_G1,glia_glia,0.9593537143165668,True,0.243639236436246,20260817
no_retained_fear_memory,1,F-Con,AUTO_GG_G1_G3,glia_glia,0.404086960657421,True,0.13064578932941684,20260817
no_retained_fear_memory,1,F-Con,AUTO_GG_G2_G5,glia_glia,0.0,False,0.0,20260817
no_retained_fear_memory,1,F-Con,AUTO_TRI_N0_G1_N4,tripartite,0.0,False,0.002220606289620657,20260817
no_retained_fear_memory,1,F-Con,AUTO_TRI_N3_G2_N5,tripartite,0.0,False,0.0,20260817
no_retained_fear_memory,1,F-Con,AUTO_TRI_N3_G2_N9,tripartite,0.0,False,0.0,20260817
no_retained_fear_memory,2,F-Con,AUTO_GG_G0_G1,glia_glia,1.0,True,0.41680761926038906,20260817
no_retained_fear_memory,2,F-Con,AUTO_GG_G1_G3,glia_glia,1.0,True,0.24793464773718882,20260817
no_retained_fear_memory,2,F-Con,AUTO_GG_G2_G5,glia_glia,0.0,False,0.0,20260817
no_retained_fear_memory,2,F-Con,AUTO_TRI_N0_G1_N4,tripartite,0.6563894360681201,True,0.07031074888877795,20260817
no_retained_fear_memory,2,F-Con,AUTO_TRI_N3_G2_N5,tripartite,0.0,False,0.0,20260817
no_retained_fear_memory,2,F-Con,AUTO_TRI_N3_G2_N9,tripartite,0.0,False,0.0,20260817
no_retained_fear_memory,3,F-Con,AUTO_GG_G0_G1,glia_glia,1.0,True,0.5712758655096282,20260817
no_retained_fear_memory,3,F-Con,AUTO_GG_G1_G3,glia_glia,1.0,True,0.3522382382944363,20260817
no_retained_fear_memory,3,F-Con,AUTO_GG_G2_G5,glia_glia,0.0,False,0.0,20260817
no_retained_fear_memory,3,F-Con,AUTO_TRI_N0_G1_N4,tripartite,1.0,True,0.14096051445554256,20260817
no_retained_fear_memory,3,F-Con,AUTO_TRI_N3_G2_N5,tripartite,0.0,False,0.0,20260817
no_retained_fear_memory,3,F-Con,AUTO_TRI_N3_G2_N9,tripartite,0.0,False,0.0,20260817
no_retained_fear_memory,4,Ext1,AUTO_GG_G0_G1,glia_glia,1.0,True,0.5175020443886647,20260817
no_retained_fear_memory,4,Ext1,AUTO_GG_G1_G3,glia_glia,1.0,True,0.31730265027985205,20260817
no_retained_fear_memory,4,Ext1,AUTO_GG_G2_G5,glia_glia,0.06509535473930901,False,0.1649830810994733,20260817
no_retained_fear_memory,4,Ext1,AUTO_TRI_N0_G1_N4,tripartite,1.0,True,0.13703456711620088,20260817
no_retained_fear_memory,4,Ext1,AUTO_TRI_N3_G2_N5,tripartite,0.0,False,0.004719964433221858,20260817
no_retained_fear_memory,4,Ext1,AUTO_TRI_N3_G2_N9,tripartite,0.0,False,0.004719964433221858,20260817
no_retained_fear_memory,5,Ext1,AUTO_GG_G0_G1,glia_glia,1.0,True,0.43495762156767204,20260817
no_retained_fear_memory,5,Ext1,AUTO_GG_G1_G3,glia_glia,1.0,True,0.2858511585893616,20260817
no_retained_fear_memory,5,Ext1,AUTO_GG_G2_G5,glia_glia,0.20752652874399613,True,0.31346785408899924,20260817
no_retained_fear_memory,5,Ext1,AUTO_TRI_N0_G1_N4,tripartite,1.0,True,0.1331688202227674,20260817
no_retained_fear_memory,5,Ext1,AUTO_TRI_N3_G2_N5,tripartite,0.0,False,0.005620449651202916,20260817
no_retained_fear_memory,5,Ext1,AUTO_TRI_N3_G2_N9,tripartite,0.0,False,0.005620449651202916,20260817
no_retained_fear_memory,6,Ext1,AUTO_GG_G0_G1,glia_glia,1.0,True,0.34796609725413763,20260817
no_retained_fear_memory,6,Ext1,AUTO_GG_G1_G3,glia_glia,1.0,True,0.2575356473765734,20260817
no_retained_fear_memory,6,Ext1,AUTO_GG_G2_G5,glia_glia,0.4185060170313903,True,0.44508061751179673,20260817
no_retained_fear_memory,6,Ext1,AUTO_TRI_N0_G1_N4,tripartite,1.0,True,0.12936747718795197,20260817
no_retained_fear_memory,6,Ext1,AUTO_TRI_N3_G2_N5,tripartite,0.0,False,0.008817450450784057,20260817
no_retained_fear_memory,6,Ext1,AUTO_TRI_N3_G2_N9,tripartite,0.0,False,0.008817450450784057,20260817
no_retained_fear_memory,7,Ext1,AUTO_GG_G0_G1,glia_glia,1.0,True,0.2783728778033101,20260817
no_retained_fear_memory,7,Ext1,AUTO_GG_G1_G3,glia_glia,1.0,True,0.23204281557996911,20260817
no_retained_fear_memory,7,Ext1,AUTO_GG_G2_G5,glia_glia,0.6881377268443506,True,0.5576928828408838,20260817
no_retained_fear_memory,7,Ext1,AUTO_TRI_N0_G1_N4,tripartite,1.0,True,0.125634442787605,20260817
no_retained_fear_memory,7,Ext1,AUTO_TRI_N3_G2_N5,tripartite,0.0,False,0.0186069726080006,20260817
no_retained_fear_memory,7,Ext1,AUTO_TRI_N3_G2_N9,tripartite,0.0,False,0.0186069726080006,20260817
no_retained_fear_memory,8,Ext1,AUTO_GG_G0_G1,glia_glia,1.0,True,0.22269830224264808,20260817
no_retained_fear_memory,8,Ext1,AUTO_GG_G1_G3,glia_glia,1.0,True,0.2090906942078353,20260817
no_retained_fear_memory,8,Ext1,AUTO_GG_G2_G5,glia_glia,1.0,True,0.6476757957818747,20260817
no_retained_fear_memory,8,Ext1,AUTO_TRI_N0_G1_N4,tripartite,1.0,True,0.1219733093598977,20260817
no_retained_fear_memory,8,Ext1,AUTO_TRI_N3_G2_N5,tripartite,0.0,False,0.041000440347599164,20260817
no_retained_fear_memory,8,Ext1,AUTO_TRI_N3_G2_N9,tripartite,0.0,False,0.041000440347599164,20260817
no_retained_fear_memory,9,Ext1,AUTO_GG_G0_G1,glia_glia,1.0,True,0.17815864179411847,20260817
no_retained_fear_memory,9,Ext1,AUTO_GG_G1_G3,glia_glia,1.0,True,0.17815864179411847,20260817
no_retained_fear_memory,9,Ext1,AUTO_GG_G2_G5,glia_glia,1.0,True,0.7135422343447728,20260817
no_retained_fear_memory,9,Ext1,AUTO_TRI_N0_G1_N4,tripartite,1.0,True,0.1183873460708408,20260817
no_retained_fear_memory,9,Ext1,AUTO_TRI_N3_G2_N5,tripartite,0.010133884436773048,False,0.07956378441827949,20260817
no_retained_fear_memory,9,Ext1,AUTO_TRI_N3_G2_N9,tripartite,0.010133884436773048,False,0.07956378441827949,20260817
no_retained_fear_memory,10,Ext1,AUTO_GG_G0_G1,glia_glia,1.0,True,0.14252691343529478,20260817
no_retained_fear_memory,10,Ext1,AUTO_GG_G1_G3,glia_glia,1.0,True,0.14252691343529478,20260817
no_retained_fear_memory,10,Ext1,AUTO_GG_G2_G5,glia_glia,1.0,True,0.7728452393561569,20260817
no_retained_fear_memory,10,Ext1,AUTO_TRI_N0_G1_N4,tripartite,1.0,True,0.1148352521725628,20260817
no_retained_fear_memory,10,Ext1,AUTO_TRI_N3_G2_N5,tripartite,0.030469233174460257,False,0.11435806444461172,20260817
no_retained_fear_memory,10,Ext1,AUTO_TRI_N3_G2_N9,tripartite,0.030469233174460257,False,0.11435806444461172,20260817
no_retained_fear_memory,11,Ext1,AUTO_GG_G0_G1,glia_glia,1.0,True,0.11402153074823583,20260817
no_retained_fear_memory,11,Ext1,AUTO_GG_G1_G3,glia_glia,1.0,True,0.11402153074823583,20260817
no_retained_fear_memory,11,Ext1,AUTO_GG_G2_G5,glia_glia,1.0,True,0.8262727160985934,20260817
no_retained_fear_memory,11,Ext1,AUTO_TRI_N0_G1_N4,tripartite,1.0,True,0.11127283299753239,20260817
no_retained_fear_memory,11,Ext1,AUTO_TRI_N3_G2_N5,tripartite,0.06004627466001505,False,0.1458788379239458,20260817
no_retained_fear_memory,11,Ext1,AUTO_TRI_N3_G2_N9,tripartite,0.06004627466001505,False,0.1458788379239458,20260817
no_retained_fear_memory,12,Ext1,AUTO_GG_G0_G1,glia_glia,1.0,True,0.09121722459858866,20260817
no_retained_fear_memory,12,Ext1,AUTO_GG_G1_G3,glia_glia,1.0,True,0.09121722459858866,20260817
no_retained_fear_memory,12,Ext1,AUTO_GG_G2_G5,glia_glia,1.0,True,0.8744532795454076,20260817
no_retained_fear_memory,12,Ext1,AUTO_TRI_N0_G1_N4,tripartite,1.0,True,0.09121722459858866,20260817
no_retained_fear_memory,12,Ext1,AUTO_TRI_N3_G2_N5,tripartite,0.0980464558330073,False,0.17460776078645568,20260817
no_retained_fear_memory,12,Ext1,AUTO_TRI_N3_G2_N9,tripartite,0.0980464558330073,False,0.17460776078645568,20260817
no_retained_fear_memory,13,Ext1,AUTO_GG_G0_G1,glia_glia,1.0,True,0.07297377967887093,20260817
no_retained_fear_memory,13,Ext1,AUTO_GG_G1_G3,glia_glia,1.0,True,0.07297377967887093,20260817
no_retained_fear_memory,13,Ext1,AUTO_GG_G2_G5,glia_glia,1.0,True,0.9179663113271912,20260817
no_retained_fear_memory,13,Ext1,AUTO_TRI_N0_G1_N4,tripartite,1.0,True,0.07297377967887093,20260817
no_retained_fear_memory,13,Ext1,AUTO_TRI_N3_G2_N5,tripartite,0.1437932973406087,False,0.2010294058562832,20260817
no_retained_fear_memory,13,Ext1,AUTO_TRI_N3_G2_N9,tripartite,0.1437932973406087,False,0.2010294058562832,20260817
no_retained_fear_memory,14,Ext1,AUTO_GG_G0_G1,glia_glia,1.0,True,0.05837902374309675,20260817
no_retained_fear_memory,14,Ext1,AUTO_GG_G1_G3,glia_glia,1.0,True,0.05837902374309675,20260817
no_retained_fear_memory,14,Ext1,AUTO_GG_G2_G5,glia_glia,1.0,True,0.9573513667056262,20260817
no_retained_fear_memory,14,Ext1,AUTO_TRI_N0_G1_N4,tripartite,1.0,True,0.05837902374309675,20260817
no_retained_fear_memory,14,Ext1,AUTO_TRI_N3_G2_N5,tripartite,0.19675805245179293,False,0.22564764689707476,20260817
no_retained_fear_memory,14,Ext1,AUTO_TRI_N3_G2_N9,tripartite,0.19675805245179293,False,0.22564764689707476,20260817
no_retained_fear_memory,15,Ext1,AUTO_GG_G0_G1,glia_glia,1.0,True,0.04670321899447741,20260817
no_retained_fear_memory,15,Ext1,AUTO_GG_G1_G3,glia_glia,1.0,True,0.04670321899447741,20260817
no_retained_fear_memory,15,Ext1,AUTO_GG_G2_G5,glia_glia,1.0,True,0.9931169854806743,20260817
no_retained_fear_memory,15,Ext1,AUTO_TRI_N0_G1_N4,tripartite,1.0,True,0.04670321899447741,20260817
no_retained_fear_memory,15,Ext1,AUTO_TRI_N3_G2_N5,tripartite,0.25657002300467263,False,0.24900154242142902,20260817
no_retained_fear_memory,15,Ext1,AUTO_TRI_N3_G2_N9,tripartite,0.25657002300467263,False,0.24900154242142902,20260817
no_retained_fear_memory,16,Ext1,AUTO_GG_G0_G1,glia_glia,1.0,True,0.03736257519558193,20260817
no_retained_fear_memory,16,Ext1,AUTO_GG_G1_G3,glia_glia,1.0,True,0.03736257519558193,20260817
no_retained_fear_memory,16,Ext1,AUTO_GG_G2_G5,glia_glia,1.0,True,1.0,20260817
no_retained_fear_memory,16,Ext1,AUTO_TRI_N0_G1_N4,tripartite,1.0,True,0.03736257519558193,20260817
no_retained_fear_memory,16,Ext1,AUTO_TRI_N3_G2_N5,tripartite,0.3230318004525869,True,0.2716821337955646,20260817
no_retained_fear_memory,16,Ext1,AUTO_TRI_N3_G2_N9,tripartite,0.3230318004525869,True,0.2716821337955646,20260817
no_retained_fear_memory,17,Ext1,AUTO_GG_G0_G1,glia_glia,1.0,True,0.029890060156465545,20260817
no_retained_fear_memory,17,Ext1,AUTO_GG_G1_G3,glia_glia,1.0,True,0.029890060156465545,20260817
no_retained_fear_memory,17,Ext1,AUTO_GG_G2_G5,glia_glia,1.0,True,1.0,20260817
no_retained_fear_memory,17,Ext1,AUTO_TRI_N0_G1_N4,tripartite,1.0,True,0.029890060156465545,20260817
no_retained_fear_memory,17,Ext1,AUTO_TRI_N3_G2_N5,tripartite,0.3961405169430844,True,0.29435294374437526,20260817
no_retained_fear_memory,17,Ext1,AUTO_TRI_N3_G2_N9,tripartite,0.3961405169430844,True,0.29435294374437526,20260817
no_retained_fear_memory,18,Ext1,AUTO_GG_G0_G1,glia_glia,1.0,True,0.023912048125172437,20260817
no_retained_fear_memory,18,Ext1,AUTO_GG_G1_G3,glia_glia,1.0,True,0.023912048125172437,20260817
no_retained_fear_memory,18,Ext1,AUTO_GG_G2_G5,glia_glia,1.0,True,1.0,20260817
no_retained_fear_memory,18,Ext1,AUTO_TRI_N0_G1_N4,tripartite,1.0,True,0.023912048125172437,20260817
no_retained_fear_memory,18,Ext1,AUTO_TRI_N3_G2_N5,tripartite,0.4761174304552753,True,0.31777840144336555,20260817
no_retained_fear_memory,18,Ext1,AUTO_TRI_N3_G2_N9,tripartite,0.4761174304552753,True,0.31777840144336555,20260817
no_retained_fear_memory,19,Ext1,AUTO_GG_G0_G1,glia_glia,1.0,True,0.01912963850013795,20260817
no_retained_fear_memory,19,Ext1,AUTO_GG_G1_G3,glia_glia,1.0,True,0.01912963850013795,20260817
no_retained_fear_memory,19,Ext1,AUTO_GG_G2_G5,glia_glia,1.0,True,1.0,20260817
no_retained_fear_memory,19,Ext1,AUTO_TRI_N0_G1_N4,tripartite,1.0,True,0.01912963850013795,20260817
no_retained_fear_memory,19,Ext1,AUTO_TRI_N3_G2_N5,tripartite,0.5634499431740698,True,0.34286624873731675,20260817
no_retained_fear_memory,19,Ext1,AUTO_TRI_N3_G2_N9,tripartite,0.5634499431740698,True,0.34286624873731675,20260817
no_retained_fear_memory,20,Ext1,AUTO_GG_G0_G1,glia_glia,1.0,True,0.01530371080011036,20260817
no_retained_fear_memory,20,Ext1,AUTO_GG_G1_G3,glia_glia,1.0,True,0.01530371080011036,20260817
no_retained_fear_memory,20,Ext1,AUTO_GG_G2_G5,glia_glia,1.0,True,1.0,20260817
no_retained_fear_memory,20,Ext1,AUTO_TRI_N0_G1_N4,tripartite,1.0,True,0.01530371080011036,20260817
no_retained_fear_memory,20,Ext1,AUTO_TRI_N3_G2_N5,tripartite,0.6589527217914009,True,0.37073269135553966,20260817
no_retained_fear_memory,20,Ext1,AUTO_TRI_N3_G2_N9,tripartite,0.6589527217914009,True,0.37073269135553966,20260817
no_retained_fear_memory,21,Ext1,AUTO_GG_G0_G1,glia_glia,1.0,True,0.012242968640088288,20260817
no_retained_fear_memory,21,Ext1,AUTO_GG_G1_G3,glia_glia,1.0,True,0.012242968640088288,20260817
no_retained_fear_memory,21,Ext1,AUTO_GG_G2_G5,glia_glia,1.0,True,1.0,20260817
no_retained_fear_memory,21,Ext1,AUTO_TRI_N0_G1_N4,tripartite,1.0,True,0.012242968640088288,20260817
no_retained_fear_memory,21,Ext1,AUTO_TRI_N3_G2_N5,tripartite,0.763858398907373,True,0.40280329159197614,20260817
no_retained_fear_memory,21,Ext1,AUTO_TRI_N3_G2_N9,tripartite,0.763858398907373,True,0.40280329159197614,20260817
no_retained_fear_memory,22,Ext1,AUTO_GG_G0_G1,glia_glia,1.0,True,0.00979437491207063,20260817
no_retained_fear_memory,22,Ext1,AUTO_GG_G1_G3,glia_glia,1.0,True,0.00979437491207063,20260817
no_retained_fear_memory,22,Ext1,AUTO_GG_G2_G5,glia_glia,1.0,True,1.0,20260817
no_retained_fear_memory,22,Ext1,AUTO_TRI_N0_G1_N4,tripartite,1.0,True,0.00979437491207063,20260817
no_retained_fear_memory,22,Ext1,AUTO_TRI_N3_G2_N5,tripartite,0.8799539756701181,True,0.44096884217293447,20260817
no_retained_fear_memory,22,Ext1,AUTO_TRI_N3_G2_N9,tripartite,0.8799539756701181,True,0.44096884217293447,20260817
no_retained_fear_memory,23,Ext1,AUTO_GG_G0_G1,glia_glia,1.0,True,0.007835499929656506,20260817
no_retained_fear_memory,23,Ext1,AUTO_GG_G1_G3,glia_glia,1.0,True,0.007835499929656506,20260817
no_retained_fear_memory,23,Ext1,AUTO_GG_G2_G5,glia_glia,1.0,True,1.0,20260817
no_retained_fear_memory,23,Ext1,AUTO_TRI_N0_G1_N4,tripartite,1.0,True,0.007835499929656506,20260817
no_retained_fear_memory,23,Ext1,AUTO_TRI_N3_G2_N5,tripartite,1.0,True,0.487822553419796,20260817
no_retained_fear_memory,23,Ext1,AUTO_TRI_N3_G2_N9,tripartite,1.0,True,0.487822553419796,20260817
no_retained_fear_memory,24,Ext1,AUTO_GG_G0_G1,glia_glia,1.0,True,0.006268399943725205,20260817
no_retained_fear_memory,24,Ext1,AUTO_GG_G1_G3,glia_glia,1.0,True,0.006268399943725205,20260817
no_retained_fear_memory,24,Ext1,AUTO_GG_G2_G5,glia_glia,1.0,True,1.0,20260817
no_retained_fear_memory,24,Ext1,AUTO_TRI_N0_G1_N4,tripartite,1.0,True,0.006268399943725205,20260817
no_retained_fear_memory,24,Ext1,AUTO_TRI_N3_G2_N5,tripartite,1.0,True,0.5460127641758118,20260817
no_retained_fear_memory,24,Ext1,AUTO_TRI_N3_G2_N9,tripartite,1.0,True,0.5460127641758118,20260817
no_retained_fear_memory,25,Ext1,AUTO_GG_G0_G1,glia_glia,1.0,True,0.005014719954980164,20260817
no_retained_fear_memory,25,Ext1,AUTO_GG_G1_G3,glia_glia,1.0,True,0.005014719954980164,20260817
no_retained_fear_memory,25,Ext1,AUTO_GG_G2_G5,glia_glia,1.0,True,1.0,20260817
no_retained_fear_memory,25,Ext1,AUTO_TRI_N0_G1_N4,tripartite,1.0,True,0.005014719954980164,20260817
no_retained_fear_memory,25,Ext1,AUTO_TRI_N3_G2_N5,tripartite,1.0,True,0.6048837632819097,20260817
no_retained_fear_memory,25,Ext1,AUTO_TRI_N3_G2_N9,tripartite,1.0,True,0.6048837632819097,20260817
no_retained_fear_memory,26,Ext1,AUTO_GG_G0_G1,glia_glia,0.9999209420771187,True,0.004011775963984132,20260817
no_retained_fear_memory,26,Ext1,AUTO_GG_G1_G3,glia_glia,0.9999308243174789,True,0.004011775963984132,20260817
no_retained_fear_memory,26,Ext1,AUTO_GG_G2_G5,glia_glia,1.0,True,1.0,20260817
no_retained_fear_memory,26,Ext1,AUTO_TRI_N0_G1_N4,tripartite,0.9999407065578391,True,0.004011775963984132,20260817
no_retained_fear_memory,26,Ext1,AUTO_TRI_N3_G2_N5,tripartite,1.0,True,0.6645919819192015,20260817
no_retained_fear_memory,26,Ext1,AUTO_TRI_N3_G2_N9,tripartite,1.0,True,0.6645919819192015,20260817
no_retained_fear_memory,27,Ext1,AUTO_GG_G0_G1,glia_glia,0.9997776957388137,True,0.0032094207711873056,20260817
no_retained_fear_memory,27,Ext1,AUTO_GG_G1_G3,glia_glia,0.9998054837714621,True,0.0032094207711873056,20260817
no_retained_fear_memory,27,Ext1,AUTO_GG_G2_G5,glia_glia,1.0,True,1.0,20260817
no_retained_fear_memory,27,Ext1,AUTO_TRI_N0_G1_N4,tripartite,0.9998332718041103,True,0.0032094207711873056,20260817
no_retained_fear_memory,27,Ext1,AUTO_TRI_N3_G2_N5,tripartite,1.0,True,0.7252739835859626,20260817
no_retained_fear_memory,27,Ext1,AUTO_TRI_N3_G2_N9,tripartite,1.0,True,0.7252739835859626,20260817
no_retained_fear_memory,28,Ext1,AUTO_GG_G0_G1,glia_glia,0.9995830986681696,True,0.0025675366169498445,20260817
no_retained_fear_memory,28,Ext1,AUTO_GG_G1_G3,glia_glia,0.9996352113346485,True,0.0025675366169498445,20260817
no_retained_fear_memory,28,Ext1,AUTO_GG_G2_G5,glia_glia,1.0,True,1.0,20260817
no_retained_fear_memory,28,Ext1,AUTO_TRI_N0_G1_N4,tripartite,0.9996873240011273,True,0.0025675366169498445,20260817
no_retained_fear_memory,28,Ext1,AUTO_TRI_N3_G2_N5,tripartite,1.0,True,0.787045337551187,20260817
no_retained_fear_memory,28,Ext1,AUTO_TRI_N3_G2_N9,tripartite,1.0,True,0.787045337551187,20260817
no_retained_fear_memory,29,Ext2,AUTO_GG_G0_G1,glia_glia,0.9993474210116544,True,0.002054029293559876,20260817
no_retained_fear_memory,29,Ext2,AUTO_GG_G1_G3,glia_glia,0.9994289933851976,True,0.002054029293559876,20260817
no_retained_fear_memory,29,Ext2,AUTO_GG_G2_G5,glia_glia,1.0,True,1.0,20260817
no_retained_fear_memory,29,Ext2,AUTO_TRI_N0_G1_N4,tripartite,0.9995105657587409,True,0.002054029293559876,20260817
no_retained_fear_memory,29,Ext2,AUTO_TRI_N3_G2_N5,tripartite,1.0,True,0.8499988147901262,20260817
no_retained_fear_memory,29,Ext2,AUTO_TRI_N3_G2_N9,tripartite,1.0,True,0.8499988147901262,20260817
no_retained_fear_memory,30,Ext2,AUTO_GG_G0_G1,glia_glia,0.9990788788864422,True,0.0016432234348479008,20260817
no_retained_fear_memory,30,Ext2,AUTO_GG_G1_G3,glia_glia,0.999194019025637,True,0.0016432234348479008,20260817
no_retained_fear_memory,30,Ext2,AUTO_GG_G2_G5,glia_glia,1.0,True,1.0,20260817
no_retained_fear_memory,30,Ext2,AUTO_TRI_N0_G1_N4,tripartite,0.9993091591648318,True,0.0016432234348479008,20260817
no_retained_fear_memory,30,Ext2,AUTO_TRI_N3_G2_N5,tripartite,1.0,True,0.9142020280017559,20260817
no_retained_fear_memory,30,Ext2,AUTO_TRI_N3_G2_N9,tripartite,1.0,True,0.9142020280017559,20260817
no_retained_fear_memory,31,Ext2,AUTO_GG_G0_G1,glia_glia,0.9987840451862725,True,0.0013145787478783207,20260817
no_retained_fear_memory,31,Ext2,AUTO_GG_G1_G3,glia_glia,0.9989360395379885,True,0.0013145787478783207,20260817
no_retained_fear_memory,31,Ext2,AUTO_GG_G2_G5,glia_glia,1.0,True,1.0,20260817
no_retained_fear_memory,31,Ext2,AUTO_TRI_N0_G1_N4,tripartite,0.9990880338897045,True,0.0013145787478783207,20260817
no_retained_fear_memory,31,Ext2,AUTO_TRI_N3_G2_N5,tripartite,1.0,True,0.979694668099421,20260817
no_retained_fear_memory,31,Ext2,AUTO_TRI_N3_G2_N9,tripartite,1.0,True,0.979694668099421,20260817
no_retained_fear_memory,32,Ext2,AUTO_GG_G0_G1,glia_glia,0.9984681782261368,True,0.0010516629983026566,20260817
no_retained_fear_memory,32,Ext2,AUTO_GG_G1_G3,glia_glia,0.9986596559478697,True,0.0010516629983026566,20260817
no_retained_fear_memory,32,Ext2,AUTO_GG_G2_G5,glia_glia,1.0,True,1.0,20260817
no_retained_fear_memory,32,Ext2,AUTO_TRI_N0_G1_N4,tripartite,0.9988511336696027,True,0.0010516629983026566,20260817
no_retained_fear_memory,32,Ext2,AUTO_TRI_N3_G2_N5,tripartite,1.0,True,1.0,20260817
no_retained_fear_memory,32,Ext2,AUTO_TRI_N3_G2_N9,tripartite,1.0,True,1.0,20260817
no_retained_fear_memory,33,Ext2,AUTO_GG_G0_G1,glia_glia,0.9981354846580281,True,0.0008413303986421253,20260817
no_retained_fear_memory,33,Ext2,AUTO_GG_G1_G3,glia_glia,0.9983685490757745,True,0.0008413303986421253,20260817
no_retained_fear_memory,33,Ext2,AUTO_GG_G2_G5,glia_glia,1.0,True,1.0,20260817
no_retained_fear_memory,33,Ext2,AUTO_TRI_N0_G1_N4,tripartite,0.9986016134935212,True,0.0008413303986421253,20260817
no_retained_fear_memory,33,Ext2,AUTO_TRI_N3_G2_N5,tripartite,1.0,True,1.0,20260817
no_retained_fear_memory,33,Ext2,AUTO_TRI_N3_G2_N9,tripartite,1.0,True,1.0,20260817
no_retained_fear_memory,34,Ext2,AUTO_GG_G0_G1,glia_glia,0.9977893298035413,True,0.0006730643189137003,20260817
no_retained_fear_memory,34,Ext2,AUTO_GG_G1_G3,glia_glia,0.9980656635780986,True,0.0006730643189137003,20260817
no_retained_fear_memory,34,Ext2,AUTO_GG_G2_G5,glia_glia,1.0,True,1.0,20260817
no_retained_fear_memory,34,Ext2,AUTO_TRI_N0_G1_N4,tripartite,0.9983419973526559,True,0.0006730643189137003,20260817
no_retained_fear_memory,34,Ext2,AUTO_TRI_N3_G2_N5,tripartite,1.0,True,1.0,20260817
no_retained_fear_memory,34,Ext2,AUTO_TRI_N3_G2_N9,tripartite,1.0,True,1.0,20260817
no_retained_fear_memory,35,Ext2,AUTO_GG_G0_G1,glia_glia,0.9974324059199517,True,0.0005384514551309603,20260817
no_retained_fear_memory,35,Ext2,AUTO_GG_G1_G3,glia_glia,0.9977533551799578,True,0.0005384514551309603,20260817
no_retained_fear_memory,35,Ext2,AUTO_GG_G2_G5,glia_glia,1.0,True,1.0,20260817
no_retained_fear_memory,35,Ext2,AUTO_TRI_N0_G1_N4,tripartite,0.9980743044399638,True,0.0005384514551309603,20260817
no_retained_fear_memory,35,Ext2,AUTO_TRI_N3_G2_N5,tripartite,1.0,True,1.0,20260817
no_retained_fear_memory,35,Ext2,AUTO_TRI_N3_G2_N9,tripartite,1.0,True,1.0,20260817
no_retained_fear_memory,36,Ext2,AUTO_GG_G0_G1,glia_glia,0.9970668668130801,True,0.00043076116410476823,20260817
no_retained_fear_memory,36,Ext2,AUTO_GG_G1_G3,glia_glia,0.9974335084614451,True,0.00043076116410476823,20260817
no_retained_fear_memory,36,Ext2,AUTO_GG_G2_G5,glia_glia,1.0,True,1.0,20260817
no_retained_fear_memory,36,Ext2,AUTO_TRI_N0_G1_N4,tripartite,0.99780015010981,True,0.00043076116410476823,20260817
no_retained_fear_memory,36,Ext2,AUTO_TRI_N3_G2_N5,tripartite,1.0,True,1.0,20260817
no_retained_fear_memory,36,Ext2,AUTO_TRI_N3_G2_N9,tripartite,1.0,True,1.0,20260817
no_retained_fear_memory,37,Ext2,AUTO_GG_G0_G1,glia_glia,0.9966944355275829,True,0.0003446089312838146,20260817
no_retained_fear_memory,37,Ext2,AUTO_GG_G1_G3,glia_glia,0.9971076310866349,True,0.0003446089312838146,20260817
no_retained_fear_memory,37,Ext2,AUTO_GG_G2_G5,glia_glia,1.0,True,1.0,20260817
no_retained_fear_memory,37,Ext2,AUTO_TRI_N0_G1_N4,tripartite,0.9975208266456871,True,0.0003446089312838146,20260817
no_retained_fear_memory,37,Ext2,AUTO_TRI_N3_G2_N5,tripartite,1.0,True,1.0,20260817
no_retained_fear_memory,37,Ext2,AUTO_TRI_N3_G2_N9,tripartite,1.0,True,1.0,20260817
no_retained_fear_memory,38,Ext2,AUTO_GG_G0_G1,glia_glia,0.996316490499185,True,0.00027568714502705167,20260817
no_retained_fear_memory,38,Ext2,AUTO_GG_G1_G3,glia_glia,0.9967769291867868,True,0.00027568714502705167,20260817
no_retained_fear_memory,38,Ext2,AUTO_GG_G2_G5,glia_glia,1.0,True,1.0,20260817
no_retained_fear_memory,38,Ext2,AUTO_TRI_N0_G1_N4,tripartite,0.9972373678743887,True,0.00027568714502705167,20260817
no_retained_fear_memory,38,Ext2,AUTO_TRI_N3_G2_N5,tripartite,1.0,True,1.0,20260817
no_retained_fear_memory,38,Ext2,AUTO_TRI_N3_G2_N9,tripartite,1.0,True,1.0,20260817
no_retained_fear_memory,39,Ext2,AUTO_GG_G0_G1,glia_glia,0.9959341344764667,True,0.00022054971602164134,20260817
no_retained_fear_memory,39,Ext2,AUTO_GG_G1_G3,glia_glia,0.9964423676669083,True,0.00022054971602164134,20260817
no_retained_fear_memory,39,Ext2,AUTO_GG_G2_G5,glia_glia,1.0,True,1.0,20260817
no_retained_fear_memory,39,Ext2,AUTO_TRI_N0_G1_N4,tripartite,0.99695060085735,True,0.00022054971602164134,20260817
no_retained_fear_memory,39,Ext2,AUTO_TRI_N3_G2_N5,tripartite,1.0,True,1.0,20260817
no_retained_fear_memory,39,Ext2,AUTO_TRI_N3_G2_N9,tripartite,1.0,True,1.0,20260817
no_retained_fear_memory,40,Ext2,AUTO_GG_G0_G1,glia_glia,0.9955482496582921,True,0.0001764397728173131,20260817
no_retained_fear_memory,40,Ext2,AUTO_GG_G1_G3,glia_glia,0.9961047184510056,True,0.0001764397728173131,20260817
no_retained_fear_memory,40,Ext2,AUTO_GG_G2_G5,glia_glia,1.0,True,1.0,20260817
no_retained_fear_memory,40,Ext2,AUTO_TRI_N0_G1_N4,tripartite,0.996661187243719,True,0.0001764397728173131,20260817
no_retained_fear_memory,40,Ext2,AUTO_TRI_N3_G2_N5,tripartite,1.0,True,1.0,20260817
no_retained_fear_memory,40,Ext2,AUTO_TRI_N3_G2_N9,tripartite,1.0,True,1.0,20260817
no_retained_fear_memory,41,Ext2,AUTO_GG_G0_G1,glia_glia,0.9951595418037524,True,0.00014115181825385048,20260817
no_retained_fear_memory,41,Ext2,AUTO_GG_G1_G3,glia_glia,0.9957645990782833,True,0.00014115181825385048,20260817
no_retained_fear_memory,41,Ext2,AUTO_GG_G2_G5,glia_glia,1.0,True,1.0,20260817
no_retained_fear_memory,41,Ext2,AUTO_TRI_N0_G1_N4,tripartite,0.9963696563528143,True,0.00014115181825385048,20260817
no_retained_fear_memory,41,Ext2,AUTO_TRI_N3_G2_N5,tripartite,1.0,True,1.0,20260817
no_retained_fear_memory,41,Ext2,AUTO_TRI_N3_G2_N9,tripartite,1.0,True,1.0,20260817
no_retained_fear_memory,42,Ext2,AUTO_GG_G0_G1,glia_glia,0.9947685755201207,True,0.00011292145460308038,20260817
no_retained_fear_memory,42,Ext2,AUTO_GG_G1_G3,glia_glia,0.9954225035801055,True,0.00011292145460308038,20260817
no_retained_fear_memory,42,Ext2,AUTO_GG_G2_G5,glia_glia,1.0,True,1.0,20260817
no_retained_fear_memory,42,Ext2,AUTO_TRI_N0_G1_N4,tripartite,0.9960764316400904,True,0.00011292145460308038,20260817
no_retained_fear_memory,42,Ext2,AUTO_TRI_N3_G2_N5,tripartite,1.0,True,1.0,20260817
no_retained_fear_memory,42,Ext2,AUTO_TRI_N3_G2_N9,tripartite,1.0,True,1.0,20260817
no_retained_fear_memory,43,Ext2,AUTO_GG_G0_G1,glia_glia,0.9943758024932152,True,9.033716368246431e-05,20260817
no_retained_fear_memory,43,Ext2,AUTO_GG_G1_G3,glia_glia,0.9950788271815633,True,9.033716368246431e-05,20260817
no_retained_fear_memory,43,Ext2,AUTO_GG_G2_G5,glia_glia,1.0,True,1.0,20260817
no_retained_fear_memory,43,Ext2,AUTO_TRI_N0_G1_N4,tripartite,0.9957818518699113,True,9.033716368246431e-05,20260817
no_retained_fear_memory,43,Ext2,AUTO_TRI_N3_G2_N5,tripartite,1.0,True,1.0,20260817
no_retained_fear_memory,43,Ext2,AUTO_TRI_N3_G2_N9,tripartite,1.0,True,1.0,20260817
no_retained_fear_memory,44,Ext2,AUTO_GG_G0_G1,glia_glia,0.9939815840716909,True,7.226973094597146e-05,20260817
no_retained_fear_memory,44,Ext2,AUTO_GG_G1_G3,glia_glia,0.9947338860627295,True,7.226973094597146e-05,20260817
no_retained_fear_memory,44,Ext2,AUTO_GG_G2_G5,glia_glia,1.0,True,1.0,20260817
no_retained_fear_memory,44,Ext2,AUTO_TRI_N0_G1_N4,tripartite,0.9954861880537681,True,7.226973094597146e-05,20260817
no_retained_fear_memory,44,Ext2,AUTO_TRI_N3_G2_N5,tripartite,1.0,True,1.0,20260817
no_retained_fear_memory,44,Ext2,AUTO_TRI_N3_G2_N9,tripartite,1.0,True,1.0,20260817
no_retained_fear_memory,45,Ext2,AUTO_GG_G0_G1,glia_glia,0.9935862093344714,True,5.781578475677717e-05,20260817
no_retained_fear_memory,45,Ext2,AUTO_GG_G1_G3,glia_glia,0.9943879331676625,True,5.781578475677717e-05,20260817
no_retained_fear_memory,45,Ext2,AUTO_GG_G2_G5,glia_glia,1.0,True,1.0,20260817
no_retained_fear_memory,45,Ext2,AUTO_TRI_N0_G1_N4,tripartite,0.9951896570008535,True,5.781578475677717e-05,20260817
no_retained_fear_memory,45,Ext2,AUTO_TRI_N3_G2_N5,tripartite,1.0,True,1.0,20260817
no_retained_fear_memory,45,Ext2,AUTO_TRI_N3_G2_N9,tripartite,1.0,True,1.0,20260817
no_retained_fear_memory,46,Ext2,AUTO_GG_G0_G1,glia_glia,0.9931899095446959,True,4.6252627805421734e-05,20260817
no_retained_fear_memory,46,Ext2,AUTO_GG_G1_G3,glia_glia,0.9940411708516089,True,4.6252627805421734e-05,20260817
no_retained_fear_memory,46,Ext2,AUTO_GG_G2_G5,glia_glia,1.0,True,1.0,20260817
no_retained_fear_memory,46,Ext2,AUTO_TRI_N0_G1_N4,tripartite,0.9948924321585219,True,4.6252627805421734e-05,20260817
no_retained_fear_memory,46,Ext2,AUTO_TRI_N3_G2_N5,tripartite,1.0,True,1.0,20260817
no_retained_fear_memory,46,Ext2,AUTO_TRI_N3_G2_N9,tripartite,1.0,True,1.0,20260817
no_retained_fear_memory,47,Ext2,AUTO_GG_G0_G1,glia_glia,0.9927928697128754,True,3.700210224433739e-05,20260817
no_retained_fear_memory,47,Ext2,AUTO_GG_G1_G3,glia_glia,0.993693760998766,True,3.700210224433739e-05,20260817
no_retained_fear_memory,47,Ext2,AUTO_GG_G2_G5,glia_glia,1.0,True,1.0,20260817
no_retained_fear_memory,47,Ext2,AUTO_TRI_N0_G1_N4,tripartite,0.9945946522846565,True,3.700210224433739e-05,20260817
no_retained_fear_memory,47,Ext2,AUTO_TRI_N3_G2_N5,tripartite,1.0,True,1.0,20260817
no_retained_fear_memory,47,Ext2,AUTO_TRI_N3_G2_N9,tripartite,1.0,True,1.0,20260817
no_retained_fear_memory,48,Ext2,AUTO_GG_G0_G1,glia_glia,0.992395237847419,True,2.960168179546991e-05,20260817
no_retained_fear_memory,48,Ext2,AUTO_GG_G1_G3,glia_glia,0.9933458331164917,True,2.960168179546991e-05,20260817
no_retained_fear_memory,48,Ext2,AUTO_GG_G2_G5,glia_glia,1.0,True,1.0,20260817
no_retained_fear_memory,48,Ext2,AUTO_TRI_N0_G1_N4,tripartite,0.9942964283855642,True,2.960168179546991e-05,20260817
no_retained_fear_memory,48,Ext2,AUTO_TRI_N3_G2_N5,tripartite,1.0,True,1.0,20260817
no_retained_fear_memory,48,Ext2,AUTO_TRI_N3_G2_N9,tripartite,1.0,True,1.0,20260817
no_retained_fear_memory,49,Ext2,AUTO_GG_G0_G1,glia_glia,0.9919971323550539,True,2.368134543637593e-05,20260817
no_retained_fear_memory,49,Ext2,AUTO_GG_G1_G3,glia_glia,0.9929974908106722,True,2.368134543637593e-05,20260817
no_retained_fear_memory,49,Ext2,AUTO_GG_G2_G5,glia_glia,1.0,True,1.0,20260817
no_retained_fear_memory,49,Ext2,AUTO_TRI_N0_G1_N4,tripartite,0.9939978492662904,True,2.368134543637593e-05,20260817
no_retained_fear_memory,49,Ext2,AUTO_TRI_N3_G2_N5,tripartite,1.0,True,1.0,20260817
no_retained_fear_memory,49,Ext2,AUTO_TRI_N3_G2_N9,tripartite,1.0,True,1.0,20260817
no_retained_fear_memory,50,Ext2,AUTO_GG_G0_G1,glia_glia,0.9915986479611618,True,1.8945076349100747e-05,20260817
no_retained_fear_memory,50,Ext2,AUTO_GG_G1_G3,glia_glia,0.9926488169660167,True,1.8945076349100747e-05,20260817
no_retained_fear_memory,50,Ext2,AUTO_GG_G2_G5,glia_glia,1.0,True,1.0,20260817
no_retained_fear_memory,50,Ext2,AUTO_TRI_N0_G1_N4,tripartite,0.9936989859708714,True,1.8945076349100747e-05,20260817
no_retained_fear_memory,50,Ext2,AUTO_TRI_N3_G2_N5,tripartite,1.0,True,1.0,20260817
no_retained_fear_memory,50,Ext2,AUTO_TRI_N3_G2_N9,tripartite,1.0,True,1.0,20260817
no_retained_fear_memory,51,Ext2,AUTO_GG_G0_G1,glia_glia,0.9911998604460481,True,1.5156061079280599e-05,20260817
no_retained_fear_memory,51,Ext2,AUTO_GG_G1_G3,glia_glia,0.9922998778902923,True,1.5156061079280599e-05,20260817
no_retained_fear_memory,51,Ext2,AUTO_GG_G2_G5,glia_glia,1.0,True,1.0,20260817
no_retained_fear_memory,51,Ext2,AUTO_TRI_N0_G1_N4,tripartite,0.9933998953345361,True,1.5156061079280599e-05,20260817
no_retained_fear_memory,51,Ext2,AUTO_TRI_N3_G2_N5,tripartite,1.0,True,1.0,20260817
no_retained_fear_memory,51,Ext2,AUTO_TRI_N3_G2_N9,tripartite,1.0,True,1.0,20260817
no_retained_fear_memory,52,Ext2,AUTO_GG_G0_G1,glia_glia,0.9908008304339572,True,1.2124848863424479e-05,20260817
no_retained_fear_memory,52,Ext2,AUTO_GG_G1_G3,glia_glia,0.9919507266297127,True,1.2124848863424479e-05,20260817
no_retained_fear_memory,52,Ext2,AUTO_GG_G2_G5,glia_glia,1.0,True,1.0,20260817
no_retained_fear_memory,52,Ext2,AUTO_TRI_N0_G1_N4,tripartite,0.9931006228254678,True,1.2124848863424479e-05,20260817
no_retained_fear_memory,52,Ext2,AUTO_TRI_N3_G2_N5,tripartite,1.0,True,1.0,20260817
no_retained_fear_memory,52,Ext2,AUTO_TRI_N3_G2_N9,tripartite,1.0,True,1.0,20260817
no_retained_fear_memory,53,Ext2,AUTO_GG_G0_G1,glia_glia,0.9904016064242844,True,9.699879090739585e-06,20260817
no_retained_fear_memory,53,Ext2,AUTO_GG_G1_G3,glia_glia,0.9916014056212491,True,9.699879090739585e-06,20260817
no_retained_fear_memory,53,Ext2,AUTO_GG_G2_G5,glia_glia,1.0,True,1.0,20260817
no_retained_fear_memory,53,Ext2,AUTO_TRI_N0_G1_N4,tripartite,0.9928012048182133,True,9.699879090739585e-06,20260817
no_retained_fear_memory,53,Ext2,AUTO_TRI_N3_G2_N5,tripartite,1.0,True,1.0,20260817
no_retained_fear_memory,53,Ext2,AUTO_TRI_N3_G2_N9,tripartite,1.0,True,1.0,20260817
no_retained_fear_memory,54,E-Ret,AUTO_GG_G0_G1,glia_glia,0.9904016064242844,True,9.699879090739585e-06,20260817
no_retained_fear_memory,54,E-Ret,AUTO_GG_G1_G3,glia_glia,0.9916014056212491,True,9.699879090739585e-06,20260817
no_retained_fear_memory,54,E-Ret,AUTO_GG_G2_G5,glia_glia,1.0,True,1.0,20260817
no_retained_fear_memory,54,E-Ret,AUTO_TRI_N0_G1_N4,tripartite,0.9928012048182133,True,9.699879090739585e-06,20260817
no_retained_fear_memory,54,E-Ret,AUTO_TRI_N3_G2_N5,tripartite,1.0,True,1.0,20260817
no_retained_fear_memory,54,E-Ret,AUTO_TRI_N3_G2_N9,tripartite,1.0,True,1.0,20260817
no_retained_fear_memory,55,E-Ret,AUTO_GG_G0_G1,glia_glia,0.9904016064242844,True,9.699879090739585e-06,20260817
no_retained_fear_memory,55,E-Ret,AUTO_GG_G1_G3,glia_glia,0.9916014056212491,True,9.699879090739585e-06,20260817
no_retained_fear_memory,55,E-Ret,AUTO_GG_G2_G5,glia_glia,1.0,True,1.0,20260817
no_retained_fear_memory,55,E-Ret,AUTO_TRI_N0_G1_N4,tripartite,0.9928012048182133,True,9.699879090739585e-06,20260817
no_retained_fear_memory,55,E-Ret,AUTO_TRI_N3_G2_N5,tripartite,1.0,True,1.0,20260817
no_retained_fear_memory,55,E-Ret,AUTO_TRI_N3_G2_N9,tripartite,1.0,True,1.0,20260817
no_retained_fear_memory,56,E-Ret,AUTO_GG_G0_G1,glia_glia,0.9904016064242844,True,9.699879090739585e-06,20260817
no_retained_fear_memory,56,E-Ret,AUTO_GG_G1_G3,glia_glia,0.9916014056212491,True,9.699879090739585e-06,20260817
no_retained_fear_memory,56,E-Ret,AUTO_GG_G2_G5,glia_glia,1.0,True,1.0,20260817
no_retained_fear_memory,56,E-Ret,AUTO_TRI_N0_G1_N4,tripartite,0.9928012048182133,True,9.699879090739585e-06,20260817
no_retained_fear_memory,56,E-Ret,AUTO_TRI_N3_G2_N5,tripartite,1.0,True,1.0,20260817
no_retained_fear_memory,56,E-Ret,AUTO_TRI_N3_G2_N9,tripartite,1.0,True,1.0,20260817
no_retained_fear_memory,57,E-Ret,AUTO_GG_G0_G1,glia_glia,0.9904016064242844,True,9.699879090739585e-06,20260817
no_retained_fear_memory,57,E-Ret,AUTO_GG_G1_G3,glia_glia,0.9916014056212491,True,9.699879090739585e-06,20260817
no_retained_fear_memory,57,E-Ret,AUTO_GG_G2_G5,glia_glia,1.0,True,1.0,20260817
no_retained_fear_memory,57,E-Ret,AUTO_TRI_N0_G1_N4,tripartite,0.9928012048182133,True,9.699879090739585e-06,20260817
no_retained_fear_memory,57,E-Ret,AUTO_TRI_N3_G2_N5,tripartite,1.0,True,1.0,20260817
no_retained_fear_memory,57,E-Ret,AUTO_TRI_N3_G2_N9,tripartite,1.0,True,1.0,20260817
no_retained_fear_memory,58,E-Ret,AUTO_GG_G0_G1,glia_glia,0.9904016064242844,True,9.699879090739585e-06,20260817
no_retained_fear_memory,58,E-Ret,AUTO_GG_G1_G3,glia_glia,0.9916014056212491,True,9.699879090739585e-06,20260817
no_retained_fear_memory,58,E-Ret,AUTO_GG_G2_G5,glia_glia,1.0,True,1.0,20260817
no_retained_fear_memory,58,E-Ret,AUTO_TRI_N0_G1_N4,tripartite,0.9928012048182133,True,9.699879090739585e-06,20260817
no_retained_fear_memory,58,E-Ret,AUTO_TRI_N3_G2_N5,tripartite,1.0,True,1.0,20260817
no_retained_fear_memory,58,E-Ret,AUTO_TRI_N3_G2_N9,tripartite,1.0,True,1.0,20260817
no_retained_fear_memory,59,F-Ren,AUTO_GG_G0_G1,glia_glia,0.9904016064242844,True,9.699879090739585e-06,20260817
no_retained_fear_memory,59,F-Ren,AUTO_GG_G1_G3,glia_glia,0.9916014056212491,True,9.699879090739585e-06,20260817
no_retained_fear_memory,59,F-Ren,AUTO_GG_G2_G5,glia_glia,1.0,True,1.0,20260817
no_retained_fear_memory,59,F-Ren,AUTO_TRI_N0_G1_N4,tripartite,0.9928012048182133,True,9.699879090739585e-06,20260817
no_retained_fear_memory,59,F-Ren,AUTO_TRI_N3_G2_N5,tripartite,1.0,True,1.0,20260817
no_retained_fear_memory,59,F-Ren,AUTO_TRI_N3_G2_N9,tripartite,1.0,True,1.0,20260817
no_retained_fear_memory,60,F-Ren,AUTO_GG_G0_G1,glia_glia,0.9904016064242844,True,9.699879090739585e-06,20260817
no_retained_fear_memory,60,F-Ren,AUTO_GG_G1_G3,glia_glia,0.9916014056212491,True,9.699879090739585e-06,20260817
no_retained_fear_memory,60,F-Ren,AUTO_GG_G2_G5,glia_glia,1.0,True,1.0,20260817
no_retained_fear_memory,60,F-Ren,AUTO_TRI_N0_G1_N4,tripartite,0.9928012048182133,True,9.699879090739585e-06,20260817
no_retained_fear_memory,60,F-Ren,AUTO_TRI_N3_G2_N5,tripartite,1.0,True,1.0,20260817
no_retained_fear_memory,60,F-Ren,AUTO_TRI_N3_G2_N9,tripartite,1.0,True,1.0,20260817
no_retained_fear_memory,61,F-Ren,AUTO_GG_G0_G1,glia_glia,0.9904016064242844,True,9.699879090739585e-06,20260817
no_retained_fear_memory,61,F-Ren,AUTO_GG_G1_G3,glia_glia,0.9916014056212491,True,9.699879090739585e-06,20260817
no_retained_fear_memory,61,F-Ren,AUTO_GG_G2_G5,glia_glia,1.0,True,1.0,20260817
no_retained_fear_memory,61,F-Ren,AUTO_TRI_N0_G1_N4,tripartite,0.9928012048182133,True,9.699879090739585e-06,20260817
no_retained_fear_memory,61,F-Ren,AUTO_TRI_N3_G2_N5,tripartite,1.0,True,1.0,20260817
no_retained_fear_memory,61,F-Ren,AUTO_TRI_N3_G2_N9,tripartite,1.0,True,1.0,20260817
no_retained_fear_memory,62,F-Ren,AUTO_GG_G0_G1,glia_glia,0.9904016064242844,True,9.699879090739585e-06,20260817
no_retained_fear_memory,62,F-Ren,AUTO_GG_G1_G3,glia_glia,0.9916014056212491,True,9.699879090739585e-06,20260817
no_retained_fear_memory,62,F-Ren,AUTO_GG_G2_G5,glia_glia,1.0,True,1.0,20260817
no_retained_fear_memory,62,F-Ren,AUTO_TRI_N0_G1_N4,tripartite,0.9928012048182133,True,9.699879090739585e-06,20260817
no_retained_fear_memory,62,F-Ren,AUTO_TRI_N3_G2_N5,tripartite,1.0,True,1.0,20260817
no_retained_fear_memory,62,F-Ren,AUTO_TRI_N3_G2_N9,tripartite,1.0,True,1.0,20260817
no_retained_fear_memory,63,F-Ren,AUTO_GG_G0_G1,glia_glia,0.9904016064242844,True,9.699879090739585e-06,20260817
no_retained_fear_memory,63,F-Ren,AUTO_GG_G1_G3,glia_glia,0.9916014056212491,True,9.699879090739585e-06,20260817
no_retained_fear_memory,63,F-Ren,AUTO_GG_G2_G5,glia_glia,1.0,True,1.0,20260817
no_retained_fear_memory,63,F-Ren,AUTO_TRI_N0_G1_N4,tripartite,0.9928012048182133,True,9.699879090739585e-06,20260817
no_retained_fear_memory,63,F-Ren,AUTO_TRI_N3_G2_N5,tripartite,1.0,True,1.0,20260817
no_retained_fear_memory,63,F-Ren,AUTO_TRI_N3_G2_N9,tripartite,1.0,True,1.0,20260817
no_context_reinstatement,1,F-Con,AUTO_GG_G0_G1,glia_glia,0.9593537143165668,True,0.243639236436246,20260817
no_context_reinstatement,1,F-Con,AUTO_GG_G2_G5,glia_glia,0.0,False,0.0,20260817
no_context_reinstatement,1,F-Con,AUTO_TRI_N0_G1_N4,tripartite,0.0,False,0.002220606289620657,20260817
no_context_reinstatement,1,F-Con,AUTO_TRI_N3_G2_N5,tripartite,0.0,False,0.0,20260817
no_context_reinstatement,1,F-Con,AUTO_TRI_N3_G2_N9,tripartite,0.0,False,0.0,20260817
no_context_reinstatement,2,F-Con,AUTO_GG_G0_G1,glia_glia,1.0,True,0.41665796245549014,20260817
no_context_reinstatement,2,F-Con,AUTO_GG_G2_G5,glia_glia,0.0,False,0.0,20260817
no_context_reinstatement,2,F-Con,AUTO_TRI_N0_G1_N4,tripartite,0.6486806466878341,True,0.0695437243454395,20260817
no_context_reinstatement,2,F-Con,AUTO_TRI_N3_G2_N5,tripartite,0.0,False,0.0,20260817
no_context_reinstatement,2,F-Con,AUTO_TRI_N3_G2_N9,tripartite,0.0,False,0.0,20260817
no_context_reinstatement,3,F-Con,AUTO_GG_G0_G1,glia_glia,1.0,True,0.5789106170665866,20260817
no_context_reinstatement,3,F-Con,AUTO_GG_G2_G5,glia_glia,0.0,False,0.0,20260817
no_context_reinstatement,3,F-Con,AUTO_TRI_N0_G1_N4,tripartite,1.0,True,0.16887590862989102,20260817
no_context_reinstatement,3,F-Con,AUTO_TRI_N3_G2_N5,tripartite,0.0,False,0.0,20260817
no_context_reinstatement,3,F-Con,AUTO_TRI_N3_G2_N9,tripartite,0.0,False,0.0,20260817
no_context_reinstatement,4,Ext1,AUTO_GG_G0_G1,glia_glia,1.0,True,0.54369702695959,20260817
no_context_reinstatement,4,Ext1,AUTO_GG_G2_G5,glia_glia,0.06509535473930901,False,0.1649830810994733,20260817
no_context_reinstatement,4,Ext1,AUTO_TRI_N0_G1_N4,tripartite,1.0,True,0.23723468157945288,20260817
no_context_reinstatement,4,Ext1,AUTO_TRI_N3_G2_N5,tripartite,0.0,False,0.004719964433221858,20260817
no_context_reinstatement,4,Ext1,AUTO_TRI_N3_G2_N9,tripartite,0.0,False,0.004719964433221858,20260817
no_context_reinstatement,5,Ext1,AUTO_GG_G0_G1,glia_glia,1.0,True,0.43495762156767204,20260817
no_context_reinstatement,5,Ext1,AUTO_GG_G2_G5,glia_glia,0.20752652874399613,True,0.31346785408899924,20260817
no_context_reinstatement,5,Ext1,AUTO_TRI_N0_G1_N4,tripartite,1.0,True,0.3049595439894273,20260817
no_context_reinstatement,5,Ext1,AUTO_TRI_N3_G2_N5,tripartite,0.0,False,0.005620449651202916,20260817
no_context_reinstatement,5,Ext1,AUTO_TRI_N3_G2_N9,tripartite,0.0,False,0.005620449651202916,20260817
no_context_reinstatement,6,Ext1,AUTO_GG_G0_G1,glia_glia,1.0,True,0.34796609725413763,20260817
no_context_reinstatement,6,Ext1,AUTO_GG_G2_G5,glia_glia,0.4185060170313903,True,0.44508061751179673,20260817
no_context_reinstatement,6,Ext1,AUTO_TRI_N0_G1_N4,tripartite,1.0,True,0.34796609725413763,20260817
no_context_reinstatement,6,Ext1,AUTO_TRI_N3_G2_N5,tripartite,0.0,False,0.008817450450784057,20260817
no_context_reinstatement,6,Ext1,AUTO_TRI_N3_G2_N9,tripartite,0.0,False,0.008817450450784057,20260817
no_context_reinstatement,7,Ext1,AUTO_GG_G0_G1,glia_glia,1.0,True,0.2783728778033101,20260817
no_context_reinstatement,7,Ext1,AUTO_GG_G2_G5,glia_glia,0.6881377268443506,True,0.5576928828408838,20260817
no_context_reinstatement,7,Ext1,AUTO_TRI_N0_G1_N4,tripartite,1.0,True,0.2783728778033101,20260817
no_context_reinstatement,7,Ext1,AUTO_TRI_N3_G2_N5,tripartite,0.0,False,0.0186069726080006,20260817
no_context_reinstatement,7,Ext1,AUTO_TRI_N3_G2_N9,tripartite,0.0,False,0.0186069726080006,20260817
no_context_reinstatement,8,Ext1,AUTO_GG_G0_G1,glia_glia,1.0,True,0.22269830224264808,20260817
no_context_reinstatement,8,Ext1,AUTO_GG_G2_G5,glia_glia,1.0,True,0.6476757957818747,20260817
no_context_reinstatement,8,Ext1,AUTO_TRI_N0_G1_N4,tripartite,1.0,True,0.22269830224264808,20260817
no_context_reinstatement,8,Ext1,AUTO_TRI_N3_G2_N5,tripartite,0.0,False,0.041000440347599164,20260817
no_context_reinstatement,8,Ext1,AUTO_TRI_N3_G2_N9,tripartite,0.0,False,0.041000440347599164,20260817
no_context_reinstatement,9,Ext1,AUTO_GG_G0_G1,glia_glia,1.0,True,0.17815864179411847,20260817
no_context_reinstatement,9,Ext1,AUTO_GG_G2_G5,glia_glia,1.0,True,0.7135422343447728,20260817
no_context_reinstatement,9,Ext1,AUTO_TRI_N0_G1_N4,tripartite,1.0,True,0.17815864179411847,20260817
no_context_reinstatement,9,Ext1,AUTO_TRI_N3_G2_N5,tripartite,0.010133884436773048,False,0.07956378441827949,20260817
no_context_reinstatement,9,Ext1,AUTO_TRI_N3_G2_N9,tripartite,0.010133884436773048,False,0.07956378441827949,20260817
no_context_reinstatement,10,Ext1,AUTO_GG_G0_G1,glia_glia,1.0,True,0.14252691343529478,20260817
no_context_reinstatement,10,Ext1,AUTO_GG_G2_G5,glia_glia,1.0,True,0.7728452393561569,20260817
no_context_reinstatement,10,Ext1,AUTO_TRI_N0_G1_N4,tripartite,1.0,True,0.14252691343529478,20260817
no_context_reinstatement,10,Ext1,AUTO_TRI_N3_G2_N5,tripartite,0.030469233174460257,False,0.11435806444461172,20260817
no_context_reinstatement,10,Ext1,AUTO_TRI_N3_G2_N9,tripartite,0.030469233174460257,False,0.11435806444461172,20260817
no_context_reinstatement,11,Ext1,AUTO_GG_G0_G1,glia_glia,1.0,True,0.11402153074823583,20260817
no_context_reinstatement,11,Ext1,AUTO_GG_G2_G5,glia_glia,1.0,True,0.8262727160985934,20260817
no_context_reinstatement,11,Ext1,AUTO_TRI_N0_G1_N4,tripartite,1.0,True,0.11402153074823583,20260817
no_context_reinstatement,11,Ext1,AUTO_TRI_N3_G2_N5,tripartite,0.06004627466001505,False,0.1458788379239458,20260817
no_context_reinstatement,11,Ext1,AUTO_TRI_N3_G2_N9,tripartite,0.06004627466001505,False,0.1458788379239458,20260817
no_context_reinstatement,12,Ext1,AUTO_GG_G0_G1,glia_glia,1.0,True,0.09121722459858866,20260817
no_context_reinstatement,12,Ext1,AUTO_GG_G2_G5,glia_glia,1.0,True,0.8744532795454076,20260817
no_context_reinstatement,12,Ext1,AUTO_TRI_N0_G1_N4,tripartite,1.0,True,0.09121722459858866,20260817
no_context_reinstatement,12,Ext1,AUTO_TRI_N3_G2_N5,tripartite,0.0980464558330073,False,0.17460776078645568,20260817
no_context_reinstatement,12,Ext1,AUTO_TRI_N3_G2_N9,tripartite,0.0980464558330073,False,0.17460776078645568,20260817
no_context_reinstatement,13,Ext1,AUTO_GG_G0_G1,glia_glia,1.0,True,0.07297377967887093,20260817
no_context_reinstatement,13,Ext1,AUTO_GG_G2_G5,glia_glia,1.0,True,0.9179663113271912,20260817
no_context_reinstatement,13,Ext1,AUTO_TRI_N0_G1_N4,tripartite,1.0,True,0.07297377967887093,20260817
no_context_reinstatement,13,Ext1,AUTO_TRI_N3_G2_N5,tripartite,0.1437932973406087,False,0.2010294058562832,20260817
no_context_reinstatement,13,Ext1,AUTO_TRI_N3_G2_N9,tripartite,0.1437932973406087,False,0.2010294058562832,20260817
no_context_reinstatement,14,Ext1,AUTO_GG_G0_G1,glia_glia,1.0,True,0.05837902374309675,20260817
no_context_reinstatement,14,Ext1,AUTO_GG_G2_G5,glia_glia,1.0,True,0.9573513667056262,20260817
no_context_reinstatement,14,Ext1,AUTO_TRI_N0_G1_N4,tripartite,1.0,True,0.05837902374309675,20260817
no_context_reinstatement,14,Ext1,AUTO_TRI_N3_G2_N5,tripartite,0.19675805245179293,False,0.22564764689707476,20260817
no_context_reinstatement,14,Ext1,AUTO_TRI_N3_G2_N9,tripartite,0.19675805245179293,False,0.22564764689707476,20260817
no_context_reinstatement,15,Ext1,AUTO_GG_G0_G1,glia_glia,1.0,True,0.04670321899447741,20260817
no_context_reinstatement,15,Ext1,AUTO_GG_G2_G5,glia_glia,1.0,True,0.9931169854806743,20260817
no_context_reinstatement,15,Ext1,AUTO_TRI_N0_G1_N4,tripartite,1.0,True,0.04670321899447741,20260817
no_context_reinstatement,15,Ext1,AUTO_TRI_N3_G2_N5,tripartite,0.25657002300467263,False,0.24900154242142902,20260817
no_context_reinstatement,15,Ext1,AUTO_TRI_N3_G2_N9,tripartite,0.25657002300467263,False,0.24900154242142902,20260817
no_context_reinstatement,16,Ext1,AUTO_GG_G0_G1,glia_glia,1.0,True,0.03736257519558193,20260817
no_context_reinstatement,16,Ext1,AUTO_GG_G2_G5,glia_glia,1.0,True,1.0,20260817
no_context_reinstatement,16,Ext1,AUTO_TRI_N0_G1_N4,tripartite,1.0,True,0.03736257519558193,20260817
no_context_reinstatement,16,Ext1,AUTO_TRI_N3_G2_N5,tripartite,0.3230318004525869,True,0.2716821337955646,20260817
no_context_reinstatement,16,Ext1,AUTO_TRI_N3_G2_N9,tripartite,0.3230318004525869,True,0.2716821337955646,20260817
no_context_reinstatement,17,Ext1,AUTO_GG_G0_G1,glia_glia,1.0,True,0.029890060156465545,20260817
no_context_reinstatement,17,Ext1,AUTO_GG_G2_G5,glia_glia,1.0,True,1.0,20260817
no_context_reinstatement,17,Ext1,AUTO_TRI_N0_G1_N4,tripartite,1.0,True,0.029890060156465545,20260817
no_context_reinstatement,17,Ext1,AUTO_TRI_N3_G2_N5,tripartite,0.3961405169430844,True,0.29435294374437526,20260817
no_context_reinstatement,17,Ext1,AUTO_TRI_N3_G2_N9,tripartite,0.3961405169430844,True,0.29435294374437526,20260817
no_context_reinstatement,18,Ext1,AUTO_GG_G0_G1,glia_glia,1.0,True,0.023912048125172437,20260817
no_context_reinstatement,18,Ext1,AUTO_GG_G2_G5,glia_glia,1.0,True,1.0,20260817
no_context_reinstatement,18,Ext1,AUTO_TRI_N0_G1_N4,tripartite,1.0,True,0.023912048125172437,20260817
no_context_reinstatement,18,Ext1,AUTO_TRI_N3_G2_N5,tripartite,0.4761174304552753,True,0.31777840144336555,20260817
no_context_reinstatement,18,Ext1,AUTO_TRI_N3_G2_N9,tripartite,0.4761174304552753,True,0.31777840144336555,20260817
no_context_reinstatement,19,Ext1,AUTO_GG_G0_G1,glia_glia,1.0,True,0.01912963850013795,20260817
no_context_reinstatement,19,Ext1,AUTO_GG_G2_G5,glia_glia,1.0,True,1.0,20260817
no_context_reinstatement,19,Ext1,AUTO_TRI_N0_G1_N4,tripartite,1.0,True,0.01912963850013795,20260817
no_context_reinstatement,19,Ext1,AUTO_TRI_N3_G2_N5,tripartite,0.5634499431740698,True,0.34286624873731675,20260817
no_context_reinstatement,19,Ext1,AUTO_TRI_N3_G2_N9,tripartite,0.5634499431740698,True,0.34286624873731675,20260817
no_context_reinstatement,20,Ext1,AUTO_GG_G0_G1,glia_glia,1.0,True,0.01530371080011036,20260817
no_context_reinstatement,20,Ext1,AUTO_GG_G2_G5,glia_glia,1.0,True,1.0,20260817
no_context_reinstatement,20,Ext1,AUTO_TRI_N0_G1_N4,tripartite,1.0,True,0.01530371080011036,20260817
no_context_reinstatement,20,Ext1,AUTO_TRI_N3_G2_N5,tripartite,0.6589527217914009,True,0.37073269135553966,20260817
no_context_reinstatement,20,Ext1,AUTO_TRI_N3_G2_N9,tripartite,0.6589527217914009,True,0.37073269135553966,20260817
no_context_reinstatement,21,Ext1,AUTO_GG_G0_G1,glia_glia,1.0,True,0.012242968640088288,20260817
no_context_reinstatement,21,Ext1,AUTO_GG_G2_G5,glia_glia,1.0,True,1.0,20260817
no_context_reinstatement,21,Ext1,AUTO_TRI_N0_G1_N4,tripartite,1.0,True,0.012242968640088288,20260817
no_context_reinstatement,21,Ext1,AUTO_TRI_N3_G2_N5,tripartite,0.763858398907373,True,0.40280329159197614,20260817
no_context_reinstatement,21,Ext1,AUTO_TRI_N3_G2_N9,tripartite,0.763858398907373,True,0.40280329159197614,20260817
no_context_reinstatement,22,Ext1,AUTO_GG_G0_G1,glia_glia,1.0,True,0.00979437491207063,20260817
no_context_reinstatement,22,Ext1,AUTO_GG_G2_G5,glia_glia,1.0,True,1.0,20260817
no_context_reinstatement,22,Ext1,AUTO_TRI_N0_G1_N4,tripartite,1.0,True,0.00979437491207063,20260817
no_context_reinstatement,22,Ext1,AUTO_TRI_N3_G2_N5,tripartite,0.8799539756701181,True,0.44096884217293447,20260817
no_context_reinstatement,22,Ext1,AUTO_TRI_N3_G2_N9,tripartite,0.8799539756701181,True,0.44096884217293447,20260817
no_context_reinstatement,23,Ext1,AUTO_GG_G0_G1,glia_glia,1.0,True,0.007835499929656506,20260817
no_context_reinstatement,23,Ext1,AUTO_GG_G2_G5,glia_glia,1.0,True,1.0,20260817
no_context_reinstatement,23,Ext1,AUTO_TRI_N0_G1_N4,tripartite,1.0,True,0.007835499929656506,20260817
no_context_reinstatement,23,Ext1,AUTO_TRI_N3_G2_N5,tripartite,1.0,True,0.487822553419796,20260817
no_context_reinstatement,23,Ext1,AUTO_TRI_N3_G2_N9,tripartite,1.0,True,0.487822553419796,20260817
no_context_reinstatement,24,Ext1,AUTO_GG_G0_G1,glia_glia,1.0,True,0.006268399943725205,20260817
no_context_reinstatement,24,Ext1,AUTO_GG_G2_G5,glia_glia,1.0,True,1.0,20260817
no_context_reinstatement,24,Ext1,AUTO_TRI_N0_G1_N4,tripartite,1.0,True,0.006268399943725205,20260817
no_context_reinstatement,24,Ext1,AUTO_TRI_N3_G2_N5,tripartite,1.0,True,0.5460127641758118,20260817
no_context_reinstatement,24,Ext1,AUTO_TRI_N3_G2_N9,tripartite,1.0,True,0.5460127641758118,20260817
no_context_reinstatement,25,Ext1,AUTO_GG_G0_G1,glia_glia,1.0,True,0.005014719954980164,20260817
no_context_reinstatement,25,Ext1,AUTO_GG_G2_G5,glia_glia,1.0,True,1.0,20260817
no_context_reinstatement,25,Ext1,AUTO_TRI_N0_G1_N4,tripartite,1.0,True,0.005014719954980164,20260817
no_context_reinstatement,25,Ext1,AUTO_TRI_N3_G2_N5,tripartite,1.0,True,0.6048837632819097,20260817
no_context_reinstatement,25,Ext1,AUTO_TRI_N3_G2_N9,tripartite,1.0,True,0.6048837632819097,20260817
no_context_reinstatement,26,Ext1,AUTO_GG_G0_G1,glia_glia,0.9999209420771187,True,0.004011775963984132,20260817
no_context_reinstatement,26,Ext1,AUTO_GG_G2_G5,glia_glia,1.0,True,1.0,20260817
no_context_reinstatement,26,Ext1,AUTO_TRI_N0_G1_N4,tripartite,0.9999407065578391,True,0.004011775963984132,20260817
no_context_reinstatement,26,Ext1,AUTO_TRI_N3_G2_N5,tripartite,1.0,True,0.6645919819192015,20260817
no_context_reinstatement,26,Ext1,AUTO_TRI_N3_G2_N9,tripartite,1.0,True,0.6645919819192015,20260817
no_context_reinstatement,27,Ext1,AUTO_GG_G0_G1,glia_glia,0.9997776957388137,True,0.0032094207711873056,20260817
no_context_reinstatement,27,Ext1,AUTO_GG_G2_G5,glia_glia,1.0,True,1.0,20260817
no_context_reinstatement,27,Ext1,AUTO_TRI_N0_G1_N4,tripartite,0.9998332718041103,True,0.0032094207711873056,20260817
no_context_reinstatement,27,Ext1,AUTO_TRI_N3_G2_N5,tripartite,1.0,True,0.7252739835859626,20260817
no_context_reinstatement,27,Ext1,AUTO_TRI_N3_G2_N9,tripartite,1.0,True,0.7252739835859626,20260817
no_context_reinstatement,28,Ext1,AUTO_GG_G0_G1,glia_glia,0.9995830986681696,True,0.0025675366169498445,20260817
no_context_reinstatement,28,Ext1,AUTO_GG_G2_G5,glia_glia,1.0,True,1.0,20260817
no_context_reinstatement,28,Ext1,AUTO_TRI_N0_G1_N4,tripartite,0.9996873240011273,True,0.0025675366169498445,20260817
no_context_reinstatement,28,Ext1,AUTO_TRI_N3_G2_N5,tripartite,1.0,True,0.787045337551187,20260817
no_context_reinstatement,28,Ext1,AUTO_TRI_N3_G2_N9,tripartite,1.0,True,0.787045337551187,20260817
no_context_reinstatement,29,Ext2,AUTO_GG_G0_G1,glia_glia,0.9993474210116544,True,0.002054029293559876,20260817
no_context_reinstatement,29,Ext2,AUTO_GG_G2_G5,glia_glia,1.0,True,1.0,20260817
no_context_reinstatement,29,Ext2,AUTO_TRI_N0_G1_N4,tripartite,0.9995105657587409,True,0.002054029293559876,20260817
no_context_reinstatement,29,Ext2,AUTO_TRI_N3_G2_N5,tripartite,1.0,True,0.8499988147901262,20260817
no_context_reinstatement,29,Ext2,AUTO_TRI_N3_G2_N9,tripartite,1.0,True,0.8499988147901262,20260817
no_context_reinstatement,30,Ext2,AUTO_GG_G0_G1,glia_glia,0.9990788788864422,True,0.0016432234348479008,20260817
no_context_reinstatement,30,Ext2,AUTO_GG_G2_G5,glia_glia,1.0,True,1.0,20260817
no_context_reinstatement,30,Ext2,AUTO_TRI_N0_G1_N4,tripartite,0.9993091591648318,True,0.0016432234348479008,20260817
no_context_reinstatement,30,Ext2,AUTO_TRI_N3_G2_N5,tripartite,1.0,True,0.9142020280017559,20260817
no_context_reinstatement,30,Ext2,AUTO_TRI_N3_G2_N9,tripartite,1.0,True,0.9142020280017559,20260817
no_context_reinstatement,31,Ext2,AUTO_GG_G0_G1,glia_glia,0.9987840451862725,True,0.0013145787478783207,20260817
no_context_reinstatement,31,Ext2,AUTO_GG_G2_G5,glia_glia,1.0,True,1.0,20260817
no_context_reinstatement,31,Ext2,AUTO_TRI_N0_G1_N4,tripartite,0.9990880338897045,True,0.0013145787478783207,20260817
no_context_reinstatement,31,Ext2,AUTO_TRI_N3_G2_N5,tripartite,1.0,True,0.979694668099421,20260817
no_context_reinstatement,31,Ext2,AUTO_TRI_N3_G2_N9,tripartite,1.0,True,0.979694668099421,20260817
no_context_reinstatement,32,Ext2,AUTO_GG_G0_G1,glia_glia,0.9984681782261368,True,0.0010516629983026566,20260817
no_context_reinstatement,32,Ext2,AUTO_GG_G2_G5,glia_glia,1.0,True,1.0,20260817
no_context_reinstatement,32,Ext2,AUTO_TRI_N0_G1_N4,tripartite,0.9988511336696027,True,0.0010516629983026566,20260817
no_context_reinstatement,32,Ext2,AUTO_TRI_N3_G2_N5,tripartite,1.0,True,1.0,20260817
no_context_reinstatement,32,Ext2,AUTO_TRI_N3_G2_N9,tripartite,1.0,True,1.0,20260817
no_context_reinstatement,33,Ext2,AUTO_GG_G0_G1,glia_glia,0.9981354846580281,True,0.0008413303986421253,20260817
no_context_reinstatement,33,Ext2,AUTO_GG_G2_G5,glia_glia,1.0,True,1.0,20260817
no_context_reinstatement,33,Ext2,AUTO_TRI_N0_G1_N4,tripartite,0.9986016134935212,True,0.0008413303986421253,20260817
no_context_reinstatement,33,Ext2,AUTO_TRI_N3_G2_N5,tripartite,1.0,True,1.0,20260817
no_context_reinstatement,33,Ext2,AUTO_TRI_N3_G2_N9,tripartite,1.0,True,1.0,20260817
no_context_reinstatement,34,Ext2,AUTO_GG_G0_G1,glia_glia,0.9977893298035413,True,0.0006730643189137003,20260817
no_context_reinstatement,34,Ext2,AUTO_GG_G2_G5,glia_glia,1.0,True,1.0,20260817
no_context_reinstatement,34,Ext2,AUTO_TRI_N0_G1_N4,tripartite,0.9983419973526559,True,0.0006730643189137003,20260817
no_context_reinstatement,34,Ext2,AUTO_TRI_N3_G2_N5,tripartite,1.0,True,1.0,20260817
no_context_reinstatement,34,Ext2,AUTO_TRI_N3_G2_N9,tripartite,1.0,True,1.0,20260817
no_context_reinstatement,35,Ext2,AUTO_GG_G0_G1,glia_glia,0.9974324059199517,True,0.0005384514551309603,20260817
no_context_reinstatement,35,Ext2,AUTO_GG_G2_G5,glia_glia,1.0,True,1.0,20260817
no_context_reinstatement,35,Ext2,AUTO_TRI_N0_G1_N4,tripartite,0.9980743044399638,True,0.0005384514551309603,20260817
no_context_reinstatement,35,Ext2,AUTO_TRI_N3_G2_N5,tripartite,1.0,True,1.0,20260817
no_context_reinstatement,35,Ext2,AUTO_TRI_N3_G2_N9,tripartite,1.0,True,1.0,20260817
no_context_reinstatement,36,Ext2,AUTO_GG_G0_G1,glia_glia,0.9970668668130801,True,0.00043076116410476823,20260817
no_context_reinstatement,36,Ext2,AUTO_GG_G2_G5,glia_glia,1.0,True,1.0,20260817
no_context_reinstatement,36,Ext2,AUTO_TRI_N0_G1_N4,tripartite,0.99780015010981,True,0.00043076116410476823,20260817
no_context_reinstatement,36,Ext2,AUTO_TRI_N3_G2_N5,tripartite,1.0,True,1.0,20260817
no_context_reinstatement,36,Ext2,AUTO_TRI_N3_G2_N9,tripartite,1.0,True,1.0,20260817
no_context_reinstatement,37,Ext2,AUTO_GG_G0_G1,glia_glia,0.9966944355275829,True,0.0003446089312838146,20260817
no_context_reinstatement,37,Ext2,AUTO_GG_G2_G5,glia_glia,1.0,True,1.0,20260817
no_context_reinstatement,37,Ext2,AUTO_TRI_N0_G1_N4,tripartite,0.9975208266456871,True,0.0003446089312838146,20260817
no_context_reinstatement,37,Ext2,AUTO_TRI_N3_G2_N5,tripartite,1.0,True,1.0,20260817
no_context_reinstatement,37,Ext2,AUTO_TRI_N3_G2_N9,tripartite,1.0,True,1.0,20260817
no_context_reinstatement,38,Ext2,AUTO_GG_G0_G1,glia_glia,0.996316490499185,True,0.00027568714502705167,20260817
no_context_reinstatement,38,Ext2,AUTO_GG_G2_G5,glia_glia,1.0,True,1.0,20260817
no_context_reinstatement,38,Ext2,AUTO_TRI_N0_G1_N4,tripartite,0.9972373678743887,True,0.00027568714502705167,20260817
no_context_reinstatement,38,Ext2,AUTO_TRI_N3_G2_N5,tripartite,1.0,True,1.0,20260817
no_context_reinstatement,38,Ext2,AUTO_TRI_N3_G2_N9,tripartite,1.0,True,1.0,20260817
no_context_reinstatement,39,Ext2,AUTO_GG_G0_G1,glia_glia,0.9959341344764667,True,0.00022054971602164134,20260817
no_context_reinstatement,39,Ext2,AUTO_GG_G2_G5,glia_glia,1.0,True,1.0,20260817
no_context_reinstatement,39,Ext2,AUTO_TRI_N0_G1_N4,tripartite,0.99695060085735,True,0.00022054971602164134,20260817
no_context_reinstatement,39,Ext2,AUTO_TRI_N3_G2_N5,tripartite,1.0,True,1.0,20260817
no_context_reinstatement,39,Ext2,AUTO_TRI_N3_G2_N9,tripartite,1.0,True,1.0,20260817
no_context_reinstatement,40,Ext2,AUTO_GG_G0_G1,glia_glia,0.9955482496582921,True,0.0001764397728173131,20260817
no_context_reinstatement,40,Ext2,AUTO_GG_G2_G5,glia_glia,1.0,True,1.0,20260817
no_context_reinstatement,40,Ext2,AUTO_TRI_N0_G1_N4,tripartite,0.996661187243719,True,0.0001764397728173131,20260817
no_context_reinstatement,40,Ext2,AUTO_TRI_N3_G2_N5,tripartite,1.0,True,1.0,20260817
no_context_reinstatement,40,Ext2,AUTO_TRI_N3_G2_N9,tripartite,1.0,True,1.0,20260817
no_context_reinstatement,41,Ext2,AUTO_GG_G0_G1,glia_glia,0.9951595418037524,True,0.00014115181825385048,20260817
no_context_reinstatement,41,Ext2,AUTO_GG_G2_G5,glia_glia,1.0,True,1.0,20260817
no_context_reinstatement,41,Ext2,AUTO_TRI_N0_G1_N4,tripartite,0.9963696563528143,True,0.00014115181825385048,20260817
no_context_reinstatement,41,Ext2,AUTO_TRI_N3_G2_N5,tripartite,1.0,True,1.0,20260817
no_context_reinstatement,41,Ext2,AUTO_TRI_N3_G2_N9,tripartite,1.0,True,1.0,20260817
no_context_reinstatement,42,Ext2,AUTO_GG_G0_G1,glia_glia,0.9947685755201207,True,0.00011292145460308038,20260817
no_context_reinstatement,42,Ext2,AUTO_GG_G2_G5,glia_glia,1.0,True,1.0,20260817
no_context_reinstatement,42,Ext2,AUTO_TRI_N0_G1_N4,tripartite,0.9960764316400904,True,0.00011292145460308038,20260817
no_context_reinstatement,42,Ext2,AUTO_TRI_N3_G2_N5,tripartite,1.0,True,1.0,20260817
no_context_reinstatement,42,Ext2,AUTO_TRI_N3_G2_N9,tripartite,1.0,True,1.0,20260817
no_context_reinstatement,43,Ext2,AUTO_GG_G0_G1,glia_glia,0.9943758024932152,True,9.033716368246431e-05,20260817
no_context_reinstatement,43,Ext2,AUTO_GG_G2_G5,glia_glia,1.0,True,1.0,20260817
no_context_reinstatement,43,Ext2,AUTO_TRI_N0_G1_N4,tripartite,0.9957818518699113,True,9.033716368246431e-05,20260817
no_context_reinstatement,43,Ext2,AUTO_TRI_N3_G2_N5,tripartite,1.0,True,1.0,20260817
no_context_reinstatement,43,Ext2,AUTO_TRI_N3_G2_N9,tripartite,1.0,True,1.0,20260817
no_context_reinstatement,44,Ext2,AUTO_GG_G0_G1,glia_glia,0.9939815840716909,True,7.226973094597146e-05,20260817
no_context_reinstatement,44,Ext2,AUTO_GG_G2_G5,glia_glia,1.0,True,1.0,20260817
no_context_reinstatement,44,Ext2,AUTO_TRI_N0_G1_N4,tripartite,0.9954861880537681,True,7.226973094597146e-05,20260817
no_context_reinstatement,44,Ext2,AUTO_TRI_N3_G2_N5,tripartite,1.0,True,1.0,20260817
no_context_reinstatement,44,Ext2,AUTO_TRI_N3_G2_N9,tripartite,1.0,True,1.0,20260817
no_context_reinstatement,45,Ext2,AUTO_GG_G0_G1,glia_glia,0.9935862093344714,True,5.781578475677717e-05,20260817
no_context_reinstatement,45,Ext2,AUTO_GG_G2_G5,glia_glia,1.0,True,1.0,20260817
no_context_reinstatement,45,Ext2,AUTO_TRI_N0_G1_N4,tripartite,0.9951896570008535,True,5.781578475677717e-05,20260817
no_context_reinstatement,45,Ext2,AUTO_TRI_N3_G2_N5,tripartite,1.0,True,1.0,20260817
no_context_reinstatement,45,Ext2,AUTO_TRI_N3_G2_N9,tripartite,1.0,True,1.0,20260817
no_context_reinstatement,46,Ext2,AUTO_GG_G0_G1,glia_glia,0.9931899095446959,True,4.6252627805421734e-05,20260817
no_context_reinstatement,46,Ext2,AUTO_GG_G2_G5,glia_glia,1.0,True,1.0,20260817
no_context_reinstatement,46,Ext2,AUTO_TRI_N0_G1_N4,tripartite,0.9948924321585219,True,4.6252627805421734e-05,20260817
no_context_reinstatement,46,Ext2,AUTO_TRI_N3_G2_N5,tripartite,1.0,True,1.0,20260817
no_context_reinstatement,46,Ext2,AUTO_TRI_N3_G2_N9,tripartite,1.0,True,1.0,20260817
no_context_reinstatement,47,Ext2,AUTO_GG_G0_G1,glia_glia,0.9927928697128754,True,3.700210224433739e-05,20260817
no_context_reinstatement,47,Ext2,AUTO_GG_G2_G5,glia_glia,1.0,True,1.0,20260817
no_context_reinstatement,47,Ext2,AUTO_TRI_N0_G1_N4,tripartite,0.9945946522846565,True,3.700210224433739e-05,20260817
no_context_reinstatement,47,Ext2,AUTO_TRI_N3_G2_N5,tripartite,1.0,True,1.0,20260817
no_context_reinstatement,47,Ext2,AUTO_TRI_N3_G2_N9,tripartite,1.0,True,1.0,20260817
no_context_reinstatement,48,Ext2,AUTO_GG_G0_G1,glia_glia,0.992395237847419,True,2.960168179546991e-05,20260817
no_context_reinstatement,48,Ext2,AUTO_GG_G2_G5,glia_glia,1.0,True,1.0,20260817
no_context_reinstatement,48,Ext2,AUTO_TRI_N0_G1_N4,tripartite,0.9942964283855642,True,2.960168179546991e-05,20260817
no_context_reinstatement,48,Ext2,AUTO_TRI_N3_G2_N5,tripartite,1.0,True,1.0,20260817
no_context_reinstatement,48,Ext2,AUTO_TRI_N3_G2_N9,tripartite,1.0,True,1.0,20260817
no_context_reinstatement,49,Ext2,AUTO_GG_G0_G1,glia_glia,0.9919971323550539,True,2.368134543637593e-05,20260817
no_context_reinstatement,49,Ext2,AUTO_GG_G2_G5,glia_glia,1.0,True,1.0,20260817
no_context_reinstatement,49,Ext2,AUTO_TRI_N0_G1_N4,tripartite,0.9939978492662904,True,2.368134543637593e-05,20260817
no_context_reinstatement,49,Ext2,AUTO_TRI_N3_G2_N5,tripartite,1.0,True,1.0,20260817
no_context_reinstatement,49,Ext2,AUTO_TRI_N3_G2_N9,tripartite,1.0,True,1.0,20260817
no_context_reinstatement,50,Ext2,AUTO_GG_G0_G1,glia_glia,0.9915986479611618,True,1.8945076349100747e-05,20260817
no_context_reinstatement,50,Ext2,AUTO_GG_G2_G5,glia_glia,1.0,True,1.0,20260817
no_context_reinstatement,50,Ext2,AUTO_TRI_N0_G1_N4,tripartite,0.9936989859708714,True,1.8945076349100747e-05,20260817
no_context_reinstatement,50,Ext2,AUTO_TRI_N3_G2_N5,tripartite,1.0,True,1.0,20260817
no_context_reinstatement,50,Ext2,AUTO_TRI_N3_G2_N9,tripartite,1.0,True,1.0,20260817
no_context_reinstatement,51,Ext2,AUTO_GG_G0_G1,glia_glia,0.9911998604460481,True,1.5156061079280599e-05,20260817
no_context_reinstatement,51,Ext2,AUTO_GG_G2_G5,glia_glia,1.0,True,1.0,20260817
no_context_reinstatement,51,Ext2,AUTO_TRI_N0_G1_N4,tripartite,0.9933998953345361,True,1.5156061079280599e-05,20260817
no_context_reinstatement,51,Ext2,AUTO_TRI_N3_G2_N5,tripartite,1.0,True,1.0,20260817
no_context_reinstatement,51,Ext2,AUTO_TRI_N3_G2_N9,tripartite,1.0,True,1.0,20260817
no_context_reinstatement,52,Ext2,AUTO_GG_G0_G1,glia_glia,0.9908008304339572,True,1.2124848863424479e-05,20260817
no_context_reinstatement,52,Ext2,AUTO_GG_G2_G5,glia_glia,1.0,True,1.0,20260817
no_context_reinstatement,52,Ext2,AUTO_TRI_N0_G1_N4,tripartite,0.9931006228254678,True,1.2124848863424479e-05,20260817
no_context_reinstatement,52,Ext2,AUTO_TRI_N3_G2_N5,tripartite,1.0,True,1.0,20260817
no_context_reinstatement,52,Ext2,AUTO_TRI_N3_G2_N9,tripartite,1.0,True,1.0,20260817
no_context_reinstatement,53,Ext2,AUTO_GG_G0_G1,glia_glia,0.9904016064242844,True,9.699879090739585e-06,20260817
no_context_reinstatement,53,Ext2,AUTO_GG_G2_G5,glia_glia,1.0,True,1.0,20260817
no_context_reinstatement,53,Ext2,AUTO_TRI_N0_G1_N4,tripartite,0.9928012048182133,True,9.699879090739585e-06,20260817
no_context_reinstatement,53,Ext2,AUTO_TRI_N3_G2_N5,tripartite,1.0,True,1.0,20260817
no_context_reinstatement,53,Ext2,AUTO_TRI_N3_G2_N9,tripartite,1.0,True,1.0,20260817
no_context_reinstatement,54,E-Ret,AUTO_GG_G0_G1,glia_glia,0.9904016064242844,True,9.699879090739585e-06,20260817
no_context_reinstatement,54,E-Ret,AUTO_GG_G2_G5,glia_glia,1.0,True,1.0,20260817
no_context_reinstatement,54,E-Ret,AUTO_TRI_N0_G1_N4,tripartite,0.9928012048182133,True,9.699879090739585e-06,20260817
no_context_reinstatement,54,E-Ret,AUTO_TRI_N3_G2_N5,tripartite,1.0,True,1.0,20260817
no_context_reinstatement,54,E-Ret,AUTO_TRI_N3_G2_N9,tripartite,1.0,True,1.0,20260817
no_context_reinstatement,55,E-Ret,AUTO_GG_G0_G1,glia_glia,0.9904016064242844,True,9.699879090739585e-06,20260817
no_context_reinstatement,55,E-Ret,AUTO_GG_G2_G5,glia_glia,1.0,True,1.0,20260817
no_context_reinstatement,55,E-Ret,AUTO_TRI_N0_G1_N4,tripartite,0.9928012048182133,True,9.699879090739585e-06,20260817
no_context_reinstatement,55,E-Ret,AUTO_TRI_N3_G2_N5,tripartite,1.0,True,1.0,20260817
no_context_reinstatement,55,E-Ret,AUTO_TRI_N3_G2_N9,tripartite,1.0,True,1.0,20260817
no_context_reinstatement,56,E-Ret,AUTO_GG_G0_G1,glia_glia,0.9904016064242844,True,9.699879090739585e-06,20260817
no_context_reinstatement,56,E-Ret,AUTO_GG_G2_G5,glia_glia,1.0,True,1.0,20260817
no_context_reinstatement,56,E-Ret,AUTO_TRI_N0_G1_N4,tripartite,0.9928012048182133,True,9.699879090739585e-06,20260817
no_context_reinstatement,56,E-Ret,AUTO_TRI_N3_G2_N5,tripartite,1.0,True,1.0,20260817
no_context_reinstatement,56,E-Ret,AUTO_TRI_N3_G2_N9,tripartite,1.0,True,1.0,20260817
no_context_reinstatement,57,E-Ret,AUTO_GG_G0_G1,glia_glia,0.9904016064242844,True,9.699879090739585e-06,20260817
no_context_reinstatement,57,E-Ret,AUTO_GG_G2_G5,glia_glia,1.0,True,1.0,20260817
no_context_reinstatement,57,E-Ret,AUTO_TRI_N0_G1_N4,tripartite,0.9928012048182133,True,9.699879090739585e-06,20260817
no_context_reinstatement,57,E-Ret,AUTO_TRI_N3_G2_N5,tripartite,1.0,True,1.0,20260817
no_context_reinstatement,57,E-Ret,AUTO_TRI_N3_G2_N9,tripartite,1.0,True,1.0,20260817
no_context_reinstatement,58,E-Ret,AUTO_GG_G0_G1,glia_glia,0.9904016064242844,True,9.699879090739585e-06,20260817
no_context_reinstatement,58,E-Ret,AUTO_GG_G2_G5,glia_glia,1.0,True,1.0,20260817
no_context_reinstatement,58,E-Ret,AUTO_TRI_N0_G1_N4,tripartite,0.9928012048182133,True,9.699879090739585e-06,20260817
no_context_reinstatement,58,E-Ret,AUTO_TRI_N3_G2_N5,tripartite,1.0,True,1.0,20260817
no_context_reinstatement,58,E-Ret,AUTO_TRI_N3_G2_N9,tripartite,1.0,True,1.0,20260817
no_context_reinstatement,59,F-Ren,AUTO_GG_G0_G1,glia_glia,0.9904016064242844,True,9.699879090739585e-06,20260817
no_context_reinstatement,59,F-Ren,AUTO_GG_G2_G5,glia_glia,1.0,True,1.0,20260817
no_context_reinstatement,59,F-Ren,AUTO_TRI_N0_G1_N4,tripartite,0.9928012048182133,True,9.699879090739585e-06,20260817
no_context_reinstatement,59,F-Ren,AUTO_TRI_N3_G2_N5,tripartite,1.0,True,1.0,20260817
no_context_reinstatement,59,F-Ren,AUTO_TRI_N3_G2_N9,tripartite,1.0,True,1.0,20260817
no_context_reinstatement,60,F-Ren,AUTO_GG_G0_G1,glia_glia,0.9904016064242844,True,9.699879090739585e-06,20260817
no_context_reinstatement,60,F-Ren,AUTO_GG_G2_G5,glia_glia,1.0,True,1.0,20260817
no_context_reinstatement,60,F-Ren,AUTO_TRI_N0_G1_N4,tripartite,0.9928012048182133,True,9.699879090739585e-06,20260817
no_context_reinstatement,60,F-Ren,AUTO_TRI_N3_G2_N5,tripartite,1.0,True,1.0,20260817
no_context_reinstatement,60,F-Ren,AUTO_TRI_N3_G2_N9,tripartite,1.0,True,1.0,20260817
no_context_reinstatement,61,F-Ren,AUTO_GG_G0_G1,glia_glia,0.9904016064242844,True,9.699879090739585e-06,20260817
no_context_reinstatement,61,F-Ren,AUTO_GG_G2_G5,glia_glia,1.0,True,1.0,20260817
no_context_reinstatement,61,F-Ren,AUTO_TRI_N0_G1_N4,tripartite,0.9928012048182133,True,9.699879090739585e-06,20260817
no_context_reinstatement,61,F-Ren,AUTO_TRI_N3_G2_N5,tripartite,1.0,True,1.0,20260817
no_context_reinstatement,61,F-Ren,AUTO_TRI_N3_G2_N9,tripartite,1.0,True,1.0,20260817
no_context_reinstatement,62,F-Ren,AUTO_GG_G0_G1,glia_glia,0.9904016064242844,True,9.699879090739585e-06,20260817
no_context_reinstatement,62,F-Ren,AUTO_GG_G2_G5,glia_glia,1.0,True,1.0,20260817
no_context_reinstatement,62,F-Ren,AUTO_TRI_N0_G1_N4,tripartite,0.9928012048182133,True,9.699879090739585e-06,20260817
no_context_reinstatement,62,F-Ren,AUTO_TRI_N3_G2_N5,tripartite,1.0,True,1.0,20260817
no_context_reinstatement,62,F-Ren,AUTO_TRI_N3_G2_N9,tripartite,1.0,True,1.0,20260817
no_context_reinstatement,63,F-Ren,AUTO_GG_G0_G1,glia_glia,0.9904016064242844,True,9.699879090739585e-06,20260817
no_context_reinstatement,63,F-Ren,AUTO_GG_G2_G5,glia_glia,1.0,True,1.0,20260817
no_context_reinstatement,63,F-Ren,AUTO_TRI_N0_G1_N4,tripartite,0.9928012048182133,True,9.699879090739585e-06,20260817
no_context_reinstatement,63,F-Ren,AUTO_TRI_N3_G2_N5,tripartite,1.0,True,1.0,20260817
no_context_reinstatement,63,F-Ren,AUTO_TRI_N3_G2_N9,tripartite,1.0,True,1.0,20260817
frozen_plasticity,1,F-Con,AUTO_GG_G0_G1,glia_glia,0.0,False,0.243639236436246,20260817
frozen_plasticity,1,F-Con,AUTO_GG_G1_G3,glia_glia,0.0,False,0.13064578932941684,20260817
frozen_plasticity,1,F-Con,AUTO_GG_G2_G5,glia_glia,0.0,False,0.0,20260817
frozen_plasticity,1,F-Con,AUTO_TRI_N0_G1_N4,tripartite,0.0,False,0.002220606289620657,20260817
frozen_plasticity,1,F-Con,AUTO_TRI_N3_G2_N5,tripartite,0.0,False,0.0,20260817
frozen_plasticity,1,F-Con,AUTO_TRI_N3_G2_N9,tripartite,0.0,False,0.0,20260817
frozen_plasticity,2,F-Con,AUTO_GG_G0_G1,glia_glia,0.0,False,0.4629145492288674,20260817
frozen_plasticity,2,F-Con,AUTO_GG_G1_G3,glia_glia,0.0,False,0.24822699972589202,20260817
frozen_plasticity,2,F-Con,AUTO_GG_G2_G5,glia_glia,0.0,False,0.0,20260817
frozen_plasticity,2,F-Con,AUTO_TRI_N0_G1_N4,tripartite,0.0,False,0.0042191519502792485,20260817
frozen_plasticity,2,F-Con,AUTO_TRI_N3_G2_N5,tripartite,0.0,False,0.0,20260817
frozen_plasticity,2,F-Con,AUTO_TRI_N3_G2_N9,tripartite,0.0,False,0.0,20260817
frozen_plasticity,3,F-Con,AUTO_GG_G0_G1,glia_glia,0.0,False,0.6602623307422266,20260817
frozen_plasticity,3,F-Con,AUTO_GG_G1_G3,glia_glia,0.0,False,0.3540500890827196,20260817
frozen_plasticity,3,F-Con,AUTO_GG_G2_G5,glia_glia,0.0,False,0.0,20260817
frozen_plasticity,3,F-Con,AUTO_TRI_N0_G1_N4,tripartite,0.0,False,0.00601784304487198,20260817
frozen_plasticity,3,F-Con,AUTO_TRI_N3_G2_N5,tripartite,0.0,False,0.0,20260817
frozen_plasticity,3,F-Con,AUTO_TRI_N3_G2_N9,tripartite,0.0,False,0.0,20260817
frozen_plasticity,4,Ext1,AUTO_GG_G0_G1,glia_glia,0.0,False,0.54369702695959,20260817
frozen_plasticity,4,Ext1,AUTO_GG_G1_G3,glia_glia,0.0,False,0.31864508017444765,20260817
frozen_plasticity,4,Ext1,AUTO_GG_G2_G5,glia_glia,0.0,False,0.1649830810994733,20260817
frozen_plasticity,4,Ext1,AUTO_TRI_N0_G1_N4,tripartite,0.0,False,0.00763666503000544,20260817
frozen_plasticity,4,Ext1,AUTO_TRI_N3_G2_N5,tripartite,0.0,False,0.004719964433221858,20260817
frozen_plasticity,4,Ext1,AUTO_TRI_N3_G2_N9,tripartite,0.0,False,0.004719964433221858,20260817
frozen_plasticity,5,Ext1,AUTO_GG_G0_G1,glia_glia,0.0,False,0.43495762156767204,20260817
frozen_plasticity,5,Ext1,AUTO_GG_G1_G3,glia_glia,0.0,False,0.28678057215700287,20260817
frozen_plasticity,5,Ext1,AUTO_GG_G2_G5,glia_glia,0.0,False,0.31346785408899924,20260817
frozen_plasticity,5,Ext1,AUTO_TRI_N0_G1_N4,tripartite,0.0,False,0.009093604816625554,20260817
frozen_plasticity,5,Ext1,AUTO_TRI_N3_G2_N5,tripartite,0.0,False,0.005620449651202916,20260817
frozen_plasticity,5,Ext1,AUTO_TRI_N3_G2_N9,tripartite,0.0,False,0.005620449651202916,20260817
frozen_plasticity,6,Ext1,AUTO_GG_G0_G1,glia_glia,0.0,False,0.34796609725413763,20260817
frozen_plasticity,6,Ext1,AUTO_GG_G1_G3,glia_glia,0.0,False,0.2581025149413026,20260817
frozen_plasticity,6,Ext1,AUTO_GG_G2_G5,glia_glia,0.0,False,0.44710414977957263,20260817
frozen_plasticity,6,Ext1,AUTO_TRI_N0_G1_N4,tripartite,0.0,False,0.010404850624583656,20260817
frozen_plasticity,6,Ext1,AUTO_TRI_N3_G2_N5,tripartite,0.0,False,0.006430886347385869,20260817
frozen_plasticity,6,Ext1,AUTO_TRI_N3_G2_N9,tripartite,0.0,False,0.006430886347385869,20260817
frozen_plasticity,7,Ext1,AUTO_GG_G0_G1,glia_glia,0.0,False,0.2783728778033101,20260817
frozen_plasticity,7,Ext1,AUTO_GG_G1_G3,glia_glia,0.0,False,0.23229226344717235,20260817
frozen_plasticity,7,Ext1,AUTO_GG_G2_G5,glia_glia,0.0,False,0.5673768159010887,20260817
frozen_plasticity,7,Ext1,AUTO_TRI_N0_G1_N4,tripartite,0.0,False,0.011584971851745948,20260817
frozen_plasticity,7,Ext1,AUTO_TRI_N3_G2_N5,tripartite,0.0,False,0.007160279373950527,20260817
frozen_plasticity,7,Ext1,AUTO_TRI_N3_G2_N9,tripartite,0.0,False,0.007160279373950527,20260817
frozen_plasticity,8,Ext1,AUTO_GG_G0_G1,glia_glia,0.0,False,0.22269830224264808,20260817
frozen_plasticity,8,Ext1,AUTO_GG_G1_G3,glia_glia,0.0,False,0.20906303710245513,20260817
frozen_plasticity,8,Ext1,AUTO_GG_G2_G5,glia_glia,0.0,False,0.6756222154104532,20260817
frozen_plasticity,8,Ext1,AUTO_TRI_N0_G1_N4,tripartite,0.0,False,0.01264708095619201,20260817
frozen_plasticity,8,Ext1,AUTO_TRI_N3_G2_N5,tripartite,0.0,False,0.007816733097858719,20260817
frozen_plasticity,8,Ext1,AUTO_TRI_N3_G2_N9,tripartite,0.0,False,0.007816733097858719,20260817
frozen_plasticity,9,Ext1,AUTO_GG_G0_G1,glia_glia,0.0,False,0.17815864179411847,20260817
frozen_plasticity,9,Ext1,AUTO_GG_G1_G3,glia_glia,0.0,False,0.17815864179411847,20260817
frozen_plasticity,9,Ext1,AUTO_GG_G2_G5,glia_glia,0.0,False,0.7730430749688812,20260817
frozen_plasticity,9,Ext1,AUTO_TRI_N0_G1_N4,tripartite,0.0,False,0.013602979150193466,20260817
frozen_plasticity,9,Ext1,AUTO_TRI_N3_G2_N5,tripartite,0.0,False,0.008407541449376091,20260817
frozen_plasticity,9,Ext1,AUTO_TRI_N3_G2_N9,tripartite,0.0,False,0.008407541449376091,20260817
frozen_plasticity,10,Ext1,AUTO_GG_G0_G1,glia_glia,0.0,False,0.14252691343529478,20260817
frozen_plasticity,10,Ext1,AUTO_GG_G1_G3,glia_glia,0.0,False,0.14252691343529478,20260817
frozen_plasticity,10,Ext1,AUTO_GG_G2_G5,glia_glia,0.0,False,0.8607218485714665,20260817
frozen_plasticity,10,Ext1,AUTO_TRI_N0_G1_N4,tripartite,0.0,False,0.014463287524794777,20260817
frozen_plasticity,10,Ext1,AUTO_TRI_N3_G2_N5,tripartite,0.0,False,0.008939268965741726,20260817
frozen_plasticity,10,Ext1,AUTO_TRI_N3_G2_N9,tripartite,0.0,False,0.008939268965741726,20260817
frozen_plasticity,11,Ext1,AUTO_GG_G0_G1,glia_glia,0.0,False,0.11402153074823583,20260817
frozen_plasticity,11,Ext1,AUTO_GG_G1_G3,glia_glia,0.0,False,0.11402153074823583,20260817
frozen_plasticity,11,Ext1,AUTO_GG_G2_G5,glia_glia,0.0,False,0.9396327448137931,20260817
frozen_plasticity,11,Ext1,AUTO_TRI_N0_G1_N4,tripartite,0.0,False,0.015237565061935956,20260817
frozen_plasticity,11,Ext1,AUTO_TRI_N3_G2_N5,tripartite,0.0,False,0.009417823730470799,20260817
frozen_plasticity,11,Ext1,AUTO_TRI_N3_G2_N9,tripartite,0.0,False,0.009417823730470799,20260817
frozen_plasticity,12,Ext1,AUTO_GG_G0_G1,glia_glia,0.0,False,0.09121722459858866,20260817
frozen_plasticity,12,Ext1,AUTO_GG_G1_G3,glia_glia,0.0,False,0.09121722459858866,20260817
frozen_plasticity,12,Ext1,AUTO_GG_G2_G5,glia_glia,0.0,False,1.0,20260817
frozen_plasticity,12,Ext1,AUTO_TRI_N0_G1_N4,tripartite,0.0,False,0.015934414845363017,20260817
frozen_plasticity,12,Ext1,AUTO_TRI_N3_G2_N5,tripartite,0.0,False,0.009848523018726964,20260817
frozen_plasticity,12,Ext1,AUTO_TRI_N3_G2_N9,tripartite,0.0,False,0.009848523018726964,20260817
frozen_plasticity,13,Ext1,AUTO_GG_G0_G1,glia_glia,0.0,False,0.07297377967887093,20260817
frozen_plasticity,13,Ext1,AUTO_GG_G1_G3,glia_glia,0.0,False,0.07297377967887093,20260817
frozen_plasticity,13,Ext1,AUTO_GG_G2_G5,glia_glia,0.0,False,1.0,20260817
frozen_plasticity,13,Ext1,AUTO_TRI_N0_G1_N4,tripartite,0.0,False,0.016561579650447373,20260817
frozen_plasticity,13,Ext1,AUTO_TRI_N3_G2_N5,tripartite,0.0,False,0.010236152378157512,20260817
frozen_plasticity,13,Ext1,AUTO_TRI_N3_G2_N9,tripartite,0.0,False,0.010236152378157512,20260817
frozen_plasticity,14,Ext1,AUTO_GG_G0_G1,glia_glia,0.0,False,0.05837902374309675,20260817
frozen_plasticity,14,Ext1,AUTO_GG_G1_G3,glia_glia,0.0,False,0.05837902374309675,20260817
frozen_plasticity,14,Ext1,AUTO_GG_G2_G5,glia_glia,0.0,False,1.0,20260817
frozen_plasticity,14,Ext1,AUTO_TRI_N0_G1_N4,tripartite,0.0,False,0.017126027975023293,20260817
frozen_plasticity,14,Ext1,AUTO_TRI_N3_G2_N5,tripartite,0.0,False,0.010585018801645005,20260817
frozen_plasticity,14,Ext1,AUTO_TRI_N3_G2_N9,tripartite,0.0,False,0.010585018801645005,20260817
frozen_plasticity,15,Ext1,AUTO_GG_G0_G1,glia_glia,0.0,False,0.04670321899447741,20260817
frozen_plasticity,15,Ext1,AUTO_GG_G1_G3,glia_glia,0.0,False,0.04670321899447741,20260817
frozen_plasticity,15,Ext1,AUTO_GG_G2_G5,glia_glia,0.0,False,1.0,20260817
frozen_plasticity,15,Ext1,AUTO_TRI_N0_G1_N4,tripartite,0.0,False,0.017634031467141622,20260817
frozen_plasticity,15,Ext1,AUTO_TRI_N3_G2_N5,tripartite,0.0,False,0.01089899858278375,20260817
frozen_plasticity,15,Ext1,AUTO_TRI_N3_G2_N9,tripartite,0.0,False,0.01089899858278375,20260817
frozen_plasticity,16,Ext1,AUTO_GG_G0_G1,glia_glia,0.0,False,0.03736257519558193,20260817
frozen_plasticity,16,Ext1,AUTO_GG_G1_G3,glia_glia,0.0,False,0.03736257519558193,20260817
frozen_plasticity,16,Ext1,AUTO_GG_G2_G5,glia_glia,0.0,False,1.0,20260817
frozen_plasticity,16,Ext1,AUTO_TRI_N0_G1_N4,tripartite,0.0,False,0.018091234610048117,20260817
frozen_plasticity,16,Ext1,AUTO_TRI_N3_G2_N5,tripartite,0.0,False,0.01118158038580862,20260817
frozen_plasticity,16,Ext1,AUTO_TRI_N3_G2_N9,tripartite,0.0,False,0.01118158038580862,20260817
frozen_plasticity,17,Ext1,AUTO_GG_G0_G1,glia_glia,0.0,False,0.029890060156465545,20260817
frozen_plasticity,17,Ext1,AUTO_GG_G1_G3,glia_glia,0.0,False,0.029890060156465545,20260817
frozen_plasticity,17,Ext1,AUTO_GG_G2_G5,glia_glia,0.0,False,1.0,20260817
frozen_plasticity,17,Ext1,AUTO_TRI_N0_G1_N4,tripartite,0.0,False,0.018502717438663965,20260817
frozen_plasticity,17,Ext1,AUTO_TRI_N3_G2_N5,tripartite,0.0,False,0.011435904008531003,20260817
frozen_plasticity,17,Ext1,AUTO_TRI_N3_G2_N9,tripartite,0.0,False,0.011435904008531003,20260817
frozen_plasticity,18,Ext1,AUTO_GG_G0_G1,glia_glia,0.0,False,0.023912048125172437,20260817
frozen_plasticity,18,Ext1,AUTO_GG_G1_G3,glia_glia,0.0,False,0.023912048125172437,20260817
frozen_plasticity,18,Ext1,AUTO_GG_G2_G5,glia_glia,0.0,False,1.0,20260817
frozen_plasticity,18,Ext1,AUTO_TRI_N0_G1_N4,tripartite,0.0,False,0.018873051984418226,20260817
frozen_plasticity,18,Ext1,AUTO_TRI_N3_G2_N5,tripartite,0.0,False,0.011664795268981147,20260817
frozen_plasticity,18,Ext1,AUTO_TRI_N3_G2_N9,tripartite,0.0,False,0.011664795268981147,20260817
frozen_plasticity,19,Ext1,AUTO_GG_G0_G1,glia_glia,0.0,False,0.01912963850013795,20260817
frozen_plasticity,19,Ext1,AUTO_GG_G1_G3,glia_glia,0.0,False,0.01912963850013795,20260817
frozen_plasticity,19,Ext1,AUTO_GG_G2_G5,glia_glia,0.0,False,1.0,20260817
frozen_plasticity,19,Ext1,AUTO_TRI_N0_G1_N4,tripartite,0.0,False,0.01912963850013795,20260817
frozen_plasticity,19,Ext1,AUTO_TRI_N3_G2_N5,tripartite,0.0,False,0.011870797403386276,20260817
frozen_plasticity,19,Ext1,AUTO_TRI_N3_G2_N9,tripartite,0.0,False,0.011870797403386276,20260817
frozen_plasticity,20,Ext1,AUTO_GG_G0_G1,glia_glia,0.0,False,0.01530371080011036,20260817
frozen_plasticity,20,Ext1,AUTO_GG_G1_G3,glia_glia,0.0,False,0.01530371080011036,20260817
frozen_plasticity,20,Ext1,AUTO_GG_G2_G5,glia_glia,0.0,False,1.0,20260817
frozen_plasticity,20,Ext1,AUTO_TRI_N0_G1_N4,tripartite,0.0,False,0.01530371080011036,20260817
frozen_plasticity,20,Ext1,AUTO_TRI_N3_G2_N5,tripartite,0.0,False,0.012056199324350893,20260817
frozen_plasticity,20,Ext1,AUTO_TRI_N3_G2_N9,tripartite,0.0,False,0.012056199324350893,20260817
frozen_plasticity,21,Ext1,AUTO_GG_G0_G1,glia_glia,0.0,False,0.012242968640088288,20260817
frozen_plasticity,21,Ext1,AUTO_GG_G1_G3,glia_glia,0.0,False,0.012242968640088288,20260817
frozen_plasticity,21,Ext1,AUTO_GG_G2_G5,glia_glia,0.0,False,1.0,20260817
frozen_plasticity,21,Ext1,AUTO_TRI_N0_G1_N4,tripartite,0.0,False,0.012242968640088288,20260817
frozen_plasticity,21,Ext1,AUTO_TRI_N3_G2_N5,tripartite,0.0,False,0.01222306105321905,20260817
frozen_plasticity,21,Ext1,AUTO_TRI_N3_G2_N9,tripartite,0.0,False,0.01222306105321905,20260817
frozen_plasticity,22,Ext1,AUTO_GG_G0_G1,glia_glia,0.0,False,0.00979437491207063,20260817
frozen_plasticity,22,Ext1,AUTO_GG_G1_G3,glia_glia,0.0,False,0.00979437491207063,20260817
frozen_plasticity,22,Ext1,AUTO_GG_G2_G5,glia_glia,0.0,False,1.0,20260817
frozen_plasticity,22,Ext1,AUTO_TRI_N0_G1_N4,tripartite,0.0,False,0.00979437491207063,20260817
frozen_plasticity,22,Ext1,AUTO_TRI_N3_G2_N5,tripartite,0.0,False,0.012373236609200389,20260817
frozen_plasticity,22,Ext1,AUTO_TRI_N3_G2_N9,tripartite,0.0,False,0.012373236609200389,20260817
frozen_plasticity,23,Ext1,AUTO_GG_G0_G1,glia_glia,0.0,False,0.007835499929656506,20260817
frozen_plasticity,23,Ext1,AUTO_GG_G1_G3,glia_glia,0.0,False,0.007835499929656506,20260817
frozen_plasticity,23,Ext1,AUTO_GG_G2_G5,glia_glia,0.0,False,1.0,20260817
frozen_plasticity,23,Ext1,AUTO_TRI_N0_G1_N4,tripartite,0.0,False,0.007835499929656506,20260817
frozen_plasticity,23,Ext1,AUTO_TRI_N3_G2_N5,tripartite,0.0,False,0.012508394609583594,20260817
frozen_plasticity,23,Ext1,AUTO_TRI_N3_G2_N9,tripartite,0.0,False,0.012508394609583594,20260817
frozen_plasticity,24,Ext1,AUTO_GG_G0_G1,glia_glia,0.0,False,0.006268399943725205,20260817
frozen_plasticity,24,Ext1,AUTO_GG_G1_G3,glia_glia,0.0,False,0.006268399943725205,20260817
frozen_plasticity,24,Ext1,AUTO_GG_G2_G5,glia_glia,0.0,False,1.0,20260817
frozen_plasticity,24,Ext1,AUTO_TRI_N0_G1_N4,tripartite,0.0,False,0.006268399943725205,20260817
frozen_plasticity,24,Ext1,AUTO_TRI_N3_G2_N5,tripartite,0.0,False,0.012630036809928481,20260817
frozen_plasticity,24,Ext1,AUTO_TRI_N3_G2_N9,tripartite,0.0,False,0.012630036809928481,20260817
frozen_plasticity,25,Ext1,AUTO_GG_G0_G1,glia_glia,0.0,False,0.005014719954980164,20260817
frozen_plasticity,25,Ext1,AUTO_GG_G1_G3,glia_glia,0.0,False,0.005014719954980164,20260817
frozen_plasticity,25,Ext1,AUTO_GG_G2_G5,glia_glia,0.0,False,1.0,20260817
frozen_plasticity,25,Ext1,AUTO_TRI_N0_G1_N4,tripartite,0.0,False,0.005014719954980164,20260817
frozen_plasticity,25,Ext1,AUTO_TRI_N3_G2_N5,tripartite,0.0,False,0.012739514790238878,20260817
frozen_plasticity,25,Ext1,AUTO_TRI_N3_G2_N9,tripartite,0.0,False,0.012739514790238878,20260817
frozen_plasticity,26,Ext1,AUTO_GG_G0_G1,glia_glia,0.0,False,0.004011775963984132,20260817
frozen_plasticity,26,Ext1,AUTO_GG_G1_G3,glia_glia,0.0,False,0.004011775963984132,20260817
frozen_plasticity,26,Ext1,AUTO_GG_G2_G5,glia_glia,0.0,False,1.0,20260817
frozen_plasticity,26,Ext1,AUTO_TRI_N0_G1_N4,tripartite,0.0,False,0.004011775963984132,20260817
frozen_plasticity,26,Ext1,AUTO_TRI_N3_G2_N5,tripartite,0.0,False,0.012838044972518236,20260817
frozen_plasticity,26,Ext1,AUTO_TRI_N3_G2_N9,tripartite,0.0,False,0.012838044972518236,20260817
frozen_plasticity,27,Ext1,AUTO_GG_G0_G1,glia_glia,0.0,False,0.0032094207711873056,20260817
frozen_plasticity,27,Ext1,AUTO_GG_G1_G3,glia_glia,0.0,False,0.0032094207711873056,20260817
frozen_plasticity,27,Ext1,AUTO_GG_G2_G5,glia_glia,0.0,False,1.0,20260817
frozen_plasticity,27,Ext1,AUTO_TRI_N0_G1_N4,tripartite,0.0,False,0.0032094207711873056,20260817
frozen_plasticity,27,Ext1,AUTO_TRI_N3_G2_N5,tripartite,0.0,False,0.012926722136569658,20260817
frozen_plasticity,27,Ext1,AUTO_TRI_N3_G2_N9,tripartite,0.0,False,0.012926722136569658,20260817
frozen_plasticity,28,Ext1,AUTO_GG_G0_G1,glia_glia,0.0,False,0.0025675366169498445,20260817
frozen_plasticity,28,Ext1,AUTO_GG_G1_G3,glia_glia,0.0,False,0.0025675366169498445,20260817
frozen_plasticity,28,Ext1,AUTO_GG_G2_G5,glia_glia,0.0,False,1.0,20260817
frozen_plasticity,28,Ext1,AUTO_TRI_N0_G1_N4,tripartite,0.0,False,0.0025675366169498445,20260817
frozen_plasticity,28,Ext1,AUTO_TRI_N3_G2_N5,tripartite,0.0,False,0.013006531584215938,20260817
frozen_plasticity,28,Ext1,AUTO_TRI_N3_G2_N9,tripartite,0.0,False,0.013006531584215938,20260817
frozen_plasticity,29,Ext2,AUTO_GG_G0_G1,glia_glia,0.0,False,0.002054029293559876,20260817
frozen_plasticity,29,Ext2,AUTO_GG_G1_G3,glia_glia,0.0,False,0.002054029293559876,20260817
frozen_plasticity,29,Ext2,AUTO_GG_G2_G5,glia_glia,0.0,False,1.0,20260817
frozen_plasticity,29,Ext2,AUTO_TRI_N0_G1_N4,tripartite,0.0,False,0.002054029293559876,20260817
frozen_plasticity,29,Ext2,AUTO_TRI_N3_G2_N5,tripartite,0.0,False,0.013078360087097589,20260817
frozen_plasticity,29,Ext2,AUTO_TRI_N3_G2_N9,tripartite,0.0,False,0.013078360087097589,20260817
frozen_plasticity,30,Ext2,AUTO_GG_G0_G1,glia_glia,0.0,False,0.0016432234348479008,20260817
frozen_plasticity,30,Ext2,AUTO_GG_G1_G3,glia_glia,0.0,False,0.0016432234348479008,20260817
frozen_plasticity,30,Ext2,AUTO_GG_G2_G5,glia_glia,0.0,False,1.0,20260817
frozen_plasticity,30,Ext2,AUTO_TRI_N0_G1_N4,tripartite,0.0,False,0.0016432234348479008,20260817
frozen_plasticity,30,Ext2,AUTO_TRI_N3_G2_N5,tripartite,0.0,False,0.013143005739691075,20260817
frozen_plasticity,30,Ext2,AUTO_TRI_N3_G2_N9,tripartite,0.0,False,0.013143005739691075,20260817
frozen_plasticity,31,Ext2,AUTO_GG_G0_G1,glia_glia,0.0,False,0.0013145787478783207,20260817
frozen_plasticity,31,Ext2,AUTO_GG_G1_G3,glia_glia,0.0,False,0.0013145787478783207,20260817
frozen_plasticity,31,Ext2,AUTO_GG_G2_G5,glia_glia,0.0,False,1.0,20260817
frozen_plasticity,31,Ext2,AUTO_TRI_N0_G1_N4,tripartite,0.0,False,0.0013145787478783207,20260817
frozen_plasticity,31,Ext2,AUTO_TRI_N3_G2_N5,tripartite,0.0,False,0.013201186827025212,20260817
frozen_plasticity,31,Ext2,AUTO_TRI_N3_G2_N9,tripartite,0.0,False,0.013201186827025212,20260817
frozen_plasticity,32,Ext2,AUTO_GG_G0_G1,glia_glia,0.0,False,0.0010516629983026566,20260817
frozen_plasticity,32,Ext2,AUTO_GG_G1_G3,glia_glia,0.0,False,0.0010516629983026566,20260817
frozen_plasticity,32,Ext2,AUTO_GG_G2_G5,glia_glia,0.0,False,1.0,20260817
frozen_plasticity,32,Ext2,AUTO_TRI_N0_G1_N4,tripartite,0.0,False,0.0010516629983026566,20260817
frozen_plasticity,32,Ext2,AUTO_TRI_N3_G2_N5,tripartite,0.0,False,0.013253549805625936,20260817
frozen_plasticity,32,Ext2,AUTO_TRI_N3_G2_N9,tripartite,0.0,False,0.013253549805625936,20260817
frozen_plasticity,33,Ext2,AUTO_GG_G0_G1,glia_glia,0.0,False,0.0008413303986421253,20260817
frozen_plasticity,33,Ext2,AUTO_GG_G1_G3,glia_glia,0.0,False,0.0008413303986421253,20260817
frozen_plasticity,33,Ext2,AUTO_GG_G2_G5,glia_glia,0.0,False,1.0,20260817
frozen_plasticity,33,Ext2,AUTO_TRI_N0_G1_N4,tripartite,0.0,False,0.0008413303986421253,20260817
frozen_plasticity,33,Ext2,AUTO_TRI_N3_G2_N5,tripartite,0.0,False,0.013300676486366587,20260817
frozen_plasticity,33,Ext2,AUTO_TRI_N3_G2_N9,tripartite,0.0,False,0.013300676486366587,20260817
frozen_plasticity,34,Ext2,AUTO_GG_G0_G1,glia_glia,0.0,False,0.0006730643189137003,20260817
frozen_plasticity,34,Ext2,AUTO_GG_G1_G3,glia_glia,0.0,False,0.0006730643189137003,20260817
frozen_plasticity,34,Ext2,AUTO_GG_G2_G5,glia_glia,0.0,False,1.0,20260817
frozen_plasticity,34,Ext2,AUTO_TRI_N0_G1_N4,tripartite,0.0,False,0.0006730643189137003,20260817
frozen_plasticity,34,Ext2,AUTO_TRI_N3_G2_N5,tripartite,0.0,False,0.013343090499033173,20260817
frozen_plasticity,34,Ext2,AUTO_TRI_N3_G2_N9,tripartite,0.0,False,0.013343090499033173,20260817
frozen_plasticity,35,Ext2,AUTO_GG_G0_G1,glia_glia,0.0,False,0.0005384514551309603,20260817
frozen_plasticity,35,Ext2,AUTO_GG_G1_G3,glia_glia,0.0,False,0.0005384514551309603,20260817
frozen_plasticity,35,Ext2,AUTO_GG_G2_G5,glia_glia,0.0,False,1.0,20260817
frozen_plasticity,35,Ext2,AUTO_TRI_N0_G1_N4,tripartite,0.0,False,0.0005384514551309603,20260817
frozen_plasticity,35,Ext2,AUTO_TRI_N3_G2_N5,tripartite,0.0,False,0.013381263110433101,20260817
frozen_plasticity,35,Ext2,AUTO_TRI_N3_G2_N9,tripartite,0.0,False,0.013381263110433101,20260817
frozen_plasticity,36,Ext2,AUTO_GG_G0_G1,glia_glia,0.0,False,0.00043076116410476823,20260817
frozen_plasticity,36,Ext2,AUTO_GG_G1_G3,glia_glia,0.0,False,0.00043076116410476823,20260817
frozen_plasticity,36,Ext2,AUTO_GG_G2_G5,glia_glia,0.0,False,1.0,20260817
frozen_plasticity,36,Ext2,AUTO_TRI_N0_G1_N4,tripartite,0.0,False,0.00043076116410476823,20260817
frozen_plasticity,36,Ext2,AUTO_TRI_N3_G2_N5,tripartite,0.0,False,0.013415618460693036,20260817
frozen_plasticity,36,Ext2,AUTO_TRI_N3_G2_N9,tripartite,0.0,False,0.013415618460693036,20260817
frozen_plasticity,37,Ext2,AUTO_GG_G0_G1,glia_glia,0.0,False,0.0003446089312838146,20260817
frozen_plasticity,37,Ext2,AUTO_GG_G1_G3,glia_glia,0.0,False,0.0003446089312838146,20260817
frozen_plasticity,37,Ext2,AUTO_GG_G2_G5,glia_glia,0.0,False,1.0,20260817
frozen_plasticity,37,Ext2,AUTO_TRI_N0_G1_N4,tripartite,0.0,False,0.0003446089312838146,20260817
frozen_plasticity,37,Ext2,AUTO_TRI_N3_G2_N5,tripartite,0.0,False,0.013446538275926978,20260817
frozen_plasticity,37,Ext2,AUTO_TRI_N3_G2_N9,tripartite,0.0,False,0.013446538275926978,20260817
frozen_plasticity,38,Ext2,AUTO_GG_G0_G1,glia_glia,0.0,False,0.00027568714502705167,20260817
frozen_plasticity,38,Ext2,AUTO_GG_G1_G3,glia_glia,0.0,False,0.00027568714502705167,20260817
frozen_plasticity,38,Ext2,AUTO_GG_G2_G5,glia_glia,0.0,False,1.0,20260817
frozen_plasticity,38,Ext2,AUTO_TRI_N0_G1_N4,tripartite,0.0,False,0.00027568714502705167,20260817
frozen_plasticity,38,Ext2,AUTO_TRI_N3_G2_N5,tripartite,0.0,False,0.013474366109637526,20260817
frozen_plasticity,38,Ext2,AUTO_TRI_N3_G2_N9,tripartite,0.0,False,0.013474366109637526,20260817
frozen_plasticity,39,Ext2,AUTO_GG_G0_G1,glia_glia,0.0,False,0.00022054971602164134,20260817
frozen_plasticity,39,Ext2,AUTO_GG_G1_G3,glia_glia,0.0,False,0.00022054971602164134,20260817
frozen_plasticity,39,Ext2,AUTO_GG_G2_G5,glia_glia,0.0,False,1.0,20260817
frozen_plasticity,39,Ext2,AUTO_TRI_N0_G1_N4,tripartite,0.0,False,0.00022054971602164134,20260817
frozen_plasticity,39,Ext2,AUTO_TRI_N3_G2_N5,tripartite,0.0,False,0.013499411159977019,20260817
frozen_plasticity,39,Ext2,AUTO_TRI_N3_G2_N9,tripartite,0.0,False,0.013499411159977019,20260817
frozen_plasticity,40,Ext2,AUTO_GG_G0_G1,glia_glia,0.0,False,0.0001764397728173131,20260817
frozen_plasticity,40,Ext2,AUTO_GG_G1_G3,glia_glia,0.0,False,0.0001764397728173131,20260817
frozen_plasticity,40,Ext2,AUTO_GG_G2_G5,glia_glia,0.0,False,1.0,20260817
frozen_plasticity,40,Ext2,AUTO_TRI_N0_G1_N4,tripartite,0.0,False,0.0001764397728173131,20260817
frozen_plasticity,40,Ext2,AUTO_TRI_N3_G2_N5,tripartite,0.0,False,0.013521951705282562,20260817
frozen_plasticity,40,Ext2,AUTO_TRI_N3_G2_N9,tripartite,0.0,False,0.013521951705282562,20260817
frozen_plasticity,41,Ext2,AUTO_GG_G0_G1,glia_glia,0.0,False,0.00014115181825385048,20260817
frozen_plasticity,41,Ext2,AUTO_GG_G1_G3,glia_glia,0.0,False,0.00014115181825385048,20260817
frozen_plasticity,41,Ext2,AUTO_GG_G2_G5,glia_glia,0.0,False,1.0,20260817
frozen_plasticity,41,Ext2,AUTO_TRI_N0_G1_N4,tripartite,0.0,False,0.00014115181825385048,20260817
frozen_plasticity,41,Ext2,AUTO_TRI_N3_G2_N5,tripartite,0.0,False,0.013542238196057552,20260817
frozen_plasticity,41,Ext2,AUTO_TRI_N3_G2_N9,tripartite,0.0,False,0.013542238196057552,20260817
frozen_plasticity,42,Ext2,AUTO_GG_G0_G1,glia_glia,0.0,False,0.00011292145460308038,20260817
frozen_plasticity,42,Ext2,AUTO_GG_G1_G3,glia_glia,0.0,False,0.00011292145460308038,20260817
frozen_plasticity,42,Ext2,AUTO_GG_G2_G5,glia_glia,0.0,False,1.0,20260817
frozen_plasticity,42,Ext2,AUTO_TRI_N0_G1_N4,tripartite,0.0,False,0.00011292145460308038,20260817
frozen_plasticity,42,Ext2,AUTO_TRI_N3_G2_N5,tripartite,0.0,False,0.013560496037755042,20260817
frozen_plasticity,42,Ext2,AUTO_TRI_N3_G2_N9,tripartite,0.0,False,0.013560496037755042,20260817
frozen_plasticity,43,Ext2,AUTO_GG_G0_G1,glia_glia,0.0,False,9.033716368246431e-05,20260817
frozen_plasticity,43,Ext2,AUTO_GG_G1_G3,glia_glia,0.0,False,9.033716368246431e-05,20260817
frozen_plasticity,43,Ext2,AUTO_GG_G2_G5,glia_glia,0.0,False,1.0,20260817
frozen_plasticity,43,Ext2,AUTO_TRI_N0_G1_N4,tripartite,0.0,False,9.033716368246431e-05,20260817
frozen_plasticity,43,Ext2,AUTO_TRI_N3_G2_N5,tripartite,0.0,False,0.013576928095282784,20260817
frozen_plasticity,43,Ext2,AUTO_TRI_N3_G2_N9,tripartite,0.0,False,0.013576928095282784,20260817
frozen_plasticity,44,Ext2,AUTO_GG_G0_G1,glia_glia,0.0,False,7.226973094597146e-05,20260817
frozen_plasticity,44,Ext2,AUTO_GG_G1_G3,glia_glia,0.0,False,7.226973094597146e-05,20260817
frozen_plasticity,44,Ext2,AUTO_GG_G2_G5,glia_glia,0.0,False,1.0,20260817
frozen_plasticity,44,Ext2,AUTO_TRI_N0_G1_N4,tripartite,0.0,False,7.226973094597146e-05,20260817
frozen_plasticity,44,Ext2,AUTO_TRI_N3_G2_N5,tripartite,0.0,False,0.01359171694705775,20260817
frozen_plasticity,44,Ext2,AUTO_TRI_N3_G2_N9,tripartite,0.0,False,0.01359171694705775,20260817
frozen_plasticity,45,Ext2,AUTO_GG_G0_G1,glia_glia,0.0,False,5.781578475677717e-05,20260817
frozen_plasticity,45,Ext2,AUTO_GG_G1_G3,glia_glia,0.0,False,5.781578475677717e-05,20260817
frozen_plasticity,45,Ext2,AUTO_GG_G2_G5,glia_glia,0.0,False,1.0,20260817
frozen_plasticity,45,Ext2,AUTO_TRI_N0_G1_N4,tripartite,0.0,False,5.781578475677717e-05,20260817
frozen_plasticity,45,Ext2,AUTO_TRI_N3_G2_N5,tripartite,0.0,False,0.01360502691365522,20260817
frozen_plasticity,45,Ext2,AUTO_TRI_N3_G2_N9,tripartite,0.0,False,0.01360502691365522,20260817
frozen_plasticity,46,Ext2,AUTO_GG_G0_G1,glia_glia,0.0,False,4.6252627805421734e-05,20260817
frozen_plasticity,46,Ext2,AUTO_GG_G1_G3,glia_glia,0.0,False,4.6252627805421734e-05,20260817
frozen_plasticity,46,Ext2,AUTO_GG_G2_G5,glia_glia,0.0,False,1.0,20260817
frozen_plasticity,46,Ext2,AUTO_TRI_N0_G1_N4,tripartite,0.0,False,4.6252627805421734e-05,20260817
frozen_plasticity,46,Ext2,AUTO_TRI_N3_G2_N5,tripartite,0.0,False,0.013617005883592943,20260817
frozen_plasticity,46,Ext2,AUTO_TRI_N3_G2_N9,tripartite,0.0,False,0.013617005883592943,20260817
frozen_plasticity,47,Ext2,AUTO_GG_G0_G1,glia_glia,0.0,False,3.700210224433739e-05,20260817
frozen_plasticity,47,Ext2,AUTO_GG_G1_G3,glia_glia,0.0,False,3.700210224433739e-05,20260817
frozen_plasticity,47,Ext2,AUTO_GG_G2_G5,glia_glia,0.0,False,1.0,20260817
frozen_plasticity,47,Ext2,AUTO_TRI_N0_G1_N4,tripartite,0.0,False,3.700210224433739e-05,20260817
frozen_plasticity,47,Ext2,AUTO_TRI_N3_G2_N5,tripartite,0.0,False,0.013627786956536894,20260817
frozen_plasticity,47,Ext2,AUTO_TRI_N3_G2_N9,tripartite,0.0,False,0.013627786956536894,20260817
frozen_plasticity,48,Ext2,AUTO_GG_G0_G1,glia_glia,0.0,False,2.960168179546991e-05,20260817
frozen_plasticity,48,Ext2,AUTO_GG_G1_G3,glia_glia,0.0,False,2.960168179546991e-05,20260817
frozen_plasticity,48,Ext2,AUTO_GG_G2_G5,glia_glia,0.0,False,1.0,20260817
frozen_plasticity,48,Ext2,AUTO_TRI_N0_G1_N4,tripartite,0.0,False,2.960168179546991e-05,20260817
frozen_plasticity,48,Ext2,AUTO_TRI_N3_G2_N5,tripartite,0.0,False,0.01363748992218645,20260817
frozen_plasticity,48,Ext2,AUTO_TRI_N3_G2_N9,tripartite,0.0,False,0.01363748992218645,20260817
frozen_plasticity,49,Ext2,AUTO_GG_G0_G1,glia_glia,0.0,False,2.368134543637593e-05,20260817
frozen_plasticity,49,Ext2,AUTO_GG_G1_G3,glia_glia,0.0,False,2.368134543637593e-05,20260817
frozen_plasticity,49,Ext2,AUTO_GG_G2_G5,glia_glia,0.0,False,1.0,20260817
frozen_plasticity,49,Ext2,AUTO_TRI_N0_G1_N4,tripartite,0.0,False,2.368134543637593e-05,20260817
frozen_plasticity,49,Ext2,AUTO_TRI_N3_G2_N5,tripartite,0.0,False,0.013646222591271049,20260817
frozen_plasticity,49,Ext2,AUTO_TRI_N3_G2_N9,tripartite,0.0,False,0.013646222591271049,20260817
frozen_plasticity,50,Ext2,AUTO_GG_G0_G1,glia_glia,0.0,False,1.8945076349100747e-05,20260817
frozen_plasticity,50,Ext2,AUTO_GG_G1_G3,glia_glia,0.0,False,1.8945076349100747e-05,20260817
frozen_plasticity,50,Ext2,AUTO_GG_G2_G5,glia_glia,0.0,False,1.0,20260817
frozen_plasticity,50,Ext2,AUTO_TRI_N0_G1_N4,tripartite,0.0,False,1.8945076349100747e-05,20260817
frozen_plasticity,50,Ext2,AUTO_TRI_N3_G2_N5,tripartite,0.0,False,0.01365408199344719,20260817
frozen_plasticity,50,Ext2,AUTO_TRI_N3_G2_N9,tripartite,0.0,False,0.01365408199344719,20260817
frozen_plasticity,51,Ext2,AUTO_GG_G0_G1,glia_glia,0.0,False,1.5156061079280599e-05,20260817
frozen_plasticity,51,Ext2,AUTO_GG_G1_G3,glia_glia,0.0,False,1.5156061079280599e-05,20260817
frozen_plasticity,51,Ext2,AUTO_GG_G2_G5,glia_glia,0.0,False,1.0,20260817
frozen_plasticity,51,Ext2,AUTO_TRI_N0_G1_N4,tripartite,0.0,False,1.5156061079280599e-05,20260817
frozen_plasticity,51,Ext2,AUTO_TRI_N3_G2_N5,tripartite,0.0,False,0.013661155455405716,20260817
frozen_plasticity,51,Ext2,AUTO_TRI_N3_G2_N9,tripartite,0.0,False,0.013661155455405716,20260817
frozen_plasticity,52,Ext2,AUTO_GG_G0_G1,glia_glia,0.0,False,1.2124848863424479e-05,20260817
frozen_plasticity,52,Ext2,AUTO_GG_G1_G3,glia_glia,0.0,False,1.2124848863424479e-05,20260817
frozen_plasticity,52,Ext2,AUTO_GG_G2_G5,glia_glia,0.0,False,1.0,20260817
frozen_plasticity,52,Ext2,AUTO_TRI_N0_G1_N4,tripartite,0.0,False,1.2124848863424479e-05,20260817
frozen_plasticity,52,Ext2,AUTO_TRI_N3_G2_N5,tripartite,0.0,False,0.013667521571168389,20260817
frozen_plasticity,52,Ext2,AUTO_TRI_N3_G2_N9,tripartite,0.0,False,0.013667521571168389,20260817
frozen_plasticity,53,Ext2,AUTO_GG_G0_G1,glia_glia,0.0,False,9.699879090739585e-06,20260817
frozen_plasticity,53,Ext2,AUTO_GG_G1_G3,glia_glia,0.0,False,9.699879090739585e-06,20260817
frozen_plasticity,53,Ext2,AUTO_GG_G2_G5,glia_glia,0.0,False,1.0,20260817
frozen_plasticity,53,Ext2,AUTO_TRI_N0_G1_N4,tripartite,0.0,False,9.699879090739585e-06,20260817
frozen_plasticity,53,Ext2,AUTO_TRI_N3_G2_N5,tripartite,0.0,False,0.013673251075354794,20260817
frozen_plasticity,53,Ext2,AUTO_TRI_N3_G2_N9,tripartite,0.0,False,0.013673251075354794,20260817
frozen_plasticity,54,E-Ret,AUTO_GG_G0_G1,glia_glia,0.0,False,9.699879090739585e-06,20260817
frozen_plasticity,54,E-Ret,AUTO_GG_G1_G3,glia_glia,0.0,False,9.699879090739585e-06,20260817
frozen_plasticity,54,E-Ret,AUTO_GG_G2_G5,glia_glia,0.0,False,1.0,20260817
frozen_plasticity,54,E-Ret,AUTO_TRI_N0_G1_N4,tripartite,0.0,False,9.699879090739585e-06,20260817
frozen_plasticity,54,E-Ret,AUTO_TRI_N3_G2_N5,tripartite,0.0,False,0.013673251075354794,20260817
frozen_plasticity,54,E-Ret,AUTO_TRI_N3_G2_N9,tripartite,0.0,False,0.013673251075354794,20260817
frozen_plasticity,55,E-Ret,AUTO_GG_G0_G1,glia_glia,0.0,False,9.699879090739585e-06,20260817
frozen_plasticity,55,E-Ret,AUTO_GG_G1_G3,glia_glia,0.0,False,9.699879090739585e-06,20260817
frozen_plasticity,55,E-Ret,AUTO_GG_G2_G5,glia_glia,0.0,False,1.0,20260817
frozen_plasticity,55,E-Ret,AUTO_TRI_N0_G1_N4,tripartite,0.0,False,9.699879090739585e-06,20260817
frozen_plasticity,55,E-Ret,AUTO_TRI_N3_G2_N5,tripartite,0.0,False,0.013673251075354794,20260817
frozen_plasticity,55,E-Ret,AUTO_TRI_N3_G2_N9,tripartite,0.0,False,0.013673251075354794,20260817
frozen_plasticity,56,E-Ret,AUTO_GG_G0_G1,glia_glia,0.0,False,9.699879090739585e-06,20260817
frozen_plasticity,56,E-Ret,AUTO_GG_G1_G3,glia_glia,0.0,False,9.699879090739585e-06,20260817
frozen_plasticity,56,E-Ret,AUTO_GG_G2_G5,glia_glia,0.0,False,1.0,20260817
frozen_plasticity,56,E-Ret,AUTO_TRI_N0_G1_N4,tripartite,0.0,False,9.699879090739585e-06,20260817
frozen_plasticity,56,E-Ret,AUTO_TRI_N3_G2_N5,tripartite,0.0,False,0.013673251075354794,20260817
frozen_plasticity,56,E-Ret,AUTO_TRI_N3_G2_N9,tripartite,0.0,False,0.013673251075354794,20260817
frozen_plasticity,57,E-Ret,AUTO_GG_G0_G1,glia_glia,0.0,False,9.699879090739585e-06,20260817
frozen_plasticity,57,E-Ret,AUTO_GG_G1_G3,glia_glia,0.0,False,9.699879090739585e-06,20260817
frozen_plasticity,57,E-Ret,AUTO_GG_G2_G5,glia_glia,0.0,False,1.0,20260817
frozen_plasticity,57,E-Ret,AUTO_TRI_N0_G1_N4,tripartite,0.0,False,9.699879090739585e-06,20260817
frozen_plasticity,57,E-Ret,AUTO_TRI_N3_G2_N5,tripartite,0.0,False,0.013673251075354794,20260817
frozen_plasticity,57,E-Ret,AUTO_TRI_N3_G2_N9,tripartite,0.0,False,0.013673251075354794,20260817
frozen_plasticity,58,E-Ret,AUTO_GG_G0_G1,glia_glia,0.0,False,9.699879090739585e-06,20260817
frozen_plasticity,58,E-Ret,AUTO_GG_G1_G3,glia_glia,0.0,False,9.699879090739585e-06,20260817
frozen_plasticity,58,E-Ret,AUTO_GG_G2_G5,glia_glia,0.0,False,1.0,20260817
frozen_plasticity,58,E-Ret,AUTO_TRI_N0_G1_N4,tripartite,0.0,False,9.699879090739585e-06,20260817
frozen_plasticity,58,E-Ret,AUTO_TRI_N3_G2_N5,tripartite,0.0,False,0.013673251075354794,20260817
frozen_plasticity,58,E-Ret,AUTO_TRI_N3_G2_N9,tripartite,0.0,False,0.013673251075354794,20260817
frozen_plasticity,59,F-Ren,AUTO_GG_G0_G1,glia_glia,0.0,False,9.699879090739585e-06,20260817
frozen_plasticity,59,F-Ren,AUTO_GG_G1_G3,glia_glia,0.0,False,9.699879090739585e-06,20260817
frozen_plasticity,59,F-Ren,AUTO_GG_G2_G5,glia_glia,0.0,False,1.0,20260817
frozen_plasticity,59,F-Ren,AUTO_TRI_N0_G1_N4,tripartite,0.0,False,9.699879090739585e-06,20260817
frozen_plasticity,59,F-Ren,AUTO_TRI_N3_G2_N5,tripartite,0.0,False,0.013673251075354794,20260817
frozen_plasticity,59,F-Ren,AUTO_TRI_N3_G2_N9,tripartite,0.0,False,0.013673251075354794,20260817
frozen_plasticity,60,F-Ren,AUTO_GG_G0_G1,glia_glia,0.0,False,9.699879090739585e-06,20260817
frozen_plasticity,60,F-Ren,AUTO_GG_G1_G3,glia_glia,0.0,False,9.699879090739585e-06,20260817
frozen_plasticity,60,F-Ren,AUTO_GG_G2_G5,glia_glia,0.0,False,1.0,20260817
frozen_plasticity,60,F-Ren,AUTO_TRI_N0_G1_N4,tripartite,0.0,False,9.699879090739585e-06,20260817
frozen_plasticity,60,F-Ren,AUTO_TRI_N3_G2_N5,tripartite,0.0,False,0.013673251075354794,20260817
frozen_plasticity,60,F-Ren,AUTO_TRI_N3_G2_N9,tripartite,0.0,False,0.013673251075354794,20260817
frozen_plasticity,61,F-Ren,AUTO_GG_G0_G1,glia_glia,0.0,False,9.699879090739585e-06,20260817
frozen_plasticity,61,F-Ren,AUTO_GG_G1_G3,glia_glia,0.0,False,9.699879090739585e-06,20260817
frozen_plasticity,61,F-Ren,AUTO_GG_G2_G5,glia_glia,0.0,False,1.0,20260817
frozen_plasticity,61,F-Ren,AUTO_TRI_N0_G1_N4,tripartite,0.0,False,9.699879090739585e-06,20260817
frozen_plasticity,61,F-Ren,AUTO_TRI_N3_G2_N5,tripartite,0.0,False,0.013673251075354794,20260817
frozen_plasticity,61,F-Ren,AUTO_TRI_N3_G2_N9,tripartite,0.0,False,0.013673251075354794,20260817
frozen_plasticity,62,F-Ren,AUTO_GG_G0_G1,glia_glia,0.0,False,9.699879090739585e-06,20260817
frozen_plasticity,62,F-Ren,AUTO_GG_G1_G3,glia_glia,0.0,False,9.699879090739585e-06,20260817
frozen_plasticity,62,F-Ren,AUTO_GG_G2_G5,glia_glia,0.0,False,1.0,20260817
frozen_plasticity,62,F-Ren,AUTO_TRI_N0_G1_N4,tripartite,0.0,False,9.699879090739585e-06,20260817
frozen_plasticity,62,F-Ren,AUTO_TRI_N3_G2_N5,tripartite,0.0,False,0.013673251075354794,20260817
frozen_plasticity,62,F-Ren,AUTO_TRI_N3_G2_N9,tripartite,0.0,False,0.013673251075354794,20260817
frozen_plasticity,63,F-Ren,AUTO_GG_G0_G1,glia_glia,0.0,False,9.699879090739585e-06,20260817
frozen_plasticity,63,F-Ren,AUTO_GG_G1_G3,glia_glia,0.0,False,9.699879090739585e-06,20260817
frozen_plasticity,63,F-Ren,AUTO_GG_G2_G5,glia_glia,0.0,False,1.0,20260817
frozen_plasticity,63,F-Ren,AUTO_TRI_N0_G1_N4,tripartite,0.0,False,9.699879090739585e-06,20260817
frozen_plasticity,63,F-Ren,AUTO_TRI_N3_G2_N5,tripartite,0.0,False,0.013673251075354794,20260817
frozen_plasticity,63,F-Ren,AUTO_TRI_N3_G2_N9,tripartite,0.0,False,0.013673251075354794,20260817
no_tripartite,1,F-Con,AUTO_GG_G0_G1,glia_glia,0.9593537143165668,True,0.243639236436246,20260817
no_tripartite,1,F-Con,AUTO_GG_G1_G3,glia_glia,0.404086960657421,True,0.13064578932941684,20260817
no_tripartite,1,F-Con,AUTO_GG_G2_G5,glia_glia,0.0,False,0.0,20260817
no_tripartite,2,F-Con,AUTO_GG_G0_G1,glia_glia,1.0,True,0.41680761926038906,20260817
no_tripartite,2,F-Con,AUTO_GG_G1_G3,glia_glia,1.0,True,0.24793464773718882,20260817
no_tripartite,2,F-Con,AUTO_GG_G2_G5,glia_glia,0.0,False,0.0,20260817
no_tripartite,3,F-Con,AUTO_GG_G0_G1,glia_glia,1.0,True,0.5703992103453742,20260817
no_tripartite,3,F-Con,AUTO_GG_G1_G3,glia_glia,1.0,True,0.35215224223651304,20260817
no_tripartite,3,F-Con,AUTO_GG_G2_G5,glia_glia,0.0,False,0.0,20260817
no_tripartite,4,Ext1,AUTO_GG_G0_G1,glia_glia,1.0,True,0.5138974464009732,20260817
no_tripartite,4,Ext1,AUTO_GG_G1_G3,glia_glia,1.0,True,0.3169832449595021,20260817
no_tripartite,4,Ext1,AUTO_GG_G2_G5,glia_glia,0.06509535473930901,False,0.1649830810994733,20260817
no_tripartite,5,Ext1,AUTO_GG_G0_G1,glia_glia,1.0,True,0.43495762156767204,20260817
no_tripartite,5,Ext1,AUTO_GG_G1_G3,glia_glia,1.0,True,0.2853311474101922,20260817
no_tripartite,5,Ext1,AUTO_GG_G2_G5,glia_glia,0.20752652874399613,True,0.31346785408899924,20260817
no_tripartite,6,Ext1,AUTO_GG_G0_G1,glia_glia,1.0,True,0.34796609725413763,20260817
no_tripartite,6,Ext1,AUTO_GG_G1_G3,glia_glia,1.0,True,0.25684425961581336,20260817
no_tripartite,6,Ext1,AUTO_GG_G2_G5,glia_glia,0.4185060170313903,True,0.44508061751179673,20260817
no_tripartite,7,Ext1,AUTO_GG_G0_G1,glia_glia,1.0,True,0.2783728778033101,20260817
no_tripartite,7,Ext1,AUTO_GG_G1_G3,glia_glia,1.0,True,0.23120606060087243,20260817
no_tripartite,7,Ext1,AUTO_GG_G2_G5,glia_glia,0.6881377268443506,True,0.5576928828408838,20260817
no_tripartite,8,Ext1,AUTO_GG_G0_G1,glia_glia,1.0,True,0.22269830224264808,20260817
no_tripartite,8,Ext1,AUTO_GG_G1_G3,glia_glia,1.0,True,0.20813168148742558,20260817
no_tripartite,8,Ext1,AUTO_GG_G2_G5,glia_glia,1.0,True,0.6476757957818747,20260817
no_tripartite,9,Ext1,AUTO_GG_G0_G1,glia_glia,1.0,True,0.17815864179411847,20260817
no_tripartite,9,Ext1,AUTO_GG_G1_G3,glia_glia,1.0,True,0.17815864179411847,20260817
no_tripartite,9,Ext1,AUTO_GG_G2_G5,glia_glia,1.0,True,0.7135422343447728,20260817
no_tripartite,10,Ext1,AUTO_GG_G0_G1,glia_glia,1.0,True,0.14252691343529478,20260817
no_tripartite,10,Ext1,AUTO_GG_G1_G3,glia_glia,1.0,True,0.14252691343529478,20260817
no_tripartite,10,Ext1,AUTO_GG_G2_G5,glia_glia,1.0,True,0.772822029051381,20260817
no_tripartite,11,Ext1,AUTO_GG_G0_G1,glia_glia,1.0,True,0.11402153074823583,20260817
no_tripartite,11,Ext1,AUTO_GG_G1_G3,glia_glia,1.0,True,0.11402153074823583,20260817
no_tripartite,11,Ext1,AUTO_GG_G2_G5,glia_glia,1.0,True,0.8261738442873283,20260817
no_tripartite,12,Ext1,AUTO_GG_G0_G1,glia_glia,1.0,True,0.09121722459858866,20260817
no_tripartite,12,Ext1,AUTO_GG_G1_G3,glia_glia,1.0,True,0.09121722459858866,20260817
no_tripartite,12,Ext1,AUTO_GG_G2_G5,glia_glia,1.0,True,0.874190477999681,20260817
no_tripartite,13,Ext1,AUTO_GG_G0_G1,glia_glia,1.0,True,0.07297377967887093,20260817
no_tripartite,13,Ext1,AUTO_GG_G1_G3,glia_glia,1.0,True,0.07297377967887093,20260817
no_tripartite,13,Ext1,AUTO_GG_G2_G5,glia_glia,1.0,True,0.9174054483407983,20260817
no_tripartite,14,Ext1,AUTO_GG_G0_G1,glia_glia,1.0,True,0.05837902374309675,20260817
no_tripartite,14,Ext1,AUTO_GG_G1_G3,glia_glia,1.0,True,0.05837902374309675,20260817
no_tripartite,14,Ext1,AUTO_GG_G2_G5,glia_glia,1.0,True,0.956298921647804,20260817
no_tripartite,15,Ext1,AUTO_GG_G0_G1,glia_glia,1.0,True,0.04670321899447741,20260817
no_tripartite,15,Ext1,AUTO_GG_G1_G3,glia_glia,1.0,True,0.04670321899447741,20260817
no_tripartite,15,Ext1,AUTO_GG_G2_G5,glia_glia,1.0,True,0.9913030476241091,20260817
no_tripartite,16,Ext1,AUTO_GG_G0_G1,glia_glia,1.0,True,0.03736257519558193,20260817
no_tripartite,16,Ext1,AUTO_GG_G1_G3,glia_glia,1.0,True,0.03736257519558193,20260817
no_tripartite,16,Ext1,AUTO_GG_G2_G5,glia_glia,1.0,True,1.0,20260817
no_tripartite,17,Ext1,AUTO_GG_G0_G1,glia_glia,1.0,True,0.029890060156465545,20260817
no_tripartite,17,Ext1,AUTO_GG_G1_G3,glia_glia,1.0,True,0.029890060156465545,20260817
no_tripartite,17,Ext1,AUTO_GG_G2_G5,glia_glia,1.0,True,1.0,20260817
no_tripartite,18,Ext1,AUTO_GG_G0_G1,glia_glia,1.0,True,0.023912048125172437,20260817
no_tripartite,18,Ext1,AUTO_GG_G1_G3,glia_glia,1.0,True,0.023912048125172437,20260817
no_tripartite,18,Ext1,AUTO_GG_G2_G5,glia_glia,1.0,True,1.0,20260817
no_tripartite,19,Ext1,AUTO_GG_G0_G1,glia_glia,1.0,True,0.01912963850013795,20260817
no_tripartite,19,Ext1,AUTO_GG_G1_G3,glia_glia,1.0,True,0.01912963850013795,20260817
no_tripartite,19,Ext1,AUTO_GG_G2_G5,glia_glia,1.0,True,1.0,20260817
no_tripartite,20,Ext1,AUTO_GG_G0_G1,glia_glia,1.0,True,0.01530371080011036,20260817
no_tripartite,20,Ext1,AUTO_GG_G1_G3,glia_glia,1.0,True,0.01530371080011036,20260817
no_tripartite,20,Ext1,AUTO_GG_G2_G5,glia_glia,1.0,True,1.0,20260817
no_tripartite,21,Ext1,AUTO_GG_G0_G1,glia_glia,1.0,True,0.012242968640088288,20260817
no_tripartite,21,Ext1,AUTO_GG_G1_G3,glia_glia,1.0,True,0.012242968640088288,20260817
no_tripartite,21,Ext1,AUTO_GG_G2_G5,glia_glia,1.0,True,1.0,20260817
no_tripartite,22,Ext1,AUTO_GG_G0_G1,glia_glia,1.0,True,0.00979437491207063,20260817
no_tripartite,22,Ext1,AUTO_GG_G1_G3,glia_glia,1.0,True,0.00979437491207063,20260817
no_tripartite,22,Ext1,AUTO_GG_G2_G5,glia_glia,1.0,True,1.0,20260817
no_tripartite,23,Ext1,AUTO_GG_G0_G1,glia_glia,1.0,True,0.007835499929656506,20260817
no_tripartite,23,Ext1,AUTO_GG_G1_G3,glia_glia,1.0,True,0.007835499929656506,20260817
no_tripartite,23,Ext1,AUTO_GG_G2_G5,glia_glia,1.0,True,1.0,20260817
no_tripartite,24,Ext1,AUTO_GG_G0_G1,glia_glia,1.0,True,0.006268399943725205,20260817
no_tripartite,24,Ext1,AUTO_GG_G1_G3,glia_glia,1.0,True,0.006268399943725205,20260817
no_tripartite,24,Ext1,AUTO_GG_G2_G5,glia_glia,1.0,True,1.0,20260817
no_tripartite,25,Ext1,AUTO_GG_G0_G1,glia_glia,1.0,True,0.005014719954980164,20260817
no_tripartite,25,Ext1,AUTO_GG_G1_G3,glia_glia,1.0,True,0.005014719954980164,20260817
no_tripartite,25,Ext1,AUTO_GG_G2_G5,glia_glia,1.0,True,1.0,20260817
no_tripartite,26,Ext1,AUTO_GG_G0_G1,glia_glia,0.9999209420771187,True,0.004011775963984132,20260817
no_tripartite,26,Ext1,AUTO_GG_G1_G3,glia_glia,0.9999308243174789,True,0.004011775963984132,20260817
no_tripartite,26,Ext1,AUTO_GG_G2_G5,glia_glia,1.0,True,1.0,20260817
no_tripartite,27,Ext1,AUTO_GG_G0_G1,glia_glia,0.9997776957388137,True,0.0032094207711873056,20260817
no_tripartite,27,Ext1,AUTO_GG_G1_G3,glia_glia,0.9998054837714621,True,0.0032094207711873056,20260817
no_tripartite,27,Ext1,AUTO_GG_G2_G5,glia_glia,1.0,True,1.0,20260817
no_tripartite,28,Ext1,AUTO_GG_G0_G1,glia_glia,0.9995830986681696,True,0.0025675366169498445,20260817
no_tripartite,28,Ext1,AUTO_GG_G1_G3,glia_glia,0.9996352113346485,True,0.0025675366169498445,20260817
no_tripartite,28,Ext1,AUTO_GG_G2_G5,glia_glia,1.0,True,1.0,20260817
no_tripartite,29,Ext2,AUTO_GG_G0_G1,glia_glia,0.9993474210116544,True,0.002054029293559876,20260817
no_tripartite,29,Ext2,AUTO_GG_G1_G3,glia_glia,0.9994289933851976,True,0.002054029293559876,20260817
no_tripartite,29,Ext2,AUTO_GG_G2_G5,glia_glia,1.0,True,1.0,20260817
no_tripartite,30,Ext2,AUTO_GG_G0_G1,glia_glia,0.9990788788864422,True,0.0016432234348479008,20260817
no_tripartite,30,Ext2,AUTO_GG_G1_G3,glia_glia,0.999194019025637,True,0.0016432234348479008,20260817
no_tripartite,30,Ext2,AUTO_GG_G2_G5,glia_glia,1.0,True,1.0,20260817
no_tripartite,31,Ext2,AUTO_GG_G0_G1,glia_glia,0.9987840451862725,True,0.0013145787478783207,20260817
no_tripartite,31,Ext2,AUTO_GG_G1_G3,glia_glia,0.9989360395379885,True,0.0013145787478783207,20260817
no_tripartite,31,Ext2,AUTO_GG_G2_G5,glia_glia,1.0,True,1.0,20260817
no_tripartite,32,Ext2,AUTO_GG_G0_G1,glia_glia,0.9984681782261368,True,0.0010516629983026566,20260817
no_tripartite,32,Ext2,AUTO_GG_G1_G3,glia_glia,0.9986596559478697,True,0.0010516629983026566,20260817
no_tripartite,32,Ext2,AUTO_GG_G2_G5,glia_glia,1.0,True,1.0,20260817
no_tripartite,33,Ext2,AUTO_GG_G0_G1,glia_glia,0.9981354846580281,True,0.0008413303986421253,20260817
no_tripartite,33,Ext2,AUTO_GG_G1_G3,glia_glia,0.9983685490757745,True,0.0008413303986421253,20260817
no_tripartite,33,Ext2,AUTO_GG_G2_G5,glia_glia,1.0,True,1.0,20260817
no_tripartite,34,Ext2,AUTO_GG_G0_G1,glia_glia,0.9977893298035413,True,0.0006730643189137003,20260817
no_tripartite,34,Ext2,AUTO_GG_G1_G3,glia_glia,0.9980656635780986,True,0.0006730643189137003,20260817
no_tripartite,34,Ext2,AUTO_GG_G2_G5,glia_glia,1.0,True,1.0,20260817
no_tripartite,35,Ext2,AUTO_GG_G0_G1,glia_glia,0.9974324059199517,True,0.0005384514551309603,20260817
no_tripartite,35,Ext2,AUTO_GG_G1_G3,glia_glia,0.9977533551799578,True,0.0005384514551309603,20260817
no_tripartite,35,Ext2,AUTO_GG_G2_G5,glia_glia,1.0,True,1.0,20260817
no_tripartite,36,Ext2,AUTO_GG_G0_G1,glia_glia,0.9970668668130801,True,0.00043076116410476823,20260817
no_tripartite,36,Ext2,AUTO_GG_G1_G3,glia_glia,0.9974335084614451,True,0.00043076116410476823,20260817
no_tripartite,36,Ext2,AUTO_GG_G2_G5,glia_glia,1.0,True,1.0,20260817
no_tripartite,37,Ext2,AUTO_GG_G0_G1,glia_glia,0.9966944355275829,True,0.0003446089312838146,20260817
no_tripartite,37,Ext2,AUTO_GG_G1_G3,glia_glia,0.9971076310866349,True,0.0003446089312838146,20260817
no_tripartite,37,Ext2,AUTO_GG_G2_G5,glia_glia,1.0,True,1.0,20260817
no_tripartite,38,Ext2,AUTO_GG_G0_G1,glia_glia,0.996316490499185,True,0.00027568714502705167,20260817
no_tripartite,38,Ext2,AUTO_GG_G1_G3,glia_glia,0.9967769291867868,True,0.00027568714502705167,20260817
no_tripartite,38,Ext2,AUTO_GG_G2_G5,glia_glia,1.0,True,1.0,20260817
no_tripartite,39,Ext2,AUTO_GG_G0_G1,glia_glia,0.9959341344764667,True,0.00022054971602164134,20260817
no_tripartite,39,Ext2,AUTO_GG_G1_G3,glia_glia,0.9964423676669083,True,0.00022054971602164134,20260817
no_tripartite,39,Ext2,AUTO_GG_G2_G5,glia_glia,1.0,True,1.0,20260817
no_tripartite,40,Ext2,AUTO_GG_G0_G1,glia_glia,0.9955482496582921,True,0.0001764397728173131,20260817
no_tripartite,40,Ext2,AUTO_GG_G1_G3,glia_glia,0.9961047184510056,True,0.0001764397728173131,20260817
no_tripartite,40,Ext2,AUTO_GG_G2_G5,glia_glia,1.0,True,1.0,20260817
no_tripartite,41,Ext2,AUTO_GG_G0_G1,glia_glia,0.9951595418037524,True,0.00014115181825385048,20260817
no_tripartite,41,Ext2,AUTO_GG_G1_G3,glia_glia,0.9957645990782833,True,0.00014115181825385048,20260817
no_tripartite,41,Ext2,AUTO_GG_G2_G5,glia_glia,1.0,True,1.0,20260817
no_tripartite,42,Ext2,AUTO_GG_G0_G1,glia_glia,0.9947685755201207,True,0.00011292145460308038,20260817
no_tripartite,42,Ext2,AUTO_GG_G1_G3,glia_glia,0.9954225035801055,True,0.00011292145460308038,20260817
no_tripartite,42,Ext2,AUTO_GG_G2_G5,glia_glia,1.0,True,1.0,20260817
no_tripartite,43,Ext2,AUTO_GG_G0_G1,glia_glia,0.9943758024932152,True,9.033716368246431e-05,20260817
no_tripartite,43,Ext2,AUTO_GG_G1_G3,glia_glia,0.9950788271815633,True,9.033716368246431e-05,20260817
no_tripartite,43,Ext2,AUTO_GG_G2_G5,glia_glia,1.0,True,1.0,20260817
no_tripartite,44,Ext2,AUTO_GG_G0_G1,glia_glia,0.9939815840716909,True,7.226973094597146e-05,20260817
no_tripartite,44,Ext2,AUTO_GG_G1_G3,glia_glia,0.9947338860627295,True,7.226973094597146e-05,20260817
no_tripartite,44,Ext2,AUTO_GG_G2_G5,glia_glia,1.0,True,1.0,20260817
no_tripartite,45,Ext2,AUTO_GG_G0_G1,glia_glia,0.9935862093344714,True,5.781578475677717e-05,20260817
no_tripartite,45,Ext2,AUTO_GG_G1_G3,glia_glia,0.9943879331676625,True,5.781578475677717e-05,20260817
no_tripartite,45,Ext2,AUTO_GG_G2_G5,glia_glia,1.0,True,1.0,20260817
no_tripartite,46,Ext2,AUTO_GG_G0_G1,glia_glia,0.9931899095446959,True,4.6252627805421734e-05,20260817
no_tripartite,46,Ext2,AUTO_GG_G1_G3,glia_glia,0.9940411708516089,True,4.6252627805421734e-05,20260817
no_tripartite,46,Ext2,AUTO_GG_G2_G5,glia_glia,1.0,True,1.0,20260817
no_tripartite,47,Ext2,AUTO_GG_G0_G1,glia_glia,0.9927928697128754,True,3.700210224433739e-05,20260817
no_tripartite,47,Ext2,AUTO_GG_G1_G3,glia_glia,0.993693760998766,True,3.700210224433739e-05,20260817
no_tripartite,47,Ext2,AUTO_GG_G2_G5,glia_glia,1.0,True,1.0,20260817
no_tripartite,48,Ext2,AUTO_GG_G0_G1,glia_glia,0.992395237847419,True,2.960168179546991e-05,20260817
no_tripartite,48,Ext2,AUTO_GG_G1_G3,glia_glia,0.9933458331164917,True,2.960168179546991e-05,20260817
no_tripartite,48,Ext2,AUTO_GG_G2_G5,glia_glia,1.0,True,1.0,20260817
no_tripartite,49,Ext2,AUTO_GG_G0_G1,glia_glia,0.9919971323550539,True,2.368134543637593e-05,20260817
no_tripartite,49,Ext2,AUTO_GG_G1_G3,glia_glia,0.9929974908106722,True,2.368134543637593e-05,20260817
no_tripartite,49,Ext2,AUTO_GG_G2_G5,glia_glia,1.0,True,1.0,20260817
no_tripartite,50,Ext2,AUTO_GG_G0_G1,glia_glia,0.9915986479611618,True,1.8945076349100747e-05,20260817
no_tripartite,50,Ext2,AUTO_GG_G1_G3,glia_glia,0.9926488169660167,True,1.8945076349100747e-05,20260817
no_tripartite,50,Ext2,AUTO_GG_G2_G5,glia_glia,1.0,True,1.0,20260817
no_tripartite,51,Ext2,AUTO_GG_G0_G1,glia_glia,0.9911998604460481,True,1.5156061079280599e-05,20260817
no_tripartite,51,Ext2,AUTO_GG_G1_G3,glia_glia,0.9922998778902923,True,1.5156061079280599e-05,20260817
no_tripartite,51,Ext2,AUTO_GG_G2_G5,glia_glia,1.0,True,1.0,20260817
no_tripartite,52,Ext2,AUTO_GG_G0_G1,glia_glia,0.9908008304339572,True,1.2124848863424479e-05,20260817
no_tripartite,52,Ext2,AUTO_GG_G1_G3,glia_glia,0.9919507266297127,True,1.2124848863424479e-05,20260817
no_tripartite,52,Ext2,AUTO_GG_G2_G5,glia_glia,1.0,True,1.0,20260817
no_tripartite,53,Ext2,AUTO_GG_G0_G1,glia_glia,0.9904016064242844,True,9.699879090739585e-06,20260817
no_tripartite,53,Ext2,AUTO_GG_G1_G3,glia_glia,0.9916014056212491,True,9.699879090739585e-06,20260817
no_tripartite,53,Ext2,AUTO_GG_G2_G5,glia_glia,1.0,True,1.0,20260817
no_tripartite,54,E-Ret,AUTO_GG_G0_G1,glia_glia,0.9904016064242844,True,9.699879090739585e-06,20260817
no_tripartite,54,E-Ret,AUTO_GG_G1_G3,glia_glia,0.9916014056212491,True,9.699879090739585e-06,20260817
no_tripartite,54,E-Ret,AUTO_GG_G2_G5,glia_glia,1.0,True,1.0,20260817
no_tripartite,55,E-Ret,AUTO_GG_G0_G1,glia_glia,0.9904016064242844,True,9.699879090739585e-06,20260817
no_tripartite,55,E-Ret,AUTO_GG_G1_G3,glia_glia,0.9916014056212491,True,9.699879090739585e-06,20260817
no_tripartite,55,E-Ret,AUTO_GG_G2_G5,glia_glia,1.0,True,1.0,20260817
no_tripartite,56,E-Ret,AUTO_GG_G0_G1,glia_glia,0.9904016064242844,True,9.699879090739585e-06,20260817
no_tripartite,56,E-Ret,AUTO_GG_G1_G3,glia_glia,0.9916014056212491,True,9.699879090739585e-06,20260817
no_tripartite,56,E-Ret,AUTO_GG_G2_G5,glia_glia,1.0,True,1.0,20260817
no_tripartite,57,E-Ret,AUTO_GG_G0_G1,glia_glia,0.9904016064242844,True,9.699879090739585e-06,20260817
no_tripartite,57,E-Ret,AUTO_GG_G1_G3,glia_glia,0.9916014056212491,True,9.699879090739585e-06,20260817
no_tripartite,57,E-Ret,AUTO_GG_G2_G5,glia_glia,1.0,True,1.0,20260817
no_tripartite,58,E-Ret,AUTO_GG_G0_G1,glia_glia,0.9904016064242844,True,9.699879090739585e-06,20260817
no_tripartite,58,E-Ret,AUTO_GG_G1_G3,glia_glia,0.9916014056212491,True,9.699879090739585e-06,20260817
no_tripartite,58,E-Ret,AUTO_GG_G2_G5,glia_glia,1.0,True,1.0,20260817
no_tripartite,59,F-Ren,AUTO_GG_G0_G1,glia_glia,0.9904016064242844,True,9.699879090739585e-06,20260817
no_tripartite,59,F-Ren,AUTO_GG_G1_G3,glia_glia,0.9916014056212491,True,9.699879090739585e-06,20260817
no_tripartite,59,F-Ren,AUTO_GG_G2_G5,glia_glia,1.0,True,1.0,20260817
no_tripartite,60,F-Ren,AUTO_GG_G0_G1,glia_glia,0.9904016064242844,True,9.699879090739585e-06,20260817
no_tripartite,60,F-Ren,AUTO_GG_G1_G3,glia_glia,0.9916014056212491,True,9.699879090739585e-06,20260817
no_tripartite,60,F-Ren,AUTO_GG_G2_G5,glia_glia,1.0,True,1.0,20260817
no_tripartite,61,F-Ren,AUTO_GG_G0_G1,glia_glia,0.9904016064242844,True,9.699879090739585e-06,20260817
no_tripartite,61,F-Ren,AUTO_GG_G1_G3,glia_glia,0.9916014056212491,True,9.699879090739585e-06,20260817
no_tripartite,61,F-Ren,AUTO_GG_G2_G5,glia_glia,1.0,True,1.0,20260817
no_tripartite,62,F-Ren,AUTO_GG_G0_G1,glia_glia,0.9904016064242844,True,9.699879090739585e-06,20260817
no_tripartite,62,F-Ren,AUTO_GG_G1_G3,glia_glia,0.9916014056212491,True,9.699879090739585e-06,20260817
no_tripartite,62,F-Ren,AUTO_GG_G2_G5,glia_glia,1.0,True,1.0,20260817
no_tripartite,63,F-Ren,AUTO_GG_G0_G1,glia_glia,0.9904016064242844,True,9.699879090739585e-06,20260817
no_tripartite,63,F-Ren,AUTO_GG_G1_G3,glia_glia,0.9916014056212491,True,9.699879090739585e-06,20260817
no_tripartite,63,F-Ren,AUTO_GG_G2_G5,glia_glia,1.0,True,1.0,20260817
no_glia_glia,1,F-Con,AUTO_TRI_N0_G1_N4,tripartite,0.0,False,0.002220606289620657,20260817
no_glia_glia,1,F-Con,AUTO_TRI_N3_G2_N5,tripartite,0.0,False,0.0,20260817
no_glia_glia,1,F-Con,AUTO_TRI_N3_G2_N9,tripartite,0.0,False,0.0,20260817
no_glia_glia,2,F-Con,AUTO_TRI_N0_G1_N4,tripartite,0.0,False,0.0042191519502792485,20260817
no_glia_glia,2,F-Con,AUTO_TRI_N3_G2_N5,tripartite,0.0,False,0.0,20260817
no_glia_glia,2,F-Con,AUTO_TRI_N3_G2_N9,tripartite,0.0,False,0.0,20260817
no_glia_glia,3,F-Con,AUTO_TRI_N0_G1_N4,tripartite,0.0,False,0.00601784304487198,20260817
no_glia_glia,3,F-Con,AUTO_TRI_N3_G2_N5,tripartite,0.0,False,0.0,20260817
no_glia_glia,3,F-Con,AUTO_TRI_N3_G2_N9,tripartite,0.0,False,0.0,20260817
no_glia_glia,4,Ext1,AUTO_TRI_N0_G1_N4,tripartite,0.0,False,0.00763666503000544,20260817
no_glia_glia,4,Ext1,AUTO_TRI_N3_G2_N5,tripartite,0.0,False,0.004719964433221858,20260817
no_glia_glia,4,Ext1,AUTO_TRI_N3_G2_N9,tripartite,0.0,False,0.004719964433221858,20260817
no_glia_glia,5,Ext1,AUTO_TRI_N0_G1_N4,tripartite,0.0,False,0.009093604816625554,20260817
no_glia_glia,5,Ext1,AUTO_TRI_N3_G2_N5,tripartite,0.0,False,0.005620449651202916,20260817
no_glia_glia,5,Ext1,AUTO_TRI_N3_G2_N9,tripartite,0.0,False,0.005620449651202916,20260817
no_glia_glia,6,Ext1,AUTO_TRI_N0_G1_N4,tripartite,0.0,False,0.010404850624583656,20260817
no_glia_glia,6,Ext1,AUTO_TRI_N3_G2_N5,tripartite,0.0,False,0.006430886347385869,20260817
no_glia_glia,6,Ext1,AUTO_TRI_N3_G2_N9,tripartite,0.0,False,0.006430886347385869,20260817
no_glia_glia,7,Ext1,AUTO_TRI_N0_G1_N4,tripartite,0.0,False,0.011584971851745948,20260817
no_glia_glia,7,Ext1,AUTO_TRI_N3_G2_N5,tripartite,0.0,False,0.007160279373950527,20260817
no_glia_glia,7,Ext1,AUTO_TRI_N3_G2_N9,tripartite,0.0,False,0.007160279373950527,20260817
no_glia_glia,8,Ext1,AUTO_TRI_N0_G1_N4,tripartite,0.0,False,0.01264708095619201,20260817
no_glia_glia,8,Ext1,AUTO_TRI_N3_G2_N5,tripartite,0.0,False,0.007816733097858719,20260817
no_glia_glia,8,Ext1,AUTO_TRI_N3_G2_N9,tripartite,0.0,False,0.007816733097858719,20260817
no_glia_glia,9,Ext1,AUTO_TRI_N0_G1_N4,tripartite,0.0,False,0.013602979150193466,20260817
no_glia_glia,9,Ext1,AUTO_TRI_N3_G2_N5,tripartite,0.0,False,0.008407541449376091,20260817
no_glia_glia,9,Ext1,AUTO_TRI_N3_G2_N9,tripartite,0.0,False,0.008407541449376091,20260817
no_glia_glia,10,Ext1,AUTO_TRI_N0_G1_N4,tripartite,0.0,False,0.014463287524794777,20260817
no_glia_glia,10,Ext1,AUTO_TRI_N3_G2_N5,tripartite,0.0,False,0.008939268965741726,20260817
no_glia_glia,10,Ext1,AUTO_TRI_N3_G2_N9,tripartite,0.0,False,0.008939268965741726,20260817
no_glia_glia,11,Ext1,AUTO_TRI_N0_G1_N4,tripartite,0.0,False,0.015237565061935956,20260817
no_glia_glia,11,Ext1,AUTO_TRI_N3_G2_N5,tripartite,0.0,False,0.009417823730470799,20260817
no_glia_glia,11,Ext1,AUTO_TRI_N3_G2_N9,tripartite,0.0,False,0.009417823730470799,20260817
no_glia_glia,12,Ext1,AUTO_TRI_N0_G1_N4,tripartite,0.0,False,0.015934414845363017,20260817
no_glia_glia,12,Ext1,AUTO_TRI_N3_G2_N5,tripartite,0.0,False,0.009848523018726964,20260817
no_glia_glia,12,Ext1,AUTO_TRI_N3_G2_N9,tripartite,0.0,False,0.009848523018726964,20260817
no_glia_glia,13,Ext1,AUTO_TRI_N0_G1_N4,tripartite,0.0,False,0.016561579650447373,20260817
no_glia_glia,13,Ext1,AUTO_TRI_N3_G2_N5,tripartite,0.0,False,0.010236152378157512,20260817
no_glia_glia,13,Ext1,AUTO_TRI_N3_G2_N9,tripartite,0.0,False,0.010236152378157512,20260817
no_glia_glia,14,Ext1,AUTO_TRI_N0_G1_N4,tripartite,0.0,False,0.017126027975023293,20260817
no_glia_glia,14,Ext1,AUTO_TRI_N3_G2_N5,tripartite,0.0,False,0.010585018801645005,20260817
no_glia_glia,14,Ext1,AUTO_TRI_N3_G2_N9,tripartite,0.0,False,0.010585018801645005,20260817
no_glia_glia,15,Ext1,AUTO_TRI_N0_G1_N4,tripartite,0.0,False,0.017634031467141622,20260817
no_glia_glia,15,Ext1,AUTO_TRI_N3_G2_N5,tripartite,0.0,False,0.01089899858278375,20260817
no_glia_glia,15,Ext1,AUTO_TRI_N3_G2_N9,tripartite,0.0,False,0.01089899858278375,20260817
no_glia_glia,16,Ext1,AUTO_TRI_N0_G1_N4,tripartite,0.0,False,0.018091234610048117,20260817
no_glia_glia,16,Ext1,AUTO_TRI_N3_G2_N5,tripartite,0.0,False,0.01118158038580862,20260817
no_glia_glia,16,Ext1,AUTO_TRI_N3_G2_N9,tripartite,0.0,False,0.01118158038580862,20260817
no_glia_glia,17,Ext1,AUTO_TRI_N0_G1_N4,tripartite,0.0,False,0.018502717438663965,20260817
no_glia_glia,17,Ext1,AUTO_TRI_N3_G2_N5,tripartite,0.0,False,0.011435904008531003,20260817
no_glia_glia,17,Ext1,AUTO_TRI_N3_G2_N9,tripartite,0.0,False,0.011435904008531003,20260817
no_glia_glia,18,Ext1,AUTO_TRI_N0_G1_N4,tripartite,0.0,False,0.018873051984418226,20260817
no_glia_glia,18,Ext1,AUTO_TRI_N3_G2_N5,tripartite,0.0,False,0.011664795268981147,20260817
no_glia_glia,18,Ext1,AUTO_TRI_N3_G2_N9,tripartite,0.0,False,0.011664795268981147,20260817
no_glia_glia,19,Ext1,AUTO_TRI_N0_G1_N4,tripartite,0.0,False,0.01912963850013795,20260817
no_glia_glia,19,Ext1,AUTO_TRI_N3_G2_N5,tripartite,0.0,False,0.011870797403386276,20260817
no_glia_glia,19,Ext1,AUTO_TRI_N3_G2_N9,tripartite,0.0,False,0.011870797403386276,20260817
no_glia_glia,20,Ext1,AUTO_TRI_N0_G1_N4,tripartite,0.0,False,0.01530371080011036,20260817
no_glia_glia,20,Ext1,AUTO_TRI_N3_G2_N5,tripartite,0.0,False,0.012056199324350893,20260817
no_glia_glia,20,Ext1,AUTO_TRI_N3_G2_N9,tripartite,0.0,False,0.012056199324350893,20260817
no_glia_glia,21,Ext1,AUTO_TRI_N0_G1_N4,tripartite,0.0,False,0.012242968640088288,20260817
no_glia_glia,21,Ext1,AUTO_TRI_N3_G2_N5,tripartite,0.0,False,0.01222306105321905,20260817
no_glia_glia,21,Ext1,AUTO_TRI_N3_G2_N9,tripartite,0.0,False,0.01222306105321905,20260817
no_glia_glia,22,Ext1,AUTO_TRI_N0_G1_N4,tripartite,0.0,False,0.00979437491207063,20260817
no_glia_glia,22,Ext1,AUTO_TRI_N3_G2_N5,tripartite,0.0,False,0.012373236609200389,20260817
no_glia_glia,22,Ext1,AUTO_TRI_N3_G2_N9,tripartite,0.0,False,0.012373236609200389,20260817
no_glia_glia,23,Ext1,AUTO_TRI_N0_G1_N4,tripartite,0.0,False,0.007835499929656506,20260817
no_glia_glia,23,Ext1,AUTO_TRI_N3_G2_N5,tripartite,0.0,False,0.012508394609583594,20260817
no_glia_glia,23,Ext1,AUTO_TRI_N3_G2_N9,tripartite,0.0,False,0.012508394609583594,20260817
no_glia_glia,24,Ext1,AUTO_TRI_N0_G1_N4,tripartite,0.0,False,0.006268399943725205,20260817
no_glia_glia,24,Ext1,AUTO_TRI_N3_G2_N5,tripartite,0.0,False,0.012630036809928481,20260817
no_glia_glia,24,Ext1,AUTO_TRI_N3_G2_N9,tripartite,0.0,False,0.012630036809928481,20260817
no_glia_glia,25,Ext1,AUTO_TRI_N0_G1_N4,tripartite,0.0,False,0.005014719954980164,20260817
no_glia_glia,25,Ext1,AUTO_TRI_N3_G2_N5,tripartite,0.0,False,0.012739514790238878,20260817
no_glia_glia,25,Ext1,AUTO_TRI_N3_G2_N9,tripartite,0.0,False,0.012739514790238878,20260817
no_glia_glia,26,Ext1,AUTO_TRI_N0_G1_N4,tripartite,0.0,False,0.004011775963984132,20260817
no_glia_glia,26,Ext1,AUTO_TRI_N3_G2_N5,tripartite,0.0,False,0.012838044972518236,20260817
no_glia_glia,26,Ext1,AUTO_TRI_N3_G2_N9,tripartite,0.0,False,0.012838044972518236,20260817
no_glia_glia,27,Ext1,AUTO_TRI_N0_G1_N4,tripartite,0.0,False,0.0032094207711873056,20260817
no_glia_glia,27,Ext1,AUTO_TRI_N3_G2_N5,tripartite,0.0,False,0.012926722136569658,20260817
no_glia_glia,27,Ext1,AUTO_TRI_N3_G2_N9,tripartite,0.0,False,0.012926722136569658,20260817
no_glia_glia,28,Ext1,AUTO_TRI_N0_G1_N4,tripartite,0.0,False,0.0025675366169498445,20260817
no_glia_glia,28,Ext1,AUTO_TRI_N3_G2_N5,tripartite,0.0,False,0.013006531584215938,20260817
no_glia_glia,28,Ext1,AUTO_TRI_N3_G2_N9,tripartite,0.0,False,0.013006531584215938,20260817
no_glia_glia,29,Ext2,AUTO_TRI_N0_G1_N4,tripartite,0.0,False,0.002054029293559876,20260817
no_glia_glia,29,Ext2,AUTO_TRI_N3_G2_N5,tripartite,0.0,False,0.013078360087097589,20260817
no_glia_glia,29,Ext2,AUTO_TRI_N3_G2_N9,tripartite,0.0,False,0.013078360087097589,20260817
no_glia_glia,30,Ext2,AUTO_TRI_N0_G1_N4,tripartite,0.0,False,0.0016432234348479008,20260817
no_glia_glia,30,Ext2,AUTO_TRI_N3_G2_N5,tripartite,0.0,False,0.013143005739691075,20260817
no_glia_glia,30,Ext2,AUTO_TRI_N3_G2_N9,tripartite,0.0,False,0.013143005739691075,20260817
no_glia_glia,31,Ext2,AUTO_TRI_N0_G1_N4,tripartite,0.0,False,0.0013145787478783207,20260817
no_glia_glia,31,Ext2,AUTO_TRI_N3_G2_N5,tripartite,0.0,False,0.013201186827025212,20260817
no_glia_glia,31,Ext2,AUTO_TRI_N3_G2_N9,tripartite,0.0,False,0.013201186827025212,20260817
no_glia_glia,32,Ext2,AUTO_TRI_N0_G1_N4,tripartite,0.0,False,0.0010516629983026566,20260817
no_glia_glia,32,Ext2,AUTO_TRI_N3_G2_N5,tripartite,0.0,False,0.013253549805625936,20260817
no_glia_glia,32,Ext2,AUTO_TRI_N3_G2_N9,tripartite,0.0,False,0.013253549805625936,20260817
no_glia_glia,33,Ext2,AUTO_TRI_N0_G1_N4,tripartite,0.0,False,0.0008413303986421253,20260817
no_glia_glia,33,Ext2,AUTO_TRI_N3_G2_N5,tripartite,0.0,False,0.013300676486366587,20260817
no_glia_glia,33,Ext2,AUTO_TRI_N3_G2_N9,tripartite,0.0,False,0.013300676486366587,20260817
no_glia_glia,34,Ext2,AUTO_TRI_N0_G1_N4,tripartite,0.0,False,0.0006730643189137003,20260817
no_glia_glia,34,Ext2,AUTO_TRI_N3_G2_N5,tripartite,0.0,False,0.013343090499033173,20260817
no_glia_glia,34,Ext2,AUTO_TRI_N3_G2_N9,tripartite,0.0,False,0.013343090499033173,20260817
no_glia_glia,35,Ext2,AUTO_TRI_N0_G1_N4,tripartite,0.0,False,0.0005384514551309603,20260817
no_glia_glia,35,Ext2,AUTO_TRI_N3_G2_N5,tripartite,0.0,False,0.013381263110433101,20260817
no_glia_glia,35,Ext2,AUTO_TRI_N3_G2_N9,tripartite,0.0,False,0.013381263110433101,20260817
no_glia_glia,36,Ext2,AUTO_TRI_N0_G1_N4,tripartite,0.0,False,0.00043076116410476823,20260817
no_glia_glia,36,Ext2,AUTO_TRI_N3_G2_N5,tripartite,0.0,False,0.013415618460693036,20260817
no_glia_glia,36,Ext2,AUTO_TRI_N3_G2_N9,tripartite,0.0,False,0.013415618460693036,20260817
no_glia_glia,37,Ext2,AUTO_TRI_N0_G1_N4,tripartite,0.0,False,0.0003446089312838146,20260817
no_glia_glia,37,Ext2,AUTO_TRI_N3_G2_N5,tripartite,0.0,False,0.013446538275926978,20260817
no_glia_glia,37,Ext2,AUTO_TRI_N3_G2_N9,tripartite,0.0,False,0.013446538275926978,20260817
no_glia_glia,38,Ext2,AUTO_TRI_N0_G1_N4,tripartite,0.0,False,0.00027568714502705167,20260817
no_glia_glia,38,Ext2,AUTO_TRI_N3_G2_N5,tripartite,0.0,False,0.013474366109637526,20260817
no_glia_glia,38,Ext2,AUTO_TRI_N3_G2_N9,tripartite,0.0,False,0.013474366109637526,20260817
no_glia_glia,39,Ext2,AUTO_TRI_N0_G1_N4,tripartite,0.0,False,0.00022054971602164134,20260817
no_glia_glia,39,Ext2,AUTO_TRI_N3_G2_N5,tripartite,0.0,False,0.013499411159977019,20260817
no_glia_glia,39,Ext2,AUTO_TRI_N3_G2_N9,tripartite,0.0,False,0.013499411159977019,20260817
no_glia_glia,40,Ext2,AUTO_TRI_N0_G1_N4,tripartite,0.0,False,0.0001764397728173131,20260817
no_glia_glia,40,Ext2,AUTO_TRI_N3_G2_N5,tripartite,0.0,False,0.013521951705282562,20260817
no_glia_glia,40,Ext2,AUTO_TRI_N3_G2_N9,tripartite,0.0,False,0.013521951705282562,20260817
no_glia_glia,41,Ext2,AUTO_TRI_N0_G1_N4,tripartite,0.0,False,0.00014115181825385048,20260817
no_glia_glia,41,Ext2,AUTO_TRI_N3_G2_N5,tripartite,0.0,False,0.013542238196057552,20260817
no_glia_glia,41,Ext2,AUTO_TRI_N3_G2_N9,tripartite,0.0,False,0.013542238196057552,20260817
no_glia_glia,42,Ext2,AUTO_TRI_N0_G1_N4,tripartite,0.0,False,0.00011292145460308038,20260817
no_glia_glia,42,Ext2,AUTO_TRI_N3_G2_N5,tripartite,0.0,False,0.013560496037755042,20260817
no_glia_glia,42,Ext2,AUTO_TRI_N3_G2_N9,tripartite,0.0,False,0.013560496037755042,20260817
no_glia_glia,43,Ext2,AUTO_TRI_N0_G1_N4,tripartite,0.0,False,9.033716368246431e-05,20260817
no_glia_glia,43,Ext2,AUTO_TRI_N3_G2_N5,tripartite,0.0,False,0.013576928095282784,20260817
no_glia_glia,43,Ext2,AUTO_TRI_N3_G2_N9,tripartite,0.0,False,0.013576928095282784,20260817
no_glia_glia,44,Ext2,AUTO_TRI_N0_G1_N4,tripartite,0.0,False,7.226973094597146e-05,20260817
no_glia_glia,44,Ext2,AUTO_TRI_N3_G2_N5,tripartite,0.0,False,0.01359171694705775,20260817
no_glia_glia,44,Ext2,AUTO_TRI_N3_G2_N9,tripartite,0.0,False,0.01359171694705775,20260817
no_glia_glia,45,Ext2,AUTO_TRI_N0_G1_N4,tripartite,0.0,False,5.781578475677717e-05,20260817
no_glia_glia,45,Ext2,AUTO_TRI_N3_G2_N5,tripartite,0.0,False,0.01360502691365522,20260817
no_glia_glia,45,Ext2,AUTO_TRI_N3_G2_N9,tripartite,0.0,False,0.01360502691365522,20260817
no_glia_glia,46,Ext2,AUTO_TRI_N0_G1_N4,tripartite,0.0,False,4.6252627805421734e-05,20260817
no_glia_glia,46,Ext2,AUTO_TRI_N3_G2_N5,tripartite,0.0,False,0.013617005883592943,20260817
no_glia_glia,46,Ext2,AUTO_TRI_N3_G2_N9,tripartite,0.0,False,0.013617005883592943,20260817
no_glia_glia,47,Ext2,AUTO_TRI_N0_G1_N4,tripartite,0.0,False,3.700210224433739e-05,20260817
no_glia_glia,47,Ext2,AUTO_TRI_N3_G2_N5,tripartite,0.0,False,0.013627786956536894,20260817
no_glia_glia,47,Ext2,AUTO_TRI_N3_G2_N9,tripartite,0.0,False,0.013627786956536894,20260817
no_glia_glia,48,Ext2,AUTO_TRI_N0_G1_N4,tripartite,0.0,False,2.960168179546991e-05,20260817
no_glia_glia,48,Ext2,AUTO_TRI_N3_G2_N5,tripartite,0.0,False,0.01363748992218645,20260817
no_glia_glia,48,Ext2,AUTO_TRI_N3_G2_N9,tripartite,0.0,False,0.01363748992218645,20260817
no_glia_glia,49,Ext2,AUTO_TRI_N0_G1_N4,tripartite,0.0,False,2.368134543637593e-05,20260817
no_glia_glia,49,Ext2,AUTO_TRI_N3_G2_N5,tripartite,0.0,False,0.013646222591271049,20260817
no_glia_glia,49,Ext2,AUTO_TRI_N3_G2_N9,tripartite,0.0,False,0.013646222591271049,20260817
no_glia_glia,50,Ext2,AUTO_TRI_N0_G1_N4,tripartite,0.0,False,1.8945076349100747e-05,20260817
no_glia_glia,50,Ext2,AUTO_TRI_N3_G2_N5,tripartite,0.0,False,0.01365408199344719,20260817
no_glia_glia,50,Ext2,AUTO_TRI_N3_G2_N9,tripartite,0.0,False,0.01365408199344719,20260817
no_glia_glia,51,Ext2,AUTO_TRI_N0_G1_N4,tripartite,0.0,False,1.5156061079280599e-05,20260817
no_glia_glia,51,Ext2,AUTO_TRI_N3_G2_N5,tripartite,0.0,False,0.013661155455405716,20260817
no_glia_glia,51,Ext2,AUTO_TRI_N3_G2_N9,tripartite,0.0,False,0.013661155455405716,20260817
no_glia_glia,52,Ext2,AUTO_TRI_N0_G1_N4,tripartite,0.0,False,1.2124848863424479e-05,20260817
no_glia_glia,52,Ext2,AUTO_TRI_N3_G2_N5,tripartite,0.0,False,0.013667521571168389,20260817
no_glia_glia,52,Ext2,AUTO_TRI_N3_G2_N9,tripartite,0.0,False,0.013667521571168389,20260817
no_glia_glia,53,Ext2,AUTO_TRI_N0_G1_N4,tripartite,0.0,False,9.699879090739585e-06,20260817
no_glia_glia,53,Ext2,AUTO_TRI_N3_G2_N5,tripartite,0.0,False,0.013673251075354794,20260817
no_glia_glia,53,Ext2,AUTO_TRI_N3_G2_N9,tripartite,0.0,False,0.013673251075354794,20260817
no_glia_glia,54,E-Ret,AUTO_TRI_N0_G1_N4,tripartite,0.0,False,9.699879090739585e-06,20260817
no_glia_glia,54,E-Ret,AUTO_TRI_N3_G2_N5,tripartite,0.0,False,0.013673251075354794,20260817
no_glia_glia,54,E-Ret,AUTO_TRI_N3_G2_N9,tripartite,0.0,False,0.013673251075354794,20260817
no_glia_glia,55,E-Ret,AUTO_TRI_N0_G1_N4,tripartite,0.0,False,9.699879090739585e-06,20260817
no_glia_glia,55,E-Ret,AUTO_TRI_N3_G2_N5,tripartite,0.0,False,0.013673251075354794,20260817
no_glia_glia,55,E-Ret,AUTO_TRI_N3_G2_N9,tripartite,0.0,False,0.013673251075354794,20260817
no_glia_glia,56,E-Ret,AUTO_TRI_N0_G1_N4,tripartite,0.0,False,9.699879090739585e-06,20260817
no_glia_glia,56,E-Ret,AUTO_TRI_N3_G2_N5,tripartite,0.0,False,0.013673251075354794,20260817
no_glia_glia,56,E-Ret,AUTO_TRI_N3_G2_N9,tripartite,0.0,False,0.013673251075354794,20260817
no_glia_glia,57,E-Ret,AUTO_TRI_N0_G1_N4,tripartite,0.0,False,9.699879090739585e-06,20260817
no_glia_glia,57,E-Ret,AUTO_TRI_N3_G2_N5,tripartite,0.0,False,0.013673251075354794,20260817
no_glia_glia,57,E-Ret,AUTO_TRI_N3_G2_N9,tripartite,0.0,False,0.013673251075354794,20260817
no_glia_glia,58,E-Ret,AUTO_TRI_N0_G1_N4,tripartite,0.0,False,9.699879090739585e-06,20260817
no_glia_glia,58,E-Ret,AUTO_TRI_N3_G2_N5,tripartite,0.0,False,0.013673251075354794,20260817
no_glia_glia,58,E-Ret,AUTO_TRI_N3_G2_N9,tripartite,0.0,False,0.013673251075354794,20260817
no_glia_glia,59,F-Ren,AUTO_TRI_N0_G1_N4,tripartite,0.0,False,9.699879090739585e-06,20260817
no_glia_glia,59,F-Ren,AUTO_TRI_N3_G2_N5,tripartite,0.0,False,0.013673251075354794,20260817
no_glia_glia,59,F-Ren,AUTO_TRI_N3_G2_N9,tripartite,0.0,False,0.013673251075354794,20260817
no_glia_glia,60,F-Ren,AUTO_TRI_N0_G1_N4,tripartite,0.0,False,9.699879090739585e-06,20260817
no_glia_glia,60,F-Ren,AUTO_TRI_N3_G2_N5,tripartite,0.0,False,0.013673251075354794,20260817
no_glia_glia,60,F-Ren,AUTO_TRI_N3_G2_N9,tripartite,0.0,False,0.013673251075354794,20260817
no_glia_glia,61,F-Ren,AUTO_TRI_N0_G1_N4,tripartite,0.0,False,9.699879090739585e-06,20260817
no_glia_glia,61,F-Ren,AUTO_TRI_N3_G2_N5,tripartite,0.0,False,0.013673251075354794,20260817
no_glia_glia,61,F-Ren,AUTO_TRI_N3_G2_N9,tripartite,0.0,False,0.013673251075354794,20260817
no_glia_glia,62,F-Ren,AUTO_TRI_N0_G1_N4,tripartite,0.0,False,9.699879090739585e-06,20260817
no_glia_glia,62,F-Ren,AUTO_TRI_N3_G2_N5,tripartite,0.0,False,0.013673251075354794,20260817
no_glia_glia,62,F-Ren,AUTO_TRI_N3_G2_N9,tripartite,0.0,False,0.013673251075354794,20260817
no_glia_glia,63,F-Ren,AUTO_TRI_N0_G1_N4,tripartite,0.0,False,9.699879090739585e-06,20260817
no_glia_glia,63,F-Ren,AUTO_TRI_N3_G2_N5,tripartite,0.0,False,0.013673251075354794,20260817
no_glia_glia,63,F-Ren,AUTO_TRI_N3_G2_N9,tripartite,0.0,False,0.013673251075354794,20260817
calex_like,1,F-Con,AUTO_GG_G0_G1,glia_glia,0.9593537143165668,True,0.243639236436246,20260817
calex_like,1,F-Con,AUTO_GG_G1_G3,glia_glia,0.404086960657421,True,0.13064578932941684,20260817
calex_like,1,F-Con,AUTO_GG_G2_G5,glia_glia,0.0,False,0.0,20260817
calex_like,1,F-Con,AUTO_TRI_N0_G1_N4,tripartite,0.0,False,0.002220606289620657,20260817
calex_like,1,F-Con,AUTO_TRI_N3_G2_N5,tripartite,0.0,False,0.0,20260817
calex_like,1,F-Con,AUTO_TRI_N3_G2_N9,tripartite,0.0,False,0.0,20260817
calex_like,2,F-Con,AUTO_GG_G0_G1,glia_glia,1.0,True,0.41680761926038906,20260817
calex_like,2,F-Con,AUTO_GG_G1_G3,glia_glia,1.0,True,0.24793464773718882,20260817
calex_like,2,F-Con,AUTO_GG_G2_G5,glia_glia,0.0,False,0.0,20260817
calex_like,2,F-Con,AUTO_TRI_N0_G1_N4,tripartite,0.6563894360681201,True,0.07031074888877795,20260817
calex_like,2,F-Con,AUTO_TRI_N3_G2_N5,tripartite,0.0,False,0.0,20260817
calex_like,2,F-Con,AUTO_TRI_N3_G2_N9,tripartite,0.0,False,0.0,20260817
calex_like,3,F-Con,AUTO_GG_G0_G1,glia_glia,1.0,True,0.5864300569054746,20260817
calex_like,3,F-Con,AUTO_GG_G1_G3,glia_glia,1.0,True,0.35373935863584377,20260817
calex_like,3,F-Con,AUTO_GG_G2_G5,glia_glia,0.0,False,0.0,20260817
calex_like,3,F-Con,AUTO_TRI_N0_G1_N4,tripartite,1.0,True,0.19682409813996554,20260817
calex_like,3,F-Con,AUTO_TRI_N3_G2_N5,tripartite,0.0,False,0.0,20260817
calex_like,3,F-Con,AUTO_TRI_N3_G2_N9,tripartite,0.0,False,0.0,20260817
calex_like,4,Ext1,AUTO_GG_G0_G1,glia_glia,1.0,True,0.54369702695959,20260817
calex_like,4,Ext1,AUTO_GG_G1_G3,glia_glia,1.0,True,0.32089190053215866,20260817
calex_like,4,Ext1,AUTO_GG_G2_G5,glia_glia,0.06509535473930901,False,0.1649830810994733,20260817
calex_like,4,Ext1,AUTO_TRI_N0_G1_N4,tripartite,1.0,True,0.2628926401086236,20260817
calex_like,4,Ext1,AUTO_TRI_N3_G2_N5,tripartite,0.0,False,0.004719964433221858,20260817
calex_like,4,Ext1,AUTO_TRI_N3_G2_N9,tripartite,0.0,False,0.004719964433221858,20260817
calex_like,5,Ext1,AUTO_GG_G0_G1,glia_glia,1.0,True,0.43495762156767204,20260817
calex_like,5,Ext1,AUTO_GG_G1_G3,glia_glia,1.0,True,0.2915123230945291,20260817
calex_like,5,Ext1,AUTO_GG_G2_G5,glia_glia,0.20752652874399613,True,0.31346785408899924,20260817
calex_like,5,Ext1,AUTO_TRI_N0_G1_N4,tripartite,1.0,True,0.3282493454057862,20260817
calex_like,5,Ext1,AUTO_TRI_N3_G2_N5,tripartite,0.0,False,0.005620449651202916,20260817
calex_like,5,Ext1,AUTO_TRI_N3_G2_N9,tripartite,0.0,False,0.005620449651202916,20260817
calex_like,6,Ext1,AUTO_GG_G0_G1,glia_glia,1.0,True,0.34796609725413763,20260817
calex_like,6,Ext1,AUTO_GG_G1_G3,glia_glia,1.0,True,0.2652552556075489,20260817
calex_like,6,Ext1,AUTO_GG_G2_G5,glia_glia,0.4185060170313903,True,0.44508061751179673,20260817
calex_like,6,Ext1,AUTO_TRI_N0_G1_N4,tripartite,1.0,True,0.34796609725413763,20260817
calex_like,6,Ext1,AUTO_TRI_N3_G2_N5,tripartite,0.0,False,0.008817450450784057,20260817
calex_like,6,Ext1,AUTO_TRI_N3_G2_N9,tripartite,0.0,False,0.008817450450784057,20260817
calex_like,7,Ext1,AUTO_GG_G0_G1,glia_glia,1.0,True,0.2783728778033101,20260817
calex_like,7,Ext1,AUTO_GG_G1_G3,glia_glia,1.0,True,0.24180961225465242,20260817
calex_like,7,Ext1,AUTO_GG_G2_G5,glia_glia,0.6881377268443506,True,0.5576928828408838,20260817
calex_like,7,Ext1,AUTO_TRI_N0_G1_N4,tripartite,1.0,True,0.2783728778033101,20260817
calex_like,7,Ext1,AUTO_TRI_N3_G2_N5,tripartite,0.0,False,0.0186069726080006,20260817
calex_like,7,Ext1,AUTO_TRI_N3_G2_N9,tripartite,0.0,False,0.0186069726080006,20260817
calex_like,8,Ext1,AUTO_GG_G0_G1,glia_glia,1.0,True,0.22269830224264808,20260817
calex_like,8,Ext1,AUTO_GG_G1_G3,glia_glia,1.0,True,0.22089514956414327,20260817
calex_like,8,Ext1,AUTO_GG_G2_G5,glia_glia,1.0,True,0.6476757957818747,20260817
calex_like,8,Ext1,AUTO_TRI_N0_G1_N4,tripartite,1.0,True,0.22269830224264808,20260817
calex_like,8,Ext1,AUTO_TRI_N3_G2_N5,tripartite,0.0,False,0.041000440347599164,20260817
calex_like,8,Ext1,AUTO_TRI_N3_G2_N9,tripartite,0.0,False,0.041000440347599164,20260817
calex_like,9,Ext1,AUTO_GG_G0_G1,glia_glia,1.0,True,0.17815864179411847,20260817
calex_like,9,Ext1,AUTO_GG_G1_G3,glia_glia,1.0,True,0.17815864179411847,20260817
calex_like,9,Ext1,AUTO_GG_G2_G5,glia_glia,1.0,True,0.7135422343447728,20260817
calex_like,9,Ext1,AUTO_TRI_N0_G1_N4,tripartite,1.0,True,0.17815864179411847,20260817
calex_like,9,Ext1,AUTO_TRI_N3_G2_N5,tripartite,0.010133884436773048,False,0.07956378441827949,20260817
calex_like,9,Ext1,AUTO_TRI_N3_G2_N9,tripartite,0.010133884436773048,False,0.07956378441827949,20260817
calex_like,10,Ext1,AUTO_GG_G0_G1,glia_glia,1.0,True,0.14252691343529478,20260817
calex_like,10,Ext1,AUTO_GG_G1_G3,glia_glia,1.0,True,0.14252691343529478,20260817
calex_like,10,Ext1,AUTO_GG_G2_G5,glia_glia,1.0,True,0.7728452393561569,20260817
calex_like,10,Ext1,AUTO_TRI_N0_G1_N4,tripartite,1.0,True,0.14252691343529478,20260817
calex_like,10,Ext1,AUTO_TRI_N3_G2_N5,tripartite,0.030469233174460257,False,0.11435806444461172,20260817
calex_like,10,Ext1,AUTO_TRI_N3_G2_N9,tripartite,0.030469233174460257,False,0.11435806444461172,20260817
calex_like,11,Ext1,AUTO_GG_G0_G1,glia_glia,1.0,True,0.11402153074823583,20260817
calex_like,11,Ext1,AUTO_GG_G1_G3,glia_glia,1.0,True,0.11402153074823583,20260817
calex_like,11,Ext1,AUTO_GG_G2_G5,glia_glia,1.0,True,0.8262727160985934,20260817
calex_like,11,Ext1,AUTO_TRI_N0_G1_N4,tripartite,1.0,True,0.11402153074823583,20260817
calex_like,11,Ext1,AUTO_TRI_N3_G2_N5,tripartite,0.06004627466001505,False,0.1458788379239458,20260817
calex_like,11,Ext1,AUTO_TRI_N3_G2_N9,tripartite,0.06004627466001505,False,0.1458788379239458,20260817
calex_like,12,Ext1,AUTO_GG_G0_G1,glia_glia,1.0,True,0.09121722459858866,20260817
calex_like,12,Ext1,AUTO_GG_G1_G3,glia_glia,1.0,True,0.09121722459858866,20260817
calex_like,12,Ext1,AUTO_GG_G2_G5,glia_glia,1.0,True,0.8744532795454076,20260817
calex_like,12,Ext1,AUTO_TRI_N0_G1_N4,tripartite,1.0,True,0.09121722459858866,20260817
calex_like,12,Ext1,AUTO_TRI_N3_G2_N5,tripartite,0.0980464558330073,False,0.17460776078645568,20260817
calex_like,12,Ext1,AUTO_TRI_N3_G2_N9,tripartite,0.0980464558330073,False,0.17460776078645568,20260817
calex_like,13,Ext1,AUTO_GG_G0_G1,glia_glia,1.0,True,0.07297377967887093,20260817
calex_like,13,Ext1,AUTO_GG_G1_G3,glia_glia,1.0,True,0.07297377967887093,20260817
calex_like,13,Ext1,AUTO_GG_G2_G5,glia_glia,1.0,True,0.9179663113271912,20260817
calex_like,13,Ext1,AUTO_TRI_N0_G1_N4,tripartite,1.0,True,0.07297377967887093,20260817
calex_like,13,Ext1,AUTO_TRI_N3_G2_N5,tripartite,0.1437932973406087,False,0.2010294058562832,20260817
calex_like,13,Ext1,AUTO_TRI_N3_G2_N9,tripartite,0.1437932973406087,False,0.2010294058562832,20260817
calex_like,14,Ext1,AUTO_GG_G0_G1,glia_glia,1.0,True,0.05837902374309675,20260817
calex_like,14,Ext1,AUTO_GG_G1_G3,glia_glia,1.0,True,0.05837902374309675,20260817
calex_like,14,Ext1,AUTO_GG_G2_G5,glia_glia,1.0,True,0.9573513667056262,20260817
calex_like,14,Ext1,AUTO_TRI_N0_G1_N4,tripartite,1.0,True,0.05837902374309675,20260817
calex_like,14,Ext1,AUTO_TRI_N3_G2_N5,tripartite,0.19675805245179293,False,0.22564764689707476,20260817
calex_like,14,Ext1,AUTO_TRI_N3_G2_N9,tripartite,0.19675805245179293,False,0.22564764689707476,20260817
calex_like,15,Ext1,AUTO_GG_G0_G1,glia_glia,1.0,True,0.04670321899447741,20260817
calex_like,15,Ext1,AUTO_GG_G1_G3,glia_glia,1.0,True,0.04670321899447741,20260817
calex_like,15,Ext1,AUTO_GG_G2_G5,glia_glia,1.0,True,0.9931169854806743,20260817
calex_like,15,Ext1,AUTO_TRI_N0_G1_N4,tripartite,1.0,True,0.04670321899447741,20260817
calex_like,15,Ext1,AUTO_TRI_N3_G2_N5,tripartite,0.25657002300467263,False,0.24900154242142902,20260817
calex_like,15,Ext1,AUTO_TRI_N3_G2_N9,tripartite,0.25657002300467263,False,0.24900154242142902,20260817
calex_like,16,Ext1,AUTO_GG_G0_G1,glia_glia,1.0,True,0.03736257519558193,20260817
calex_like,16,Ext1,AUTO_GG_G1_G3,glia_glia,1.0,True,0.03736257519558193,20260817
calex_like,16,Ext1,AUTO_GG_G2_G5,glia_glia,1.0,True,1.0,20260817
calex_like,16,Ext1,AUTO_TRI_N0_G1_N4,tripartite,1.0,True,0.03736257519558193,20260817
calex_like,16,Ext1,AUTO_TRI_N3_G2_N5,tripartite,0.3230318004525869,True,0.2716821337955646,20260817
calex_like,16,Ext1,AUTO_TRI_N3_G2_N9,tripartite,0.3230318004525869,True,0.2716821337955646,20260817
calex_like,17,Ext1,AUTO_GG_G0_G1,glia_glia,1.0,True,0.029890060156465545,20260817
calex_like,17,Ext1,AUTO_GG_G1_G3,glia_glia,1.0,True,0.029890060156465545,20260817
calex_like,17,Ext1,AUTO_GG_G2_G5,glia_glia,1.0,True,1.0,20260817
calex_like,17,Ext1,AUTO_TRI_N0_G1_N4,tripartite,1.0,True,0.029890060156465545,20260817
calex_like,17,Ext1,AUTO_TRI_N3_G2_N5,tripartite,0.3961405169430844,True,0.29435294374437526,20260817
calex_like,17,Ext1,AUTO_TRI_N3_G2_N9,tripartite,0.3961405169430844,True,0.29435294374437526,20260817
calex_like,18,Ext1,AUTO_GG_G0_G1,glia_glia,1.0,True,0.023912048125172437,20260817
calex_like,18,Ext1,AUTO_GG_G1_G3,glia_glia,1.0,True,0.023912048125172437,20260817
calex_like,18,Ext1,AUTO_GG_G2_G5,glia_glia,1.0,True,1.0,20260817
calex_like,18,Ext1,AUTO_TRI_N0_G1_N4,tripartite,1.0,True,0.023912048125172437,20260817
calex_like,18,Ext1,AUTO_TRI_N3_G2_N5,tripartite,0.4761174304552753,True,0.31777840144336555,20260817
calex_like,18,Ext1,AUTO_TRI_N3_G2_N9,tripartite,0.4761174304552753,True,0.31777840144336555,20260817
calex_like,19,Ext1,AUTO_GG_G0_G1,glia_glia,1.0,True,0.01912963850013795,20260817
calex_like,19,Ext1,AUTO_GG_G1_G3,glia_glia,1.0,True,0.01912963850013795,20260817
calex_like,19,Ext1,AUTO_GG_G2_G5,glia_glia,1.0,True,1.0,20260817
calex_like,19,Ext1,AUTO_TRI_N0_G1_N4,tripartite,1.0,True,0.01912963850013795,20260817
calex_like,19,Ext1,AUTO_TRI_N3_G2_N5,tripartite,0.5634499431740698,True,0.34286624873731675,20260817
calex_like,19,Ext1,AUTO_TRI_N3_G2_N9,tripartite,0.5634499431740698,True,0.34286624873731675,20260817
calex_like,20,Ext1,AUTO_GG_G0_G1,glia_glia,1.0,True,0.01530371080011036,20260817
calex_like,20,Ext1,AUTO_GG_G1_G3,glia_glia,1.0,True,0.01530371080011036,20260817
calex_like,20,Ext1,AUTO_GG_G2_G5,glia_glia,1.0,True,1.0,20260817
calex_like,20,Ext1,AUTO_TRI_N0_G1_N4,tripartite,1.0,True,0.01530371080011036,20260817
calex_like,20,Ext1,AUTO_TRI_N3_G2_N5,tripartite,0.6589527217914009,True,0.37073269135553966,20260817
calex_like,20,Ext1,AUTO_TRI_N3_G2_N9,tripartite,0.6589527217914009,True,0.37073269135553966,20260817
calex_like,21,Ext1,AUTO_GG_G0_G1,glia_glia,1.0,True,0.012242968640088288,20260817
calex_like,21,Ext1,AUTO_GG_G1_G3,glia_glia,1.0,True,0.012242968640088288,20260817
calex_like,21,Ext1,AUTO_GG_G2_G5,glia_glia,1.0,True,1.0,20260817
calex_like,21,Ext1,AUTO_TRI_N0_G1_N4,tripartite,1.0,True,0.012242968640088288,20260817
calex_like,21,Ext1,AUTO_TRI_N3_G2_N5,tripartite,0.763858398907373,True,0.40280329159197614,20260817
calex_like,21,Ext1,AUTO_TRI_N3_G2_N9,tripartite,0.763858398907373,True,0.40280329159197614,20260817
calex_like,22,Ext1,AUTO_GG_G0_G1,glia_glia,1.0,True,0.00979437491207063,20260817
calex_like,22,Ext1,AUTO_GG_G1_G3,glia_glia,1.0,True,0.00979437491207063,20260817
calex_like,22,Ext1,AUTO_GG_G2_G5,glia_glia,1.0,True,1.0,20260817
calex_like,22,Ext1,AUTO_TRI_N0_G1_N4,tripartite,1.0,True,0.00979437491207063,20260817
calex_like,22,Ext1,AUTO_TRI_N3_G2_N5,tripartite,0.8799539756701181,True,0.44096884217293447,20260817
calex_like,22,Ext1,AUTO_TRI_N3_G2_N9,tripartite,0.8799539756701181,True,0.44096884217293447,20260817
calex_like,23,Ext1,AUTO_GG_G0_G1,glia_glia,1.0,True,0.007835499929656506,20260817
calex_like,23,Ext1,AUTO_GG_G1_G3,glia_glia,1.0,True,0.007835499929656506,20260817
calex_like,23,Ext1,AUTO_GG_G2_G5,glia_glia,1.0,True,1.0,20260817
calex_like,23,Ext1,AUTO_TRI_N0_G1_N4,tripartite,1.0,True,0.007835499929656506,20260817
calex_like,23,Ext1,AUTO_TRI_N3_G2_N5,tripartite,1.0,True,0.487822553419796,20260817
calex_like,23,Ext1,AUTO_TRI_N3_G2_N9,tripartite,1.0,True,0.487822553419796,20260817
calex_like,24,Ext1,AUTO_GG_G0_G1,glia_glia,1.0,True,0.006268399943725205,20260817
calex_like,24,Ext1,AUTO_GG_G1_G3,glia_glia,1.0,True,0.006268399943725205,20260817
calex_like,24,Ext1,AUTO_GG_G2_G5,glia_glia,1.0,True,1.0,20260817
calex_like,24,Ext1,AUTO_TRI_N0_G1_N4,tripartite,1.0,True,0.006268399943725205,20260817
calex_like,24,Ext1,AUTO_TRI_N3_G2_N5,tripartite,1.0,True,0.5460127641758118,20260817
calex_like,24,Ext1,AUTO_TRI_N3_G2_N9,tripartite,1.0,True,0.5460127641758118,20260817
calex_like,25,Ext1,AUTO_GG_G0_G1,glia_glia,1.0,True,0.005014719954980164,20260817
calex_like,25,Ext1,AUTO_GG_G1_G3,glia_glia,1.0,True,0.005014719954980164,20260817
calex_like,25,Ext1,AUTO_GG_G2_G5,glia_glia,1.0,True,1.0,20260817
calex_like,25,Ext1,AUTO_TRI_N0_G1_N4,tripartite,1.0,True,0.005014719954980164,20260817
calex_like,25,Ext1,AUTO_TRI_N3_G2_N5,tripartite,1.0,True,0.6048837632819097,20260817
calex_like,25,Ext1,AUTO_TRI_N3_G2_N9,tripartite,1.0,True,0.6048837632819097,20260817
calex_like,26,Ext1,AUTO_GG_G0_G1,glia_glia,0.9999209420771187,True,0.004011775963984132,20260817
calex_like,26,Ext1,AUTO_GG_G1_G3,glia_glia,0.9999308243174789,True,0.004011775963984132,20260817
calex_like,26,Ext1,AUTO_GG_G2_G5,glia_glia,1.0,True,1.0,20260817
calex_like,26,Ext1,AUTO_TRI_N0_G1_N4,tripartite,0.9999407065578391,True,0.004011775963984132,20260817
calex_like,26,Ext1,AUTO_TRI_N3_G2_N5,tripartite,1.0,True,0.6645919819192015,20260817
calex_like,26,Ext1,AUTO_TRI_N3_G2_N9,tripartite,1.0,True,0.6645919819192015,20260817
calex_like,27,Ext1,AUTO_GG_G0_G1,glia_glia,0.9997776957388137,True,0.0032094207711873056,20260817
calex_like,27,Ext1,AUTO_GG_G1_G3,glia_glia,0.9998054837714621,True,0.0032094207711873056,20260817
calex_like,27,Ext1,AUTO_GG_G2_G5,glia_glia,1.0,True,1.0,20260817
calex_like,27,Ext1,AUTO_TRI_N0_G1_N4,tripartite,0.9998332718041103,True,0.0032094207711873056,20260817
calex_like,27,Ext1,AUTO_TRI_N3_G2_N5,tripartite,1.0,True,0.7252739835859626,20260817
calex_like,27,Ext1,AUTO_TRI_N3_G2_N9,tripartite,1.0,True,0.7252739835859626,20260817
calex_like,28,Ext1,AUTO_GG_G0_G1,glia_glia,0.9995830986681696,True,0.0025675366169498445,20260817
calex_like,28,Ext1,AUTO_GG_G1_G3,glia_glia,0.9996352113346485,True,0.0025675366169498445,20260817
calex_like,28,Ext1,AUTO_GG_G2_G5,glia_glia,1.0,True,1.0,20260817
calex_like,28,Ext1,AUTO_TRI_N0_G1_N4,tripartite,0.9996873240011273,True,0.0025675366169498445,20260817
calex_like,28,Ext1,AUTO_TRI_N3_G2_N5,tripartite,1.0,True,0.787045337551187,20260817
calex_like,28,Ext1,AUTO_TRI_N3_G2_N9,tripartite,1.0,True,0.787045337551187,20260817
calex_like,29,Ext2,AUTO_GG_G0_G1,glia_glia,0.9993474210116544,True,0.002054029293559876,20260817
calex_like,29,Ext2,AUTO_GG_G1_G3,glia_glia,0.9994289933851976,True,0.002054029293559876,20260817
calex_like,29,Ext2,AUTO_GG_G2_G5,glia_glia,1.0,True,1.0,20260817
calex_like,29,Ext2,AUTO_TRI_N0_G1_N4,tripartite,0.9995105657587409,True,0.002054029293559876,20260817
calex_like,29,Ext2,AUTO_TRI_N3_G2_N5,tripartite,1.0,True,0.8499988147901262,20260817
calex_like,29,Ext2,AUTO_TRI_N3_G2_N9,tripartite,1.0,True,0.8499988147901262,20260817
calex_like,30,Ext2,AUTO_GG_G0_G1,glia_glia,0.9990788788864422,True,0.0016432234348479008,20260817
calex_like,30,Ext2,AUTO_GG_G1_G3,glia_glia,0.999194019025637,True,0.0016432234348479008,20260817
calex_like,30,Ext2,AUTO_GG_G2_G5,glia_glia,1.0,True,1.0,20260817
calex_like,30,Ext2,AUTO_TRI_N0_G1_N4,tripartite,0.9993091591648318,True,0.0016432234348479008,20260817
calex_like,30,Ext2,AUTO_TRI_N3_G2_N5,tripartite,1.0,True,0.9142020280017559,20260817
calex_like,30,Ext2,AUTO_TRI_N3_G2_N9,tripartite,1.0,True,0.9142020280017559,20260817
calex_like,31,Ext2,AUTO_GG_G0_G1,glia_glia,0.9987840451862725,True,0.0013145787478783207,20260817
calex_like,31,Ext2,AUTO_GG_G1_G3,glia_glia,0.9989360395379885,True,0.0013145787478783207,20260817
calex_like,31,Ext2,AUTO_GG_G2_G5,glia_glia,1.0,True,1.0,20260817
calex_like,31,Ext2,AUTO_TRI_N0_G1_N4,tripartite,0.9990880338897045,True,0.0013145787478783207,20260817
calex_like,31,Ext2,AUTO_TRI_N3_G2_N5,tripartite,1.0,True,0.979694668099421,20260817
calex_like,31,Ext2,AUTO_TRI_N3_G2_N9,tripartite,1.0,True,0.979694668099421,20260817
calex_like,32,Ext2,AUTO_GG_G0_G1,glia_glia,0.9984681782261368,True,0.0010516629983026566,20260817
calex_like,32,Ext2,AUTO_GG_G1_G3,glia_glia,0.9986596559478697,True,0.0010516629983026566,20260817
calex_like,32,Ext2,AUTO_GG_G2_G5,glia_glia,1.0,True,1.0,20260817
calex_like,32,Ext2,AUTO_TRI_N0_G1_N4,tripartite,0.9988511336696027,True,0.0010516629983026566,20260817
calex_like,32,Ext2,AUTO_TRI_N3_G2_N5,tripartite,1.0,True,1.0,20260817
calex_like,32,Ext2,AUTO_TRI_N3_G2_N9,tripartite,1.0,True,1.0,20260817
calex_like,33,Ext2,AUTO_GG_G0_G1,glia_glia,0.9981354846580281,True,0.0008413303986421253,20260817
calex_like,33,Ext2,AUTO_GG_G1_G3,glia_glia,0.9983685490757745,True,0.0008413303986421253,20260817
calex_like,33,Ext2,AUTO_GG_G2_G5,glia_glia,1.0,True,1.0,20260817
calex_like,33,Ext2,AUTO_TRI_N0_G1_N4,tripartite,0.9986016134935212,True,0.0008413303986421253,20260817
calex_like,33,Ext2,AUTO_TRI_N3_G2_N5,tripartite,1.0,True,1.0,20260817
calex_like,33,Ext2,AUTO_TRI_N3_G2_N9,tripartite,1.0,True,1.0,20260817
calex_like,34,Ext2,AUTO_GG_G0_G1,glia_glia,0.9977893298035413,True,0.0006730643189137003,20260817
calex_like,34,Ext2,AUTO_GG_G1_G3,glia_glia,0.9980656635780986,True,0.0006730643189137003,20260817
calex_like,34,Ext2,AUTO_GG_G2_G5,glia_glia,1.0,True,1.0,20260817
calex_like,34,Ext2,AUTO_TRI_N0_G1_N4,tripartite,0.9983419973526559,True,0.0006730643189137003,20260817
calex_like,34,Ext2,AUTO_TRI_N3_G2_N5,tripartite,1.0,True,1.0,20260817
calex_like,34,Ext2,AUTO_TRI_N3_G2_N9,tripartite,1.0,True,1.0,20260817
calex_like,35,Ext2,AUTO_GG_G0_G1,glia_glia,0.9974324059199517,True,0.0005384514551309603,20260817
calex_like,35,Ext2,AUTO_GG_G1_G3,glia_glia,0.9977533551799578,True,0.0005384514551309603,20260817
calex_like,35,Ext2,AUTO_GG_G2_G5,glia_glia,1.0,True,1.0,20260817
calex_like,35,Ext2,AUTO_TRI_N0_G1_N4,tripartite,0.9980743044399638,True,0.0005384514551309603,20260817
calex_like,35,Ext2,AUTO_TRI_N3_G2_N5,tripartite,1.0,True,1.0,20260817
calex_like,35,Ext2,AUTO_TRI_N3_G2_N9,tripartite,1.0,True,1.0,20260817
calex_like,36,Ext2,AUTO_GG_G0_G1,glia_glia,0.9970668668130801,True,0.00043076116410476823,20260817
calex_like,36,Ext2,AUTO_GG_G1_G3,glia_glia,0.9974335084614451,True,0.00043076116410476823,20260817
calex_like,36,Ext2,AUTO_GG_G2_G5,glia_glia,1.0,True,1.0,20260817
calex_like,36,Ext2,AUTO_TRI_N0_G1_N4,tripartite,0.99780015010981,True,0.00043076116410476823,20260817
calex_like,36,Ext2,AUTO_TRI_N3_G2_N5,tripartite,1.0,True,1.0,20260817
calex_like,36,Ext2,AUTO_TRI_N3_G2_N9,tripartite,1.0,True,1.0,20260817
calex_like,37,Ext2,AUTO_GG_G0_G1,glia_glia,0.9966944355275829,True,0.0003446089312838146,20260817
calex_like,37,Ext2,AUTO_GG_G1_G3,glia_glia,0.9971076310866349,True,0.0003446089312838146,20260817
calex_like,37,Ext2,AUTO_GG_G2_G5,glia_glia,1.0,True,1.0,20260817
calex_like,37,Ext2,AUTO_TRI_N0_G1_N4,tripartite,0.9975208266456871,True,0.0003446089312838146,20260817
calex_like,37,Ext2,AUTO_TRI_N3_G2_N5,tripartite,1.0,True,1.0,20260817
calex_like,37,Ext2,AUTO_TRI_N3_G2_N9,tripartite,1.0,True,1.0,20260817
calex_like,38,Ext2,AUTO_GG_G0_G1,glia_glia,0.996316490499185,True,0.00027568714502705167,20260817
calex_like,38,Ext2,AUTO_GG_G1_G3,glia_glia,0.9967769291867868,True,0.00027568714502705167,20260817
calex_like,38,Ext2,AUTO_GG_G2_G5,glia_glia,1.0,True,1.0,20260817
calex_like,38,Ext2,AUTO_TRI_N0_G1_N4,tripartite,0.9972373678743887,True,0.00027568714502705167,20260817
calex_like,38,Ext2,AUTO_TRI_N3_G2_N5,tripartite,1.0,True,1.0,20260817
calex_like,38,Ext2,AUTO_TRI_N3_G2_N9,tripartite,1.0,True,1.0,20260817
calex_like,39,Ext2,AUTO_GG_G0_G1,glia_glia,0.9959341344764667,True,0.00022054971602164134,20260817
calex_like,39,Ext2,AUTO_GG_G1_G3,glia_glia,0.9964423676669083,True,0.00022054971602164134,20260817
calex_like,39,Ext2,AUTO_GG_G2_G5,glia_glia,1.0,True,1.0,20260817
calex_like,39,Ext2,AUTO_TRI_N0_G1_N4,tripartite,0.99695060085735,True,0.00022054971602164134,20260817
calex_like,39,Ext2,AUTO_TRI_N3_G2_N5,tripartite,1.0,True,1.0,20260817
calex_like,39,Ext2,AUTO_TRI_N3_G2_N9,tripartite,1.0,True,1.0,20260817
calex_like,40,Ext2,AUTO_GG_G0_G1,glia_glia,0.9955482496582921,True,0.0001764397728173131,20260817
calex_like,40,Ext2,AUTO_GG_G1_G3,glia_glia,0.9961047184510056,True,0.0001764397728173131,20260817
calex_like,40,Ext2,AUTO_GG_G2_G5,glia_glia,1.0,True,1.0,20260817
calex_like,40,Ext2,AUTO_TRI_N0_G1_N4,tripartite,0.996661187243719,True,0.0001764397728173131,20260817
calex_like,40,Ext2,AUTO_TRI_N3_G2_N5,tripartite,1.0,True,1.0,20260817
calex_like,40,Ext2,AUTO_TRI_N3_G2_N9,tripartite,1.0,True,1.0,20260817
calex_like,41,Ext2,AUTO_GG_G0_G1,glia_glia,0.9951595418037524,True,0.00014115181825385048,20260817
calex_like,41,Ext2,AUTO_GG_G1_G3,glia_glia,0.9957645990782833,True,0.00014115181825385048,20260817
calex_like,41,Ext2,AUTO_GG_G2_G5,glia_glia,1.0,True,1.0,20260817
calex_like,41,Ext2,AUTO_TRI_N0_G1_N4,tripartite,0.9963696563528143,True,0.00014115181825385048,20260817
calex_like,41,Ext2,AUTO_TRI_N3_G2_N5,tripartite,1.0,True,1.0,20260817
calex_like,41,Ext2,AUTO_TRI_N3_G2_N9,tripartite,1.0,True,1.0,20260817
calex_like,42,Ext2,AUTO_GG_G0_G1,glia_glia,0.9947685755201207,True,0.00011292145460308038,20260817
calex_like,42,Ext2,AUTO_GG_G1_G3,glia_glia,0.9954225035801055,True,0.00011292145460308038,20260817
calex_like,42,Ext2,AUTO_GG_G2_G5,glia_glia,1.0,True,1.0,20260817
calex_like,42,Ext2,AUTO_TRI_N0_G1_N4,tripartite,0.9960764316400904,True,0.00011292145460308038,20260817
calex_like,42,Ext2,AUTO_TRI_N3_G2_N5,tripartite,1.0,True,1.0,20260817
calex_like,42,Ext2,AUTO_TRI_N3_G2_N9,tripartite,1.0,True,1.0,20260817
calex_like,43,Ext2,AUTO_GG_G0_G1,glia_glia,0.9943758024932152,True,9.033716368246431e-05,20260817
calex_like,43,Ext2,AUTO_GG_G1_G3,glia_glia,0.9950788271815633,True,9.033716368246431e-05,20260817
calex_like,43,Ext2,AUTO_GG_G2_G5,glia_glia,1.0,True,1.0,20260817
calex_like,43,Ext2,AUTO_TRI_N0_G1_N4,tripartite,0.9957818518699113,True,9.033716368246431e-05,20260817
calex_like,43,Ext2,AUTO_TRI_N3_G2_N5,tripartite,1.0,True,1.0,20260817
calex_like,43,Ext2,AUTO_TRI_N3_G2_N9,tripartite,1.0,True,1.0,20260817
calex_like,44,Ext2,AUTO_GG_G0_G1,glia_glia,0.9939815840716909,True,7.226973094597146e-05,20260817
calex_like,44,Ext2,AUTO_GG_G1_G3,glia_glia,0.9947338860627295,True,7.226973094597146e-05,20260817
calex_like,44,Ext2,AUTO_GG_G2_G5,glia_glia,1.0,True,1.0,20260817
calex_like,44,Ext2,AUTO_TRI_N0_G1_N4,tripartite,0.9954861880537681,True,7.226973094597146e-05,20260817
calex_like,44,Ext2,AUTO_TRI_N3_G2_N5,tripartite,1.0,True,1.0,20260817
calex_like,44,Ext2,AUTO_TRI_N3_G2_N9,tripartite,1.0,True,1.0,20260817
calex_like,45,Ext2,AUTO_GG_G0_G1,glia_glia,0.9935862093344714,True,5.781578475677717e-05,20260817
calex_like,45,Ext2,AUTO_GG_G1_G3,glia_glia,0.9943879331676625,True,5.781578475677717e-05,20260817
calex_like,45,Ext2,AUTO_GG_G2_G5,glia_glia,1.0,True,1.0,20260817
calex_like,45,Ext2,AUTO_TRI_N0_G1_N4,tripartite,0.9951896570008535,True,5.781578475677717e-05,20260817
calex_like,45,Ext2,AUTO_TRI_N3_G2_N5,tripartite,1.0,True,1.0,20260817
calex_like,45,Ext2,AUTO_TRI_N3_G2_N9,tripartite,1.0,True,1.0,20260817
calex_like,46,Ext2,AUTO_GG_G0_G1,glia_glia,0.9931899095446959,True,4.6252627805421734e-05,20260817
calex_like,46,Ext2,AUTO_GG_G1_G3,glia_glia,0.9940411708516089,True,4.6252627805421734e-05,20260817
calex_like,46,Ext2,AUTO_GG_G2_G5,glia_glia,1.0,True,1.0,20260817
calex_like,46,Ext2,AUTO_TRI_N0_G1_N4,tripartite,0.9948924321585219,True,4.6252627805421734e-05,20260817
calex_like,46,Ext2,AUTO_TRI_N3_G2_N5,tripartite,1.0,True,1.0,20260817
calex_like,46,Ext2,AUTO_TRI_N3_G2_N9,tripartite,1.0,True,1.0,20260817
calex_like,47,Ext2,AUTO_GG_G0_G1,glia_glia,0.9927928697128754,True,3.700210224433739e-05,20260817
calex_like,47,Ext2,AUTO_GG_G1_G3,glia_glia,0.993693760998766,True,3.700210224433739e-05,20260817
calex_like,47,Ext2,AUTO_GG_G2_G5,glia_glia,1.0,True,1.0,20260817
calex_like,47,Ext2,AUTO_TRI_N0_G1_N4,tripartite,0.9945946522846565,True,3.700210224433739e-05,20260817
calex_like,47,Ext2,AUTO_TRI_N3_G2_N5,tripartite,1.0,True,1.0,20260817
calex_like,47,Ext2,AUTO_TRI_N3_G2_N9,tripartite,1.0,True,1.0,20260817
calex_like,48,Ext2,AUTO_GG_G0_G1,glia_glia,0.992395237847419,True,2.960168179546991e-05,20260817
calex_like,48,Ext2,AUTO_GG_G1_G3,glia_glia,0.9933458331164917,True,2.960168179546991e-05,20260817
calex_like,48,Ext2,AUTO_GG_G2_G5,glia_glia,1.0,True,1.0,20260817
calex_like,48,Ext2,AUTO_TRI_N0_G1_N4,tripartite,0.9942964283855642,True,2.960168179546991e-05,20260817
calex_like,48,Ext2,AUTO_TRI_N3_G2_N5,tripartite,1.0,True,1.0,20260817
calex_like,48,Ext2,AUTO_TRI_N3_G2_N9,tripartite,1.0,True,1.0,20260817
calex_like,49,Ext2,AUTO_GG_G0_G1,glia_glia,0.9919971323550539,True,2.368134543637593e-05,20260817
calex_like,49,Ext2,AUTO_GG_G1_G3,glia_glia,0.9929974908106722,True,2.368134543637593e-05,20260817
calex_like,49,Ext2,AUTO_GG_G2_G5,glia_glia,1.0,True,1.0,20260817
calex_like,49,Ext2,AUTO_TRI_N0_G1_N4,tripartite,0.9939978492662904,True,2.368134543637593e-05,20260817
calex_like,49,Ext2,AUTO_TRI_N3_G2_N5,tripartite,1.0,True,1.0,20260817
calex_like,49,Ext2,AUTO_TRI_N3_G2_N9,tripartite,1.0,True,1.0,20260817
calex_like,50,Ext2,AUTO_GG_G0_G1,glia_glia,0.9915986479611618,True,1.8945076349100747e-05,20260817
calex_like,50,Ext2,AUTO_GG_G1_G3,glia_glia,0.9926488169660167,True,1.8945076349100747e-05,20260817
calex_like,50,Ext2,AUTO_GG_G2_G5,glia_glia,1.0,True,1.0,20260817
calex_like,50,Ext2,AUTO_TRI_N0_G1_N4,tripartite,0.9936989859708714,True,1.8945076349100747e-05,20260817
calex_like,50,Ext2,AUTO_TRI_N3_G2_N5,tripartite,1.0,True,1.0,20260817
calex_like,50,Ext2,AUTO_TRI_N3_G2_N9,tripartite,1.0,True,1.0,20260817
calex_like,51,Ext2,AUTO_GG_G0_G1,glia_glia,0.9911998604460481,True,1.5156061079280599e-05,20260817
calex_like,51,Ext2,AUTO_GG_G1_G3,glia_glia,0.9922998778902923,True,1.5156061079280599e-05,20260817
calex_like,51,Ext2,AUTO_GG_G2_G5,glia_glia,1.0,True,1.0,20260817
calex_like,51,Ext2,AUTO_TRI_N0_G1_N4,tripartite,0.9933998953345361,True,1.5156061079280599e-05,20260817
calex_like,51,Ext2,AUTO_TRI_N3_G2_N5,tripartite,1.0,True,1.0,20260817
calex_like,51,Ext2,AUTO_TRI_N3_G2_N9,tripartite,1.0,True,1.0,20260817
calex_like,52,Ext2,AUTO_GG_G0_G1,glia_glia,0.9908008304339572,True,1.2124848863424479e-05,20260817
calex_like,52,Ext2,AUTO_GG_G1_G3,glia_glia,0.9919507266297127,True,1.2124848863424479e-05,20260817
calex_like,52,Ext2,AUTO_GG_G2_G5,glia_glia,1.0,True,1.0,20260817
calex_like,52,Ext2,AUTO_TRI_N0_G1_N4,tripartite,0.9931006228254678,True,1.2124848863424479e-05,20260817
calex_like,52,Ext2,AUTO_TRI_N3_G2_N5,tripartite,1.0,True,1.0,20260817
calex_like,52,Ext2,AUTO_TRI_N3_G2_N9,tripartite,1.0,True,1.0,20260817
calex_like,53,Ext2,AUTO_GG_G0_G1,glia_glia,0.9904016064242844,True,9.699879090739585e-06,20260817
calex_like,53,Ext2,AUTO_GG_G1_G3,glia_glia,0.9916014056212491,True,9.699879090739585e-06,20260817
calex_like,53,Ext2,AUTO_GG_G2_G5,glia_glia,1.0,True,1.0,20260817
calex_like,53,Ext2,AUTO_TRI_N0_G1_N4,tripartite,0.9928012048182133,True,9.699879090739585e-06,20260817
calex_like,53,Ext2,AUTO_TRI_N3_G2_N5,tripartite,1.0,True,1.0,20260817
calex_like,53,Ext2,AUTO_TRI_N3_G2_N9,tripartite,1.0,True,1.0,20260817
calex_like,54,E-Ret,AUTO_GG_G0_G1,glia_glia,0.9904016064242844,True,9.699879090739585e-06,20260817
calex_like,54,E-Ret,AUTO_GG_G1_G3,glia_glia,0.9916014056212491,True,9.699879090739585e-06,20260817
calex_like,54,E-Ret,AUTO_GG_G2_G5,glia_glia,1.0,True,1.0,20260817
calex_like,54,E-Ret,AUTO_TRI_N0_G1_N4,tripartite,0.9928012048182133,True,9.699879090739585e-06,20260817
calex_like,54,E-Ret,AUTO_TRI_N3_G2_N5,tripartite,1.0,True,1.0,20260817
calex_like,54,E-Ret,AUTO_TRI_N3_G2_N9,tripartite,1.0,True,1.0,20260817
calex_like,55,E-Ret,AUTO_GG_G0_G1,glia_glia,0.9904016064242844,True,9.699879090739585e-06,20260817
calex_like,55,E-Ret,AUTO_GG_G1_G3,glia_glia,0.9916014056212491,True,9.699879090739585e-06,20260817
calex_like,55,E-Ret,AUTO_GG_G2_G5,glia_glia,1.0,True,1.0,20260817
calex_like,55,E-Ret,AUTO_TRI_N0_G1_N4,tripartite,0.9928012048182133,True,9.699879090739585e-06,20260817
calex_like,55,E-Ret,AUTO_TRI_N3_G2_N5,tripartite,1.0,True,1.0,20260817
calex_like,55,E-Ret,AUTO_TRI_N3_G2_N9,tripartite,1.0,True,1.0,20260817
calex_like,56,E-Ret,AUTO_GG_G0_G1,glia_glia,0.9904016064242844,True,9.699879090739585e-06,20260817
calex_like,56,E-Ret,AUTO_GG_G1_G3,glia_glia,0.9916014056212491,True,9.699879090739585e-06,20260817
calex_like,56,E-Ret,AUTO_GG_G2_G5,glia_glia,1.0,True,1.0,20260817
calex_like,56,E-Ret,AUTO_TRI_N0_G1_N4,tripartite,0.9928012048182133,True,9.699879090739585e-06,20260817
calex_like,56,E-Ret,AUTO_TRI_N3_G2_N5,tripartite,1.0,True,1.0,20260817
calex_like,56,E-Ret,AUTO_TRI_N3_G2_N9,tripartite,1.0,True,1.0,20260817
calex_like,57,E-Ret,AUTO_GG_G0_G1,glia_glia,0.9904016064242844,True,9.699879090739585e-06,20260817
calex_like,57,E-Ret,AUTO_GG_G1_G3,glia_glia,0.9916014056212491,True,9.699879090739585e-06,20260817
calex_like,57,E-Ret,AUTO_GG_G2_G5,glia_glia,1.0,True,1.0,20260817
calex_like,57,E-Ret,AUTO_TRI_N0_G1_N4,tripartite,0.9928012048182133,True,9.699879090739585e-06,20260817
calex_like,57,E-Ret,AUTO_TRI_N3_G2_N5,tripartite,1.0,True,1.0,20260817
calex_like,57,E-Ret,AUTO_TRI_N3_G2_N9,tripartite,1.0,True,1.0,20260817
calex_like,58,E-Ret,AUTO_GG_G0_G1,glia_glia,0.9904016064242844,True,9.699879090739585e-06,20260817
calex_like,58,E-Ret,AUTO_GG_G1_G3,glia_glia,0.9916014056212491,True,9.699879090739585e-06,20260817
calex_like,58,E-Ret,AUTO_GG_G2_G5,glia_glia,1.0,True,1.0,20260817
calex_like,58,E-Ret,AUTO_TRI_N0_G1_N4,tripartite,0.9928012048182133,True,9.699879090739585e-06,20260817
calex_like,58,E-Ret,AUTO_TRI_N3_G2_N5,tripartite,1.0,True,1.0,20260817
calex_like,58,E-Ret,AUTO_TRI_N3_G2_N9,tripartite,1.0,True,1.0,20260817
calex_like,59,F-Ren,AUTO_GG_G0_G1,glia_glia,0.9904016064242844,True,9.699879090739585e-06,20260817
calex_like,59,F-Ren,AUTO_GG_G1_G3,glia_glia,0.9916014056212491,True,9.699879090739585e-06,20260817
calex_like,59,F-Ren,AUTO_GG_G2_G5,glia_glia,1.0,True,1.0,20260817
calex_like,59,F-Ren,AUTO_TRI_N0_G1_N4,tripartite,0.9928012048182133,True,9.699879090739585e-06,20260817
calex_like,59,F-Ren,AUTO_TRI_N3_G2_N5,tripartite,1.0,True,1.0,20260817
calex_like,59,F-Ren,AUTO_TRI_N3_G2_N9,tripartite,1.0,True,1.0,20260817
calex_like,60,F-Ren,AUTO_GG_G0_G1,glia_glia,0.9904016064242844,True,9.699879090739585e-06,20260817
calex_like,60,F-Ren,AUTO_GG_G1_G3,glia_glia,0.9916014056212491,True,9.699879090739585e-06,20260817
calex_like,60,F-Ren,AUTO_GG_G2_G5,glia_glia,1.0,True,1.0,20260817
calex_like,60,F-Ren,AUTO_TRI_N0_G1_N4,tripartite,0.9928012048182133,True,9.699879090739585e-06,20260817
calex_like,60,F-Ren,AUTO_TRI_N3_G2_N5,tripartite,1.0,True,1.0,20260817
calex_like,60,F-Ren,AUTO_TRI_N3_G2_N9,tripartite,1.0,True,1.0,20260817
calex_like,61,F-Ren,AUTO_GG_G0_G1,glia_glia,0.9904016064242844,True,9.699879090739585e-06,20260817
calex_like,61,F-Ren,AUTO_GG_G1_G3,glia_glia,0.9916014056212491,True,9.699879090739585e-06,20260817
calex_like,61,F-Ren,AUTO_GG_G2_G5,glia_glia,1.0,True,1.0,20260817
calex_like,61,F-Ren,AUTO_TRI_N0_G1_N4,tripartite,0.9928012048182133,True,9.699879090739585e-06,20260817
calex_like,61,F-Ren,AUTO_TRI_N3_G2_N5,tripartite,1.0,True,1.0,20260817
calex_like,61,F-Ren,AUTO_TRI_N3_G2_N9,tripartite,1.0,True,1.0,20260817
calex_like,62,F-Ren,AUTO_GG_G0_G1,glia_glia,0.9904016064242844,True,9.699879090739585e-06,20260817
calex_like,62,F-Ren,AUTO_GG_G1_G3,glia_glia,0.9916014056212491,True,9.699879090739585e-06,20260817
calex_like,62,F-Ren,AUTO_GG_G2_G5,glia_glia,1.0,True,1.0,20260817
calex_like,62,F-Ren,AUTO_TRI_N0_G1_N4,tripartite,0.9928012048182133,True,9.699879090739585e-06,20260817
calex_like,62,F-Ren,AUTO_TRI_N3_G2_N5,tripartite,1.0,True,1.0,20260817
calex_like,62,F-Ren,AUTO_TRI_N3_G2_N9,tripartite,1.0,True,1.0,20260817
calex_like,63,F-Ren,AUTO_GG_G0_G1,glia_glia,0.9904016064242844,True,9.699879090739585e-06,20260817
calex_like,63,F-Ren,AUTO_GG_G1_G3,glia_glia,0.9916014056212491,True,9.699879090739585e-06,20260817
calex_like,63,F-Ren,AUTO_GG_G2_G5,glia_glia,1.0,True,1.0,20260817
calex_like,63,F-Ren,AUTO_TRI_N0_G1_N4,tripartite,0.9928012048182133,True,9.699879090739585e-06,20260817
calex_like,63,F-Ren,AUTO_TRI_N3_G2_N5,tripartite,1.0,True,1.0,20260817
calex_like,63,F-Ren,AUTO_TRI_N3_G2_N9,tripartite,1.0,True,1.0,20260817
hm3dq_like,1,F-Con,AUTO_GG_G0_G1,glia_glia,0.9593537143165668,True,0.243639236436246,20260817
hm3dq_like,1,F-Con,AUTO_GG_G1_G3,glia_glia,0.404086960657421,True,0.13064578932941684,20260817
hm3dq_like,1,F-Con,AUTO_GG_G2_G5,glia_glia,0.0,False,0.0,20260817
hm3dq_like,1,F-Con,AUTO_TRI_N0_G1_N4,tripartite,0.0,False,0.002220606289620657,20260817
hm3dq_like,1,F-Con,AUTO_TRI_N3_G2_N5,tripartite,0.0,False,0.0,20260817
hm3dq_like,1,F-Con,AUTO_TRI_N3_G2_N9,tripartite,0.0,False,0.0,20260817
hm3dq_like,2,F-Con,AUTO_GG_G0_G1,glia_glia,1.0,True,0.41680761926038906,20260817
hm3dq_like,2,F-Con,AUTO_GG_G1_G3,glia_glia,1.0,True,0.24793464773718882,20260817
hm3dq_like,2,F-Con,AUTO_GG_G2_G5,glia_glia,0.0,False,0.0,20260817
hm3dq_like,2,F-Con,AUTO_TRI_N0_G1_N4,tripartite,0.6563894360681201,True,0.07031074888877795,20260817
hm3dq_like,2,F-Con,AUTO_TRI_N3_G2_N5,tripartite,0.0,False,0.0,20260817
hm3dq_like,2,F-Con,AUTO_TRI_N3_G2_N9,tripartite,0.0,False,0.0,20260817
hm3dq_like,3,F-Con,AUTO_GG_G0_G1,glia_glia,1.0,True,0.5864300569054746,20260817
hm3dq_like,3,F-Con,AUTO_GG_G1_G3,glia_glia,1.0,True,0.35373935863584377,20260817
hm3dq_like,3,F-Con,AUTO_GG_G2_G5,glia_glia,0.0,False,0.0,20260817
hm3dq_like,3,F-Con,AUTO_TRI_N0_G1_N4,tripartite,1.0,True,0.19682409813996554,20260817
hm3dq_like,3,F-Con,AUTO_TRI_N3_G2_N5,tripartite,0.0,False,0.0,20260817
hm3dq_like,3,F-Con,AUTO_TRI_N3_G2_N9,tripartite,0.0,False,0.0,20260817
hm3dq_like,4,Ext1,AUTO_GG_G0_G1,glia_glia,1.0,True,0.5365751059194069,20260817
hm3dq_like,4,Ext1,AUTO_GG_G1_G3,glia_glia,1.0,True,0.31912149363017617,20260817
hm3dq_like,4,Ext1,AUTO_GG_G2_G5,glia_glia,0.029292909632689053,False,0.1649830810994733,20260817
hm3dq_like,4,Ext1,AUTO_TRI_N0_G1_N4,tripartite,1.0,True,0.20361773325041602,20260817
hm3dq_like,4,Ext1,AUTO_TRI_N3_G2_N5,tripartite,0.0,False,0.003724737147165165,20260817
hm3dq_like,4,Ext1,AUTO_TRI_N3_G2_N9,tripartite,0.0,False,0.003724737147165165,20260817
hm3dq_like,5,Ext1,AUTO_GG_G0_G1,glia_glia,1.0,True,0.43495762156767204,20260817
hm3dq_like,5,Ext1,AUTO_GG_G1_G3,glia_glia,1.0,True,0.287971531900157,20260817
hm3dq_like,5,Ext1,AUTO_GG_G2_G5,glia_glia,0.09338693793479827,False,0.31346785408899924,20260817
hm3dq_like,5,Ext1,AUTO_TRI_N0_G1_N4,tripartite,1.0,True,0.20994351399805372,20260817
hm3dq_like,5,Ext1,AUTO_TRI_N3_G2_N5,tripartite,0.0,False,0.0037295178076952006,20260817
hm3dq_like,5,Ext1,AUTO_TRI_N3_G2_N9,tripartite,0.0,False,0.0037295178076952006,20260817
hm3dq_like,6,Ext1,AUTO_GG_G0_G1,glia_glia,1.0,True,0.34796609725413763,20260817
hm3dq_like,6,Ext1,AUTO_GG_G1_G3,glia_glia,1.0,True,0.25994228168506717,20260817
hm3dq_like,6,Ext1,AUTO_GG_G2_G5,glia_glia,0.18880197303938562,False,0.44710414977957263,20260817
hm3dq_like,6,Ext1,AUTO_TRI_N0_G1_N4,tripartite,1.0,True,0.21583430498485195,20260817
hm3dq_like,6,Ext1,AUTO_TRI_N3_G2_N5,tripartite,0.0,False,0.0037338204021722323,20260817
hm3dq_like,6,Ext1,AUTO_TRI_N3_G2_N9,tripartite,0.0,False,0.0037338204021722323,20260817
hm3dq_like,7,Ext1,AUTO_GG_G0_G1,glia_glia,1.0,True,0.2783728778033101,20260817
hm3dq_like,7,Ext1,AUTO_GG_G1_G3,glia_glia,1.0,True,0.23472129596699615,20260817
hm3dq_like,7,Ext1,AUTO_GG_G2_G5,glia_glia,0.3124059142662033,True,0.5673768159010887,20260817
hm3dq_like,7,Ext1,AUTO_TRI_N0_G1_N4,tripartite,1.0,True,0.2213205760849225,20260817
hm3dq_like,7,Ext1,AUTO_TRI_N3_G2_N5,tripartite,0.0,False,0.003737692737201561,20260817
hm3dq_like,7,Ext1,AUTO_TRI_N3_G2_N9,tripartite,0.0,False,0.003737692737201561,20260817
hm3dq_like,8,Ext1,AUTO_GG_G0_G1,glia_glia,1.0,True,0.22269830224264808,20260817
hm3dq_like,8,Ext1,AUTO_GG_G1_G3,glia_glia,1.0,True,0.2120273964828068,20260817
hm3dq_like,8,Ext1,AUTO_GG_G2_G5,glia_glia,0.46115920945321753,True,0.6746807261312606,20260817
hm3dq_like,8,Ext1,AUTO_TRI_N0_G1_N4,tripartite,1.0,True,0.22269830224264808,20260817
hm3dq_like,8,Ext1,AUTO_TRI_N3_G2_N5,tripartite,0.0,False,0.0048518393362532945,20260817
hm3dq_like,8,Ext1,AUTO_TRI_N3_G2_N9,tripartite,0.0,False,0.0048518393362532945,20260817
hm3dq_like,9,Ext1,AUTO_GG_G0_G1,glia_glia,1.0,True,0.17815864179411847,20260817
hm3dq_like,9,Ext1,AUTO_GG_G1_G3,glia_glia,1.0,True,0.17815864179411847,20260817
hm3dq_like,9,Ext1,AUTO_GG_G2_G5,glia_glia,0.6322906439127107,True,0.7701607870271708,20260817
hm3dq_like,9,Ext1,AUTO_TRI_N0_G1_N4,tripartite,1.0,True,0.17815864179411847,20260817
hm3dq_like,9,Ext1,AUTO_TRI_N3_G2_N5,tripartite,0.0,False,0.007145679482829759,20260817
hm3dq_like,9,Ext1,AUTO_TRI_N3_G2_N9,tripartite,0.0,False,0.007145679482829759,20260817
hm3dq_like,10,Ext1,AUTO_GG_G0_G1,glia_glia,1.0,True,0.14252691343529478,20260817
hm3dq_like,10,Ext1,AUTO_GG_G1_G3,glia_glia,1.0,True,0.14252691343529478,20260817
hm3dq_like,10,Ext1,AUTO_GG_G2_G5,glia_glia,0.8231544641684472,True,0.8543522997578086,20260817
hm3dq_like,10,Ext1,AUTO_TRI_N0_G1_N4,tripartite,1.0,True,0.14252691343529478,20260817
hm3dq_like,10,Ext1,AUTO_TRI_N3_G2_N5,tripartite,0.0,False,0.011267957661389928,20260817
hm3dq_like,10,Ext1,AUTO_TRI_N3_G2_N9,tripartite,0.0,False,0.011267957661389928,20260817
hm3dq_like,11,Ext1,AUTO_GG_G0_G1,glia_glia,1.0,True,0.11402153074823583,20260817
hm3dq_like,11,Ext1,AUTO_GG_G1_G3,glia_glia,1.0,True,0.11402153074823583,20260817
hm3dq_like,11,Ext1,AUTO_GG_G2_G5,glia_glia,1.0,True,0.9276243101274845,20260817
hm3dq_like,11,Ext1,AUTO_TRI_N0_G1_N4,tripartite,1.0,True,0.11402153074823583,20260817
hm3dq_like,11,Ext1,AUTO_TRI_N3_G2_N5,tripartite,0.0,False,0.017940095897749628,20260817
hm3dq_like,11,Ext1,AUTO_TRI_N3_G2_N9,tripartite,0.0,False,0.017940095897749628,20260817
hm3dq_like,12,Ext1,AUTO_GG_G0_G1,glia_glia,1.0,True,0.09121722459858866,20260817
hm3dq_like,12,Ext1,AUTO_GG_G1_G3,glia_glia,1.0,True,0.09121722459858866,20260817
hm3dq_like,12,Ext1,AUTO_GG_G2_G5,glia_glia,1.0,True,0.9907876852307675,20260817
hm3dq_like,12,Ext1,AUTO_TRI_N0_G1_N4,tripartite,1.0,True,0.09121722459858866,20260817
hm3dq_like,12,Ext1,AUTO_TRI_N3_G2_N5,tripartite,0.0,False,0.027248783927692734,20260817
hm3dq_like,12,Ext1,AUTO_TRI_N3_G2_N9,tripartite,0.0,False,0.027248783927692734,20260817
hm3dq_like,13,Ext1,AUTO_GG_G0_G1,glia_glia,1.0,True,0.07297377967887093,20260817
hm3dq_like,13,Ext1,AUTO_GG_G1_G3,glia_glia,1.0,True,0.07297377967887093,20260817
hm3dq_like,13,Ext1,AUTO_GG_G2_G5,glia_glia,1.0,True,1.0,20260817
hm3dq_like,13,Ext1,AUTO_TRI_N0_G1_N4,tripartite,1.0,True,0.07297377967887093,20260817
hm3dq_like,13,Ext1,AUTO_TRI_N3_G2_N5,tripartite,0.0,False,0.03562660315464153,20260817
hm3dq_like,13,Ext1,AUTO_TRI_N3_G2_N9,tripartite,0.0,False,0.03562660315464153,20260817
hm3dq_like,14,Ext1,AUTO_GG_G0_G1,glia_glia,1.0,True,0.05837902374309675,20260817
hm3dq_like,14,Ext1,AUTO_GG_G1_G3,glia_glia,1.0,True,0.05837902374309675,20260817
hm3dq_like,14,Ext1,AUTO_GG_G2_G5,glia_glia,1.0,True,1.0,20260817
hm3dq_like,14,Ext1,AUTO_TRI_N0_G1_N4,tripartite,1.0,True,0.05837902374309675,20260817
hm3dq_like,14,Ext1,AUTO_TRI_N3_G2_N5,tripartite,0.0,False,0.04316664045889544,20260817
hm3dq_like,14,Ext1,AUTO_TRI_N3_G2_N9,tripartite,0.0,False,0.04316664045889544,20260817
hm3dq_like,15,Ext1,AUTO_GG_G0_G1,glia_glia,1.0,True,0.04670321899447741,20260817
hm3dq_like,15,Ext1,AUTO_GG_G1_G3,glia_glia,1.0,True,0.04670321899447741,20260817
hm3dq_like,15,Ext1,AUTO_GG_G2_G5,glia_glia,1.0,True,1.0,20260817
hm3dq_like,15,Ext1,AUTO_TRI_N0_G1_N4,tripartite,1.0,True,0.04670321899447741,20260817
hm3dq_like,15,Ext1,AUTO_TRI_N3_G2_N5,tripartite,0.0006534418095531098,False,0.049952674032723965,20260817
hm3dq_like,15,Ext1,AUTO_TRI_N3_G2_N9,tripartite,0.0006534418095531098,False,0.049952674032723965,20260817
hm3dq_like,16,Ext1,AUTO_GG_G0_G1,glia_glia,1.0,True,0.03736257519558193,20260817
hm3dq_like,16,Ext1,AUTO_GG_G1_G3,glia_glia,1.0,True,0.03736257519558193,20260817
hm3dq_like,16,Ext1,AUTO_GG_G2_G5,glia_glia,1.0,True,1.0,20260817
hm3dq_like,16,Ext1,AUTO_TRI_N0_G1_N4,tripartite,1.0,True,0.03736257519558193,20260817
hm3dq_like,16,Ext1,AUTO_TRI_N3_G2_N5,tripartite,0.0021129206689477916,False,0.05606192310096762,20260817
hm3dq_like,16,Ext1,AUTO_TRI_N3_G2_N9,tripartite,0.0021129206689477916,False,0.05606192310096762,20260817
hm3dq_like,17,Ext1,AUTO_GG_G0_G1,glia_glia,1.0,True,0.029890060156465545,20260817
hm3dq_like,17,Ext1,AUTO_GG_G1_G3,glia_glia,1.0,True,0.029890060156465545,20260817
hm3dq_like,17,Ext1,AUTO_GG_G2_G5,glia_glia,1.0,True,1.0,20260817
hm3dq_like,17,Ext1,AUTO_TRI_N0_G1_N4,tripartite,1.0,True,0.029890060156465545,20260817
hm3dq_like,17,Ext1,AUTO_TRI_N3_G2_N5,tripartite,0.004298381072643434,False,0.06156440226610586,20260817
hm3dq_like,17,Ext1,AUTO_TRI_N3_G2_N9,tripartite,0.004298381072643434,False,0.06156440226610586,20260817
hm3dq_like,18,Ext1,AUTO_GG_G0_G1,glia_glia,1.0,True,0.023912048125172437,20260817
hm3dq_like,18,Ext1,AUTO_GG_G1_G3,glia_glia,1.0,True,0.023912048125172437,20260817
hm3dq_like,18,Ext1,AUTO_GG_G2_G5,glia_glia,1.0,True,1.0,20260817
hm3dq_like,18,Ext1,AUTO_TRI_N0_G1_N4,tripartite,1.0,True,0.023912048125172437,20260817
hm3dq_like,18,Ext1,AUTO_TRI_N3_G2_N5,tripartite,0.007138065521181419,False,0.06652300514566488,20260817
hm3dq_like,18,Ext1,AUTO_TRI_N3_G2_N9,tripartite,0.007138065521181419,False,0.06652300514566488,20260817
hm3dq_like,19,Ext1,AUTO_GG_G0_G1,glia_glia,1.0,True,0.01912963850013795,20260817
hm3dq_like,19,Ext1,AUTO_GG_G1_G3,glia_glia,1.0,True,0.01912963850013795,20260817
hm3dq_like,19,Ext1,AUTO_GG_G2_G5,glia_glia,1.0,True,1.0,20260817
hm3dq_like,19,Ext1,AUTO_TRI_N0_G1_N4,tripartite,1.0,True,0.01912963850013795,20260817
hm3dq_like,19,Ext1,AUTO_TRI_N3_G2_N5,tripartite,0.010567671001852285,False,0.07099423201619584,20260817
hm3dq_like,19,Ext1,AUTO_TRI_N3_G2_N9,tripartite,0.010567671001852285,False,0.07099423201619584,20260817
hm3dq_like,20,Ext1,AUTO_GG_G0_G1,glia_glia,1.0,True,0.01530371080011036,20260817
hm3dq_like,20,Ext1,AUTO_GG_G1_G3,glia_glia,1.0,True,0.01530371080011036,20260817
hm3dq_like,20,Ext1,AUTO_GG_G2_G5,glia_glia,1.0,True,1.0,20260817
hm3dq_like,20,Ext1,AUTO_TRI_N0_G1_N4,tripartite,1.0,True,0.01530371080011036,20260817
hm3dq_like,20,Ext1,AUTO_TRI_N3_G2_N5,tripartite,0.014529591731489197,False,0.07502884362542263,20260817
hm3dq_like,20,Ext1,AUTO_TRI_N3_G2_N9,tripartite,0.014529591731489197,False,0.07502884362542263,20260817
hm3dq_like,21,Ext1,AUTO_GG_G0_G1,glia_glia,1.0,True,0.012242968640088288,20260817
hm3dq_like,21,Ext1,AUTO_GG_G1_G3,glia_glia,1.0,True,0.012242968640088288,20260817
hm3dq_like,21,Ext1,AUTO_GG_G2_G5,glia_glia,1.0,True,1.0,20260817
hm3dq_like,21,Ext1,AUTO_TRI_N0_G1_N4,tripartite,1.0,True,0.012242968640088288,20260817
hm3dq_like,21,Ext1,AUTO_TRI_N3_G2_N5,tripartite,0.01897223934207215,False,0.07867244815957714,20260817
hm3dq_like,21,Ext1,AUTO_TRI_N3_G2_N9,tripartite,0.01897223934207215,False,0.07867244815957714,20260817
hm3dq_like,22,Ext1,AUTO_GG_G0_G1,glia_glia,1.0,True,0.00979437491207063,20260817
hm3dq_like,22,Ext1,AUTO_GG_G1_G3,glia_glia,1.0,True,0.00979437491207063,20260817
hm3dq_like,22,Ext1,AUTO_GG_G2_G5,glia_glia,1.0,True,1.0,20260817
hm3dq_like,22,Ext1,AUTO_TRI_N0_G1_N4,tripartite,1.0,True,0.00979437491207063,20260817
hm3dq_like,22,Ext1,AUTO_TRI_N3_G2_N5,tripartite,0.023849432556456055,False,0.08196602793441768,20260817
hm3dq_like,22,Ext1,AUTO_TRI_N3_G2_N9,tripartite,0.023849432556456055,False,0.08196602793441768,20260817
hm3dq_like,23,Ext1,AUTO_GG_G0_G1,glia_glia,1.0,True,0.007835499929656506,20260817
hm3dq_like,23,Ext1,AUTO_GG_G1_G3,glia_glia,1.0,True,0.007835499929656506,20260817
hm3dq_like,23,Ext1,AUTO_GG_G2_G5,glia_glia,1.0,True,1.0,20260817
hm3dq_like,23,Ext1,AUTO_TRI_N0_G1_N4,tripartite,1.0,True,0.007835499929656506,20260817
hm3dq_like,23,Ext1,AUTO_TRI_N3_G2_N5,tripartite,0.029119849203474744,False,0.08494641188811783,20260817
hm3dq_like,23,Ext1,AUTO_TRI_N3_G2_N9,tripartite,0.029119849203474744,False,0.08494641188811783,20260817
hm3dq_like,24,Ext1,AUTO_GG_G0_G1,glia_glia,1.0,True,0.006268399943725205,20260817
hm3dq_like,24,Ext1,AUTO_GG_G1_G3,glia_glia,1.0,True,0.006268399943725205,20260817
hm3dq_like,24,Ext1,AUTO_GG_G2_G5,glia_glia,1.0,True,1.0,20260817
hm3dq_like,24,Ext1,AUTO_TRI_N0_G1_N4,tripartite,1.0,True,0.006268399943725205,20260817
hm3dq_like,24,Ext1,AUTO_TRI_N3_G2_N5,tripartite,0.03474653415531671,False,0.08764669943658002,20260817
hm3dq_like,24,Ext1,AUTO_TRI_N3_G2_N9,tripartite,0.03474653415531671,False,0.08764669943658002,20260817
hm3dq_like,25,Ext1,AUTO_GG_G0_G1,glia_glia,1.0,True,0.005014719954980164,20260817
hm3dq_like,25,Ext1,AUTO_GG_G1_G3,glia_glia,1.0,True,0.005014719954980164,20260817
hm3dq_like,25,Ext1,AUTO_GG_G2_G5,glia_glia,1.0,True,1.0,20260817
hm3dq_like,25,Ext1,AUTO_TRI_N0_G1_N4,tripartite,1.0,True,0.005014719954980164,20260817
hm3dq_like,25,Ext1,AUTO_TRI_N3_G2_N5,tripartite,0.04069645743569307,False,0.0900966407361859,20260817
hm3dq_like,25,Ext1,AUTO_TRI_N3_G2_N9,tripartite,0.04069645743569307,False,0.0900966407361859,20260817
hm3dq_like,26,Ext1,AUTO_GG_G0_G1,glia_glia,0.9999209420771187,True,0.004011775963984132,20260817
hm3dq_like,26,Ext1,AUTO_GG_G1_G3,glia_glia,0.9999308243174789,True,0.004011775963984132,20260817
hm3dq_like,26,Ext1,AUTO_GG_G2_G5,glia_glia,1.0,True,1.0,20260817
hm3dq_like,26,Ext1,AUTO_TRI_N0_G1_N4,tripartite,0.9999407065578391,True,0.004011775963984132,20260817
hm3dq_like,26,Ext1,AUTO_TRI_N3_G2_N5,tripartite,0.04694011734764183,False,0.09232297790405607,20260817
hm3dq_like,26,Ext1,AUTO_TRI_N3_G2_N9,tripartite,0.04694011734764183,False,0.09232297790405607,20260817
hm3dq_like,27,Ext1,AUTO_GG_G0_G1,glia_glia,0.9997776957388137,True,0.0032094207711873056,20260817
hm3dq_like,27,Ext1,AUTO_GG_G1_G3,glia_glia,0.9998054837714621,True,0.0032094207711873056,20260817
hm3dq_like,27,Ext1,AUTO_GG_G2_G5,glia_glia,1.0,True,1.0,20260817
hm3dq_like,27,Ext1,AUTO_TRI_N0_G1_N4,tripartite,0.9998332718041103,True,0.0032094207711873056,20260817
hm3dq_like,27,Ext1,AUTO_TRI_N3_G2_N5,tripartite,0.05345118400897215,False,0.09434975128230519,20260817
hm3dq_like,27,Ext1,AUTO_TRI_N3_G2_N9,tripartite,0.05345118400897215,False,0.09434975128230519,20260817
hm3dq_like,28,Ext1,AUTO_GG_G0_G1,glia_glia,0.9995830986681696,True,0.0025675366169498445,20260817
hm3dq_like,28,Ext1,AUTO_GG_G1_G3,glia_glia,0.9996352113346485,True,0.0025675366169498445,20260817
hm3dq_like,28,Ext1,AUTO_GG_G2_G5,glia_glia,1.0,True,1.0,20260817
hm3dq_like,28,Ext1,AUTO_TRI_N0_G1_N4,tripartite,0.9996873240011273,True,0.0025675366169498445,20260817
hm3dq_like,28,Ext1,AUTO_TRI_N3_G2_N5,tripartite,0.060206179166197804,False,0.09619857440595635,20260817
hm3dq_like,28,Ext1,AUTO_TRI_N3_G2_N9,tripartite,0.060206179166197804,False,0.09619857440595635,20260817
hm3dq_like,29,Ext2,AUTO_GG_G0_G1,glia_glia,0.9993474210116544,True,0.002054029293559876,20260817
hm3dq_like,29,Ext2,AUTO_GG_G1_G3,glia_glia,0.9994289933851976,True,0.002054029293559876,20260817
hm3dq_like,29,Ext2,AUTO_GG_G2_G5,glia_glia,1.0,True,1.0,20260817
hm3dq_like,29,Ext2,AUTO_TRI_N0_G1_N4,tripartite,0.9995105657587409,True,0.002054029293559876,20260817
hm3dq_like,29,Ext2,AUTO_TRI_N3_G2_N5,tripartite,0.06718418858943463,False,0.09788888094596168,20260817
hm3dq_like,29,Ext2,AUTO_TRI_N3_G2_N9,tripartite,0.06718418858943463,False,0.09788888094596168,20260817
hm3dq_like,30,Ext2,AUTO_GG_G0_G1,glia_glia,0.9990788788864422,True,0.0016432234348479008,20260817
hm3dq_like,30,Ext2,AUTO_GG_G1_G3,glia_glia,0.999194019025637,True,0.0016432234348479008,20260817
hm3dq_like,30,Ext2,AUTO_GG_G2_G5,glia_glia,1.0,True,1.0,20260817
hm3dq_like,30,Ext2,AUTO_TRI_N0_G1_N4,tripartite,0.9993091591648318,True,0.0016432234348479008,20260817
hm3dq_like,30,Ext2,AUTO_TRI_N3_G2_N5,tripartite,0.0743666037361749,False,0.09943814654870603,20260817
hm3dq_like,30,Ext2,AUTO_TRI_N3_G2_N9,tripartite,0.0743666037361749,False,0.09943814654870603,20260817
hm3dq_like,31,Ext2,AUTO_GG_G0_G1,glia_glia,0.9987840451862725,True,0.0013145787478783207,20260817
hm3dq_like,31,Ext2,AUTO_GG_G1_G3,glia_glia,0.9989360395379885,True,0.0013145787478783207,20260817
hm3dq_like,31,Ext2,AUTO_GG_G2_G5,glia_glia,1.0,True,1.0,20260817
hm3dq_like,31,Ext2,AUTO_TRI_N0_G1_N4,tripartite,0.9990880338897045,True,0.0013145787478783207,20260817
hm3dq_like,31,Ext2,AUTO_TRI_N3_G2_N5,tripartite,0.08173688971589511,False,0.1008620881796254,20260817
hm3dq_like,31,Ext2,AUTO_TRI_N3_G2_N9,tripartite,0.08173688971589511,False,0.1008620881796254,20260817
hm3dq_like,32,Ext2,AUTO_GG_G0_G1,glia_glia,0.9984681782261368,True,0.0010516629983026566,20260817
hm3dq_like,32,Ext2,AUTO_GG_G1_G3,glia_glia,0.9986596559478697,True,0.0010516629983026566,20260817
hm3dq_like,32,Ext2,AUTO_GG_G2_G5,glia_glia,1.0,True,1.0,20260817
hm3dq_like,32,Ext2,AUTO_TRI_N0_G1_N4,tripartite,0.9988511336696027,True,0.0010516629983026566,20260817
hm3dq_like,32,Ext2,AUTO_TRI_N3_G2_N5,tripartite,0.08928037689454926,False,0.10217484329852941,20260817
hm3dq_like,32,Ext2,AUTO_TRI_N3_G2_N9,tripartite,0.08928037689454926,False,0.10217484329852941,20260817
hm3dq_like,33,Ext2,AUTO_GG_G0_G1,glia_glia,0.9981354846580281,True,0.0008413303986421253,20260817
hm3dq_like,33,Ext2,AUTO_GG_G1_G3,glia_glia,0.9983685490757745,True,0.0008413303986421253,20260817
hm3dq_like,33,Ext2,AUTO_GG_G2_G5,glia_glia,1.0,True,1.0,20260817
hm3dq_like,33,Ext2,AUTO_TRI_N0_G1_N4,tripartite,0.9986016134935212,True,0.0008413303986421253,20260817
hm3dq_like,33,Ext2,AUTO_TRI_N3_G2_N5,tripartite,0.0969840737522057,False,0.1033891309449357,20260817
hm3dq_like,33,Ext2,AUTO_TRI_N3_G2_N9,tripartite,0.0969840737522057,False,0.1033891309449357,20260817
hm3dq_like,34,Ext2,AUTO_GG_G0_G1,glia_glia,0.9977893298035413,True,0.0006730643189137003,20260817
hm3dq_like,34,Ext2,AUTO_GG_G1_G3,glia_glia,0.9980656635780986,True,0.0006730643189137003,20260817
hm3dq_like,34,Ext2,AUTO_GG_G2_G5,glia_glia,1.0,True,1.0,20260817
hm3dq_like,34,Ext2,AUTO_TRI_N0_G1_N4,tripartite,0.9983419973526559,True,0.0006730643189137003,20260817
hm3dq_like,34,Ext2,AUTO_TRI_N3_G2_N5,tripartite,0.10483649885206048,False,0.10451639659016905,20260817
hm3dq_like,34,Ext2,AUTO_TRI_N3_G2_N9,tripartite,0.10483649885206048,False,0.10451639659016905,20260817
hm3dq_like,35,Ext2,AUTO_GG_G0_G1,glia_glia,0.9974324059199517,True,0.0005384514551309603,20260817
hm3dq_like,35,Ext2,AUTO_GG_G1_G3,glia_glia,0.9977533551799578,True,0.0005384514551309603,20260817
hm3dq_like,35,Ext2,AUTO_GG_G2_G5,glia_glia,1.0,True,1.0,20260817
hm3dq_like,35,Ext2,AUTO_TRI_N0_G1_N4,tripartite,0.9980743044399638,True,0.0005384514551309603,20260817
hm3dq_like,35,Ext2,AUTO_TRI_N3_G2_N5,tripartite,0.11282752999807227,False,0.1055669424162005,20260817
hm3dq_like,35,Ext2,AUTO_TRI_N3_G2_N9,tripartite,0.11282752999807227,False,0.1055669424162005,20260817
hm3dq_like,36,Ext2,AUTO_GG_G0_G1,glia_glia,0.9970668668130801,True,0.00043076116410476823,20260817
hm3dq_like,36,Ext2,AUTO_GG_G1_G3,glia_glia,0.9974335084614451,True,0.00043076116410476823,20260817
hm3dq_like,36,Ext2,AUTO_GG_G2_G5,glia_glia,1.0,True,1.0,20260817
hm3dq_like,36,Ext2,AUTO_TRI_N0_G1_N4,tripartite,0.99780015010981,True,0.00043076116410476823,20260817
hm3dq_like,36,Ext2,AUTO_TRI_N3_G2_N5,tripartite,0.12094826885441934,False,0.10655004450644004,20260817
hm3dq_like,36,Ext2,AUTO_TRI_N3_G2_N9,tripartite,0.12094826885441934,False,0.10655004450644004,20260817
hm3dq_like,37,Ext2,AUTO_GG_G0_G1,glia_glia,0.9966944355275829,True,0.0003446089312838146,20260817
hm3dq_like,37,Ext2,AUTO_GG_G1_G3,glia_glia,0.9971076310866349,True,0.0003446089312838146,20260817
hm3dq_like,37,Ext2,AUTO_GG_G2_G5,glia_glia,1.0,True,1.0,20260817
hm3dq_like,37,Ext2,AUTO_TRI_N0_G1_N4,tripartite,0.9975208266456871,True,0.0003446089312838146,20260817
hm3dq_like,37,Ext2,AUTO_TRI_N3_G2_N5,tripartite,0.1291909194754478,False,0.10747405827843012,20260817
hm3dq_like,37,Ext2,AUTO_TRI_N3_G2_N9,tripartite,0.1291909194754478,False,0.10747405827843012,20260817
hm3dq_like,38,Ext2,AUTO_GG_G0_G1,glia_glia,0.996316490499185,True,0.00027568714502705167,20260817
hm3dq_like,38,Ext2,AUTO_GG_G1_G3,glia_glia,0.9967769291867868,True,0.00027568714502705167,20260817
hm3dq_like,38,Ext2,AUTO_GG_G2_G5,glia_glia,1.0,True,1.0,20260817
hm3dq_like,38,Ext2,AUTO_TRI_N0_G1_N4,tripartite,0.9972373678743887,True,0.00027568714502705167,20260817
hm3dq_like,38,Ext2,AUTO_TRI_N3_G2_N5,tripartite,0.1375486793520354,False,0.10834651335032655,20260817
hm3dq_like,38,Ext2,AUTO_TRI_N3_G2_N9,tripartite,0.1375486793520354,False,0.10834651335032655,20260817
hm3dq_like,39,Ext2,AUTO_GG_G0_G1,glia_glia,0.9959341344764667,True,0.00022054971602164134,20260817
hm3dq_like,39,Ext2,AUTO_GG_G1_G3,glia_glia,0.9964423676669083,True,0.00022054971602164134,20260817
hm3dq_like,39,Ext2,AUTO_GG_G2_G5,glia_glia,1.0,True,1.0,20260817
hm3dq_like,39,Ext2,AUTO_TRI_N0_G1_N4,tripartite,0.99695060085735,True,0.00022054971602164134,20260817
hm3dq_like,39,Ext2,AUTO_TRI_N3_G2_N5,tripartite,0.1460156417213367,False,0.10917419891018028,20260817
hm3dq_like,39,Ext2,AUTO_TRI_N3_G2_N9,tripartite,0.1460156417213367,False,0.10917419891018028,20260817
hm3dq_like,40,Ext2,AUTO_GG_G0_G1,glia_glia,0.9955482496582921,True,0.0001764397728173131,20260817
hm3dq_like,40,Ext2,AUTO_GG_G1_G3,glia_glia,0.9961047184510056,True,0.0001764397728173131,20260817
hm3dq_like,40,Ext2,AUTO_GG_G2_G5,glia_glia,1.0,True,1.0,20260817
hm3dq_like,40,Ext2,AUTO_TRI_N0_G1_N4,tripartite,0.996661187243719,True,0.0001764397728173131,20260817
hm3dq_like,40,Ext2,AUTO_TRI_N3_G2_N5,tripartite,0.15458670801347446,False,0.10996324054755222,20260817
hm3dq_like,40,Ext2,AUTO_TRI_N3_G2_N9,tripartite,0.15458670801347446,False,0.10996324054755222,20260817
hm3dq_like,41,Ext2,AUTO_GG_G0_G1,glia_glia,0.9951595418037524,True,0.00014115181825385048,20260817
hm3dq_like,41,Ext2,AUTO_GG_G1_G3,glia_glia,0.9957645990782833,True,0.00014115181825385048,20260817
hm3dq_like,41,Ext2,AUTO_GG_G2_G5,glia_glia,1.0,True,1.0,20260817
hm3dq_like,41,Ext2,AUTO_TRI_N0_G1_N4,tripartite,0.9963696563528143,True,0.00014115181825385048,20260817
hm3dq_like,41,Ext2,AUTO_TRI_N3_G2_N5,tripartite,0.16325750942245337,False,0.11071916940932439,20260817
hm3dq_like,41,Ext2,AUTO_TRI_N3_G2_N9,tripartite,0.16325750942245337,False,0.11071916940932439,20260817
hm3dq_like,42,Ext2,AUTO_GG_G0_G1,glia_glia,0.9947685755201207,True,0.00011292145460308038,20260817
hm3dq_like,42,Ext2,AUTO_GG_G1_G3,glia_glia,0.9954225035801055,True,0.00011292145460308038,20260817
hm3dq_like,42,Ext2,AUTO_GG_G2_G5,glia_glia,1.0,True,1.0,20260817
hm3dq_like,42,Ext2,AUTO_TRI_N0_G1_N4,tripartite,0.9960764316400904,True,0.00011292145460308038,20260817
hm3dq_like,42,Ext2,AUTO_TRI_N3_G2_N5,tripartite,0.17202433669077608,False,0.11144698445435053,20260817
hm3dq_like,42,Ext2,AUTO_TRI_N3_G2_N9,tripartite,0.17202433669077608,False,0.11144698445435053,20260817
hm3dq_like,43,Ext2,AUTO_GG_G0_G1,glia_glia,0.9943758024932152,True,9.033716368246431e-05,20260817
hm3dq_like,43,Ext2,AUTO_GG_G1_G3,glia_glia,0.9950788271815633,True,9.033716368246431e-05,20260817
hm3dq_like,43,Ext2,AUTO_GG_G2_G5,glia_glia,1.0,True,1.0,20260817
hm3dq_like,43,Ext2,AUTO_TRI_N0_G1_N4,tripartite,0.9957818518699113,True,9.033716368246431e-05,20260817
hm3dq_like,43,Ext2,AUTO_TRI_N3_G2_N5,tripartite,0.18088407728915595,False,0.11215120850359345,20260817
hm3dq_like,43,Ext2,AUTO_TRI_N3_G2_N9,tripartite,0.18088407728915595,False,0.11215120850359345,20260817
hm3dq_like,44,Ext2,AUTO_GG_G0_G1,glia_glia,0.9939815840716909,True,7.226973094597146e-05,20260817
hm3dq_like,44,Ext2,AUTO_GG_G1_G3,glia_glia,0.9947338860627295,True,7.226973094597146e-05,20260817
hm3dq_like,44,Ext2,AUTO_GG_G2_G5,glia_glia,1.0,True,1.0,20260817
hm3dq_like,44,Ext2,AUTO_TRI_N0_G1_N4,tripartite,0.9954861880537681,True,7.226973094597146e-05,20260817
hm3dq_like,44,Ext2,AUTO_TRI_N3_G2_N5,tripartite,0.18983415925542418,False,0.11283593871258854,20260817
hm3dq_like,44,Ext2,AUTO_TRI_N3_G2_N9,tripartite,0.18983415925542418,False,0.11283593871258854,20260817
hm3dq_like,45,Ext2,AUTO_GG_G0_G1,glia_glia,0.9935862093344714,True,5.781578475677717e-05,20260817
hm3dq_like,45,Ext2,AUTO_GG_G1_G3,glia_glia,0.9943879331676625,True,5.781578475677717e-05,20260817
hm3dq_like,45,Ext2,AUTO_GG_G2_G5,glia_glia,1.0,True,1.0,20260817
hm3dq_like,45,Ext2,AUTO_TRI_N0_G1_N4,tripartite,0.9951896570008535,True,5.781578475677717e-05,20260817
hm3dq_like,45,Ext2,AUTO_TRI_N3_G2_N5,tripartite,0.19887250103117943,False,0.11350489203052576,20260817
hm3dq_like,45,Ext2,AUTO_TRI_N3_G2_N9,tripartite,0.19887250103117943,False,0.11350489203052576,20260817
hm3dq_like,46,Ext2,AUTO_GG_G0_G1,glia_glia,0.9931899095446959,True,4.6252627805421734e-05,20260817
hm3dq_like,46,Ext2,AUTO_GG_G1_G3,glia_glia,0.9940411708516089,True,4.6252627805421734e-05,20260817
hm3dq_like,46,Ext2,AUTO_GG_G2_G5,glia_glia,1.0,True,1.0,20260817
hm3dq_like,46,Ext2,AUTO_TRI_N0_G1_N4,tripartite,0.9948924321585219,True,4.6252627805421734e-05,20260817
hm3dq_like,46,Ext2,AUTO_TRI_N3_G2_N5,tripartite,0.20799746670178007,False,0.11416144615415567,20260817
hm3dq_like,46,Ext2,AUTO_TRI_N3_G2_N9,tripartite,0.20799746670178007,False,0.11416144615415567,20260817
hm3dq_like,47,Ext2,AUTO_GG_G0_G1,glia_glia,0.9927928697128754,True,3.700210224433739e-05,20260817
hm3dq_like,47,Ext2,AUTO_GG_G1_G3,glia_glia,0.993693760998766,True,3.700210224433739e-05,20260817
hm3dq_like,47,Ext2,AUTO_GG_G2_G5,glia_glia,1.0,True,1.0,20260817
hm3dq_like,47,Ext2,AUTO_TRI_N0_G1_N4,tripartite,0.9945946522846565,True,3.700210224433739e-05,20260817
hm3dq_like,47,Ext2,AUTO_TRI_N3_G2_N5,tripartite,0.21720782610568926,False,0.11480867643439101,20260817
hm3dq_like,47,Ext2,AUTO_TRI_N3_G2_N9,tripartite,0.21720782610568926,False,0.11480867643439101,20260817
hm3dq_like,48,Ext2,AUTO_GG_G0_G1,glia_glia,0.992395237847419,True,2.960168179546991e-05,20260817
hm3dq_like,48,Ext2,AUTO_GG_G1_G3,glia_glia,0.9933458331164917,True,2.960168179546991e-05,20260817
hm3dq_like,48,Ext2,AUTO_GG_G2_G5,glia_glia,1.0,True,1.0,20260817
hm3dq_like,48,Ext2,AUTO_TRI_N0_G1_N4,tripartite,0.9942964283855642,True,2.960168179546991e-05,20260817
hm3dq_like,48,Ext2,AUTO_TRI_N3_G2_N5,tripartite,0.22650271933362998,False,0.11544938914828076,20260817
hm3dq_like,48,Ext2,AUTO_TRI_N3_G2_N9,tripartite,0.22650271933362998,False,0.11544938914828076,20260817
hm3dq_like,49,Ext2,AUTO_GG_G0_G1,glia_glia,0.9919971323550539,True,2.368134543637593e-05,20260817
hm3dq_like,49,Ext2,AUTO_GG_G1_G3,glia_glia,0.9929974908106722,True,2.368134543637593e-05,20260817
hm3dq_like,49,Ext2,AUTO_GG_G2_G5,glia_glia,1.0,True,1.0,20260817
hm3dq_like,49,Ext2,AUTO_TRI_N0_G1_N4,tripartite,0.9939978492662904,True,2.368134543637593e-05,20260817
hm3dq_like,49,Ext2,AUTO_TRI_N3_G2_N5,tripartite,0.23588162518709846,False,0.1160861515084318,20260817
hm3dq_like,49,Ext2,AUTO_TRI_N3_G2_N9,tripartite,0.23588162518709846,False,0.1160861515084318,20260817
hm3dq_like,50,Ext2,AUTO_GG_G0_G1,glia_glia,0.9915986479611618,True,1.8945076349100747e-05,20260817
hm3dq_like,50,Ext2,AUTO_GG_G1_G3,glia_glia,0.9926488169660167,True,1.8945076349100747e-05,20260817
hm3dq_like,50,Ext2,AUTO_GG_G2_G5,glia_glia,1.0,True,1.0,20260817
hm3dq_like,50,Ext2,AUTO_TRI_N0_G1_N4,tripartite,0.9936989859708714,True,1.8945076349100747e-05,20260817
hm3dq_like,50,Ext2,AUTO_TRI_N3_G2_N5,tripartite,0.2453443332100606,False,0.11672131874546703,20260817
hm3dq_like,50,Ext2,AUTO_TRI_N3_G2_N9,tripartite,0.2453443332100606,False,0.11672131874546703,20260817
hm3dq_like,51,Ext2,AUTO_GG_G0_G1,glia_glia,0.9911998604460481,True,1.5156061079280599e-05,20260817
hm3dq_like,51,Ext2,AUTO_GG_G1_G3,glia_glia,0.9922998778902923,True,1.5156061079280599e-05,20260817
hm3dq_like,51,Ext2,AUTO_GG_G2_G5,glia_glia,1.0,True,1.0,20260817
hm3dq_like,51,Ext2,AUTO_TRI_N0_G1_N4,tripartite,0.9933998953345361,True,1.5156061079280599e-05,20260817
hm3dq_like,51,Ext2,AUTO_TRI_N3_G2_N5,tripartite,0.25489091894760585,False,0.11735705856631501,20260817
hm3dq_like,51,Ext2,AUTO_TRI_N3_G2_N9,tripartite,0.25489091894760585,False,0.11735705856631501,20260817
hm3dq_like,52,Ext2,AUTO_GG_G0_G1,glia_glia,0.9908008304339572,True,1.2124848863424479e-05,20260817
hm3dq_like,52,Ext2,AUTO_GG_G1_G3,glia_glia,0.9919507266297127,True,1.2124848863424479e-05,20260817
hm3dq_like,52,Ext2,AUTO_GG_G2_G5,glia_glia,1.0,True,1.0,20260817
hm3dq_like,52,Ext2,AUTO_TRI_N0_G1_N4,tripartite,0.9931006228254678,True,1.2124848863424479e-05,20260817
hm3dq_like,52,Ext2,AUTO_TRI_N3_G2_N5,tripartite,0.264521722121394,False,0.11799537326164854,20260817
hm3dq_like,52,Ext2,AUTO_TRI_N3_G2_N9,tripartite,0.264521722121394,False,0.11799537326164854,20260817
hm3dq_like,53,Ext2,AUTO_GG_G0_G1,glia_glia,0.9904016064242844,True,9.699879090739585e-06,20260817
hm3dq_like,53,Ext2,AUTO_GG_G1_G3,glia_glia,0.9916014056212491,True,9.699879090739585e-06,20260817
hm3dq_like,53,Ext2,AUTO_GG_G2_G5,glia_glia,1.0,True,1.0,20260817
hm3dq_like,53,Ext2,AUTO_TRI_N0_G1_N4,tripartite,0.9928012048182133,True,9.699879090739585e-06,20260817
hm3dq_like,53,Ext2,AUTO_TRI_N3_G2_N5,tripartite,0.2742373274442968,False,0.1186381197093026,20260817
hm3dq_like,53,Ext2,AUTO_TRI_N3_G2_N9,tripartite,0.2742373274442968,False,0.1186381197093026,20260817
hm3dq_like,54,E-Ret,AUTO_GG_G0_G1,glia_glia,0.9904016064242844,True,9.699879090739585e-06,20260817
hm3dq_like,54,E-Ret,AUTO_GG_G1_G3,glia_glia,0.9916014056212491,True,9.699879090739585e-06,20260817
hm3dq_like,54,E-Ret,AUTO_GG_G2_G5,glia_glia,1.0,True,1.0,20260817
hm3dq_like,54,E-Ret,AUTO_TRI_N0_G1_N4,tripartite,0.9928012048182133,True,9.699879090739585e-06,20260817
hm3dq_like,54,E-Ret,AUTO_TRI_N3_G2_N5,tripartite,0.2742373274442968,False,0.1186381197093026,20260817
hm3dq_like,54,E-Ret,AUTO_TRI_N3_G2_N9,tripartite,0.2742373274442968,False,0.1186381197093026,20260817
hm3dq_like,55,E-Ret,AUTO_GG_G0_G1,glia_glia,0.9904016064242844,True,9.699879090739585e-06,20260817
hm3dq_like,55,E-Ret,AUTO_GG_G1_G3,glia_glia,0.9916014056212491,True,9.699879090739585e-06,20260817
hm3dq_like,55,E-Ret,AUTO_GG_G2_G5,glia_glia,1.0,True,1.0,20260817
hm3dq_like,55,E-Ret,AUTO_TRI_N0_G1_N4,tripartite,0.9928012048182133,True,9.699879090739585e-06,20260817
hm3dq_like,55,E-Ret,AUTO_TRI_N3_G2_N5,tripartite,0.2742373274442968,False,0.1186381197093026,20260817
hm3dq_like,55,E-Ret,AUTO_TRI_N3_G2_N9,tripartite,0.2742373274442968,False,0.1186381197093026,20260817
hm3dq_like,56,E-Ret,AUTO_GG_G0_G1,glia_glia,0.9904016064242844,True,9.699879090739585e-06,20260817
hm3dq_like,56,E-Ret,AUTO_GG_G1_G3,glia_glia,0.9916014056212491,True,9.699879090739585e-06,20260817
hm3dq_like,56,E-Ret,AUTO_GG_G2_G5,glia_glia,1.0,True,1.0,20260817
hm3dq_like,56,E-Ret,AUTO_TRI_N0_G1_N4,tripartite,0.9928012048182133,True,9.699879090739585e-06,20260817
hm3dq_like,56,E-Ret,AUTO_TRI_N3_G2_N5,tripartite,0.2742373274442968,False,0.1186381197093026,20260817
hm3dq_like,56,E-Ret,AUTO_TRI_N3_G2_N9,tripartite,0.2742373274442968,False,0.1186381197093026,20260817
hm3dq_like,57,E-Ret,AUTO_GG_G0_G1,glia_glia,0.9904016064242844,True,9.699879090739585e-06,20260817
hm3dq_like,57,E-Ret,AUTO_GG_G1_G3,glia_glia,0.9916014056212491,True,9.699879090739585e-06,20260817
hm3dq_like,57,E-Ret,AUTO_GG_G2_G5,glia_glia,1.0,True,1.0,20260817
hm3dq_like,57,E-Ret,AUTO_TRI_N0_G1_N4,tripartite,0.9928012048182133,True,9.699879090739585e-06,20260817
hm3dq_like,57,E-Ret,AUTO_TRI_N3_G2_N5,tripartite,0.2742373274442968,False,0.1186381197093026,20260817
hm3dq_like,57,E-Ret,AUTO_TRI_N3_G2_N9,tripartite,0.2742373274442968,False,0.1186381197093026,20260817
hm3dq_like,58,E-Ret,AUTO_GG_G0_G1,glia_glia,0.9904016064242844,True,9.699879090739585e-06,20260817
hm3dq_like,58,E-Ret,AUTO_GG_G1_G3,glia_glia,0.9916014056212491,True,9.699879090739585e-06,20260817
hm3dq_like,58,E-Ret,AUTO_GG_G2_G5,glia_glia,1.0,True,1.0,20260817
hm3dq_like,58,E-Ret,AUTO_TRI_N0_G1_N4,tripartite,0.9928012048182133,True,9.699879090739585e-06,20260817
hm3dq_like,58,E-Ret,AUTO_TRI_N3_G2_N5,tripartite,0.2742373274442968,False,0.1186381197093026,20260817
hm3dq_like,58,E-Ret,AUTO_TRI_N3_G2_N9,tripartite,0.2742373274442968,False,0.1186381197093026,20260817
hm3dq_like,59,F-Ren,AUTO_GG_G0_G1,glia_glia,0.9904016064242844,True,9.699879090739585e-06,20260817
hm3dq_like,59,F-Ren,AUTO_GG_G1_G3,glia_glia,0.9916014056212491,True,9.699879090739585e-06,20260817
hm3dq_like,59,F-Ren,AUTO_GG_G2_G5,glia_glia,1.0,True,1.0,20260817
hm3dq_like,59,F-Ren,AUTO_TRI_N0_G1_N4,tripartite,0.9928012048182133,True,9.699879090739585e-06,20260817
hm3dq_like,59,F-Ren,AUTO_TRI_N3_G2_N5,tripartite,0.2742373274442968,False,0.1186381197093026,20260817
hm3dq_like,59,F-Ren,AUTO_TRI_N3_G2_N9,tripartite,0.2742373274442968,False,0.1186381197093026,20260817
hm3dq_like,60,F-Ren,AUTO_GG_G0_G1,glia_glia,0.9904016064242844,True,9.699879090739585e-06,20260817
hm3dq_like,60,F-Ren,AUTO_GG_G1_G3,glia_glia,0.9916014056212491,True,9.699879090739585e-06,20260817
hm3dq_like,60,F-Ren,AUTO_GG_G2_G5,glia_glia,1.0,True,1.0,20260817
hm3dq_like,60,F-Ren,AUTO_TRI_N0_G1_N4,tripartite,0.9928012048182133,True,9.699879090739585e-06,20260817
hm3dq_like,60,F-Ren,AUTO_TRI_N3_G2_N5,tripartite,0.2742373274442968,False,0.1186381197093026,20260817
hm3dq_like,60,F-Ren,AUTO_TRI_N3_G2_N9,tripartite,0.2742373274442968,False,0.1186381197093026,20260817
hm3dq_like,61,F-Ren,AUTO_GG_G0_G1,glia_glia,0.9904016064242844,True,9.699879090739585e-06,20260817
hm3dq_like,61,F-Ren,AUTO_GG_G1_G3,glia_glia,0.9916014056212491,True,9.699879090739585e-06,20260817
hm3dq_like,61,F-Ren,AUTO_GG_G2_G5,glia_glia,1.0,True,1.0,20260817
hm3dq_like,61,F-Ren,AUTO_TRI_N0_G1_N4,tripartite,0.9928012048182133,True,9.699879090739585e-06,20260817
hm3dq_like,61,F-Ren,AUTO_TRI_N3_G2_N5,tripartite,0.2742373274442968,False,0.1186381197093026,20260817
hm3dq_like,61,F-Ren,AUTO_TRI_N3_G2_N9,tripartite,0.2742373274442968,False,0.1186381197093026,20260817
hm3dq_like,62,F-Ren,AUTO_GG_G0_G1,glia_glia,0.9904016064242844,True,9.699879090739585e-06,20260817
hm3dq_like,62,F-Ren,AUTO_GG_G1_G3,glia_glia,0.9916014056212491,True,9.699879090739585e-06,20260817
hm3dq_like,62,F-Ren,AUTO_GG_G2_G5,glia_glia,1.0,True,1.0,20260817
hm3dq_like,62,F-Ren,AUTO_TRI_N0_G1_N4,tripartite,0.9928012048182133,True,9.699879090739585e-06,20260817
hm3dq_like,62,F-Ren,AUTO_TRI_N3_G2_N5,tripartite,0.2742373274442968,False,0.1186381197093026,20260817
hm3dq_like,62,F-Ren,AUTO_TRI_N3_G2_N9,tripartite,0.2742373274442968,False,0.1186381197093026,20260817
hm3dq_like,63,F-Ren,AUTO_GG_G0_G1,glia_glia,0.9904016064242844,True,9.699879090739585e-06,20260817
hm3dq_like,63,F-Ren,AUTO_GG_G1_G3,glia_glia,0.9916014056212491,True,9.699879090739585e-06,20260817
hm3dq_like,63,F-Ren,AUTO_GG_G2_G5,glia_glia,1.0,True,1.0,20260817
hm3dq_like,63,F-Ren,AUTO_TRI_N0_G1_N4,tripartite,0.9928012048182133,True,9.699879090739585e-06,20260817
hm3dq_like,63,F-Ren,AUTO_TRI_N3_G2_N5,tripartite,0.2742373274442968,False,0.1186381197093026,20260817
hm3dq_like,63,F-Ren,AUTO_TRI_N3_G2_N9,tripartite,0.2742373274442968,False,0.1186381197093026,20260817
hm4di_like,1,F-Con,AUTO_GG_G0_G1,glia_glia,0.9593537143165668,True,0.243639236436246,20260817
hm4di_like,1,F-Con,AUTO_GG_G1_G3,glia_glia,0.404086960657421,True,0.13064578932941684,20260817
hm4di_like,1,F-Con,AUTO_GG_G2_G5,glia_glia,0.0,False,0.0,20260817
hm4di_like,1,F-Con,AUTO_TRI_N0_G1_N4,tripartite,0.0,False,0.002220606289620657,20260817
hm4di_like,1,F-Con,AUTO_TRI_N3_G2_N5,tripartite,0.0,False,0.0,20260817
hm4di_like,1,F-Con,AUTO_TRI_N3_G2_N9,tripartite,0.0,False,0.0,20260817
hm4di_like,2,F-Con,AUTO_GG_G0_G1,glia_glia,1.0,True,0.41680761926038906,20260817
hm4di_like,2,F-Con,AUTO_GG_G1_G3,glia_glia,1.0,True,0.24793464773718882,20260817
hm4di_like,2,F-Con,AUTO_GG_G2_G5,glia_glia,0.0,False,0.0,20260817
hm4di_like,2,F-Con,AUTO_TRI_N0_G1_N4,tripartite,0.6563894360681201,True,0.07031074888877795,20260817
hm4di_like,2,F-Con,AUTO_TRI_N3_G2_N5,tripartite,0.0,False,0.0,20260817
hm4di_like,2,F-Con,AUTO_TRI_N3_G2_N9,tripartite,0.0,False,0.0,20260817
hm4di_like,3,F-Con,AUTO_GG_G0_G1,glia_glia,1.0,True,0.5864300569054746,20260817
hm4di_like,3,F-Con,AUTO_GG_G1_G3,glia_glia,1.0,True,0.35373935863584377,20260817
hm4di_like,3,F-Con,AUTO_GG_G2_G5,glia_glia,0.0,False,0.0,20260817
hm4di_like,3,F-Con,AUTO_TRI_N0_G1_N4,tripartite,1.0,True,0.19682409813996554,20260817
hm4di_like,3,F-Con,AUTO_TRI_N3_G2_N5,tripartite,0.0,False,0.0,20260817
hm4di_like,3,F-Con,AUTO_TRI_N3_G2_N9,tripartite,0.0,False,0.0,20260817
hm4di_like,4,Ext1,AUTO_GG_G0_G1,glia_glia,1.0,True,0.54369702695959,20260817
hm4di_like,4,Ext1,AUTO_GG_G1_G3,glia_glia,1.0,True,0.3220658003180253,20260817
hm4di_like,4,Ext1,AUTO_GG_G2_G5,glia_glia,0.03482467537497648,False,0.1649830810994733,20260817
hm4di_like,4,Ext1,AUTO_TRI_N0_G1_N4,tripartite,1.0,True,0.29983399762190466,20260817
hm4di_like,4,Ext1,AUTO_TRI_N3_G2_N5,tripartite,0.0,False,0.005489720485692601,20260817
hm4di_like,4,Ext1,AUTO_TRI_N3_G2_N9,tripartite,0.0,False,0.005489720485692601,20260817
hm4di_like,5,Ext1,AUTO_GG_G0_G1,glia_glia,1.0,True,0.43495762156767204,20260817
hm4di_like,5,Ext1,AUTO_GG_G1_G3,glia_glia,1.0,True,0.29394807276003687,20260817
hm4di_like,5,Ext1,AUTO_GG_G2_G5,glia_glia,0.11102242278497346,False,0.31346785408899924,20260817
hm4di_like,5,Ext1,AUTO_TRI_N0_G1_N4,tripartite,1.0,True,0.40430485927373805,20260817
hm4di_like,5,Ext1,AUTO_TRI_N3_G2_N5,tripartite,0.0,False,0.007082986150897328,20260817
hm4di_like,5,Ext1,AUTO_TRI_N3_G2_N9,tripartite,0.0,False,0.007082986150897328,20260817
hm4di_like,6,Ext1,AUTO_GG_G0_G1,glia_glia,1.0,True,0.34796609725413763,20260817
hm4di_like,6,Ext1,AUTO_GG_G1_G3,glia_glia,1.0,True,0.2690398920335704,20260817
hm4di_like,6,Ext1,AUTO_GG_G2_G5,glia_glia,0.2244559350264889,True,0.44710414977957263,20260817
hm4di_like,6,Ext1,AUTO_TRI_N0_G1_N4,tripartite,1.0,True,0.34796609725413763,20260817
hm4di_like,6,Ext1,AUTO_TRI_N3_G2_N5,tripartite,0.0,False,0.008516925249581583,20260817
hm4di_like,6,Ext1,AUTO_TRI_N3_G2_N9,tripartite,0.0,False,0.008516925249581583,20260817
hm4di_like,7,Ext1,AUTO_GG_G0_G1,glia_glia,1.0,True,0.2783728778033101,20260817
hm4di_like,7,Ext1,AUTO_GG_G1_G3,glia_glia,1.0,True,0.24702679233482627,20260817
hm4di_like,7,Ext1,AUTO_GG_G2_G5,glia_glia,0.3712118104366506,True,0.5666955479330101,20260817
hm4di_like,7,Ext1,AUTO_TRI_N0_G1_N4,tripartite,1.0,True,0.2783728778033101,20260817
hm4di_like,7,Ext1,AUTO_TRI_N3_G2_N5,tripartite,0.0,False,0.010610031506694893,20260817
hm4di_like,7,Ext1,AUTO_TRI_N3_G2_N9,tripartite,0.0,False,0.010610031506694893,20260817
hm4di_like,8,Ext1,AUTO_GG_G0_G1,glia_glia,1.0,True,0.22269830224264808,20260817
hm4di_like,8,Ext1,AUTO_GG_G1_G3,glia_glia,1.0,True,0.22269830224264808,20260817
hm4di_like,8,Ext1,AUTO_GG_G2_G5,glia_glia,0.5476329441791133,True,0.6731618781445754,20260817
hm4di_like,8,Ext1,AUTO_TRI_N0_G1_N4,tripartite,1.0,True,0.22269830224264808,20260817
hm4di_like,8,Ext1,AUTO_TRI_N3_G2_N5,tripartite,0.0,False,0.013868468556848937,20260817
hm4di_like,8,Ext1,AUTO_TRI_N3_G2_N9,tripartite,0.0,False,0.013868468556848937,20260817
hm4di_like,9,Ext1,AUTO_GG_G0_G1,glia_glia,1.0,True,0.17815864179411847,20260817
hm4di_like,9,Ext1,AUTO_GG_G1_G3,glia_glia,1.0,True,0.17815864179411847,20260817
hm4di_like,9,Ext1,AUTO_GG_G2_G5,glia_glia,0.750165220043961,True,0.7668727586723199,20260817
hm4di_like,9,Ext1,AUTO_TRI_N0_G1_N4,tripartite,1.0,True,0.17815864179411847,20260817
hm4di_like,9,Ext1,AUTO_TRI_N3_G2_N5,tripartite,0.0,False,0.019291108687337015,20260817
hm4di_like,9,Ext1,AUTO_TRI_N3_G2_N9,tripartite,0.0,False,0.019291108687337015,20260817
hm4di_like,10,Ext1,AUTO_GG_G0_G1,glia_glia,1.0,True,0.14252691343529478,20260817
hm4di_like,10,Ext1,AUTO_GG_G1_G3,glia_glia,1.0,True,0.14252691343529478,20260817
hm4di_like,10,Ext1,AUTO_GG_G2_G5,glia_glia,0.9752843354649741,True,0.8479351883901134,20260817
hm4di_like,10,Ext1,AUTO_TRI_N0_G1_N4,tripartite,1.0,True,0.14252691343529478,20260817
hm4di_like,10,Ext1,AUTO_TRI_N3_G2_N5,tripartite,0.0,False,0.028051325356535928,20260817
hm4di_like,10,Ext1,AUTO_TRI_N3_G2_N9,tripartite,0.0,False,0.028051325356535928,20260817
hm4di_like,11,Ext1,AUTO_GG_G0_G1,glia_glia,1.0,True,0.11402153074823583,20260817
hm4di_like,11,Ext1,AUTO_GG_G1_G3,glia_glia,1.0,True,0.11402153074823583,20260817
hm4di_like,11,Ext1,AUTO_GG_G2_G5,glia_glia,1.0,True,0.9163526192261273,20260817
hm4di_like,11,Ext1,AUTO_TRI_N0_G1_N4,tripartite,1.0,True,0.11402153074823583,20260817
hm4di_like,11,Ext1,AUTO_TRI_N3_G2_N5,tripartite,0.0,False,0.0413297701315667,20260817
hm4di_like,11,Ext1,AUTO_TRI_N3_G2_N9,tripartite,0.0,False,0.0413297701315667,20260817
hm4di_like,12,Ext1,AUTO_GG_G0_G1,glia_glia,1.0,True,0.09121722459858866,20260817
hm4di_like,12,Ext1,AUTO_GG_G1_G3,glia_glia,1.0,True,0.09121722459858866,20260817
hm4di_like,12,Ext1,AUTO_GG_G2_G5,glia_glia,1.0,True,0.9773751269143564,20260817
hm4di_like,12,Ext1,AUTO_TRI_N0_G1_N4,tripartite,1.0,True,0.09121722459858866,20260817
hm4di_like,12,Ext1,AUTO_TRI_N3_G2_N5,tripartite,0.0013863242880154188,False,0.0538383886235701,20260817
hm4di_like,12,Ext1,AUTO_TRI_N3_G2_N9,tripartite,0.0013863242880154188,False,0.0538383886235701,20260817
hm4di_like,13,Ext1,AUTO_GG_G0_G1,glia_glia,1.0,True,0.07297377967887093,20260817
hm4di_like,13,Ext1,AUTO_GG_G1_G3,glia_glia,1.0,True,0.07297377967887093,20260817
hm4di_like,13,Ext1,AUTO_GG_G2_G5,glia_glia,1.0,True,1.0,20260817
hm4di_like,13,Ext1,AUTO_TRI_N0_G1_N4,tripartite,1.0,True,0.07297377967887093,20260817
hm4di_like,13,Ext1,AUTO_TRI_N3_G2_N5,tripartite,0.004541866245517803,False,0.0651178803397528,20260817
hm4di_like,13,Ext1,AUTO_TRI_N3_G2_N9,tripartite,0.004541866245517803,False,0.0651178803397528,20260817
hm4di_like,14,Ext1,AUTO_GG_G0_G1,glia_glia,1.0,True,0.05837902374309675,20260817
hm4di_like,14,Ext1,AUTO_GG_G1_G3,glia_glia,1.0,True,0.05837902374309675,20260817
hm4di_like,14,Ext1,AUTO_GG_G2_G5,glia_glia,1.0,True,1.0,20260817
hm4di_like,14,Ext1,AUTO_TRI_N0_G1_N4,tripartite,1.0,True,0.05837902374309675,20260817
hm4di_like,14,Ext1,AUTO_TRI_N3_G2_N5,tripartite,0.009297812310637381,False,0.07532111603298863,20260817
hm4di_like,14,Ext1,AUTO_TRI_N3_G2_N9,tripartite,0.009297812310637381,False,0.07532111603298863,20260817
hm4di_like,15,Ext1,AUTO_GG_G0_G1,glia_glia,1.0,True,0.04670321899447741,20260817
hm4di_like,15,Ext1,AUTO_GG_G1_G3,glia_glia,1.0,True,0.04670321899447741,20260817
hm4di_like,15,Ext1,AUTO_GG_G2_G5,glia_glia,1.0,True,1.0,20260817
hm4di_like,15,Ext1,AUTO_TRI_N0_G1_N4,tripartite,1.0,True,0.04670321899447741,20260817
hm4di_like,15,Ext1,AUTO_TRI_N3_G2_N5,tripartite,0.015506952908130815,False,0.08458583002076268,20260817
hm4di_like,15,Ext1,AUTO_TRI_N3_G2_N9,tripartite,0.015506952908130815,False,0.08458583002076268,20260817
hm4di_like,16,Ext1,AUTO_GG_G0_G1,glia_glia,1.0,True,0.03736257519558193,20260817
hm4di_like,16,Ext1,AUTO_GG_G1_G3,glia_glia,1.0,True,0.03736257519558193,20260817
hm4di_like,16,Ext1,AUTO_GG_G2_G5,glia_glia,1.0,True,1.0,20260817
hm4di_like,16,Ext1,AUTO_TRI_N0_G1_N4,tripartite,1.0,True,0.03736257519558193,20260817
hm4di_like,16,Ext1,AUTO_TRI_N3_G2_N5,tripartite,0.023041622573175206,False,0.09303662406089681,20260817
hm4di_like,16,Ext1,AUTO_TRI_N3_G2_N9,tripartite,0.023041622573175206,False,0.09303662406089681,20260817
hm4di_like,17,Ext1,AUTO_GG_G0_G1,glia_glia,1.0,True,0.029890060156465545,20260817
hm4di_like,17,Ext1,AUTO_GG_G1_G3,glia_glia,1.0,True,0.029890060156465545,20260817
hm4di_like,17,Ext1,AUTO_GG_G2_G5,glia_glia,1.0,True,1.0,20260817
hm4di_like,17,Ext1,AUTO_TRI_N0_G1_N4,tripartite,1.0,True,0.029890060156465545,20260817
hm4di_like,17,Ext1,AUTO_TRI_N3_G2_N5,tripartite,0.03179192523400377,False,0.10078678535667568,20260817
hm4di_like,17,Ext1,AUTO_TRI_N3_G2_N9,tripartite,0.03179192523400377,False,0.10078678535667568,20260817
hm4di_like,18,Ext1,AUTO_GG_G0_G1,glia_glia,1.0,True,0.023912048125172437,20260817
hm4di_like,18,Ext1,AUTO_GG_G1_G3,glia_glia,1.0,True,0.023912048125172437,20260817
hm4di_like,18,Ext1,AUTO_GG_G2_G5,glia_glia,1.0,True,1.0,20260817
hm4di_like,18,Ext1,AUTO_TRI_N0_G1_N4,tripartite,1.0,True,0.023912048125172437,20260817
hm4di_like,18,Ext1,AUTO_TRI_N3_G2_N5,tripartite,0.04166421672014213,False,0.10793992647605026,20260817
hm4di_like,18,Ext1,AUTO_TRI_N3_G2_N9,tripartite,0.04166421672014213,False,0.10793992647605026,20260817
hm4di_like,19,Ext1,AUTO_GG_G0_G1,glia_glia,1.0,True,0.01912963850013795,20260817
hm4di_like,19,Ext1,AUTO_GG_G1_G3,glia_glia,1.0,True,0.01912963850013795,20260817
hm4di_like,19,Ext1,AUTO_GG_G2_G5,glia_glia,1.0,True,1.0,20260817
hm4di_like,19,Ext1,AUTO_TRI_N0_G1_N4,tripartite,1.0,True,0.01912963850013795,20260817
hm4di_like,19,Ext1,AUTO_TRI_N3_G2_N5,tripartite,0.052579819966010896,False,0.11459146888048918,20260817
hm4di_like,19,Ext1,AUTO_TRI_N3_G2_N9,tripartite,0.052579819966010896,False,0.11459146888048918,20260817
hm4di_like,20,Ext1,AUTO_GG_G0_G1,glia_glia,1.0,True,0.01530371080011036,20260817
hm4di_like,20,Ext1,AUTO_GG_G1_G3,glia_glia,1.0,True,0.01530371080011036,20260817
hm4di_like,20,Ext1,AUTO_GG_G2_G5,glia_glia,1.0,True,1.0,20260817
hm4di_like,20,Ext1,AUTO_TRI_N0_G1_N4,tripartite,1.0,True,0.01530371080011036,20260817
hm4di_like,20,Ext1,AUTO_TRI_N3_G2_N5,tripartite,0.06447395296696182,False,0.12082999930941492,20260817
hm4di_like,20,Ext1,AUTO_TRI_N3_G2_N9,tripartite,0.06447395296696182,False,0.12082999930941492,20260817
hm4di_like,21,Ext1,AUTO_GG_G0_G1,glia_glia,1.0,True,0.012242968640088288,20260817
hm4di_like,21,Ext1,AUTO_GG_G1_G3,glia_glia,1.0,True,0.012242968640088288,20260817
hm4di_like,21,Ext1,AUTO_GG_G2_G5,glia_glia,1.0,True,1.0,20260817
hm4di_like,21,Ext1,AUTO_TRI_N0_G1_N4,tripartite,1.0,True,0.012242968640088288,20260817
hm4di_like,21,Ext1,AUTO_TRI_N3_G2_N5,tripartite,0.07729485475594247,False,0.1267385322433129,20260817
hm4di_like,21,Ext1,AUTO_TRI_N3_G2_N9,tripartite,0.07729485475594247,False,0.1267385322433129,20260817
hm4di_like,22,Ext1,AUTO_GG_G0_G1,glia_glia,1.0,True,0.00979437491207063,20260817
hm4di_like,22,Ext1,AUTO_GG_G1_G3,glia_glia,1.0,True,0.00979437491207063,20260817
hm4di_like,22,Ext1,AUTO_GG_G2_G5,glia_glia,1.0,True,1.0,20260817
hm4di_like,22,Ext1,AUTO_TRI_N0_G1_N4,tripartite,1.0,True,0.00979437491207063,20260817
hm4di_like,22,Ext1,AUTO_TRI_N3_G2_N5,tripartite,0.09100310025136929,False,0.13239571403551645,20260817
hm4di_like,22,Ext1,AUTO_TRI_N3_G2_N9,tripartite,0.09100310025136929,False,0.13239571403551645,20260817
hm4di_like,23,Ext1,AUTO_GG_G0_G1,glia_glia,1.0,True,0.007835499929656506,20260817
hm4di_like,23,Ext1,AUTO_GG_G1_G3,glia_glia,1.0,True,0.007835499929656506,20260817
hm4di_like,23,Ext1,AUTO_GG_G2_G5,glia_glia,1.0,True,1.0,20260817
hm4di_like,23,Ext1,AUTO_TRI_N0_G1_N4,tripartite,1.0,True,0.007835499929656506,20260817
hm4di_like,23,Ext1,AUTO_TRI_N3_G2_N5,tripartite,0.10556895516549186,False,0.13786332749017075,20260817
hm4di_like,23,Ext1,AUTO_TRI_N3_G2_N9,tripartite,0.10556895516549186,False,0.13786332749017075,20260817
hm4di_like,24,Ext1,AUTO_GG_G0_G1,glia_glia,1.0,True,0.006268399943725205,20260817
hm4di_like,24,Ext1,AUTO_GG_G1_G3,glia_glia,1.0,True,0.006268399943725205,20260817
hm4di_like,24,Ext1,AUTO_GG_G2_G5,glia_glia,1.0,True,1.0,20260817
hm4di_like,24,Ext1,AUTO_TRI_N0_G1_N4,tripartite,1.0,True,0.006268399943725205,20260817
hm4di_like,24,Ext1,AUTO_TRI_N3_G2_N5,tripartite,0.12097027509453631,False,0.14318976124532554,20260817
hm4di_like,24,Ext1,AUTO_TRI_N3_G2_N9,tripartite,0.12097027509453631,False,0.14318976124532554,20260817
hm4di_like,25,Ext1,AUTO_GG_G0_G1,glia_glia,1.0,True,0.005014719954980164,20260817
hm4di_like,25,Ext1,AUTO_GG_G1_G3,glia_glia,1.0,True,0.005014719954980164,20260817
hm4di_like,25,Ext1,AUTO_GG_G2_G5,glia_glia,1.0,True,1.0,20260817
hm4di_like,25,Ext1,AUTO_TRI_N0_G1_N4,tripartite,1.0,True,0.005014719954980164,20260817
hm4di_like,25,Ext1,AUTO_TRI_N3_G2_N5,tripartite,0.1371950462364556,False,0.14843960206168794,20260817
hm4di_like,25,Ext1,AUTO_TRI_N3_G2_N9,tripartite,0.1371950462364556,False,0.14843960206168794,20260817
hm4di_like,26,Ext1,AUTO_GG_G0_G1,glia_glia,0.9999209420771187,True,0.004011775963984132,20260817
hm4di_like,26,Ext1,AUTO_GG_G1_G3,glia_glia,0.9999308243174789,True,0.004011775963984132,20260817
hm4di_like,26,Ext1,AUTO_GG_G2_G5,glia_glia,1.0,True,1.0,20260817
hm4di_like,26,Ext1,AUTO_TRI_N0_G1_N4,tripartite,0.9999407065578391,True,0.004011775963984132,20260817
hm4di_like,26,Ext1,AUTO_TRI_N3_G2_N5,tripartite,0.15424112775386398,False,0.15367579415750313,20260817
hm4di_like,26,Ext1,AUTO_TRI_N3_G2_N9,tripartite,0.15424112775386398,False,0.15367579415750313,20260817
hm4di_like,27,Ext1,AUTO_GG_G0_G1,glia_glia,0.9997776957388137,True,0.0032094207711873056,20260817
hm4di_like,27,Ext1,AUTO_GG_G1_G3,glia_glia,0.9998054837714621,True,0.0032094207711873056,20260817
hm4di_like,27,Ext1,AUTO_GG_G2_G5,glia_glia,1.0,True,1.0,20260817
hm4di_like,27,Ext1,AUTO_TRI_N0_G1_N4,tripartite,0.9998332718041103,True,0.0032094207711873056,20260817
hm4di_like,27,Ext1,AUTO_TRI_N3_G2_N5,tripartite,0.1721161508769319,False,0.1589606384903927,20260817
hm4di_like,27,Ext1,AUTO_TRI_N3_G2_N9,tripartite,0.1721161508769319,False,0.1589606384903927,20260817
hm4di_like,28,Ext1,AUTO_GG_G0_G1,glia_glia,0.9995830986681696,True,0.0025675366169498445,20260817
hm4di_like,28,Ext1,AUTO_GG_G1_G3,glia_glia,0.9996352113346485,True,0.0025675366169498445,20260817
hm4di_like,28,Ext1,AUTO_GG_G2_G5,glia_glia,1.0,True,1.0,20260817
hm4di_like,28,Ext1,AUTO_TRI_N0_G1_N4,tripartite,0.9996873240011273,True,0.0025675366169498445,20260817
hm4di_like,28,Ext1,AUTO_TRI_N3_G2_N5,tripartite,0.19083758626825978,False,0.1643568654968083,20260817
hm4di_like,28,Ext1,AUTO_TRI_N3_G2_N9,tripartite,0.19083758626825978,False,0.1643568654968083,20260817
hm4di_like,29,Ext2,AUTO_GG_G0_G1,glia_glia,0.9993474210116544,True,0.002054029293559876,20260817
hm4di_like,29,Ext2,AUTO_GG_G1_G3,glia_glia,0.9994289933851976,True,0.002054029293559876,20260817
hm4di_like,29,Ext2,AUTO_GG_G2_G5,glia_glia,1.0,True,1.0,20260817
hm4di_like,29,Ext2,AUTO_TRI_N0_G1_N4,tripartite,0.9995105657587409,True,0.002054029293559876,20260817
hm4di_like,29,Ext2,AUTO_TRI_N3_G2_N5,tripartite,0.21043299703374999,False,0.16992881866177437,20260817
hm4di_like,29,Ext2,AUTO_TRI_N3_G2_N9,tripartite,0.21043299703374999,False,0.16992881866177437,20260817
hm4di_like,30,Ext2,AUTO_GG_G0_G1,glia_glia,0.9990788788864422,True,0.0016432234348479008,20260817
hm4di_like,30,Ext2,AUTO_GG_G1_G3,glia_glia,0.999194019025637,True,0.0016432234348479008,20260817
hm4di_like,30,Ext2,AUTO_GG_G2_G5,glia_glia,1.0,True,1.0,20260817
hm4di_like,30,Ext2,AUTO_TRI_N0_G1_N4,tripartite,0.9993091591648318,True,0.0016432234348479008,20260817
hm4di_like,30,Ext2,AUTO_TRI_N3_G2_N5,tripartite,0.23094050197268584,False,0.1757437948804678,20260817
hm4di_like,30,Ext2,AUTO_TRI_N3_G2_N9,tripartite,0.23094050197268584,False,0.1757437948804678,20260817
hm4di_like,31,Ext2,AUTO_GG_G0_G1,glia_glia,0.9987840451862725,True,0.0013145787478783207,20260817
hm4di_like,31,Ext2,AUTO_GG_G1_G3,glia_glia,0.9989360395379885,True,0.0013145787478783207,20260817
hm4di_like,31,Ext2,AUTO_GG_G2_G5,glia_glia,1.0,True,1.0,20260817
hm4di_like,31,Ext2,AUTO_TRI_N0_G1_N4,tripartite,0.9990880338897045,True,0.0013145787478783207,20260817
hm4di_like,31,Ext2,AUTO_TRI_N3_G2_N5,tripartite,0.2524094828165325,False,0.18187359998686575,20260817
hm4di_like,31,Ext2,AUTO_TRI_N3_G2_N9,tripartite,0.2524094828165325,False,0.18187359998686575,20260817
hm4di_like,32,Ext2,AUTO_GG_G0_G1,glia_glia,0.9984681782261368,True,0.0010516629983026566,20260817
hm4di_like,32,Ext2,AUTO_GG_G1_G3,glia_glia,0.9986596559478697,True,0.0010516629983026566,20260817
hm4di_like,32,Ext2,AUTO_GG_G2_G5,glia_glia,1.0,True,1.0,20260817
hm4di_like,32,Ext2,AUTO_TRI_N0_G1_N4,tripartite,0.9988511336696027,True,0.0010516629983026566,20260817
hm4di_like,32,Ext2,AUTO_TRI_N3_G2_N5,tripartite,0.2749015811305502,False,0.18839639547354087,20260817
hm4di_like,32,Ext2,AUTO_TRI_N3_G2_N9,tripartite,0.2749015811305502,False,0.18839639547354087,20260817
hm4di_like,33,Ext2,AUTO_GG_G0_G1,glia_glia,0.9981354846580281,True,0.0008413303986421253,20260817
hm4di_like,33,Ext2,AUTO_GG_G1_G3,glia_glia,0.9983685490757745,True,0.0008413303986421253,20260817
hm4di_like,33,Ext2,AUTO_GG_G2_G5,glia_glia,1.0,True,1.0,20260817
hm4di_like,33,Ext2,AUTO_TRI_N0_G1_N4,tripartite,0.9986016134935212,True,0.0008413303986421253,20260817
hm4di_like,33,Ext2,AUTO_TRI_N3_G2_N5,tripartite,0.2984920463936746,False,0.19539893739783162,20260817
hm4di_like,33,Ext2,AUTO_TRI_N3_G2_N9,tripartite,0.2984920463936746,False,0.19539893739783162,20260817
hm4di_like,34,Ext2,AUTO_GG_G0_G1,glia_glia,0.9977893298035413,True,0.0006730643189137003,20260817
hm4di_like,34,Ext2,AUTO_GG_G1_G3,glia_glia,0.9980656635780986,True,0.0006730643189137003,20260817
hm4di_like,34,Ext2,AUTO_GG_G2_G5,glia_glia,1.0,True,1.0,20260817
hm4di_like,34,Ext2,AUTO_TRI_N0_G1_N4,tripartite,0.9983419973526559,True,0.0006730643189137003,20260817
hm4di_like,34,Ext2,AUTO_TRI_N3_G2_N5,tripartite,0.3232715181676128,True,0.2029793438794716,20260817
hm4di_like,34,Ext2,AUTO_TRI_N3_G2_N9,tripartite,0.3232715181676128,True,0.2029793438794716,20260817
hm4di_like,35,Ext2,AUTO_GG_G0_G1,glia_glia,0.9974324059199517,True,0.0005384514551309603,20260817
hm4di_like,35,Ext2,AUTO_GG_G1_G3,glia_glia,0.9977533551799578,True,0.0005384514551309603,20260817
hm4di_like,35,Ext2,AUTO_GG_G2_G5,glia_glia,1.0,True,1.0,20260817
hm4di_like,35,Ext2,AUTO_TRI_N0_G1_N4,tripartite,0.9980743044399638,True,0.0005384514551309603,20260817
hm4di_like,35,Ext2,AUTO_TRI_N3_G2_N5,tripartite,0.34934835458925473,True,0.21125057813686318,20260817
hm4di_like,35,Ext2,AUTO_TRI_N3_G2_N9,tripartite,0.34934835458925473,True,0.21125057813686318,20260817
hm4di_like,36,Ext2,AUTO_GG_G0_G1,glia_glia,0.9970668668130801,True,0.00043076116410476823,20260817
hm4di_like,36,Ext2,AUTO_GG_G1_G3,glia_glia,0.9974335084614451,True,0.00043076116410476823,20260817
hm4di_like,36,Ext2,AUTO_GG_G2_G5,glia_glia,1.0,True,1.0,20260817
hm4di_like,36,Ext2,AUTO_TRI_N0_G1_N4,tripartite,0.99780015010981,True,0.00043076116410476823,20260817
hm4di_like,36,Ext2,AUTO_TRI_N3_G2_N5,tripartite,0.3768516601639701,True,0.22034490681839133,20260817
hm4di_like,36,Ext2,AUTO_TRI_N3_G2_N9,tripartite,0.3768516601639701,True,0.22034490681839133,20260817
hm4di_like,37,Ext2,AUTO_GG_G0_G1,glia_glia,0.9966944355275829,True,0.0003446089312838146,20260817
hm4di_like,37,Ext2,AUTO_GG_G1_G3,glia_glia,0.9971076310866349,True,0.0003446089312838146,20260817
hm4di_like,37,Ext2,AUTO_GG_G2_G5,glia_glia,1.0,True,1.0,20260817
hm4di_like,37,Ext2,AUTO_TRI_N0_G1_N4,tripartite,0.9975208266456871,True,0.0003446089312838146,20260817
hm4di_like,37,Ext2,AUTO_TRI_N3_G2_N5,tripartite,0.4059352232118883,True,0.23041969941505144,20260817
hm4di_like,37,Ext2,AUTO_TRI_N3_G2_N9,tripartite,0.4059352232118883,True,0.23041969941505144,20260817
hm4di_like,38,Ext2,AUTO_GG_G0_G1,glia_glia,0.996316490499185,True,0.00027568714502705167,20260817
hm4di_like,38,Ext2,AUTO_GG_G1_G3,glia_glia,0.9967769291867868,True,0.00027568714502705167,20260817
hm4di_like,38,Ext2,AUTO_GG_G2_G5,glia_glia,1.0,True,1.0,20260817
hm4di_like,38,Ext2,AUTO_TRI_N0_G1_N4,tripartite,0.9972373678743887,True,0.00027568714502705167,20260817
hm4di_like,38,Ext2,AUTO_TRI_N3_G2_N5,tripartite,0.43678265519947057,True,0.24166509077446607,20260817
hm4di_like,38,Ext2,AUTO_TRI_N3_G2_N9,tripartite,0.43678265519947057,True,0.24166509077446607,20260817
hm4di_like,39,Ext2,AUTO_GG_G0_G1,glia_glia,0.9959341344764667,True,0.00022054971602164134,20260817
hm4di_like,39,Ext2,AUTO_GG_G1_G3,glia_glia,0.9964423676669083,True,0.00022054971602164134,20260817
hm4di_like,39,Ext2,AUTO_GG_G2_G5,glia_glia,1.0,True,1.0,20260817
hm4di_like,39,Ext2,AUTO_TRI_N0_G1_N4,tripartite,0.99695060085735,True,0.00022054971602164134,20260817
hm4di_like,39,Ext2,AUTO_TRI_N3_G2_N5,tripartite,0.46961414261683276,True,0.25431426174455896,20260817
hm4di_like,39,Ext2,AUTO_TRI_N3_G2_N9,tripartite,0.46961414261683276,True,0.25431426174455896,20260817
hm4di_like,40,Ext2,AUTO_GG_G0_G1,glia_glia,0.9955482496582921,True,0.0001764397728173131,20260817
hm4di_like,40,Ext2,AUTO_GG_G1_G3,glia_glia,0.9961047184510056,True,0.0001764397728173131,20260817
hm4di_like,40,Ext2,AUTO_GG_G2_G5,glia_glia,1.0,True,1.0,20260817
hm4di_like,40,Ext2,AUTO_TRI_N0_G1_N4,tripartite,0.996661187243719,True,0.0001764397728173131,20260817
hm4di_like,40,Ext2,AUTO_TRI_N3_G2_N5,tripartite,0.5046953956441532,True,0.26865744460924035,20260817
hm4di_like,40,Ext2,AUTO_TRI_N3_G2_N9,tripartite,0.5046953956441532,True,0.26865744460924035,20260817
hm4di_like,41,Ext2,AUTO_GG_G0_G1,glia_glia,0.9951595418037524,True,0.00014115181825385048,20260817
hm4di_like,41,Ext2,AUTO_GG_G1_G3,glia_glia,0.9957645990782833,True,0.00014115181825385048,20260817
hm4di_like,41,Ext2,AUTO_GG_G2_G5,glia_glia,1.0,True,1.0,20260817
hm4di_like,41,Ext2,AUTO_TRI_N0_G1_N4,tripartite,0.9963696563528143,True,0.00014115181825385048,20260817
hm4di_like,41,Ext2,AUTO_TRI_N3_G2_N5,tripartite,0.5423496355575336,True,0.28506129630464827,20260817
hm4di_like,41,Ext2,AUTO_TRI_N3_G2_N9,tripartite,0.5423496355575336,True,0.28506129630464827,20260817
hm4di_like,42,Ext2,AUTO_GG_G0_G1,glia_glia,0.9947685755201207,True,0.00011292145460308038,20260817
hm4di_like,42,Ext2,AUTO_GG_G1_G3,glia_glia,0.9954225035801055,True,0.00011292145460308038,20260817
hm4di_like,42,Ext2,AUTO_GG_G2_G5,glia_glia,1.0,True,1.0,20260817
hm4di_like,42,Ext2,AUTO_TRI_N0_G1_N4,tripartite,0.9960764316400904,True,0.00011292145460308038,20260817
hm4di_like,42,Ext2,AUTO_TRI_N3_G2_N5,tripartite,0.582973849875134,True,0.3039961070220824,20260817
hm4di_like,42,Ext2,AUTO_TRI_N3_G2_N9,tripartite,0.582973849875134,True,0.3039961070220824,20260817
hm4di_like,43,Ext2,AUTO_GG_G0_G1,glia_glia,0.9943758024932152,True,9.033716368246431e-05,20260817
hm4di_like,43,Ext2,AUTO_GG_G1_G3,glia_glia,0.9950788271815633,True,9.033716368246431e-05,20260817
hm4di_like,43,Ext2,AUTO_GG_G2_G5,glia_glia,1.0,True,1.0,20260817
hm4di_like,43,Ext2,AUTO_TRI_N0_G1_N4,tripartite,0.9957818518699113,True,9.033716368246431e-05,20260817
hm4di_like,43,Ext2,AUTO_TRI_N3_G2_N5,tripartite,0.6270611307188623,True,0.32607458321397736,20260817
hm4di_like,43,Ext2,AUTO_TRI_N3_G2_N9,tripartite,0.6270611307188623,True,0.32607458321397736,20260817
hm4di_like,44,Ext2,AUTO_GG_G0_G1,glia_glia,0.9939815840716909,True,7.226973094597146e-05,20260817
hm4di_like,44,Ext2,AUTO_GG_G1_G3,glia_glia,0.9947338860627295,True,7.226973094597146e-05,20260817
hm4di_like,44,Ext2,AUTO_GG_G2_G5,glia_glia,1.0,True,1.0,20260817
hm4di_like,44,Ext2,AUTO_TRI_N0_G1_N4,tripartite,0.9954861880537681,True,7.226973094597146e-05,20260817
hm4di_like,44,Ext2,AUTO_TRI_N3_G2_N5,tripartite,0.6752318034594236,True,0.3521078892727012,20260817
hm4di_like,44,Ext2,AUTO_TRI_N3_G2_N9,tripartite,0.6752318034594236,True,0.3521078892727012,20260817
hm4di_like,45,Ext2,AUTO_GG_G0_G1,glia_glia,0.9935862093344714,True,5.781578475677717e-05,20260817
hm4di_like,45,Ext2,AUTO_GG_G1_G3,glia_glia,0.9943879331676625,True,5.781578475677717e-05,20260817
hm4di_like,45,Ext2,AUTO_GG_G2_G5,glia_glia,1.0,True,1.0,20260817
hm4di_like,45,Ext2,AUTO_TRI_N0_G1_N4,tripartite,0.9951896570008535,True,5.781578475677717e-05,20260817
hm4di_like,45,Ext2,AUTO_TRI_N3_G2_N5,tripartite,0.7282773973683256,True,0.3831875206169261,20260817
hm4di_like,45,Ext2,AUTO_TRI_N3_G2_N9,tripartite,0.7282773973683256,True,0.3831875206169261,20260817
hm4di_like,46,Ext2,AUTO_GG_G0_G1,glia_glia,0.9931899095446959,True,4.6252627805421734e-05,20260817
hm4di_like,46,Ext2,AUTO_GG_G1_G3,glia_glia,0.9940411708516089,True,4.6252627805421734e-05,20260817
hm4di_like,46,Ext2,AUTO_GG_G2_G5,glia_glia,1.0,True,1.0,20260817
hm4di_like,46,Ext2,AUTO_TRI_N0_G1_N4,tripartite,0.9948924321585219,True,4.6252627805421734e-05,20260817
hm4di_like,46,Ext2,AUTO_TRI_N3_G2_N5,tripartite,0.7872234730114349,True,0.4208055231896546,20260817
hm4di_like,46,Ext2,AUTO_TRI_N3_G2_N9,tripartite,0.7872234730114349,True,0.4208055231896546,20260817
hm4di_like,47,Ext2,AUTO_GG_G0_G1,glia_glia,0.9927928697128754,True,3.700210224433739e-05,20260817
hm4di_like,47,Ext2,AUTO_GG_G1_G3,glia_glia,0.993693760998766,True,3.700210224433739e-05,20260817
hm4di_like,47,Ext2,AUTO_GG_G2_G5,glia_glia,1.0,True,1.0,20260817
hm4di_like,47,Ext2,AUTO_TRI_N0_G1_N4,tripartite,0.9945946522846565,True,3.700210224433739e-05,20260817
hm4di_like,47,Ext2,AUTO_TRI_N3_G2_N5,tripartite,0.8534199284265188,True,0.4670296820298049,20260817
hm4di_like,47,Ext2,AUTO_TRI_N3_G2_N9,tripartite,0.8534199284265188,True,0.4670296820298049,20260817
hm4di_like,48,Ext2,AUTO_GG_G0_G1,glia_glia,0.992395237847419,True,2.960168179546991e-05,20260817
hm4di_like,48,Ext2,AUTO_GG_G1_G3,glia_glia,0.9933458331164917,True,2.960168179546991e-05,20260817
hm4di_like,48,Ext2,AUTO_GG_G2_G5,glia_glia,1.0,True,1.0,20260817
hm4di_like,48,Ext2,AUTO_TRI_N0_G1_N4,tripartite,0.9942964283855642,True,2.960168179546991e-05,20260817
hm4di_like,48,Ext2,AUTO_TRI_N3_G2_N5,tripartite,0.9286699172670219,True,0.5247496884684761,20260817
hm4di_like,48,Ext2,AUTO_TRI_N3_G2_N9,tripartite,0.9286699172670219,True,0.5247496884684761,20260817
hm4di_like,49,Ext2,AUTO_GG_G0_G1,glia_glia,0.9919971323550539,True,2.368134543637593e-05,20260817
hm4di_like,49,Ext2,AUTO_GG_G1_G3,glia_glia,0.9929974908106722,True,2.368134543637593e-05,20260817
hm4di_like,49,Ext2,AUTO_GG_G2_G5,glia_glia,1.0,True,1.0,20260817
hm4di_like,49,Ext2,AUTO_TRI_N0_G1_N4,tripartite,0.9939978492662904,True,2.368134543637593e-05,20260817
hm4di_like,49,Ext2,AUTO_TRI_N3_G2_N5,tripartite,1.0,True,0.5979862713677317,20260817
hm4di_like,49,Ext2,AUTO_TRI_N3_G2_N9,tripartite,1.0,True,0.5979862713677317,20260817
hm4di_like,50,Ext2,AUTO_GG_G0_G1,glia_glia,0.9915986479611618,True,1.8945076349100747e-05,20260817
hm4di_like,50,Ext2,AUTO_GG_G1_G3,glia_glia,0.9926488169660167,True,1.8945076349100747e-05,20260817
hm4di_like,50,Ext2,AUTO_GG_G2_G5,glia_glia,1.0,True,1.0,20260817
hm4di_like,50,Ext2,AUTO_TRI_N0_G1_N4,tripartite,0.9936989859708714,True,1.8945076349100747e-05,20260817
hm4di_like,50,Ext2,AUTO_TRI_N3_G2_N5,tripartite,1.0,True,0.6893012633024284,20260817
hm4di_like,50,Ext2,AUTO_TRI_N3_G2_N9,tripartite,1.0,True,0.6893012633024284,20260817
hm4di_like,51,Ext2,AUTO_GG_G0_G1,glia_glia,0.9911998604460481,True,1.5156061079280599e-05,20260817
hm4di_like,51,Ext2,AUTO_GG_G1_G3,glia_glia,0.9922998778902923,True,1.5156061079280599e-05,20260817
hm4di_like,51,Ext2,AUTO_GG_G2_G5,glia_glia,1.0,True,1.0,20260817
hm4di_like,51,Ext2,AUTO_TRI_N0_G1_N4,tripartite,0.9933998953345361,True,1.5156061079280599e-05,20260817
hm4di_like,51,Ext2,AUTO_TRI_N3_G2_N5,tripartite,1.0,True,0.7878361219555996,20260817
hm4di_like,51,Ext2,AUTO_TRI_N3_G2_N9,tripartite,1.0,True,0.7878361219555996,20260817
hm4di_like,52,Ext2,AUTO_GG_G0_G1,glia_glia,0.9908008304339572,True,1.2124848863424479e-05,20260817
hm4di_like,52,Ext2,AUTO_GG_G1_G3,glia_glia,0.9919507266297127,True,1.2124848863424479e-05,20260817
hm4di_like,52,Ext2,AUTO_GG_G2_G5,glia_glia,1.0,True,1.0,20260817
hm4di_like,52,Ext2,AUTO_TRI_N0_G1_N4,tripartite,0.9931006228254678,True,1.2124848863424479e-05,20260817
hm4di_like,52,Ext2,AUTO_TRI_N3_G2_N5,tripartite,1.0,True,0.89380653293516,20260817
hm4di_like,52,Ext2,AUTO_TRI_N3_G2_N9,tripartite,1.0,True,0.89380653293516,20260817
hm4di_like,53,Ext2,AUTO_GG_G0_G1,glia_glia,0.9904016064242844,True,9.699879090739585e-06,20260817
hm4di_like,53,Ext2,AUTO_GG_G1_G3,glia_glia,0.9916014056212491,True,9.699879090739585e-06,20260817
hm4di_like,53,Ext2,AUTO_GG_G2_G5,glia_glia,1.0,True,1.0,20260817
hm4di_like,53,Ext2,AUTO_TRI_N0_G1_N4,tripartite,0.9928012048182133,True,9.699879090739585e-06,20260817
hm4di_like,53,Ext2,AUTO_TRI_N3_G2_N5,tripartite,1.0,True,1.0,20260817
hm4di_like,53,Ext2,AUTO_TRI_N3_G2_N9,tripartite,1.0,True,1.0,20260817
hm4di_like,54,E-Ret,AUTO_GG_G0_G1,glia_glia,0.9904016064242844,True,9.699879090739585e-06,20260817
hm4di_like,54,E-Ret,AUTO_GG_G1_G3,glia_glia,0.9916014056212491,True,9.699879090739585e-06,20260817
hm4di_like,54,E-Ret,AUTO_GG_G2_G5,glia_glia,1.0,True,1.0,20260817
hm4di_like,54,E-Ret,AUTO_TRI_N0_G1_N4,tripartite,0.9928012048182133,True,9.699879090739585e-06,20260817
hm4di_like,54,E-Ret,AUTO_TRI_N3_G2_N5,tripartite,1.0,True,1.0,20260817
hm4di_like,54,E-Ret,AUTO_TRI_N3_G2_N9,tripartite,1.0,True,1.0,20260817
hm4di_like,55,E-Ret,AUTO_GG_G0_G1,glia_glia,0.9904016064242844,True,9.699879090739585e-06,20260817
hm4di_like,55,E-Ret,AUTO_GG_G1_G3,glia_glia,0.9916014056212491,True,9.699879090739585e-06,20260817
hm4di_like,55,E-Ret,AUTO_GG_G2_G5,glia_glia,1.0,True,1.0,20260817
hm4di_like,55,E-Ret,AUTO_TRI_N0_G1_N4,tripartite,0.9928012048182133,True,9.699879090739585e-06,20260817
hm4di_like,55,E-Ret,AUTO_TRI_N3_G2_N5,tripartite,1.0,True,1.0,20260817
hm4di_like,55,E-Ret,AUTO_TRI_N3_G2_N9,tripartite,1.0,True,1.0,20260817
hm4di_like,56,E-Ret,AUTO_GG_G0_G1,glia_glia,0.9904016064242844,True,9.699879090739585e-06,20260817
hm4di_like,56,E-Ret,AUTO_GG_G1_G3,glia_glia,0.9916014056212491,True,9.699879090739585e-06,20260817
hm4di_like,56,E-Ret,AUTO_GG_G2_G5,glia_glia,1.0,True,1.0,20260817
hm4di_like,56,E-Ret,AUTO_TRI_N0_G1_N4,tripartite,0.9928012048182133,True,9.699879090739585e-06,20260817
hm4di_like,56,E-Ret,AUTO_TRI_N3_G2_N5,tripartite,1.0,True,1.0,20260817
hm4di_like,56,E-Ret,AUTO_TRI_N3_G2_N9,tripartite,1.0,True,1.0,20260817
hm4di_like,57,E-Ret,AUTO_GG_G0_G1,glia_glia,0.9904016064242844,True,9.699879090739585e-06,20260817
hm4di_like,57,E-Ret,AUTO_GG_G1_G3,glia_glia,0.9916014056212491,True,9.699879090739585e-06,20260817
hm4di_like,57,E-Ret,AUTO_GG_G2_G5,glia_glia,1.0,True,1.0,20260817
hm4di_like,57,E-Ret,AUTO_TRI_N0_G1_N4,tripartite,0.9928012048182133,True,9.699879090739585e-06,20260817
hm4di_like,57,E-Ret,AUTO_TRI_N3_G2_N5,tripartite,1.0,True,1.0,20260817
hm4di_like,57,E-Ret,AUTO_TRI_N3_G2_N9,tripartite,1.0,True,1.0,20260817
hm4di_like,58,E-Ret,AUTO_GG_G0_G1,glia_glia,0.9904016064242844,True,9.699879090739585e-06,20260817
hm4di_like,58,E-Ret,AUTO_GG_G1_G3,glia_glia,0.9916014056212491,True,9.699879090739585e-06,20260817
hm4di_like,58,E-Ret,AUTO_GG_G2_G5,glia_glia,1.0,True,1.0,20260817
hm4di_like,58,E-Ret,AUTO_TRI_N0_G1_N4,tripartite,0.9928012048182133,True,9.699879090739585e-06,20260817
hm4di_like,58,E-Ret,AUTO_TRI_N3_G2_N5,tripartite,1.0,True,1.0,20260817
hm4di_like,58,E-Ret,AUTO_TRI_N3_G2_N9,tripartite,1.0,True,1.0,20260817
hm4di_like,59,F-Ren,AUTO_GG_G0_G1,glia_glia,0.9904016064242844,True,9.699879090739585e-06,20260817
hm4di_like,59,F-Ren,AUTO_GG_G1_G3,glia_glia,0.9916014056212491,True,9.699879090739585e-06,20260817
hm4di_like,59,F-Ren,AUTO_GG_G2_G5,glia_glia,1.0,True,1.0,20260817
hm4di_like,59,F-Ren,AUTO_TRI_N0_G1_N4,tripartite,0.9928012048182133,True,9.699879090739585e-06,20260817
hm4di_like,59,F-Ren,AUTO_TRI_N3_G2_N5,tripartite,1.0,True,1.0,20260817
hm4di_like,59,F-Ren,AUTO_TRI_N3_G2_N9,tripartite,1.0,True,1.0,20260817
hm4di_like,60,F-Ren,AUTO_GG_G0_G1,glia_glia,0.9904016064242844,True,9.699879090739585e-06,20260817
hm4di_like,60,F-Ren,AUTO_GG_G1_G3,glia_glia,0.9916014056212491,True,9.699879090739585e-06,20260817
hm4di_like,60,F-Ren,AUTO_GG_G2_G5,glia_glia,1.0,True,1.0,20260817
hm4di_like,60,F-Ren,AUTO_TRI_N0_G1_N4,tripartite,0.9928012048182133,True,9.699879090739585e-06,20260817
hm4di_like,60,F-Ren,AUTO_TRI_N3_G2_N5,tripartite,1.0,True,1.0,20260817
hm4di_like,60,F-Ren,AUTO_TRI_N3_G2_N9,tripartite,1.0,True,1.0,20260817
hm4di_like,61,F-Ren,AUTO_GG_G0_G1,glia_glia,0.9904016064242844,True,9.699879090739585e-06,20260817
hm4di_like,61,F-Ren,AUTO_GG_G1_G3,glia_glia,0.9916014056212491,True,9.699879090739585e-06,20260817
hm4di_like,61,F-Ren,AUTO_GG_G2_G5,glia_glia,1.0,True,1.0,20260817
hm4di_like,61,F-Ren,AUTO_TRI_N0_G1_N4,tripartite,0.9928012048182133,True,9.699879090739585e-06,20260817
hm4di_like,61,F-Ren,AUTO_TRI_N3_G2_N5,tripartite,1.0,True,1.0,20260817
hm4di_like,61,F-Ren,AUTO_TRI_N3_G2_N9,tripartite,1.0,True,1.0,20260817
hm4di_like,62,F-Ren,AUTO_GG_G0_G1,glia_glia,0.9904016064242844,True,9.699879090739585e-06,20260817
hm4di_like,62,F-Ren,AUTO_GG_G1_G3,glia_glia,0.9916014056212491,True,9.699879090739585e-06,20260817
hm4di_like,62,F-Ren,AUTO_GG_G2_G5,glia_glia,1.0,True,1.0,20260817
hm4di_like,62,F-Ren,AUTO_TRI_N0_G1_N4,tripartite,0.9928012048182133,True,9.699879090739585e-06,20260817
hm4di_like,62,F-Ren,AUTO_TRI_N3_G2_N5,tripartite,1.0,True,1.0,20260817
hm4di_like,62,F-Ren,AUTO_TRI_N3_G2_N9,tripartite,1.0,True,1.0,20260817
hm4di_like,63,F-Ren,AUTO_GG_G0_G1,glia_glia,0.9904016064242844,True,9.699879090739585e-06,20260817
hm4di_like,63,F-Ren,AUTO_GG_G1_G3,glia_glia,0.9916014056212491,True,9.699879090739585e-06,20260817
hm4di_like,63,F-Ren,AUTO_GG_G2_G5,glia_glia,1.0,True,1.0,20260817
hm4di_like,63,F-Ren,AUTO_TRI_N0_G1_N4,tripartite,0.9928012048182133,True,9.699879090739585e-06,20260817
hm4di_like,63,F-Ren,AUTO_TRI_N3_G2_N5,tripartite,1.0,True,1.0,20260817
hm4di_like,63,F-Ren,AUTO_TRI_N3_G2_N9,tripartite,1.0,True,1.0,20260817
full_biological,1,F-Con,AUTO_GG_G0_G1,glia_glia,0.9593537143165668,True,0.243639236436246,20260818
full_biological,1,F-Con,AUTO_GG_G1_G3,glia_glia,0.404086960657421,True,0.13064578932941684,20260818
full_biological,1,F-Con,AUTO_GG_G2_G5,glia_glia,0.0,False,0.0,20260818
full_biological,1,F-Con,AUTO_TRI_N0_G1_N4,tripartite,0.0,False,0.002220606289620657,20260818
full_biological,1,F-Con,AUTO_TRI_N3_G2_N5,tripartite,0.0,False,0.0,20260818
full_biological,1,F-Con,AUTO_TRI_N3_G2_N9,tripartite,0.0,False,0.0,20260818
full_biological,2,F-Con,AUTO_GG_G0_G1,glia_glia,1.0,True,0.41680761926038906,20260818
full_biological,2,F-Con,AUTO_GG_G1_G3,glia_glia,1.0,True,0.24793464773718882,20260818
full_biological,2,F-Con,AUTO_GG_G2_G5,glia_glia,0.0,False,0.0,20260818
full_biological,2,F-Con,AUTO_TRI_N0_G1_N4,tripartite,0.6563894360681201,True,0.07031074888877795,20260818
full_biological,2,F-Con,AUTO_TRI_N3_G2_N5,tripartite,0.0,False,0.0,20260818
full_biological,2,F-Con,AUTO_TRI_N3_G2_N9,tripartite,0.0,False,0.0,20260818
full_biological,3,F-Con,AUTO_GG_G0_G1,glia_glia,1.0,True,0.5864300569054746,20260818
full_biological,3,F-Con,AUTO_GG_G1_G3,glia_glia,1.0,True,0.35373935863584377,20260818
full_biological,3,F-Con,AUTO_GG_G2_G5,glia_glia,0.0,False,0.0,20260818
full_biological,3,F-Con,AUTO_TRI_N0_G1_N4,tripartite,1.0,True,0.19682409813996554,20260818
full_biological,3,F-Con,AUTO_TRI_N3_G2_N5,tripartite,0.0,False,0.0,20260818
full_biological,3,F-Con,AUTO_TRI_N3_G2_N9,tripartite,0.0,False,0.0,20260818
full_biological,4,Ext1,AUTO_GG_G0_G1,glia_glia,1.0,True,0.54369702695959,20260818
full_biological,4,Ext1,AUTO_GG_G1_G3,glia_glia,1.0,True,0.32089190053215866,20260818
full_biological,4,Ext1,AUTO_GG_G2_G5,glia_glia,0.06509535473930901,False,0.1649830810994733,20260818
full_biological,4,Ext1,AUTO_TRI_N0_G1_N4,tripartite,1.0,True,0.2628926401086236,20260818
full_biological,4,Ext1,AUTO_TRI_N3_G2_N5,tripartite,0.0,False,0.004719964433221858,20260818
full_biological,4,Ext1,AUTO_TRI_N3_G2_N9,tripartite,0.0,False,0.004719964433221858,20260818
full_biological,5,Ext1,AUTO_GG_G0_G1,glia_glia,1.0,True,0.43495762156767204,20260818
full_biological,5,Ext1,AUTO_GG_G1_G3,glia_glia,1.0,True,0.2915123230945291,20260818
full_biological,5,Ext1,AUTO_GG_G2_G5,glia_glia,0.20752652874399613,True,0.31346785408899924,20260818
full_biological,5,Ext1,AUTO_TRI_N0_G1_N4,tripartite,1.0,True,0.3282493454057862,20260818
full_biological,5,Ext1,AUTO_TRI_N3_G2_N5,tripartite,0.0,False,0.005620449651202916,20260818
full_biological,5,Ext1,AUTO_TRI_N3_G2_N9,tripartite,0.0,False,0.005620449651202916,20260818
full_biological,6,Ext1,AUTO_GG_G0_G1,glia_glia,1.0,True,0.34796609725413763,20260818
full_biological,6,Ext1,AUTO_GG_G1_G3,glia_glia,1.0,True,0.2652552556075489,20260818
full_biological,6,Ext1,AUTO_GG_G2_G5,glia_glia,0.4185060170313903,True,0.44508061751179673,20260818
full_biological,6,Ext1,AUTO_TRI_N0_G1_N4,tripartite,1.0,True,0.34796609725413763,20260818
full_biological,6,Ext1,AUTO_TRI_N3_G2_N5,tripartite,0.0,False,0.008817450450784057,20260818
full_biological,6,Ext1,AUTO_TRI_N3_G2_N9,tripartite,0.0,False,0.008817450450784057,20260818
full_biological,7,Ext1,AUTO_GG_G0_G1,glia_glia,1.0,True,0.2783728778033101,20260818
full_biological,7,Ext1,AUTO_GG_G1_G3,glia_glia,1.0,True,0.24180961225465242,20260818
full_biological,7,Ext1,AUTO_GG_G2_G5,glia_glia,0.6881377268443506,True,0.5576928828408838,20260818
full_biological,7,Ext1,AUTO_TRI_N0_G1_N4,tripartite,1.0,True,0.2783728778033101,20260818
full_biological,7,Ext1,AUTO_TRI_N3_G2_N5,tripartite,0.0,False,0.0186069726080006,20260818
full_biological,7,Ext1,AUTO_TRI_N3_G2_N9,tripartite,0.0,False,0.0186069726080006,20260818
full_biological,8,Ext1,AUTO_GG_G0_G1,glia_glia,1.0,True,0.22269830224264808,20260818
full_biological,8,Ext1,AUTO_GG_G1_G3,glia_glia,1.0,True,0.22089514956414327,20260818
full_biological,8,Ext1,AUTO_GG_G2_G5,glia_glia,1.0,True,0.6476757957818747,20260818
full_biological,8,Ext1,AUTO_TRI_N0_G1_N4,tripartite,1.0,True,0.22269830224264808,20260818
full_biological,8,Ext1,AUTO_TRI_N3_G2_N5,tripartite,0.0,False,0.041000440347599164,20260818
full_biological,8,Ext1,AUTO_TRI_N3_G2_N9,tripartite,0.0,False,0.041000440347599164,20260818
full_biological,9,Ext1,AUTO_GG_G0_G1,glia_glia,1.0,True,0.17815864179411847,20260818
full_biological,9,Ext1,AUTO_GG_G1_G3,glia_glia,1.0,True,0.17815864179411847,20260818
full_biological,9,Ext1,AUTO_GG_G2_G5,glia_glia,1.0,True,0.7135422343447728,20260818
full_biological,9,Ext1,AUTO_TRI_N0_G1_N4,tripartite,1.0,True,0.17815864179411847,20260818
full_biological,9,Ext1,AUTO_TRI_N3_G2_N5,tripartite,0.010133884436773048,False,0.07956378441827949,20260818
full_biological,9,Ext1,AUTO_TRI_N3_G2_N9,tripartite,0.010133884436773048,False,0.07956378441827949,20260818
full_biological,10,Ext1,AUTO_GG_G0_G1,glia_glia,1.0,True,0.14252691343529478,20260818
full_biological,10,Ext1,AUTO_GG_G1_G3,glia_glia,1.0,True,0.14252691343529478,20260818
full_biological,10,Ext1,AUTO_GG_G2_G5,glia_glia,1.0,True,0.7728452393561569,20260818
full_biological,10,Ext1,AUTO_TRI_N0_G1_N4,tripartite,1.0,True,0.14252691343529478,20260818
full_biological,10,Ext1,AUTO_TRI_N3_G2_N5,tripartite,0.030469233174460257,False,0.11435806444461172,20260818
full_biological,10,Ext1,AUTO_TRI_N3_G2_N9,tripartite,0.030469233174460257,False,0.11435806444461172,20260818
full_biological,11,Ext1,AUTO_GG_G0_G1,glia_glia,1.0,True,0.11402153074823583,20260818
full_biological,11,Ext1,AUTO_GG_G1_G3,glia_glia,1.0,True,0.11402153074823583,20260818
full_biological,11,Ext1,AUTO_GG_G2_G5,glia_glia,1.0,True,0.8262727160985934,20260818
full_biological,11,Ext1,AUTO_TRI_N0_G1_N4,tripartite,1.0,True,0.11402153074823583,20260818
full_biological,11,Ext1,AUTO_TRI_N3_G2_N5,tripartite,0.06004627466001505,False,0.1458788379239458,20260818
full_biological,11,Ext1,AUTO_TRI_N3_G2_N9,tripartite,0.06004627466001505,False,0.1458788379239458,20260818
full_biological,12,Ext1,AUTO_GG_G0_G1,glia_glia,1.0,True,0.09121722459858866,20260818
full_biological,12,Ext1,AUTO_GG_G1_G3,glia_glia,1.0,True,0.09121722459858866,20260818
full_biological,12,Ext1,AUTO_GG_G2_G5,glia_glia,1.0,True,0.8744532795454076,20260818
full_biological,12,Ext1,AUTO_TRI_N0_G1_N4,tripartite,1.0,True,0.09121722459858866,20260818
full_biological,12,Ext1,AUTO_TRI_N3_G2_N5,tripartite,0.0980464558330073,False,0.17460776078645568,20260818
full_biological,12,Ext1,AUTO_TRI_N3_G2_N9,tripartite,0.0980464558330073,False,0.17460776078645568,20260818
full_biological,13,Ext1,AUTO_GG_G0_G1,glia_glia,1.0,True,0.07297377967887093,20260818
full_biological,13,Ext1,AUTO_GG_G1_G3,glia_glia,1.0,True,0.07297377967887093,20260818
full_biological,13,Ext1,AUTO_GG_G2_G5,glia_glia,1.0,True,0.9179663113271912,20260818
full_biological,13,Ext1,AUTO_TRI_N0_G1_N4,tripartite,1.0,True,0.07297377967887093,20260818
full_biological,13,Ext1,AUTO_TRI_N3_G2_N5,tripartite,0.1437932973406087,False,0.2010294058562832,20260818
full_biological,13,Ext1,AUTO_TRI_N3_G2_N9,tripartite,0.1437932973406087,False,0.2010294058562832,20260818
full_biological,14,Ext1,AUTO_GG_G0_G1,glia_glia,1.0,True,0.05837902374309675,20260818
full_biological,14,Ext1,AUTO_GG_G1_G3,glia_glia,1.0,True,0.05837902374309675,20260818
full_biological,14,Ext1,AUTO_GG_G2_G5,glia_glia,1.0,True,0.9573513667056262,20260818
full_biological,14,Ext1,AUTO_TRI_N0_G1_N4,tripartite,1.0,True,0.05837902374309675,20260818
full_biological,14,Ext1,AUTO_TRI_N3_G2_N5,tripartite,0.19675805245179293,False,0.22564764689707476,20260818
full_biological,14,Ext1,AUTO_TRI_N3_G2_N9,tripartite,0.19675805245179293,False,0.22564764689707476,20260818
full_biological,15,Ext1,AUTO_GG_G0_G1,glia_glia,1.0,True,0.04670321899447741,20260818
full_biological,15,Ext1,AUTO_GG_G1_G3,glia_glia,1.0,True,0.04670321899447741,20260818
full_biological,15,Ext1,AUTO_GG_G2_G5,glia_glia,1.0,True,0.9931169854806743,20260818
full_biological,15,Ext1,AUTO_TRI_N0_G1_N4,tripartite,1.0,True,0.04670321899447741,20260818
full_biological,15,Ext1,AUTO_TRI_N3_G2_N5,tripartite,0.25657002300467263,False,0.24900154242142902,20260818
full_biological,15,Ext1,AUTO_TRI_N3_G2_N9,tripartite,0.25657002300467263,False,0.24900154242142902,20260818
full_biological,16,Ext1,AUTO_GG_G0_G1,glia_glia,1.0,True,0.03736257519558193,20260818
full_biological,16,Ext1,AUTO_GG_G1_G3,glia_glia,1.0,True,0.03736257519558193,20260818
full_biological,16,Ext1,AUTO_GG_G2_G5,glia_glia,1.0,True,1.0,20260818
full_biological,16,Ext1,AUTO_TRI_N0_G1_N4,tripartite,1.0,True,0.03736257519558193,20260818
full_biological,16,Ext1,AUTO_TRI_N3_G2_N5,tripartite,0.3230318004525869,True,0.2716821337955646,20260818
full_biological,16,Ext1,AUTO_TRI_N3_G2_N9,tripartite,0.3230318004525869,True,0.2716821337955646,20260818
full_biological,17,Ext1,AUTO_GG_G0_G1,glia_glia,1.0,True,0.029890060156465545,20260818
full_biological,17,Ext1,AUTO_GG_G1_G3,glia_glia,1.0,True,0.029890060156465545,20260818
full_biological,17,Ext1,AUTO_GG_G2_G5,glia_glia,1.0,True,1.0,20260818
full_biological,17,Ext1,AUTO_TRI_N0_G1_N4,tripartite,1.0,True,0.029890060156465545,20260818
full_biological,17,Ext1,AUTO_TRI_N3_G2_N5,tripartite,0.3961405169430844,True,0.29435294374437526,20260818
full_biological,17,Ext1,AUTO_TRI_N3_G2_N9,tripartite,0.3961405169430844,True,0.29435294374437526,20260818
full_biological,18,Ext1,AUTO_GG_G0_G1,glia_glia,1.0,True,0.023912048125172437,20260818
full_biological,18,Ext1,AUTO_GG_G1_G3,glia_glia,1.0,True,0.023912048125172437,20260818
full_biological,18,Ext1,AUTO_GG_G2_G5,glia_glia,1.0,True,1.0,20260818
full_biological,18,Ext1,AUTO_TRI_N0_G1_N4,tripartite,1.0,True,0.023912048125172437,20260818
full_biological,18,Ext1,AUTO_TRI_N3_G2_N5,tripartite,0.4761174304552753,True,0.31777840144336555,20260818
full_biological,18,Ext1,AUTO_TRI_N3_G2_N9,tripartite,0.4761174304552753,True,0.31777840144336555,20260818
full_biological,19,Ext1,AUTO_GG_G0_G1,glia_glia,1.0,True,0.01912963850013795,20260818
full_biological,19,Ext1,AUTO_GG_G1_G3,glia_glia,1.0,True,0.01912963850013795,20260818
full_biological,19,Ext1,AUTO_GG_G2_G5,glia_glia,1.0,True,1.0,20260818
full_biological,19,Ext1,AUTO_TRI_N0_G1_N4,tripartite,1.0,True,0.01912963850013795,20260818
full_biological,19,Ext1,AUTO_TRI_N3_G2_N5,tripartite,0.5634499431740698,True,0.34286624873731675,20260818
full_biological,19,Ext1,AUTO_TRI_N3_G2_N9,tripartite,0.5634499431740698,True,0.34286624873731675,20260818
full_biological,20,Ext1,AUTO_GG_G0_G1,glia_glia,1.0,True,0.01530371080011036,20260818
full_biological,20,Ext1,AUTO_GG_G1_G3,glia_glia,1.0,True,0.01530371080011036,20260818
full_biological,20,Ext1,AUTO_GG_G2_G5,glia_glia,1.0,True,1.0,20260818
full_biological,20,Ext1,AUTO_TRI_N0_G1_N4,tripartite,1.0,True,0.01530371080011036,20260818
full_biological,20,Ext1,AUTO_TRI_N3_G2_N5,tripartite,0.6589527217914009,True,0.37073269135553966,20260818
full_biological,20,Ext1,AUTO_TRI_N3_G2_N9,tripartite,0.6589527217914009,True,0.37073269135553966,20260818
full_biological,21,Ext1,AUTO_GG_G0_G1,glia_glia,1.0,True,0.012242968640088288,20260818
full_biological,21,Ext1,AUTO_GG_G1_G3,glia_glia,1.0,True,0.012242968640088288,20260818
full_biological,21,Ext1,AUTO_GG_G2_G5,glia_glia,1.0,True,1.0,20260818
full_biological,21,Ext1,AUTO_TRI_N0_G1_N4,tripartite,1.0,True,0.012242968640088288,20260818
full_biological,21,Ext1,AUTO_TRI_N3_G2_N5,tripartite,0.763858398907373,True,0.40280329159197614,20260818
full_biological,21,Ext1,AUTO_TRI_N3_G2_N9,tripartite,0.763858398907373,True,0.40280329159197614,20260818
full_biological,22,Ext1,AUTO_GG_G0_G1,glia_glia,1.0,True,0.00979437491207063,20260818
full_biological,22,Ext1,AUTO_GG_G1_G3,glia_glia,1.0,True,0.00979437491207063,20260818
full_biological,22,Ext1,AUTO_GG_G2_G5,glia_glia,1.0,True,1.0,20260818
full_biological,22,Ext1,AUTO_TRI_N0_G1_N4,tripartite,1.0,True,0.00979437491207063,20260818
full_biological,22,Ext1,AUTO_TRI_N3_G2_N5,tripartite,0.8799539756701181,True,0.44096884217293447,20260818
full_biological,22,Ext1,AUTO_TRI_N3_G2_N9,tripartite,0.8799539756701181,True,0.44096884217293447,20260818
full_biological,23,Ext1,AUTO_GG_G0_G1,glia_glia,1.0,True,0.007835499929656506,20260818
full_biological,23,Ext1,AUTO_GG_G1_G3,glia_glia,1.0,True,0.007835499929656506,20260818
full_biological,23,Ext1,AUTO_GG_G2_G5,glia_glia,1.0,True,1.0,20260818
full_biological,23,Ext1,AUTO_TRI_N0_G1_N4,tripartite,1.0,True,0.007835499929656506,20260818
full_biological,23,Ext1,AUTO_TRI_N3_G2_N5,tripartite,1.0,True,0.487822553419796,20260818
full_biological,23,Ext1,AUTO_TRI_N3_G2_N9,tripartite,1.0,True,0.487822553419796,20260818
full_biological,24,Ext1,AUTO_GG_G0_G1,glia_glia,1.0,True,0.006268399943725205,20260818
full_biological,24,Ext1,AUTO_GG_G1_G3,glia_glia,1.0,True,0.006268399943725205,20260818
full_biological,24,Ext1,AUTO_GG_G2_G5,glia_glia,1.0,True,1.0,20260818
full_biological,24,Ext1,AUTO_TRI_N0_G1_N4,tripartite,1.0,True,0.006268399943725205,20260818
full_biological,24,Ext1,AUTO_TRI_N3_G2_N5,tripartite,1.0,True,0.5460127641758118,20260818
full_biological,24,Ext1,AUTO_TRI_N3_G2_N9,tripartite,1.0,True,0.5460127641758118,20260818
full_biological,25,Ext1,AUTO_GG_G0_G1,glia_glia,1.0,True,0.005014719954980164,20260818
full_biological,25,Ext1,AUTO_GG_G1_G3,glia_glia,1.0,True,0.005014719954980164,20260818
full_biological,25,Ext1,AUTO_GG_G2_G5,glia_glia,1.0,True,1.0,20260818
full_biological,25,Ext1,AUTO_TRI_N0_G1_N4,tripartite,1.0,True,0.005014719954980164,20260818
full_biological,25,Ext1,AUTO_TRI_N3_G2_N5,tripartite,1.0,True,0.6048837632819097,20260818
full_biological,25,Ext1,AUTO_TRI_N3_G2_N9,tripartite,1.0,True,0.6048837632819097,20260818
full_biological,26,Ext1,AUTO_GG_G0_G1,glia_glia,0.9999209420771187,True,0.004011775963984132,20260818
full_biological,26,Ext1,AUTO_GG_G1_G3,glia_glia,0.9999308243174789,True,0.004011775963984132,20260818
full_biological,26,Ext1,AUTO_GG_G2_G5,glia_glia,1.0,True,1.0,20260818
full_biological,26,Ext1,AUTO_TRI_N0_G1_N4,tripartite,0.9999407065578391,True,0.004011775963984132,20260818
full_biological,26,Ext1,AUTO_TRI_N3_G2_N5,tripartite,1.0,True,0.6645919819192015,20260818
full_biological,26,Ext1,AUTO_TRI_N3_G2_N9,tripartite,1.0,True,0.6645919819192015,20260818
full_biological,27,Ext1,AUTO_GG_G0_G1,glia_glia,0.9997776957388137,True,0.0032094207711873056,20260818
full_biological,27,Ext1,AUTO_GG_G1_G3,glia_glia,0.9998054837714621,True,0.0032094207711873056,20260818
full_biological,27,Ext1,AUTO_GG_G2_G5,glia_glia,1.0,True,1.0,20260818
full_biological,27,Ext1,AUTO_TRI_N0_G1_N4,tripartite,0.9998332718041103,True,0.0032094207711873056,20260818
full_biological,27,Ext1,AUTO_TRI_N3_G2_N5,tripartite,1.0,True,0.7252739835859626,20260818
full_biological,27,Ext1,AUTO_TRI_N3_G2_N9,tripartite,1.0,True,0.7252739835859626,20260818
full_biological,28,Ext1,AUTO_GG_G0_G1,glia_glia,0.9995830986681696,True,0.0025675366169498445,20260818
full_biological,28,Ext1,AUTO_GG_G1_G3,glia_glia,0.9996352113346485,True,0.0025675366169498445,20260818
full_biological,28,Ext1,AUTO_GG_G2_G5,glia_glia,1.0,True,1.0,20260818
full_biological,28,Ext1,AUTO_TRI_N0_G1_N4,tripartite,0.9996873240011273,True,0.0025675366169498445,20260818
full_biological,28,Ext1,AUTO_TRI_N3_G2_N5,tripartite,1.0,True,0.787045337551187,20260818
full_biological,28,Ext1,AUTO_TRI_N3_G2_N9,tripartite,1.0,True,0.787045337551187,20260818
full_biological,29,Ext2,AUTO_GG_G0_G1,glia_glia,0.9993474210116544,True,0.002054029293559876,20260818
full_biological,29,Ext2,AUTO_GG_G1_G3,glia_glia,0.9994289933851976,True,0.002054029293559876,20260818
full_biological,29,Ext2,AUTO_GG_G2_G5,glia_glia,1.0,True,1.0,20260818
full_biological,29,Ext2,AUTO_TRI_N0_G1_N4,tripartite,0.9995105657587409,True,0.002054029293559876,20260818
full_biological,29,Ext2,AUTO_TRI_N3_G2_N5,tripartite,1.0,True,0.8499988147901262,20260818
full_biological,29,Ext2,AUTO_TRI_N3_G2_N9,tripartite,1.0,True,0.8499988147901262,20260818
full_biological,30,Ext2,AUTO_GG_G0_G1,glia_glia,0.9990788788864422,True,0.0016432234348479008,20260818
full_biological,30,Ext2,AUTO_GG_G1_G3,glia_glia,0.999194019025637,True,0.0016432234348479008,20260818
full_biological,30,Ext2,AUTO_GG_G2_G5,glia_glia,1.0,True,1.0,20260818
full_biological,30,Ext2,AUTO_TRI_N0_G1_N4,tripartite,0.9993091591648318,True,0.0016432234348479008,20260818
full_biological,30,Ext2,AUTO_TRI_N3_G2_N5,tripartite,1.0,True,0.9142020280017559,20260818
full_biological,30,Ext2,AUTO_TRI_N3_G2_N9,tripartite,1.0,True,0.9142020280017559,20260818
full_biological,31,Ext2,AUTO_GG_G0_G1,glia_glia,0.9987840451862725,True,0.0013145787478783207,20260818
full_biological,31,Ext2,AUTO_GG_G1_G3,glia_glia,0.9989360395379885,True,0.0013145787478783207,20260818
full_biological,31,Ext2,AUTO_GG_G2_G5,glia_glia,1.0,True,1.0,20260818
full_biological,31,Ext2,AUTO_TRI_N0_G1_N4,tripartite,0.9990880338897045,True,0.0013145787478783207,20260818
full_biological,31,Ext2,AUTO_TRI_N3_G2_N5,tripartite,1.0,True,0.979694668099421,20260818
full_biological,31,Ext2,AUTO_TRI_N3_G2_N9,tripartite,1.0,True,0.979694668099421,20260818
full_biological,32,Ext2,AUTO_GG_G0_G1,glia_glia,0.9984681782261368,True,0.0010516629983026566,20260818
full_biological,32,Ext2,AUTO_GG_G1_G3,glia_glia,0.9986596559478697,True,0.0010516629983026566,20260818
full_biological,32,Ext2,AUTO_GG_G2_G5,glia_glia,1.0,True,1.0,20260818
full_biological,32,Ext2,AUTO_TRI_N0_G1_N4,tripartite,0.9988511336696027,True,0.0010516629983026566,20260818
full_biological,32,Ext2,AUTO_TRI_N3_G2_N5,tripartite,1.0,True,1.0,20260818
full_biological,32,Ext2,AUTO_TRI_N3_G2_N9,tripartite,1.0,True,1.0,20260818
full_biological,33,Ext2,AUTO_GG_G0_G1,glia_glia,0.9981354846580281,True,0.0008413303986421253,20260818
full_biological,33,Ext2,AUTO_GG_G1_G3,glia_glia,0.9983685490757745,True,0.0008413303986421253,20260818
full_biological,33,Ext2,AUTO_GG_G2_G5,glia_glia,1.0,True,1.0,20260818
full_biological,33,Ext2,AUTO_TRI_N0_G1_N4,tripartite,0.9986016134935212,True,0.0008413303986421253,20260818
full_biological,33,Ext2,AUTO_TRI_N3_G2_N5,tripartite,1.0,True,1.0,20260818
full_biological,33,Ext2,AUTO_TRI_N3_G2_N9,tripartite,1.0,True,1.0,20260818
full_biological,34,Ext2,AUTO_GG_G0_G1,glia_glia,0.9977893298035413,True,0.0006730643189137003,20260818
full_biological,34,Ext2,AUTO_GG_G1_G3,glia_glia,0.9980656635780986,True,0.0006730643189137003,20260818
full_biological,34,Ext2,AUTO_GG_G2_G5,glia_glia,1.0,True,1.0,20260818
full_biological,34,Ext2,AUTO_TRI_N0_G1_N4,tripartite,0.9983419973526559,True,0.0006730643189137003,20260818
full_biological,34,Ext2,AUTO_TRI_N3_G2_N5,tripartite,1.0,True,1.0,20260818
full_biological,34,Ext2,AUTO_TRI_N3_G2_N9,tripartite,1.0,True,1.0,20260818
full_biological,35,Ext2,AUTO_GG_G0_G1,glia_glia,0.9974324059199517,True,0.0005384514551309603,20260818
full_biological,35,Ext2,AUTO_GG_G1_G3,glia_glia,0.9977533551799578,True,0.0005384514551309603,20260818
full_biological,35,Ext2,AUTO_GG_G2_G5,glia_glia,1.0,True,1.0,20260818
full_biological,35,Ext2,AUTO_TRI_N0_G1_N4,tripartite,0.9980743044399638,True,0.0005384514551309603,20260818
full_biological,35,Ext2,AUTO_TRI_N3_G2_N5,tripartite,1.0,True,1.0,20260818
full_biological,35,Ext2,AUTO_TRI_N3_G2_N9,tripartite,1.0,True,1.0,20260818
full_biological,36,Ext2,AUTO_GG_G0_G1,glia_glia,0.9970668668130801,True,0.00043076116410476823,20260818
full_biological,36,Ext2,AUTO_GG_G1_G3,glia_glia,0.9974335084614451,True,0.00043076116410476823,20260818
full_biological,36,Ext2,AUTO_GG_G2_G5,glia_glia,1.0,True,1.0,20260818
full_biological,36,Ext2,AUTO_TRI_N0_G1_N4,tripartite,0.99780015010981,True,0.00043076116410476823,20260818
full_biological,36,Ext2,AUTO_TRI_N3_G2_N5,tripartite,1.0,True,1.0,20260818
full_biological,36,Ext2,AUTO_TRI_N3_G2_N9,tripartite,1.0,True,1.0,20260818
full_biological,37,Ext2,AUTO_GG_G0_G1,glia_glia,0.9966944355275829,True,0.0003446089312838146,20260818
full_biological,37,Ext2,AUTO_GG_G1_G3,glia_glia,0.9971076310866349,True,0.0003446089312838146,20260818
full_biological,37,Ext2,AUTO_GG_G2_G5,glia_glia,1.0,True,1.0,20260818
full_biological,37,Ext2,AUTO_TRI_N0_G1_N4,tripartite,0.9975208266456871,True,0.0003446089312838146,20260818
full_biological,37,Ext2,AUTO_TRI_N3_G2_N5,tripartite,1.0,True,1.0,20260818
full_biological,37,Ext2,AUTO_TRI_N3_G2_N9,tripartite,1.0,True,1.0,20260818
full_biological,38,Ext2,AUTO_GG_G0_G1,glia_glia,0.996316490499185,True,0.00027568714502705167,20260818
full_biological,38,Ext2,AUTO_GG_G1_G3,glia_glia,0.9967769291867868,True,0.00027568714502705167,20260818
full_biological,38,Ext2,AUTO_GG_G2_G5,glia_glia,1.0,True,1.0,20260818
full_biological,38,Ext2,AUTO_TRI_N0_G1_N4,tripartite,0.9972373678743887,True,0.00027568714502705167,20260818
full_biological,38,Ext2,AUTO_TRI_N3_G2_N5,tripartite,1.0,True,1.0,20260818
full_biological,38,Ext2,AUTO_TRI_N3_G2_N9,tripartite,1.0,True,1.0,20260818
full_biological,39,Ext2,AUTO_GG_G0_G1,glia_glia,0.9959341344764667,True,0.00022054971602164134,20260818
full_biological,39,Ext2,AUTO_GG_G1_G3,glia_glia,0.9964423676669083,True,0.00022054971602164134,20260818
full_biological,39,Ext2,AUTO_GG_G2_G5,glia_glia,1.0,True,1.0,20260818
full_biological,39,Ext2,AUTO_TRI_N0_G1_N4,tripartite,0.99695060085735,True,0.00022054971602164134,20260818
full_biological,39,Ext2,AUTO_TRI_N3_G2_N5,tripartite,1.0,True,1.0,20260818
full_biological,39,Ext2,AUTO_TRI_N3_G2_N9,tripartite,1.0,True,1.0,20260818
full_biological,40,Ext2,AUTO_GG_G0_G1,glia_glia,0.9955482496582921,True,0.0001764397728173131,20260818
full_biological,40,Ext2,AUTO_GG_G1_G3,glia_glia,0.9961047184510056,True,0.0001764397728173131,20260818
full_biological,40,Ext2,AUTO_GG_G2_G5,glia_glia,1.0,True,1.0,20260818
full_biological,40,Ext2,AUTO_TRI_N0_G1_N4,tripartite,0.996661187243719,True,0.0001764397728173131,20260818
full_biological,40,Ext2,AUTO_TRI_N3_G2_N5,tripartite,1.0,True,1.0,20260818
full_biological,40,Ext2,AUTO_TRI_N3_G2_N9,tripartite,1.0,True,1.0,20260818
full_biological,41,Ext2,AUTO_GG_G0_G1,glia_glia,0.9951595418037524,True,0.00014115181825385048,20260818
full_biological,41,Ext2,AUTO_GG_G1_G3,glia_glia,0.9957645990782833,True,0.00014115181825385048,20260818
full_biological,41,Ext2,AUTO_GG_G2_G5,glia_glia,1.0,True,1.0,20260818
full_biological,41,Ext2,AUTO_TRI_N0_G1_N4,tripartite,0.9963696563528143,True,0.00014115181825385048,20260818
full_biological,41,Ext2,AUTO_TRI_N3_G2_N5,tripartite,1.0,True,1.0,20260818
full_biological,41,Ext2,AUTO_TRI_N3_G2_N9,tripartite,1.0,True,1.0,20260818
full_biological,42,Ext2,AUTO_GG_G0_G1,glia_glia,0.9947685755201207,True,0.00011292145460308038,20260818
full_biological,42,Ext2,AUTO_GG_G1_G3,glia_glia,0.9954225035801055,True,0.00011292145460308038,20260818
full_biological,42,Ext2,AUTO_GG_G2_G5,glia_glia,1.0,True,1.0,20260818
full_biological,42,Ext2,AUTO_TRI_N0_G1_N4,tripartite,0.9960764316400904,True,0.00011292145460308038,20260818
full_biological,42,Ext2,AUTO_TRI_N3_G2_N5,tripartite,1.0,True,1.0,20260818
full_biological,42,Ext2,AUTO_TRI_N3_G2_N9,tripartite,1.0,True,1.0,20260818
full_biological,43,Ext2,AUTO_GG_G0_G1,glia_glia,0.9943758024932152,True,9.033716368246431e-05,20260818
full_biological,43,Ext2,AUTO_GG_G1_G3,glia_glia,0.9950788271815633,True,9.033716368246431e-05,20260818
full_biological,43,Ext2,AUTO_GG_G2_G5,glia_glia,1.0,True,1.0,20260818
full_biological,43,Ext2,AUTO_TRI_N0_G1_N4,tripartite,0.9957818518699113,True,9.033716368246431e-05,20260818
full_biological,43,Ext2,AUTO_TRI_N3_G2_N5,tripartite,1.0,True,1.0,20260818
full_biological,43,Ext2,AUTO_TRI_N3_G2_N9,tripartite,1.0,True,1.0,20260818
full_biological,44,Ext2,AUTO_GG_G0_G1,glia_glia,0.9939815840716909,True,7.226973094597146e-05,20260818
full_biological,44,Ext2,AUTO_GG_G1_G3,glia_glia,0.9947338860627295,True,7.226973094597146e-05,20260818
full_biological,44,Ext2,AUTO_GG_G2_G5,glia_glia,1.0,True,1.0,20260818
full_biological,44,Ext2,AUTO_TRI_N0_G1_N4,tripartite,0.9954861880537681,True,7.226973094597146e-05,20260818
full_biological,44,Ext2,AUTO_TRI_N3_G2_N5,tripartite,1.0,True,1.0,20260818
full_biological,44,Ext2,AUTO_TRI_N3_G2_N9,tripartite,1.0,True,1.0,20260818
full_biological,45,Ext2,AUTO_GG_G0_G1,glia_glia,0.9935862093344714,True,5.781578475677717e-05,20260818
full_biological,45,Ext2,AUTO_GG_G1_G3,glia_glia,0.9943879331676625,True,5.781578475677717e-05,20260818
full_biological,45,Ext2,AUTO_GG_G2_G5,glia_glia,1.0,True,1.0,20260818
full_biological,45,Ext2,AUTO_TRI_N0_G1_N4,tripartite,0.9951896570008535,True,5.781578475677717e-05,20260818
full_biological,45,Ext2,AUTO_TRI_N3_G2_N5,tripartite,1.0,True,1.0,20260818
full_biological,45,Ext2,AUTO_TRI_N3_G2_N9,tripartite,1.0,True,1.0,20260818
full_biological,46,Ext2,AUTO_GG_G0_G1,glia_glia,0.9931899095446959,True,4.6252627805421734e-05,20260818
full_biological,46,Ext2,AUTO_GG_G1_G3,glia_glia,0.9940411708516089,True,4.6252627805421734e-05,20260818
full_biological,46,Ext2,AUTO_GG_G2_G5,glia_glia,1.0,True,1.0,20260818
full_biological,46,Ext2,AUTO_TRI_N0_G1_N4,tripartite,0.9948924321585219,True,4.6252627805421734e-05,20260818
full_biological,46,Ext2,AUTO_TRI_N3_G2_N5,tripartite,1.0,True,1.0,20260818
full_biological,46,Ext2,AUTO_TRI_N3_G2_N9,tripartite,1.0,True,1.0,20260818
full_biological,47,Ext2,AUTO_GG_G0_G1,glia_glia,0.9927928697128754,True,3.700210224433739e-05,20260818
full_biological,47,Ext2,AUTO_GG_G1_G3,glia_glia,0.993693760998766,True,3.700210224433739e-05,20260818
full_biological,47,Ext2,AUTO_GG_G2_G5,glia_glia,1.0,True,1.0,20260818
full_biological,47,Ext2,AUTO_TRI_N0_G1_N4,tripartite,0.9945946522846565,True,3.700210224433739e-05,20260818
full_biological,47,Ext2,AUTO_TRI_N3_G2_N5,tripartite,1.0,True,1.0,20260818
full_biological,47,Ext2,AUTO_TRI_N3_G2_N9,tripartite,1.0,True,1.0,20260818
full_biological,48,Ext2,AUTO_GG_G0_G1,glia_glia,0.992395237847419,True,2.960168179546991e-05,20260818
full_biological,48,Ext2,AUTO_GG_G1_G3,glia_glia,0.9933458331164917,True,2.960168179546991e-05,20260818
full_biological,48,Ext2,AUTO_GG_G2_G5,glia_glia,1.0,True,1.0,20260818
full_biological,48,Ext2,AUTO_TRI_N0_G1_N4,tripartite,0.9942964283855642,True,2.960168179546991e-05,20260818
full_biological,48,Ext2,AUTO_TRI_N3_G2_N5,tripartite,1.0,True,1.0,20260818
full_biological,48,Ext2,AUTO_TRI_N3_G2_N9,tripartite,1.0,True,1.0,20260818
full_biological,49,Ext2,AUTO_GG_G0_G1,glia_glia,0.9919971323550539,True,2.368134543637593e-05,20260818
full_biological,49,Ext2,AUTO_GG_G1_G3,glia_glia,0.9929974908106722,True,2.368134543637593e-05,20260818
full_biological,49,Ext2,AUTO_GG_G2_G5,glia_glia,1.0,True,1.0,20260818
full_biological,49,Ext2,AUTO_TRI_N0_G1_N4,tripartite,0.9939978492662904,True,2.368134543637593e-05,20260818
full_biological,49,Ext2,AUTO_TRI_N3_G2_N5,tripartite,1.0,True,1.0,20260818
full_biological,49,Ext2,AUTO_TRI_N3_G2_N9,tripartite,1.0,True,1.0,20260818
full_biological,50,Ext2,AUTO_GG_G0_G1,glia_glia,0.9915986479611618,True,1.8945076349100747e-05,20260818
full_biological,50,Ext2,AUTO_GG_G1_G3,glia_glia,0.9926488169660167,True,1.8945076349100747e-05,20260818
full_biological,50,Ext2,AUTO_GG_G2_G5,glia_glia,1.0,True,1.0,20260818
full_biological,50,Ext2,AUTO_TRI_N0_G1_N4,tripartite,0.9936989859708714,True,1.8945076349100747e-05,20260818
full_biological,50,Ext2,AUTO_TRI_N3_G2_N5,tripartite,1.0,True,1.0,20260818
full_biological,50,Ext2,AUTO_TRI_N3_G2_N9,tripartite,1.0,True,1.0,20260818
full_biological,51,Ext2,AUTO_GG_G0_G1,glia_glia,0.9911998604460481,True,1.5156061079280599e-05,20260818
full_biological,51,Ext2,AUTO_GG_G1_G3,glia_glia,0.9922998778902923,True,1.5156061079280599e-05,20260818
full_biological,51,Ext2,AUTO_GG_G2_G5,glia_glia,1.0,True,1.0,20260818
full_biological,51,Ext2,AUTO_TRI_N0_G1_N4,tripartite,0.9933998953345361,True,1.5156061079280599e-05,20260818
full_biological,51,Ext2,AUTO_TRI_N3_G2_N5,tripartite,1.0,True,1.0,20260818
full_biological,51,Ext2,AUTO_TRI_N3_G2_N9,tripartite,1.0,True,1.0,20260818
full_biological,52,Ext2,AUTO_GG_G0_G1,glia_glia,0.9908008304339572,True,1.2124848863424479e-05,20260818
full_biological,52,Ext2,AUTO_GG_G1_G3,glia_glia,0.9919507266297127,True,1.2124848863424479e-05,20260818
full_biological,52,Ext2,AUTO_GG_G2_G5,glia_glia,1.0,True,1.0,20260818
full_biological,52,Ext2,AUTO_TRI_N0_G1_N4,tripartite,0.9931006228254678,True,1.2124848863424479e-05,20260818
full_biological,52,Ext2,AUTO_TRI_N3_G2_N5,tripartite,1.0,True,1.0,20260818
full_biological,52,Ext2,AUTO_TRI_N3_G2_N9,tripartite,1.0,True,1.0,20260818
full_biological,53,Ext2,AUTO_GG_G0_G1,glia_glia,0.9904016064242844,True,9.699879090739585e-06,20260818
full_biological,53,Ext2,AUTO_GG_G1_G3,glia_glia,0.9916014056212491,True,9.699879090739585e-06,20260818
full_biological,53,Ext2,AUTO_GG_G2_G5,glia_glia,1.0,True,1.0,20260818
full_biological,53,Ext2,AUTO_TRI_N0_G1_N4,tripartite,0.9928012048182133,True,9.699879090739585e-06,20260818
full_biological,53,Ext2,AUTO_TRI_N3_G2_N5,tripartite,1.0,True,1.0,20260818
full_biological,53,Ext2,AUTO_TRI_N3_G2_N9,tripartite,1.0,True,1.0,20260818
full_biological,54,E-Ret,AUTO_GG_G0_G1,glia_glia,0.9904016064242844,True,9.699879090739585e-06,20260818
full_biological,54,E-Ret,AUTO_GG_G1_G3,glia_glia,0.9916014056212491,True,9.699879090739585e-06,20260818
full_biological,54,E-Ret,AUTO_GG_G2_G5,glia_glia,1.0,True,1.0,20260818
full_biological,54,E-Ret,AUTO_TRI_N0_G1_N4,tripartite,0.9928012048182133,True,9.699879090739585e-06,20260818
full_biological,54,E-Ret,AUTO_TRI_N3_G2_N5,tripartite,1.0,True,1.0,20260818
full_biological,54,E-Ret,AUTO_TRI_N3_G2_N9,tripartite,1.0,True,1.0,20260818
full_biological,55,E-Ret,AUTO_GG_G0_G1,glia_glia,0.9904016064242844,True,9.699879090739585e-06,20260818
full_biological,55,E-Ret,AUTO_GG_G1_G3,glia_glia,0.9916014056212491,True,9.699879090739585e-06,20260818
full_biological,55,E-Ret,AUTO_GG_G2_G5,glia_glia,1.0,True,1.0,20260818
full_biological,55,E-Ret,AUTO_TRI_N0_G1_N4,tripartite,0.9928012048182133,True,9.699879090739585e-06,20260818
full_biological,55,E-Ret,AUTO_TRI_N3_G2_N5,tripartite,1.0,True,1.0,20260818
full_biological,55,E-Ret,AUTO_TRI_N3_G2_N9,tripartite,1.0,True,1.0,20260818
full_biological,56,E-Ret,AUTO_GG_G0_G1,glia_glia,0.9904016064242844,True,9.699879090739585e-06,20260818
full_biological,56,E-Ret,AUTO_GG_G1_G3,glia_glia,0.9916014056212491,True,9.699879090739585e-06,20260818
full_biological,56,E-Ret,AUTO_GG_G2_G5,glia_glia,1.0,True,1.0,20260818
full_biological,56,E-Ret,AUTO_TRI_N0_G1_N4,tripartite,0.9928012048182133,True,9.699879090739585e-06,20260818
full_biological,56,E-Ret,AUTO_TRI_N3_G2_N5,tripartite,1.0,True,1.0,20260818
full_biological,56,E-Ret,AUTO_TRI_N3_G2_N9,tripartite,1.0,True,1.0,20260818
full_biological,57,E-Ret,AUTO_GG_G0_G1,glia_glia,0.9904016064242844,True,9.699879090739585e-06,20260818
full_biological,57,E-Ret,AUTO_GG_G1_G3,glia_glia,0.9916014056212491,True,9.699879090739585e-06,20260818
full_biological,57,E-Ret,AUTO_GG_G2_G5,glia_glia,1.0,True,1.0,20260818
full_biological,57,E-Ret,AUTO_TRI_N0_G1_N4,tripartite,0.9928012048182133,True,9.699879090739585e-06,20260818
full_biological,57,E-Ret,AUTO_TRI_N3_G2_N5,tripartite,1.0,True,1.0,20260818
full_biological,57,E-Ret,AUTO_TRI_N3_G2_N9,tripartite,1.0,True,1.0,20260818
full_biological,58,E-Ret,AUTO_GG_G0_G1,glia_glia,0.9904016064242844,True,9.699879090739585e-06,20260818
full_biological,58,E-Ret,AUTO_GG_G1_G3,glia_glia,0.9916014056212491,True,9.699879090739585e-06,20260818
full_biological,58,E-Ret,AUTO_GG_G2_G5,glia_glia,1.0,True,1.0,20260818
full_biological,58,E-Ret,AUTO_TRI_N0_G1_N4,tripartite,0.9928012048182133,True,9.699879090739585e-06,20260818
full_biological,58,E-Ret,AUTO_TRI_N3_G2_N5,tripartite,1.0,True,1.0,20260818
full_biological,58,E-Ret,AUTO_TRI_N3_G2_N9,tripartite,1.0,True,1.0,20260818
full_biological,59,F-Ren,AUTO_GG_G0_G1,glia_glia,0.9904016064242844,True,9.699879090739585e-06,20260818
full_biological,59,F-Ren,AUTO_GG_G1_G3,glia_glia,0.9916014056212491,True,9.699879090739585e-06,20260818
full_biological,59,F-Ren,AUTO_GG_G2_G5,glia_glia,1.0,True,1.0,20260818
full_biological,59,F-Ren,AUTO_TRI_N0_G1_N4,tripartite,0.9928012048182133,True,9.699879090739585e-06,20260818
full_biological,59,F-Ren,AUTO_TRI_N3_G2_N5,tripartite,1.0,True,1.0,20260818
full_biological,59,F-Ren,AUTO_TRI_N3_G2_N9,tripartite,1.0,True,1.0,20260818
full_biological,60,F-Ren,AUTO_GG_G0_G1,glia_glia,0.9904016064242844,True,9.699879090739585e-06,20260818
full_biological,60,F-Ren,AUTO_GG_G1_G3,glia_glia,0.9916014056212491,True,9.699879090739585e-06,20260818
full_biological,60,F-Ren,AUTO_GG_G2_G5,glia_glia,1.0,True,1.0,20260818
full_biological,60,F-Ren,AUTO_TRI_N0_G1_N4,tripartite,0.9928012048182133,True,9.699879090739585e-06,20260818
full_biological,60,F-Ren,AUTO_TRI_N3_G2_N5,tripartite,1.0,True,1.0,20260818
full_biological,60,F-Ren,AUTO_TRI_N3_G2_N9,tripartite,1.0,True,1.0,20260818
full_biological,61,F-Ren,AUTO_GG_G0_G1,glia_glia,0.9904016064242844,True,9.699879090739585e-06,20260818
full_biological,61,F-Ren,AUTO_GG_G1_G3,glia_glia,0.9916014056212491,True,9.699879090739585e-06,20260818
full_biological,61,F-Ren,AUTO_GG_G2_G5,glia_glia,1.0,True,1.0,20260818
full_biological,61,F-Ren,AUTO_TRI_N0_G1_N4,tripartite,0.9928012048182133,True,9.699879090739585e-06,20260818
full_biological,61,F-Ren,AUTO_TRI_N3_G2_N5,tripartite,1.0,True,1.0,20260818
full_biological,61,F-Ren,AUTO_TRI_N3_G2_N9,tripartite,1.0,True,1.0,20260818
full_biological,62,F-Ren,AUTO_GG_G0_G1,glia_glia,0.9904016064242844,True,9.699879090739585e-06,20260818
full_biological,62,F-Ren,AUTO_GG_G1_G3,glia_glia,0.9916014056212491,True,9.699879090739585e-06,20260818
full_biological,62,F-Ren,AUTO_GG_G2_G5,glia_glia,1.0,True,1.0,20260818
full_biological,62,F-Ren,AUTO_TRI_N0_G1_N4,tripartite,0.9928012048182133,True,9.699879090739585e-06,20260818
full_biological,62,F-Ren,AUTO_TRI_N3_G2_N5,tripartite,1.0,True,1.0,20260818
full_biological,62,F-Ren,AUTO_TRI_N3_G2_N9,tripartite,1.0,True,1.0,20260818
full_biological,63,F-Ren,AUTO_GG_G0_G1,glia_glia,0.9904016064242844,True,9.699879090739585e-06,20260818
full_biological,63,F-Ren,AUTO_GG_G1_G3,glia_glia,0.9916014056212491,True,9.699879090739585e-06,20260818
full_biological,63,F-Ren,AUTO_GG_G2_G5,glia_glia,1.0,True,1.0,20260818
full_biological,63,F-Ren,AUTO_TRI_N0_G1_N4,tripartite,0.9928012048182133,True,9.699879090739585e-06,20260818
full_biological,63,F-Ren,AUTO_TRI_N3_G2_N5,tripartite,1.0,True,1.0,20260818
full_biological,63,F-Ren,AUTO_TRI_N3_G2_N9,tripartite,1.0,True,1.0,20260818
no_retained_fear_memory,1,F-Con,AUTO_GG_G0_G1,glia_glia,0.9593537143165668,True,0.243639236436246,20260818
no_retained_fear_memory,1,F-Con,AUTO_GG_G1_G3,glia_glia,0.404086960657421,True,0.13064578932941684,20260818
no_retained_fear_memory,1,F-Con,AUTO_GG_G2_G5,glia_glia,0.0,False,0.0,20260818
no_retained_fear_memory,1,F-Con,AUTO_TRI_N0_G1_N4,tripartite,0.0,False,0.002220606289620657,20260818
no_retained_fear_memory,1,F-Con,AUTO_TRI_N3_G2_N5,tripartite,0.0,False,0.0,20260818
no_retained_fear_memory,1,F-Con,AUTO_TRI_N3_G2_N9,tripartite,0.0,False,0.0,20260818
no_retained_fear_memory,2,F-Con,AUTO_GG_G0_G1,glia_glia,1.0,True,0.41680761926038906,20260818
no_retained_fear_memory,2,F-Con,AUTO_GG_G1_G3,glia_glia,1.0,True,0.24793464773718882,20260818
no_retained_fear_memory,2,F-Con,AUTO_GG_G2_G5,glia_glia,0.0,False,0.0,20260818
no_retained_fear_memory,2,F-Con,AUTO_TRI_N0_G1_N4,tripartite,0.6563894360681201,True,0.07031074888877795,20260818
no_retained_fear_memory,2,F-Con,AUTO_TRI_N3_G2_N5,tripartite,0.0,False,0.0,20260818
no_retained_fear_memory,2,F-Con,AUTO_TRI_N3_G2_N9,tripartite,0.0,False,0.0,20260818
no_retained_fear_memory,3,F-Con,AUTO_GG_G0_G1,glia_glia,1.0,True,0.5712758655096282,20260818
no_retained_fear_memory,3,F-Con,AUTO_GG_G1_G3,glia_glia,1.0,True,0.3522382382944363,20260818
no_retained_fear_memory,3,F-Con,AUTO_GG_G2_G5,glia_glia,0.0,False,0.0,20260818
no_retained_fear_memory,3,F-Con,AUTO_TRI_N0_G1_N4,tripartite,1.0,True,0.14096051445554256,20260818
no_retained_fear_memory,3,F-Con,AUTO_TRI_N3_G2_N5,tripartite,0.0,False,0.0,20260818
no_retained_fear_memory,3,F-Con,AUTO_TRI_N3_G2_N9,tripartite,0.0,False,0.0,20260818
no_retained_fear_memory,4,Ext1,AUTO_GG_G0_G1,glia_glia,1.0,True,0.5175020443886647,20260818
no_retained_fear_memory,4,Ext1,AUTO_GG_G1_G3,glia_glia,1.0,True,0.31730265027985205,20260818
no_retained_fear_memory,4,Ext1,AUTO_GG_G2_G5,glia_glia,0.06509535473930901,False,0.1649830810994733,20260818
no_retained_fear_memory,4,Ext1,AUTO_TRI_N0_G1_N4,tripartite,1.0,True,0.13703456711620088,20260818
no_retained_fear_memory,4,Ext1,AUTO_TRI_N3_G2_N5,tripartite,0.0,False,0.004719964433221858,20260818
no_retained_fear_memory,4,Ext1,AUTO_TRI_N3_G2_N9,tripartite,0.0,False,0.004719964433221858,20260818
no_retained_fear_memory,5,Ext1,AUTO_GG_G0_G1,glia_glia,1.0,True,0.43495762156767204,20260818
no_retained_fear_memory,5,Ext1,AUTO_GG_G1_G3,glia_glia,1.0,True,0.2858511585893616,20260818
no_retained_fear_memory,5,Ext1,AUTO_GG_G2_G5,glia_glia,0.20752652874399613,True,0.31346785408899924,20260818
no_retained_fear_memory,5,Ext1,AUTO_TRI_N0_G1_N4,tripartite,1.0,True,0.1331688202227674,20260818
no_retained_fear_memory,5,Ext1,AUTO_TRI_N3_G2_N5,tripartite,0.0,False,0.005620449651202916,20260818
no_retained_fear_memory,5,Ext1,AUTO_TRI_N3_G2_N9,tripartite,0.0,False,0.005620449651202916,20260818
no_retained_fear_memory,6,Ext1,AUTO_GG_G0_G1,glia_glia,1.0,True,0.34796609725413763,20260818
no_retained_fear_memory,6,Ext1,AUTO_GG_G1_G3,glia_glia,1.0,True,0.2575356473765734,20260818
no_retained_fear_memory,6,Ext1,AUTO_GG_G2_G5,glia_glia,0.4185060170313903,True,0.44508061751179673,20260818
no_retained_fear_memory,6,Ext1,AUTO_TRI_N0_G1_N4,tripartite,1.0,True,0.12936747718795197,20260818
no_retained_fear_memory,6,Ext1,AUTO_TRI_N3_G2_N5,tripartite,0.0,False,0.008817450450784057,20260818
no_retained_fear_memory,6,Ext1,AUTO_TRI_N3_G2_N9,tripartite,0.0,False,0.008817450450784057,20260818
no_retained_fear_memory,7,Ext1,AUTO_GG_G0_G1,glia_glia,1.0,True,0.2783728778033101,20260818
no_retained_fear_memory,7,Ext1,AUTO_GG_G1_G3,glia_glia,1.0,True,0.23204281557996911,20260818
no_retained_fear_memory,7,Ext1,AUTO_GG_G2_G5,glia_glia,0.6881377268443506,True,0.5576928828408838,20260818
no_retained_fear_memory,7,Ext1,AUTO_TRI_N0_G1_N4,tripartite,1.0,True,0.125634442787605,20260818
no_retained_fear_memory,7,Ext1,AUTO_TRI_N3_G2_N5,tripartite,0.0,False,0.0186069726080006,20260818
no_retained_fear_memory,7,Ext1,AUTO_TRI_N3_G2_N9,tripartite,0.0,False,0.0186069726080006,20260818
no_retained_fear_memory,8,Ext1,AUTO_GG_G0_G1,glia_glia,1.0,True,0.22269830224264808,20260818
no_retained_fear_memory,8,Ext1,AUTO_GG_G1_G3,glia_glia,1.0,True,0.2090906942078353,20260818
no_retained_fear_memory,8,Ext1,AUTO_GG_G2_G5,glia_glia,1.0,True,0.6476757957818747,20260818
no_retained_fear_memory,8,Ext1,AUTO_TRI_N0_G1_N4,tripartite,1.0,True,0.1219733093598977,20260818
no_retained_fear_memory,8,Ext1,AUTO_TRI_N3_G2_N5,tripartite,0.0,False,0.041000440347599164,20260818
no_retained_fear_memory,8,Ext1,AUTO_TRI_N3_G2_N9,tripartite,0.0,False,0.041000440347599164,20260818
no_retained_fear_memory,9,Ext1,AUTO_GG_G0_G1,glia_glia,1.0,True,0.17815864179411847,20260818
no_retained_fear_memory,9,Ext1,AUTO_GG_G1_G3,glia_glia,1.0,True,0.17815864179411847,20260818
no_retained_fear_memory,9,Ext1,AUTO_GG_G2_G5,glia_glia,1.0,True,0.7135422343447728,20260818
no_retained_fear_memory,9,Ext1,AUTO_TRI_N0_G1_N4,tripartite,1.0,True,0.1183873460708408,20260818
no_retained_fear_memory,9,Ext1,AUTO_TRI_N3_G2_N5,tripartite,0.010133884436773048,False,0.07956378441827949,20260818
no_retained_fear_memory,9,Ext1,AUTO_TRI_N3_G2_N9,tripartite,0.010133884436773048,False,0.07956378441827949,20260818
no_retained_fear_memory,10,Ext1,AUTO_GG_G0_G1,glia_glia,1.0,True,0.14252691343529478,20260818
no_retained_fear_memory,10,Ext1,AUTO_GG_G1_G3,glia_glia,1.0,True,0.14252691343529478,20260818
no_retained_fear_memory,10,Ext1,AUTO_GG_G2_G5,glia_glia,1.0,True,0.7728452393561569,20260818
no_retained_fear_memory,10,Ext1,AUTO_TRI_N0_G1_N4,tripartite,1.0,True,0.1148352521725628,20260818
no_retained_fear_memory,10,Ext1,AUTO_TRI_N3_G2_N5,tripartite,0.030469233174460257,False,0.11435806444461172,20260818
no_retained_fear_memory,10,Ext1,AUTO_TRI_N3_G2_N9,tripartite,0.030469233174460257,False,0.11435806444461172,20260818
no_retained_fear_memory,11,Ext1,AUTO_GG_G0_G1,glia_glia,1.0,True,0.11402153074823583,20260818
no_retained_fear_memory,11,Ext1,AUTO_GG_G1_G3,glia_glia,1.0,True,0.11402153074823583,20260818
no_retained_fear_memory,11,Ext1,AUTO_GG_G2_G5,glia_glia,1.0,True,0.8262727160985934,20260818
no_retained_fear_memory,11,Ext1,AUTO_TRI_N0_G1_N4,tripartite,1.0,True,0.11127283299753239,20260818
no_retained_fear_memory,11,Ext1,AUTO_TRI_N3_G2_N5,tripartite,0.06004627466001505,False,0.1458788379239458,20260818
no_retained_fear_memory,11,Ext1,AUTO_TRI_N3_G2_N9,tripartite,0.06004627466001505,False,0.1458788379239458,20260818
no_retained_fear_memory,12,Ext1,AUTO_GG_G0_G1,glia_glia,1.0,True,0.09121722459858866,20260818
no_retained_fear_memory,12,Ext1,AUTO_GG_G1_G3,glia_glia,1.0,True,0.09121722459858866,20260818
no_retained_fear_memory,12,Ext1,AUTO_GG_G2_G5,glia_glia,1.0,True,0.8744532795454076,20260818
no_retained_fear_memory,12,Ext1,AUTO_TRI_N0_G1_N4,tripartite,1.0,True,0.09121722459858866,20260818
no_retained_fear_memory,12,Ext1,AUTO_TRI_N3_G2_N5,tripartite,0.0980464558330073,False,0.17460776078645568,20260818
no_retained_fear_memory,12,Ext1,AUTO_TRI_N3_G2_N9,tripartite,0.0980464558330073,False,0.17460776078645568,20260818
no_retained_fear_memory,13,Ext1,AUTO_GG_G0_G1,glia_glia,1.0,True,0.07297377967887093,20260818
no_retained_fear_memory,13,Ext1,AUTO_GG_G1_G3,glia_glia,1.0,True,0.07297377967887093,20260818
no_retained_fear_memory,13,Ext1,AUTO_GG_G2_G5,glia_glia,1.0,True,0.9179663113271912,20260818
no_retained_fear_memory,13,Ext1,AUTO_TRI_N0_G1_N4,tripartite,1.0,True,0.07297377967887093,20260818
no_retained_fear_memory,13,Ext1,AUTO_TRI_N3_G2_N5,tripartite,0.1437932973406087,False,0.2010294058562832,20260818
no_retained_fear_memory,13,Ext1,AUTO_TRI_N3_G2_N9,tripartite,0.1437932973406087,False,0.2010294058562832,20260818
no_retained_fear_memory,14,Ext1,AUTO_GG_G0_G1,glia_glia,1.0,True,0.05837902374309675,20260818
no_retained_fear_memory,14,Ext1,AUTO_GG_G1_G3,glia_glia,1.0,True,0.05837902374309675,20260818
no_retained_fear_memory,14,Ext1,AUTO_GG_G2_G5,glia_glia,1.0,True,0.9573513667056262,20260818
no_retained_fear_memory,14,Ext1,AUTO_TRI_N0_G1_N4,tripartite,1.0,True,0.05837902374309675,20260818
no_retained_fear_memory,14,Ext1,AUTO_TRI_N3_G2_N5,tripartite,0.19675805245179293,False,0.22564764689707476,20260818
no_retained_fear_memory,14,Ext1,AUTO_TRI_N3_G2_N9,tripartite,0.19675805245179293,False,0.22564764689707476,20260818
no_retained_fear_memory,15,Ext1,AUTO_GG_G0_G1,glia_glia,1.0,True,0.04670321899447741,20260818
no_retained_fear_memory,15,Ext1,AUTO_GG_G1_G3,glia_glia,1.0,True,0.04670321899447741,20260818
no_retained_fear_memory,15,Ext1,AUTO_GG_G2_G5,glia_glia,1.0,True,0.9931169854806743,20260818
no_retained_fear_memory,15,Ext1,AUTO_TRI_N0_G1_N4,tripartite,1.0,True,0.04670321899447741,20260818
no_retained_fear_memory,15,Ext1,AUTO_TRI_N3_G2_N5,tripartite,0.25657002300467263,False,0.24900154242142902,20260818
no_retained_fear_memory,15,Ext1,AUTO_TRI_N3_G2_N9,tripartite,0.25657002300467263,False,0.24900154242142902,20260818
no_retained_fear_memory,16,Ext1,AUTO_GG_G0_G1,glia_glia,1.0,True,0.03736257519558193,20260818
no_retained_fear_memory,16,Ext1,AUTO_GG_G1_G3,glia_glia,1.0,True,0.03736257519558193,20260818
no_retained_fear_memory,16,Ext1,AUTO_GG_G2_G5,glia_glia,1.0,True,1.0,20260818
no_retained_fear_memory,16,Ext1,AUTO_TRI_N0_G1_N4,tripartite,1.0,True,0.03736257519558193,20260818
no_retained_fear_memory,16,Ext1,AUTO_TRI_N3_G2_N5,tripartite,0.3230318004525869,True,0.2716821337955646,20260818
no_retained_fear_memory,16,Ext1,AUTO_TRI_N3_G2_N9,tripartite,0.3230318004525869,True,0.2716821337955646,20260818
no_retained_fear_memory,17,Ext1,AUTO_GG_G0_G1,glia_glia,1.0,True,0.029890060156465545,20260818
no_retained_fear_memory,17,Ext1,AUTO_GG_G1_G3,glia_glia,1.0,True,0.029890060156465545,20260818
no_retained_fear_memory,17,Ext1,AUTO_GG_G2_G5,glia_glia,1.0,True,1.0,20260818
no_retained_fear_memory,17,Ext1,AUTO_TRI_N0_G1_N4,tripartite,1.0,True,0.029890060156465545,20260818
no_retained_fear_memory,17,Ext1,AUTO_TRI_N3_G2_N5,tripartite,0.3961405169430844,True,0.29435294374437526,20260818
no_retained_fear_memory,17,Ext1,AUTO_TRI_N3_G2_N9,tripartite,0.3961405169430844,True,0.29435294374437526,20260818
no_retained_fear_memory,18,Ext1,AUTO_GG_G0_G1,glia_glia,1.0,True,0.023912048125172437,20260818
no_retained_fear_memory,18,Ext1,AUTO_GG_G1_G3,glia_glia,1.0,True,0.023912048125172437,20260818
no_retained_fear_memory,18,Ext1,AUTO_GG_G2_G5,glia_glia,1.0,True,1.0,20260818
no_retained_fear_memory,18,Ext1,AUTO_TRI_N0_G1_N4,tripartite,1.0,True,0.023912048125172437,20260818
no_retained_fear_memory,18,Ext1,AUTO_TRI_N3_G2_N5,tripartite,0.4761174304552753,True,0.31777840144336555,20260818
no_retained_fear_memory,18,Ext1,AUTO_TRI_N3_G2_N9,tripartite,0.4761174304552753,True,0.31777840144336555,20260818
no_retained_fear_memory,19,Ext1,AUTO_GG_G0_G1,glia_glia,1.0,True,0.01912963850013795,20260818
no_retained_fear_memory,19,Ext1,AUTO_GG_G1_G3,glia_glia,1.0,True,0.01912963850013795,20260818
no_retained_fear_memory,19,Ext1,AUTO_GG_G2_G5,glia_glia,1.0,True,1.0,20260818
no_retained_fear_memory,19,Ext1,AUTO_TRI_N0_G1_N4,tripartite,1.0,True,0.01912963850013795,20260818
no_retained_fear_memory,19,Ext1,AUTO_TRI_N3_G2_N5,tripartite,0.5634499431740698,True,0.34286624873731675,20260818
no_retained_fear_memory,19,Ext1,AUTO_TRI_N3_G2_N9,tripartite,0.5634499431740698,True,0.34286624873731675,20260818
no_retained_fear_memory,20,Ext1,AUTO_GG_G0_G1,glia_glia,1.0,True,0.01530371080011036,20260818
no_retained_fear_memory,20,Ext1,AUTO_GG_G1_G3,glia_glia,1.0,True,0.01530371080011036,20260818
no_retained_fear_memory,20,Ext1,AUTO_GG_G2_G5,glia_glia,1.0,True,1.0,20260818
no_retained_fear_memory,20,Ext1,AUTO_TRI_N0_G1_N4,tripartite,1.0,True,0.01530371080011036,20260818
no_retained_fear_memory,20,Ext1,AUTO_TRI_N3_G2_N5,tripartite,0.6589527217914009,True,0.37073269135553966,20260818
no_retained_fear_memory,20,Ext1,AUTO_TRI_N3_G2_N9,tripartite,0.6589527217914009,True,0.37073269135553966,20260818
no_retained_fear_memory,21,Ext1,AUTO_GG_G0_G1,glia_glia,1.0,True,0.012242968640088288,20260818
no_retained_fear_memory,21,Ext1,AUTO_GG_G1_G3,glia_glia,1.0,True,0.012242968640088288,20260818
no_retained_fear_memory,21,Ext1,AUTO_GG_G2_G5,glia_glia,1.0,True,1.0,20260818
no_retained_fear_memory,21,Ext1,AUTO_TRI_N0_G1_N4,tripartite,1.0,True,0.012242968640088288,20260818
no_retained_fear_memory,21,Ext1,AUTO_TRI_N3_G2_N5,tripartite,0.763858398907373,True,0.40280329159197614,20260818
no_retained_fear_memory,21,Ext1,AUTO_TRI_N3_G2_N9,tripartite,0.763858398907373,True,0.40280329159197614,20260818
no_retained_fear_memory,22,Ext1,AUTO_GG_G0_G1,glia_glia,1.0,True,0.00979437491207063,20260818
no_retained_fear_memory,22,Ext1,AUTO_GG_G1_G3,glia_glia,1.0,True,0.00979437491207063,20260818
no_retained_fear_memory,22,Ext1,AUTO_GG_G2_G5,glia_glia,1.0,True,1.0,20260818
no_retained_fear_memory,22,Ext1,AUTO_TRI_N0_G1_N4,tripartite,1.0,True,0.00979437491207063,20260818
no_retained_fear_memory,22,Ext1,AUTO_TRI_N3_G2_N5,tripartite,0.8799539756701181,True,0.44096884217293447,20260818
no_retained_fear_memory,22,Ext1,AUTO_TRI_N3_G2_N9,tripartite,0.8799539756701181,True,0.44096884217293447,20260818
no_retained_fear_memory,23,Ext1,AUTO_GG_G0_G1,glia_glia,1.0,True,0.007835499929656506,20260818
no_retained_fear_memory,23,Ext1,AUTO_GG_G1_G3,glia_glia,1.0,True,0.007835499929656506,20260818
no_retained_fear_memory,23,Ext1,AUTO_GG_G2_G5,glia_glia,1.0,True,1.0,20260818
no_retained_fear_memory,23,Ext1,AUTO_TRI_N0_G1_N4,tripartite,1.0,True,0.007835499929656506,20260818
no_retained_fear_memory,23,Ext1,AUTO_TRI_N3_G2_N5,tripartite,1.0,True,0.487822553419796,20260818
no_retained_fear_memory,23,Ext1,AUTO_TRI_N3_G2_N9,tripartite,1.0,True,0.487822553419796,20260818
no_retained_fear_memory,24,Ext1,AUTO_GG_G0_G1,glia_glia,1.0,True,0.006268399943725205,20260818
no_retained_fear_memory,24,Ext1,AUTO_GG_G1_G3,glia_glia,1.0,True,0.006268399943725205,20260818
no_retained_fear_memory,24,Ext1,AUTO_GG_G2_G5,glia_glia,1.0,True,1.0,20260818
no_retained_fear_memory,24,Ext1,AUTO_TRI_N0_G1_N4,tripartite,1.0,True,0.006268399943725205,20260818
no_retained_fear_memory,24,Ext1,AUTO_TRI_N3_G2_N5,tripartite,1.0,True,0.5460127641758118,20260818
no_retained_fear_memory,24,Ext1,AUTO_TRI_N3_G2_N9,tripartite,1.0,True,0.5460127641758118,20260818
no_retained_fear_memory,25,Ext1,AUTO_GG_G0_G1,glia_glia,1.0,True,0.005014719954980164,20260818
no_retained_fear_memory,25,Ext1,AUTO_GG_G1_G3,glia_glia,1.0,True,0.005014719954980164,20260818
no_retained_fear_memory,25,Ext1,AUTO_GG_G2_G5,glia_glia,1.0,True,1.0,20260818
no_retained_fear_memory,25,Ext1,AUTO_TRI_N0_G1_N4,tripartite,1.0,True,0.005014719954980164,20260818
no_retained_fear_memory,25,Ext1,AUTO_TRI_N3_G2_N5,tripartite,1.0,True,0.6048837632819097,20260818
no_retained_fear_memory,25,Ext1,AUTO_TRI_N3_G2_N9,tripartite,1.0,True,0.6048837632819097,20260818
no_retained_fear_memory,26,Ext1,AUTO_GG_G0_G1,glia_glia,0.9999209420771187,True,0.004011775963984132,20260818
no_retained_fear_memory,26,Ext1,AUTO_GG_G1_G3,glia_glia,0.9999308243174789,True,0.004011775963984132,20260818
no_retained_fear_memory,26,Ext1,AUTO_GG_G2_G5,glia_glia,1.0,True,1.0,20260818
no_retained_fear_memory,26,Ext1,AUTO_TRI_N0_G1_N4,tripartite,0.9999407065578391,True,0.004011775963984132,20260818
no_retained_fear_memory,26,Ext1,AUTO_TRI_N3_G2_N5,tripartite,1.0,True,0.6645919819192015,20260818
no_retained_fear_memory,26,Ext1,AUTO_TRI_N3_G2_N9,tripartite,1.0,True,0.6645919819192015,20260818
no_retained_fear_memory,27,Ext1,AUTO_GG_G0_G1,glia_glia,0.9997776957388137,True,0.0032094207711873056,20260818
no_retained_fear_memory,27,Ext1,AUTO_GG_G1_G3,glia_glia,0.9998054837714621,True,0.0032094207711873056,20260818
no_retained_fear_memory,27,Ext1,AUTO_GG_G2_G5,glia_glia,1.0,True,1.0,20260818
no_retained_fear_memory,27,Ext1,AUTO_TRI_N0_G1_N4,tripartite,0.9998332718041103,True,0.0032094207711873056,20260818
no_retained_fear_memory,27,Ext1,AUTO_TRI_N3_G2_N5,tripartite,1.0,True,0.7252739835859626,20260818
no_retained_fear_memory,27,Ext1,AUTO_TRI_N3_G2_N9,tripartite,1.0,True,0.7252739835859626,20260818
no_retained_fear_memory,28,Ext1,AUTO_GG_G0_G1,glia_glia,0.9995830986681696,True,0.0025675366169498445,20260818
no_retained_fear_memory,28,Ext1,AUTO_GG_G1_G3,glia_glia,0.9996352113346485,True,0.0025675366169498445,20260818
no_retained_fear_memory,28,Ext1,AUTO_GG_G2_G5,glia_glia,1.0,True,1.0,20260818
no_retained_fear_memory,28,Ext1,AUTO_TRI_N0_G1_N4,tripartite,0.9996873240011273,True,0.0025675366169498445,20260818
no_retained_fear_memory,28,Ext1,AUTO_TRI_N3_G2_N5,tripartite,1.0,True,0.787045337551187,20260818
no_retained_fear_memory,28,Ext1,AUTO_TRI_N3_G2_N9,tripartite,1.0,True,0.787045337551187,20260818
no_retained_fear_memory,29,Ext2,AUTO_GG_G0_G1,glia_glia,0.9993474210116544,True,0.002054029293559876,20260818
no_retained_fear_memory,29,Ext2,AUTO_GG_G1_G3,glia_glia,0.9994289933851976,True,0.002054029293559876,20260818
no_retained_fear_memory,29,Ext2,AUTO_GG_G2_G5,glia_glia,1.0,True,1.0,20260818
no_retained_fear_memory,29,Ext2,AUTO_TRI_N0_G1_N4,tripartite,0.9995105657587409,True,0.002054029293559876,20260818
no_retained_fear_memory,29,Ext2,AUTO_TRI_N3_G2_N5,tripartite,1.0,True,0.8499988147901262,20260818
no_retained_fear_memory,29,Ext2,AUTO_TRI_N3_G2_N9,tripartite,1.0,True,0.8499988147901262,20260818
no_retained_fear_memory,30,Ext2,AUTO_GG_G0_G1,glia_glia,0.9990788788864422,True,0.0016432234348479008,20260818
no_retained_fear_memory,30,Ext2,AUTO_GG_G1_G3,glia_glia,0.999194019025637,True,0.0016432234348479008,20260818
no_retained_fear_memory,30,Ext2,AUTO_GG_G2_G5,glia_glia,1.0,True,1.0,20260818
no_retained_fear_memory,30,Ext2,AUTO_TRI_N0_G1_N4,tripartite,0.9993091591648318,True,0.0016432234348479008,20260818
no_retained_fear_memory,30,Ext2,AUTO_TRI_N3_G2_N5,tripartite,1.0,True,0.9142020280017559,20260818
no_retained_fear_memory,30,Ext2,AUTO_TRI_N3_G2_N9,tripartite,1.0,True,0.9142020280017559,20260818
no_retained_fear_memory,31,Ext2,AUTO_GG_G0_G1,glia_glia,0.9987840451862725,True,0.0013145787478783207,20260818
no_retained_fear_memory,31,Ext2,AUTO_GG_G1_G3,glia_glia,0.9989360395379885,True,0.0013145787478783207,20260818
no_retained_fear_memory,31,Ext2,AUTO_GG_G2_G5,glia_glia,1.0,True,1.0,20260818
no_retained_fear_memory,31,Ext2,AUTO_TRI_N0_G1_N4,tripartite,0.9990880338897045,True,0.0013145787478783207,20260818
no_retained_fear_memory,31,Ext2,AUTO_TRI_N3_G2_N5,tripartite,1.0,True,0.979694668099421,20260818
no_retained_fear_memory,31,Ext2,AUTO_TRI_N3_G2_N9,tripartite,1.0,True,0.979694668099421,20260818
no_retained_fear_memory,32,Ext2,AUTO_GG_G0_G1,glia_glia,0.9984681782261368,True,0.0010516629983026566,20260818
no_retained_fear_memory,32,Ext2,AUTO_GG_G1_G3,glia_glia,0.9986596559478697,True,0.0010516629983026566,20260818
no_retained_fear_memory,32,Ext2,AUTO_GG_G2_G5,glia_glia,1.0,True,1.0,20260818
no_retained_fear_memory,32,Ext2,AUTO_TRI_N0_G1_N4,tripartite,0.9988511336696027,True,0.0010516629983026566,20260818
no_retained_fear_memory,32,Ext2,AUTO_TRI_N3_G2_N5,tripartite,1.0,True,1.0,20260818
no_retained_fear_memory,32,Ext2,AUTO_TRI_N3_G2_N9,tripartite,1.0,True,1.0,20260818
no_retained_fear_memory,33,Ext2,AUTO_GG_G0_G1,glia_glia,0.9981354846580281,True,0.0008413303986421253,20260818
no_retained_fear_memory,33,Ext2,AUTO_GG_G1_G3,glia_glia,0.9983685490757745,True,0.0008413303986421253,20260818
no_retained_fear_memory,33,Ext2,AUTO_GG_G2_G5,glia_glia,1.0,True,1.0,20260818
no_retained_fear_memory,33,Ext2,AUTO_TRI_N0_G1_N4,tripartite,0.9986016134935212,True,0.0008413303986421253,20260818
no_retained_fear_memory,33,Ext2,AUTO_TRI_N3_G2_N5,tripartite,1.0,True,1.0,20260818
no_retained_fear_memory,33,Ext2,AUTO_TRI_N3_G2_N9,tripartite,1.0,True,1.0,20260818
no_retained_fear_memory,34,Ext2,AUTO_GG_G0_G1,glia_glia,0.9977893298035413,True,0.0006730643189137003,20260818
no_retained_fear_memory,34,Ext2,AUTO_GG_G1_G3,glia_glia,0.9980656635780986,True,0.0006730643189137003,20260818
no_retained_fear_memory,34,Ext2,AUTO_GG_G2_G5,glia_glia,1.0,True,1.0,20260818
no_retained_fear_memory,34,Ext2,AUTO_TRI_N0_G1_N4,tripartite,0.9983419973526559,True,0.0006730643189137003,20260818
no_retained_fear_memory,34,Ext2,AUTO_TRI_N3_G2_N5,tripartite,1.0,True,1.0,20260818
no_retained_fear_memory,34,Ext2,AUTO_TRI_N3_G2_N9,tripartite,1.0,True,1.0,20260818
no_retained_fear_memory,35,Ext2,AUTO_GG_G0_G1,glia_glia,0.9974324059199517,True,0.0005384514551309603,20260818
no_retained_fear_memory,35,Ext2,AUTO_GG_G1_G3,glia_glia,0.9977533551799578,True,0.0005384514551309603,20260818
no_retained_fear_memory,35,Ext2,AUTO_GG_G2_G5,glia_glia,1.0,True,1.0,20260818
no_retained_fear_memory,35,Ext2,AUTO_TRI_N0_G1_N4,tripartite,0.9980743044399638,True,0.0005384514551309603,20260818
no_retained_fear_memory,35,Ext2,AUTO_TRI_N3_G2_N5,tripartite,1.0,True,1.0,20260818
no_retained_fear_memory,35,Ext2,AUTO_TRI_N3_G2_N9,tripartite,1.0,True,1.0,20260818
no_retained_fear_memory,36,Ext2,AUTO_GG_G0_G1,glia_glia,0.9970668668130801,True,0.00043076116410476823,20260818
no_retained_fear_memory,36,Ext2,AUTO_GG_G1_G3,glia_glia,0.9974335084614451,True,0.00043076116410476823,20260818
no_retained_fear_memory,36,Ext2,AUTO_GG_G2_G5,glia_glia,1.0,True,1.0,20260818
no_retained_fear_memory,36,Ext2,AUTO_TRI_N0_G1_N4,tripartite,0.99780015010981,True,0.00043076116410476823,20260818
no_retained_fear_memory,36,Ext2,AUTO_TRI_N3_G2_N5,tripartite,1.0,True,1.0,20260818
no_retained_fear_memory,36,Ext2,AUTO_TRI_N3_G2_N9,tripartite,1.0,True,1.0,20260818
no_retained_fear_memory,37,Ext2,AUTO_GG_G0_G1,glia_glia,0.9966944355275829,True,0.0003446089312838146,20260818
no_retained_fear_memory,37,Ext2,AUTO_GG_G1_G3,glia_glia,0.9971076310866349,True,0.0003446089312838146,20260818
no_retained_fear_memory,37,Ext2,AUTO_GG_G2_G5,glia_glia,1.0,True,1.0,20260818
no_retained_fear_memory,37,Ext2,AUTO_TRI_N0_G1_N4,tripartite,0.9975208266456871,True,0.0003446089312838146,20260818
no_retained_fear_memory,37,Ext2,AUTO_TRI_N3_G2_N5,tripartite,1.0,True,1.0,20260818
no_retained_fear_memory,37,Ext2,AUTO_TRI_N3_G2_N9,tripartite,1.0,True,1.0,20260818
no_retained_fear_memory,38,Ext2,AUTO_GG_G0_G1,glia_glia,0.996316490499185,True,0.00027568714502705167,20260818
no_retained_fear_memory,38,Ext2,AUTO_GG_G1_G3,glia_glia,0.9967769291867868,True,0.00027568714502705167,20260818
no_retained_fear_memory,38,Ext2,AUTO_GG_G2_G5,glia_glia,1.0,True,1.0,20260818
no_retained_fear_memory,38,Ext2,AUTO_TRI_N0_G1_N4,tripartite,0.9972373678743887,True,0.00027568714502705167,20260818
no_retained_fear_memory,38,Ext2,AUTO_TRI_N3_G2_N5,tripartite,1.0,True,1.0,20260818
no_retained_fear_memory,38,Ext2,AUTO_TRI_N3_G2_N9,tripartite,1.0,True,1.0,20260818
no_retained_fear_memory,39,Ext2,AUTO_GG_G0_G1,glia_glia,0.9959341344764667,True,0.00022054971602164134,20260818
no_retained_fear_memory,39,Ext2,AUTO_GG_G1_G3,glia_glia,0.9964423676669083,True,0.00022054971602164134,20260818
no_retained_fear_memory,39,Ext2,AUTO_GG_G2_G5,glia_glia,1.0,True,1.0,20260818
no_retained_fear_memory,39,Ext2,AUTO_TRI_N0_G1_N4,tripartite,0.99695060085735,True,0.00022054971602164134,20260818
no_retained_fear_memory,39,Ext2,AUTO_TRI_N3_G2_N5,tripartite,1.0,True,1.0,20260818
no_retained_fear_memory,39,Ext2,AUTO_TRI_N3_G2_N9,tripartite,1.0,True,1.0,20260818
no_retained_fear_memory,40,Ext2,AUTO_GG_G0_G1,glia_glia,0.9955482496582921,True,0.0001764397728173131,20260818
no_retained_fear_memory,40,Ext2,AUTO_GG_G1_G3,glia_glia,0.9961047184510056,True,0.0001764397728173131,20260818
no_retained_fear_memory,40,Ext2,AUTO_GG_G2_G5,glia_glia,1.0,True,1.0,20260818
no_retained_fear_memory,40,Ext2,AUTO_TRI_N0_G1_N4,tripartite,0.996661187243719,True,0.0001764397728173131,20260818
no_retained_fear_memory,40,Ext2,AUTO_TRI_N3_G2_N5,tripartite,1.0,True,1.0,20260818
no_retained_fear_memory,40,Ext2,AUTO_TRI_N3_G2_N9,tripartite,1.0,True,1.0,20260818
no_retained_fear_memory,41,Ext2,AUTO_GG_G0_G1,glia_glia,0.9951595418037524,True,0.00014115181825385048,20260818
no_retained_fear_memory,41,Ext2,AUTO_GG_G1_G3,glia_glia,0.9957645990782833,True,0.00014115181825385048,20260818
no_retained_fear_memory,41,Ext2,AUTO_GG_G2_G5,glia_glia,1.0,True,1.0,20260818
no_retained_fear_memory,41,Ext2,AUTO_TRI_N0_G1_N4,tripartite,0.9963696563528143,True,0.00014115181825385048,20260818
no_retained_fear_memory,41,Ext2,AUTO_TRI_N3_G2_N5,tripartite,1.0,True,1.0,20260818
no_retained_fear_memory,41,Ext2,AUTO_TRI_N3_G2_N9,tripartite,1.0,True,1.0,20260818
no_retained_fear_memory,42,Ext2,AUTO_GG_G0_G1,glia_glia,0.9947685755201207,True,0.00011292145460308038,20260818
no_retained_fear_memory,42,Ext2,AUTO_GG_G1_G3,glia_glia,0.9954225035801055,True,0.00011292145460308038,20260818
no_retained_fear_memory,42,Ext2,AUTO_GG_G2_G5,glia_glia,1.0,True,1.0,20260818
no_retained_fear_memory,42,Ext2,AUTO_TRI_N0_G1_N4,tripartite,0.9960764316400904,True,0.00011292145460308038,20260818
no_retained_fear_memory,42,Ext2,AUTO_TRI_N3_G2_N5,tripartite,1.0,True,1.0,20260818
no_retained_fear_memory,42,Ext2,AUTO_TRI_N3_G2_N9,tripartite,1.0,True,1.0,20260818
no_retained_fear_memory,43,Ext2,AUTO_GG_G0_G1,glia_glia,0.9943758024932152,True,9.033716368246431e-05,20260818
no_retained_fear_memory,43,Ext2,AUTO_GG_G1_G3,glia_glia,0.9950788271815633,True,9.033716368246431e-05,20260818
no_retained_fear_memory,43,Ext2,AUTO_GG_G2_G5,glia_glia,1.0,True,1.0,20260818
no_retained_fear_memory,43,Ext2,AUTO_TRI_N0_G1_N4,tripartite,0.9957818518699113,True,9.033716368246431e-05,20260818
no_retained_fear_memory,43,Ext2,AUTO_TRI_N3_G2_N5,tripartite,1.0,True,1.0,20260818
no_retained_fear_memory,43,Ext2,AUTO_TRI_N3_G2_N9,tripartite,1.0,True,1.0,20260818
no_retained_fear_memory,44,Ext2,AUTO_GG_G0_G1,glia_glia,0.9939815840716909,True,7.226973094597146e-05,20260818
no_retained_fear_memory,44,Ext2,AUTO_GG_G1_G3,glia_glia,0.9947338860627295,True,7.226973094597146e-05,20260818
no_retained_fear_memory,44,Ext2,AUTO_GG_G2_G5,glia_glia,1.0,True,1.0,20260818
no_retained_fear_memory,44,Ext2,AUTO_TRI_N0_G1_N4,tripartite,0.9954861880537681,True,7.226973094597146e-05,20260818
no_retained_fear_memory,44,Ext2,AUTO_TRI_N3_G2_N5,tripartite,1.0,True,1.0,20260818
no_retained_fear_memory,44,Ext2,AUTO_TRI_N3_G2_N9,tripartite,1.0,True,1.0,20260818
no_retained_fear_memory,45,Ext2,AUTO_GG_G0_G1,glia_glia,0.9935862093344714,True,5.781578475677717e-05,20260818
no_retained_fear_memory,45,Ext2,AUTO_GG_G1_G3,glia_glia,0.9943879331676625,True,5.781578475677717e-05,20260818
no_retained_fear_memory,45,Ext2,AUTO_GG_G2_G5,glia_glia,1.0,True,1.0,20260818
no_retained_fear_memory,45,Ext2,AUTO_TRI_N0_G1_N4,tripartite,0.9951896570008535,True,5.781578475677717e-05,20260818
no_retained_fear_memory,45,Ext2,AUTO_TRI_N3_G2_N5,tripartite,1.0,True,1.0,20260818
no_retained_fear_memory,45,Ext2,AUTO_TRI_N3_G2_N9,tripartite,1.0,True,1.0,20260818
no_retained_fear_memory,46,Ext2,AUTO_GG_G0_G1,glia_glia,0.9931899095446959,True,4.6252627805421734e-05,20260818
no_retained_fear_memory,46,Ext2,AUTO_GG_G1_G3,glia_glia,0.9940411708516089,True,4.6252627805421734e-05,20260818
no_retained_fear_memory,46,Ext2,AUTO_GG_G2_G5,glia_glia,1.0,True,1.0,20260818
no_retained_fear_memory,46,Ext2,AUTO_TRI_N0_G1_N4,tripartite,0.9948924321585219,True,4.6252627805421734e-05,20260818
no_retained_fear_memory,46,Ext2,AUTO_TRI_N3_G2_N5,tripartite,1.0,True,1.0,20260818
no_retained_fear_memory,46,Ext2,AUTO_TRI_N3_G2_N9,tripartite,1.0,True,1.0,20260818
no_retained_fear_memory,47,Ext2,AUTO_GG_G0_G1,glia_glia,0.9927928697128754,True,3.700210224433739e-05,20260818
no_retained_fear_memory,47,Ext2,AUTO_GG_G1_G3,glia_glia,0.993693760998766,True,3.700210224433739e-05,20260818
no_retained_fear_memory,47,Ext2,AUTO_GG_G2_G5,glia_glia,1.0,True,1.0,20260818
no_retained_fear_memory,47,Ext2,AUTO_TRI_N0_G1_N4,tripartite,0.9945946522846565,True,3.700210224433739e-05,20260818
no_retained_fear_memory,47,Ext2,AUTO_TRI_N3_G2_N5,tripartite,1.0,True,1.0,20260818
no_retained_fear_memory,47,Ext2,AUTO_TRI_N3_G2_N9,tripartite,1.0,True,1.0,20260818
no_retained_fear_memory,48,Ext2,AUTO_GG_G0_G1,glia_glia,0.992395237847419,True,2.960168179546991e-05,20260818
no_retained_fear_memory,48,Ext2,AUTO_GG_G1_G3,glia_glia,0.9933458331164917,True,2.960168179546991e-05,20260818
no_retained_fear_memory,48,Ext2,AUTO_GG_G2_G5,glia_glia,1.0,True,1.0,20260818
no_retained_fear_memory,48,Ext2,AUTO_TRI_N0_G1_N4,tripartite,0.9942964283855642,True,2.960168179546991e-05,20260818
no_retained_fear_memory,48,Ext2,AUTO_TRI_N3_G2_N5,tripartite,1.0,True,1.0,20260818
no_retained_fear_memory,48,Ext2,AUTO_TRI_N3_G2_N9,tripartite,1.0,True,1.0,20260818
no_retained_fear_memory,49,Ext2,AUTO_GG_G0_G1,glia_glia,0.9919971323550539,True,2.368134543637593e-05,20260818
no_retained_fear_memory,49,Ext2,AUTO_GG_G1_G3,glia_glia,0.9929974908106722,True,2.368134543637593e-05,20260818
no_retained_fear_memory,49,Ext2,AUTO_GG_G2_G5,glia_glia,1.0,True,1.0,20260818
no_retained_fear_memory,49,Ext2,AUTO_TRI_N0_G1_N4,tripartite,0.9939978492662904,True,2.368134543637593e-05,20260818
no_retained_fear_memory,49,Ext2,AUTO_TRI_N3_G2_N5,tripartite,1.0,True,1.0,20260818
no_retained_fear_memory,49,Ext2,AUTO_TRI_N3_G2_N9,tripartite,1.0,True,1.0,20260818
no_retained_fear_memory,50,Ext2,AUTO_GG_G0_G1,glia_glia,0.9915986479611618,True,1.8945076349100747e-05,20260818
no_retained_fear_memory,50,Ext2,AUTO_GG_G1_G3,glia_glia,0.9926488169660167,True,1.8945076349100747e-05,20260818
no_retained_fear_memory,50,Ext2,AUTO_GG_G2_G5,glia_glia,1.0,True,1.0,20260818
no_retained_fear_memory,50,Ext2,AUTO_TRI_N0_G1_N4,tripartite,0.9936989859708714,True,1.8945076349100747e-05,20260818
no_retained_fear_memory,50,Ext2,AUTO_TRI_N3_G2_N5,tripartite,1.0,True,1.0,20260818
no_retained_fear_memory,50,Ext2,AUTO_TRI_N3_G2_N9,tripartite,1.0,True,1.0,20260818
no_retained_fear_memory,51,Ext2,AUTO_GG_G0_G1,glia_glia,0.9911998604460481,True,1.5156061079280599e-05,20260818
no_retained_fear_memory,51,Ext2,AUTO_GG_G1_G3,glia_glia,0.9922998778902923,True,1.5156061079280599e-05,20260818
no_retained_fear_memory,51,Ext2,AUTO_GG_G2_G5,glia_glia,1.0,True,1.0,20260818
no_retained_fear_memory,51,Ext2,AUTO_TRI_N0_G1_N4,tripartite,0.9933998953345361,True,1.5156061079280599e-05,20260818
no_retained_fear_memory,51,Ext2,AUTO_TRI_N3_G2_N5,tripartite,1.0,True,1.0,20260818
no_retained_fear_memory,51,Ext2,AUTO_TRI_N3_G2_N9,tripartite,1.0,True,1.0,20260818
no_retained_fear_memory,52,Ext2,AUTO_GG_G0_G1,glia_glia,0.9908008304339572,True,1.2124848863424479e-05,20260818
no_retained_fear_memory,52,Ext2,AUTO_GG_G1_G3,glia_glia,0.9919507266297127,True,1.2124848863424479e-05,20260818
no_retained_fear_memory,52,Ext2,AUTO_GG_G2_G5,glia_glia,1.0,True,1.0,20260818
no_retained_fear_memory,52,Ext2,AUTO_TRI_N0_G1_N4,tripartite,0.9931006228254678,True,1.2124848863424479e-05,20260818
no_retained_fear_memory,52,Ext2,AUTO_TRI_N3_G2_N5,tripartite,1.0,True,1.0,20260818
no_retained_fear_memory,52,Ext2,AUTO_TRI_N3_G2_N9,tripartite,1.0,True,1.0,20260818
no_retained_fear_memory,53,Ext2,AUTO_GG_G0_G1,glia_glia,0.9904016064242844,True,9.699879090739585e-06,20260818
no_retained_fear_memory,53,Ext2,AUTO_GG_G1_G3,glia_glia,0.9916014056212491,True,9.699879090739585e-06,20260818
no_retained_fear_memory,53,Ext2,AUTO_GG_G2_G5,glia_glia,1.0,True,1.0,20260818
no_retained_fear_memory,53,Ext2,AUTO_TRI_N0_G1_N4,tripartite,0.9928012048182133,True,9.699879090739585e-06,20260818
no_retained_fear_memory,53,Ext2,AUTO_TRI_N3_G2_N5,tripartite,1.0,True,1.0,20260818
no_retained_fear_memory,53,Ext2,AUTO_TRI_N3_G2_N9,tripartite,1.0,True,1.0,20260818
no_retained_fear_memory,54,E-Ret,AUTO_GG_G0_G1,glia_glia,0.9904016064242844,True,9.699879090739585e-06,20260818
no_retained_fear_memory,54,E-Ret,AUTO_GG_G1_G3,glia_glia,0.9916014056212491,True,9.699879090739585e-06,20260818
no_retained_fear_memory,54,E-Ret,AUTO_GG_G2_G5,glia_glia,1.0,True,1.0,20260818
no_retained_fear_memory,54,E-Ret,AUTO_TRI_N0_G1_N4,tripartite,0.9928012048182133,True,9.699879090739585e-06,20260818
no_retained_fear_memory,54,E-Ret,AUTO_TRI_N3_G2_N5,tripartite,1.0,True,1.0,20260818
no_retained_fear_memory,54,E-Ret,AUTO_TRI_N3_G2_N9,tripartite,1.0,True,1.0,20260818
no_retained_fear_memory,55,E-Ret,AUTO_GG_G0_G1,glia_glia,0.9904016064242844,True,9.699879090739585e-06,20260818
no_retained_fear_memory,55,E-Ret,AUTO_GG_G1_G3,glia_glia,0.9916014056212491,True,9.699879090739585e-06,20260818
no_retained_fear_memory,55,E-Ret,AUTO_GG_G2_G5,glia_glia,1.0,True,1.0,20260818
no_retained_fear_memory,55,E-Ret,AUTO_TRI_N0_G1_N4,tripartite,0.9928012048182133,True,9.699879090739585e-06,20260818
no_retained_fear_memory,55,E-Ret,AUTO_TRI_N3_G2_N5,tripartite,1.0,True,1.0,20260818
no_retained_fear_memory,55,E-Ret,AUTO_TRI_N3_G2_N9,tripartite,1.0,True,1.0,20260818
no_retained_fear_memory,56,E-Ret,AUTO_GG_G0_G1,glia_glia,0.9904016064242844,True,9.699879090739585e-06,20260818
no_retained_fear_memory,56,E-Ret,AUTO_GG_G1_G3,glia_glia,0.9916014056212491,True,9.699879090739585e-06,20260818
no_retained_fear_memory,56,E-Ret,AUTO_GG_G2_G5,glia_glia,1.0,True,1.0,20260818
no_retained_fear_memory,56,E-Ret,AUTO_TRI_N0_G1_N4,tripartite,0.9928012048182133,True,9.699879090739585e-06,20260818
no_retained_fear_memory,56,E-Ret,AUTO_TRI_N3_G2_N5,tripartite,1.0,True,1.0,20260818
no_retained_fear_memory,56,E-Ret,AUTO_TRI_N3_G2_N9,tripartite,1.0,True,1.0,20260818
no_retained_fear_memory,57,E-Ret,AUTO_GG_G0_G1,glia_glia,0.9904016064242844,True,9.699879090739585e-06,20260818
no_retained_fear_memory,57,E-Ret,AUTO_GG_G1_G3,glia_glia,0.9916014056212491,True,9.699879090739585e-06,20260818
no_retained_fear_memory,57,E-Ret,AUTO_GG_G2_G5,glia_glia,1.0,True,1.0,20260818
no_retained_fear_memory,57,E-Ret,AUTO_TRI_N0_G1_N4,tripartite,0.9928012048182133,True,9.699879090739585e-06,20260818
no_retained_fear_memory,57,E-Ret,AUTO_TRI_N3_G2_N5,tripartite,1.0,True,1.0,20260818
no_retained_fear_memory,57,E-Ret,AUTO_TRI_N3_G2_N9,tripartite,1.0,True,1.0,20260818
no_retained_fear_memory,58,E-Ret,AUTO_GG_G0_G1,glia_glia,0.9904016064242844,True,9.699879090739585e-06,20260818
no_retained_fear_memory,58,E-Ret,AUTO_GG_G1_G3,glia_glia,0.9916014056212491,True,9.699879090739585e-06,20260818
no_retained_fear_memory,58,E-Ret,AUTO_GG_G2_G5,glia_glia,1.0,True,1.0,20260818
no_retained_fear_memory,58,E-Ret,AUTO_TRI_N0_G1_N4,tripartite,0.9928012048182133,True,9.699879090739585e-06,20260818
no_retained_fear_memory,58,E-Ret,AUTO_TRI_N3_G2_N5,tripartite,1.0,True,1.0,20260818
no_retained_fear_memory,58,E-Ret,AUTO_TRI_N3_G2_N9,tripartite,1.0,True,1.0,20260818
no_retained_fear_memory,59,F-Ren,AUTO_GG_G0_G1,glia_glia,0.9904016064242844,True,9.699879090739585e-06,20260818
no_retained_fear_memory,59,F-Ren,AUTO_GG_G1_G3,glia_glia,0.9916014056212491,True,9.699879090739585e-06,20260818
no_retained_fear_memory,59,F-Ren,AUTO_GG_G2_G5,glia_glia,1.0,True,1.0,20260818
no_retained_fear_memory,59,F-Ren,AUTO_TRI_N0_G1_N4,tripartite,0.9928012048182133,True,9.699879090739585e-06,20260818
no_retained_fear_memory,59,F-Ren,AUTO_TRI_N3_G2_N5,tripartite,1.0,True,1.0,20260818
no_retained_fear_memory,59,F-Ren,AUTO_TRI_N3_G2_N9,tripartite,1.0,True,1.0,20260818
no_retained_fear_memory,60,F-Ren,AUTO_GG_G0_G1,glia_glia,0.9904016064242844,True,9.699879090739585e-06,20260818
no_retained_fear_memory,60,F-Ren,AUTO_GG_G1_G3,glia_glia,0.9916014056212491,True,9.699879090739585e-06,20260818
no_retained_fear_memory,60,F-Ren,AUTO_GG_G2_G5,glia_glia,1.0,True,1.0,20260818
no_retained_fear_memory,60,F-Ren,AUTO_TRI_N0_G1_N4,tripartite,0.9928012048182133,True,9.699879090739585e-06,20260818
no_retained_fear_memory,60,F-Ren,AUTO_TRI_N3_G2_N5,tripartite,1.0,True,1.0,20260818
no_retained_fear_memory,60,F-Ren,AUTO_TRI_N3_G2_N9,tripartite,1.0,True,1.0,20260818
no_retained_fear_memory,61,F-Ren,AUTO_GG_G0_G1,glia_glia,0.9904016064242844,True,9.699879090739585e-06,20260818
no_retained_fear_memory,61,F-Ren,AUTO_GG_G1_G3,glia_glia,0.9916014056212491,True,9.699879090739585e-06,20260818
no_retained_fear_memory,61,F-Ren,AUTO_GG_G2_G5,glia_glia,1.0,True,1.0,20260818
no_retained_fear_memory,61,F-Ren,AUTO_TRI_N0_G1_N4,tripartite,0.9928012048182133,True,9.699879090739585e-06,20260818
no_retained_fear_memory,61,F-Ren,AUTO_TRI_N3_G2_N5,tripartite,1.0,True,1.0,20260818
no_retained_fear_memory,61,F-Ren,AUTO_TRI_N3_G2_N9,tripartite,1.0,True,1.0,20260818
no_retained_fear_memory,62,F-Ren,AUTO_GG_G0_G1,glia_glia,0.9904016064242844,True,9.699879090739585e-06,20260818
no_retained_fear_memory,62,F-Ren,AUTO_GG_G1_G3,glia_glia,0.9916014056212491,True,9.699879090739585e-06,20260818
no_retained_fear_memory,62,F-Ren,AUTO_GG_G2_G5,glia_glia,1.0,True,1.0,20260818
no_retained_fear_memory,62,F-Ren,AUTO_TRI_N0_G1_N4,tripartite,0.9928012048182133,True,9.699879090739585e-06,20260818
no_retained_fear_memory,62,F-Ren,AUTO_TRI_N3_G2_N5,tripartite,1.0,True,1.0,20260818
no_retained_fear_memory,62,F-Ren,AUTO_TRI_N3_G2_N9,tripartite,1.0,True,1.0,20260818
no_retained_fear_memory,63,F-Ren,AUTO_GG_G0_G1,glia_glia,0.9904016064242844,True,9.699879090739585e-06,20260818
no_retained_fear_memory,63,F-Ren,AUTO_GG_G1_G3,glia_glia,0.9916014056212491,True,9.699879090739585e-06,20260818
no_retained_fear_memory,63,F-Ren,AUTO_GG_G2_G5,glia_glia,1.0,True,1.0,20260818
no_retained_fear_memory,63,F-Ren,AUTO_TRI_N0_G1_N4,tripartite,0.9928012048182133,True,9.699879090739585e-06,20260818
no_retained_fear_memory,63,F-Ren,AUTO_TRI_N3_G2_N5,tripartite,1.0,True,1.0,20260818
no_retained_fear_memory,63,F-Ren,AUTO_TRI_N3_G2_N9,tripartite,1.0,True,1.0,20260818
no_context_reinstatement,1,F-Con,AUTO_GG_G0_G1,glia_glia,0.9593537143165668,True,0.243639236436246,20260818
no_context_reinstatement,1,F-Con,AUTO_GG_G2_G5,glia_glia,0.0,False,0.0,20260818
no_context_reinstatement,1,F-Con,AUTO_TRI_N0_G1_N4,tripartite,0.0,False,0.002220606289620657,20260818
no_context_reinstatement,1,F-Con,AUTO_TRI_N3_G2_N5,tripartite,0.0,False,0.0,20260818
no_context_reinstatement,1,F-Con,AUTO_TRI_N3_G2_N9,tripartite,0.0,False,0.0,20260818
no_context_reinstatement,2,F-Con,AUTO_GG_G0_G1,glia_glia,1.0,True,0.41665796245549014,20260818
no_context_reinstatement,2,F-Con,AUTO_GG_G2_G5,glia_glia,0.0,False,0.0,20260818
no_context_reinstatement,2,F-Con,AUTO_TRI_N0_G1_N4,tripartite,0.6486806466878341,True,0.0695437243454395,20260818
no_context_reinstatement,2,F-Con,AUTO_TRI_N3_G2_N5,tripartite,0.0,False,0.0,20260818
no_context_reinstatement,2,F-Con,AUTO_TRI_N3_G2_N9,tripartite,0.0,False,0.0,20260818
no_context_reinstatement,3,F-Con,AUTO_GG_G0_G1,glia_glia,1.0,True,0.5789106170665866,20260818
no_context_reinstatement,3,F-Con,AUTO_GG_G2_G5,glia_glia,0.0,False,0.0,20260818
no_context_reinstatement,3,F-Con,AUTO_TRI_N0_G1_N4,tripartite,1.0,True,0.16887590862989102,20260818
no_context_reinstatement,3,F-Con,AUTO_TRI_N3_G2_N5,tripartite,0.0,False,0.0,20260818
no_context_reinstatement,3,F-Con,AUTO_TRI_N3_G2_N9,tripartite,0.0,False,0.0,20260818
no_context_reinstatement,4,Ext1,AUTO_GG_G0_G1,glia_glia,1.0,True,0.54369702695959,20260818
no_context_reinstatement,4,Ext1,AUTO_GG_G2_G5,glia_glia,0.06509535473930901,False,0.1649830810994733,20260818
no_context_reinstatement,4,Ext1,AUTO_TRI_N0_G1_N4,tripartite,1.0,True,0.23723468157945288,20260818
no_context_reinstatement,4,Ext1,AUTO_TRI_N3_G2_N5,tripartite,0.0,False,0.004719964433221858,20260818
no_context_reinstatement,4,Ext1,AUTO_TRI_N3_G2_N9,tripartite,0.0,False,0.004719964433221858,20260818
no_context_reinstatement,5,Ext1,AUTO_GG_G0_G1,glia_glia,1.0,True,0.43495762156767204,20260818
no_context_reinstatement,5,Ext1,AUTO_GG_G2_G5,glia_glia,0.20752652874399613,True,0.31346785408899924,20260818
no_context_reinstatement,5,Ext1,AUTO_TRI_N0_G1_N4,tripartite,1.0,True,0.3049595439894273,20260818
no_context_reinstatement,5,Ext1,AUTO_TRI_N3_G2_N5,tripartite,0.0,False,0.005620449651202916,20260818
no_context_reinstatement,5,Ext1,AUTO_TRI_N3_G2_N9,tripartite,0.0,False,0.005620449651202916,20260818
no_context_reinstatement,6,Ext1,AUTO_GG_G0_G1,glia_glia,1.0,True,0.34796609725413763,20260818
no_context_reinstatement,6,Ext1,AUTO_GG_G2_G5,glia_glia,0.4185060170313903,True,0.44508061751179673,20260818
no_context_reinstatement,6,Ext1,AUTO_TRI_N0_G1_N4,tripartite,1.0,True,0.34796609725413763,20260818
no_context_reinstatement,6,Ext1,AUTO_TRI_N3_G2_N5,tripartite,0.0,False,0.008817450450784057,20260818
no_context_reinstatement,6,Ext1,AUTO_TRI_N3_G2_N9,tripartite,0.0,False,0.008817450450784057,20260818
no_context_reinstatement,7,Ext1,AUTO_GG_G0_G1,glia_glia,1.0,True,0.2783728778033101,20260818
no_context_reinstatement,7,Ext1,AUTO_GG_G2_G5,glia_glia,0.6881377268443506,True,0.5576928828408838,20260818
no_context_reinstatement,7,Ext1,AUTO_TRI_N0_G1_N4,tripartite,1.0,True,0.2783728778033101,20260818
no_context_reinstatement,7,Ext1,AUTO_TRI_N3_G2_N5,tripartite,0.0,False,0.0186069726080006,20260818
no_context_reinstatement,7,Ext1,AUTO_TRI_N3_G2_N9,tripartite,0.0,False,0.0186069726080006,20260818
no_context_reinstatement,8,Ext1,AUTO_GG_G0_G1,glia_glia,1.0,True,0.22269830224264808,20260818
no_context_reinstatement,8,Ext1,AUTO_GG_G2_G5,glia_glia,1.0,True,0.6476757957818747,20260818
no_context_reinstatement,8,Ext1,AUTO_TRI_N0_G1_N4,tripartite,1.0,True,0.22269830224264808,20260818
no_context_reinstatement,8,Ext1,AUTO_TRI_N3_G2_N5,tripartite,0.0,False,0.041000440347599164,20260818
no_context_reinstatement,8,Ext1,AUTO_TRI_N3_G2_N9,tripartite,0.0,False,0.041000440347599164,20260818
no_context_reinstatement,9,Ext1,AUTO_GG_G0_G1,glia_glia,1.0,True,0.17815864179411847,20260818
no_context_reinstatement,9,Ext1,AUTO_GG_G2_G5,glia_glia,1.0,True,0.7135422343447728,20260818
no_context_reinstatement,9,Ext1,AUTO_TRI_N0_G1_N4,tripartite,1.0,True,0.17815864179411847,20260818
no_context_reinstatement,9,Ext1,AUTO_TRI_N3_G2_N5,tripartite,0.010133884436773048,False,0.07956378441827949,20260818
no_context_reinstatement,9,Ext1,AUTO_TRI_N3_G2_N9,tripartite,0.010133884436773048,False,0.07956378441827949,20260818
no_context_reinstatement,10,Ext1,AUTO_GG_G0_G1,glia_glia,1.0,True,0.14252691343529478,20260818
no_context_reinstatement,10,Ext1,AUTO_GG_G2_G5,glia_glia,1.0,True,0.7728452393561569,20260818
no_context_reinstatement,10,Ext1,AUTO_TRI_N0_G1_N4,tripartite,1.0,True,0.14252691343529478,20260818
no_context_reinstatement,10,Ext1,AUTO_TRI_N3_G2_N5,tripartite,0.030469233174460257,False,0.11435806444461172,20260818
no_context_reinstatement,10,Ext1,AUTO_TRI_N3_G2_N9,tripartite,0.030469233174460257,False,0.11435806444461172,20260818
no_context_reinstatement,11,Ext1,AUTO_GG_G0_G1,glia_glia,1.0,True,0.11402153074823583,20260818
no_context_reinstatement,11,Ext1,AUTO_GG_G2_G5,glia_glia,1.0,True,0.8262727160985934,20260818
no_context_reinstatement,11,Ext1,AUTO_TRI_N0_G1_N4,tripartite,1.0,True,0.11402153074823583,20260818
no_context_reinstatement,11,Ext1,AUTO_TRI_N3_G2_N5,tripartite,0.06004627466001505,False,0.1458788379239458,20260818
no_context_reinstatement,11,Ext1,AUTO_TRI_N3_G2_N9,tripartite,0.06004627466001505,False,0.1458788379239458,20260818
no_context_reinstatement,12,Ext1,AUTO_GG_G0_G1,glia_glia,1.0,True,0.09121722459858866,20260818
no_context_reinstatement,12,Ext1,AUTO_GG_G2_G5,glia_glia,1.0,True,0.8744532795454076,20260818
no_context_reinstatement,12,Ext1,AUTO_TRI_N0_G1_N4,tripartite,1.0,True,0.09121722459858866,20260818
no_context_reinstatement,12,Ext1,AUTO_TRI_N3_G2_N5,tripartite,0.0980464558330073,False,0.17460776078645568,20260818
no_context_reinstatement,12,Ext1,AUTO_TRI_N3_G2_N9,tripartite,0.0980464558330073,False,0.17460776078645568,20260818
no_context_reinstatement,13,Ext1,AUTO_GG_G0_G1,glia_glia,1.0,True,0.07297377967887093,20260818
no_context_reinstatement,13,Ext1,AUTO_GG_G2_G5,glia_glia,1.0,True,0.9179663113271912,20260818
no_context_reinstatement,13,Ext1,AUTO_TRI_N0_G1_N4,tripartite,1.0,True,0.07297377967887093,20260818
no_context_reinstatement,13,Ext1,AUTO_TRI_N3_G2_N5,tripartite,0.1437932973406087,False,0.2010294058562832,20260818
no_context_reinstatement,13,Ext1,AUTO_TRI_N3_G2_N9,tripartite,0.1437932973406087,False,0.2010294058562832,20260818
no_context_reinstatement,14,Ext1,AUTO_GG_G0_G1,glia_glia,1.0,True,0.05837902374309675,20260818
no_context_reinstatement,14,Ext1,AUTO_GG_G2_G5,glia_glia,1.0,True,0.9573513667056262,20260818
no_context_reinstatement,14,Ext1,AUTO_TRI_N0_G1_N4,tripartite,1.0,True,0.05837902374309675,20260818
no_context_reinstatement,14,Ext1,AUTO_TRI_N3_G2_N5,tripartite,0.19675805245179293,False,0.22564764689707476,20260818
no_context_reinstatement,14,Ext1,AUTO_TRI_N3_G2_N9,tripartite,0.19675805245179293,False,0.22564764689707476,20260818
no_context_reinstatement,15,Ext1,AUTO_GG_G0_G1,glia_glia,1.0,True,0.04670321899447741,20260818
no_context_reinstatement,15,Ext1,AUTO_GG_G2_G5,glia_glia,1.0,True,0.9931169854806743,20260818
no_context_reinstatement,15,Ext1,AUTO_TRI_N0_G1_N4,tripartite,1.0,True,0.04670321899447741,20260818
no_context_reinstatement,15,Ext1,AUTO_TRI_N3_G2_N5,tripartite,0.25657002300467263,False,0.24900154242142902,20260818
no_context_reinstatement,15,Ext1,AUTO_TRI_N3_G2_N9,tripartite,0.25657002300467263,False,0.24900154242142902,20260818
no_context_reinstatement,16,Ext1,AUTO_GG_G0_G1,glia_glia,1.0,True,0.03736257519558193,20260818
no_context_reinstatement,16,Ext1,AUTO_GG_G2_G5,glia_glia,1.0,True,1.0,20260818
no_context_reinstatement,16,Ext1,AUTO_TRI_N0_G1_N4,tripartite,1.0,True,0.03736257519558193,20260818
no_context_reinstatement,16,Ext1,AUTO_TRI_N3_G2_N5,tripartite,0.3230318004525869,True,0.2716821337955646,20260818
no_context_reinstatement,16,Ext1,AUTO_TRI_N3_G2_N9,tripartite,0.3230318004525869,True,0.2716821337955646,20260818
no_context_reinstatement,17,Ext1,AUTO_GG_G0_G1,glia_glia,1.0,True,0.029890060156465545,20260818
no_context_reinstatement,17,Ext1,AUTO_GG_G2_G5,glia_glia,1.0,True,1.0,20260818
no_context_reinstatement,17,Ext1,AUTO_TRI_N0_G1_N4,tripartite,1.0,True,0.029890060156465545,20260818
no_context_reinstatement,17,Ext1,AUTO_TRI_N3_G2_N5,tripartite,0.3961405169430844,True,0.29435294374437526,20260818
no_context_reinstatement,17,Ext1,AUTO_TRI_N3_G2_N9,tripartite,0.3961405169430844,True,0.29435294374437526,20260818
no_context_reinstatement,18,Ext1,AUTO_GG_G0_G1,glia_glia,1.0,True,0.023912048125172437,20260818
no_context_reinstatement,18,Ext1,AUTO_GG_G2_G5,glia_glia,1.0,True,1.0,20260818
no_context_reinstatement,18,Ext1,AUTO_TRI_N0_G1_N4,tripartite,1.0,True,0.023912048125172437,20260818
no_context_reinstatement,18,Ext1,AUTO_TRI_N3_G2_N5,tripartite,0.4761174304552753,True,0.31777840144336555,20260818
no_context_reinstatement,18,Ext1,AUTO_TRI_N3_G2_N9,tripartite,0.4761174304552753,True,0.31777840144336555,20260818
no_context_reinstatement,19,Ext1,AUTO_GG_G0_G1,glia_glia,1.0,True,0.01912963850013795,20260818
no_context_reinstatement,19,Ext1,AUTO_GG_G2_G5,glia_glia,1.0,True,1.0,20260818
no_context_reinstatement,19,Ext1,AUTO_TRI_N0_G1_N4,tripartite,1.0,True,0.01912963850013795,20260818
no_context_reinstatement,19,Ext1,AUTO_TRI_N3_G2_N5,tripartite,0.5634499431740698,True,0.34286624873731675,20260818
no_context_reinstatement,19,Ext1,AUTO_TRI_N3_G2_N9,tripartite,0.5634499431740698,True,0.34286624873731675,20260818
no_context_reinstatement,20,Ext1,AUTO_GG_G0_G1,glia_glia,1.0,True,0.01530371080011036,20260818
no_context_reinstatement,20,Ext1,AUTO_GG_G2_G5,glia_glia,1.0,True,1.0,20260818
no_context_reinstatement,20,Ext1,AUTO_TRI_N0_G1_N4,tripartite,1.0,True,0.01530371080011036,20260818
no_context_reinstatement,20,Ext1,AUTO_TRI_N3_G2_N5,tripartite,0.6589527217914009,True,0.37073269135553966,20260818
no_context_reinstatement,20,Ext1,AUTO_TRI_N3_G2_N9,tripartite,0.6589527217914009,True,0.37073269135553966,20260818
no_context_reinstatement,21,Ext1,AUTO_GG_G0_G1,glia_glia,1.0,True,0.012242968640088288,20260818
no_context_reinstatement,21,Ext1,AUTO_GG_G2_G5,glia_glia,1.0,True,1.0,20260818
no_context_reinstatement,21,Ext1,AUTO_TRI_N0_G1_N4,tripartite,1.0,True,0.012242968640088288,20260818
no_context_reinstatement,21,Ext1,AUTO_TRI_N3_G2_N5,tripartite,0.763858398907373,True,0.40280329159197614,20260818
no_context_reinstatement,21,Ext1,AUTO_TRI_N3_G2_N9,tripartite,0.763858398907373,True,0.40280329159197614,20260818
no_context_reinstatement,22,Ext1,AUTO_GG_G0_G1,glia_glia,1.0,True,0.00979437491207063,20260818
no_context_reinstatement,22,Ext1,AUTO_GG_G2_G5,glia_glia,1.0,True,1.0,20260818
no_context_reinstatement,22,Ext1,AUTO_TRI_N0_G1_N4,tripartite,1.0,True,0.00979437491207063,20260818
no_context_reinstatement,22,Ext1,AUTO_TRI_N3_G2_N5,tripartite,0.8799539756701181,True,0.44096884217293447,20260818
no_context_reinstatement,22,Ext1,AUTO_TRI_N3_G2_N9,tripartite,0.8799539756701181,True,0.44096884217293447,20260818
no_context_reinstatement,23,Ext1,AUTO_GG_G0_G1,glia_glia,1.0,True,0.007835499929656506,20260818
no_context_reinstatement,23,Ext1,AUTO_GG_G2_G5,glia_glia,1.0,True,1.0,20260818
no_context_reinstatement,23,Ext1,AUTO_TRI_N0_G1_N4,tripartite,1.0,True,0.007835499929656506,20260818
no_context_reinstatement,23,Ext1,AUTO_TRI_N3_G2_N5,tripartite,1.0,True,0.487822553419796,20260818
no_context_reinstatement,23,Ext1,AUTO_TRI_N3_G2_N9,tripartite,1.0,True,0.487822553419796,20260818
no_context_reinstatement,24,Ext1,AUTO_GG_G0_G1,glia_glia,1.0,True,0.006268399943725205,20260818
no_context_reinstatement,24,Ext1,AUTO_GG_G2_G5,glia_glia,1.0,True,1.0,20260818
no_context_reinstatement,24,Ext1,AUTO_TRI_N0_G1_N4,tripartite,1.0,True,0.006268399943725205,20260818
no_context_reinstatement,24,Ext1,AUTO_TRI_N3_G2_N5,tripartite,1.0,True,0.5460127641758118,20260818
no_context_reinstatement,24,Ext1,AUTO_TRI_N3_G2_N9,tripartite,1.0,True,0.5460127641758118,20260818
no_context_reinstatement,25,Ext1,AUTO_GG_G0_G1,glia_glia,1.0,True,0.005014719954980164,20260818
no_context_reinstatement,25,Ext1,AUTO_GG_G2_G5,glia_glia,1.0,True,1.0,20260818
no_context_reinstatement,25,Ext1,AUTO_TRI_N0_G1_N4,tripartite,1.0,True,0.005014719954980164,20260818
no_context_reinstatement,25,Ext1,AUTO_TRI_N3_G2_N5,tripartite,1.0,True,0.6048837632819097,20260818
no_context_reinstatement,25,Ext1,AUTO_TRI_N3_G2_N9,tripartite,1.0,True,0.6048837632819097,20260818
no_context_reinstatement,26,Ext1,AUTO_GG_G0_G1,glia_glia,0.9999209420771187,True,0.004011775963984132,20260818
no_context_reinstatement,26,Ext1,AUTO_GG_G2_G5,glia_glia,1.0,True,1.0,20260818
no_context_reinstatement,26,Ext1,AUTO_TRI_N0_G1_N4,tripartite,0.9999407065578391,True,0.004011775963984132,20260818
no_context_reinstatement,26,Ext1,AUTO_TRI_N3_G2_N5,tripartite,1.0,True,0.6645919819192015,20260818
no_context_reinstatement,26,Ext1,AUTO_TRI_N3_G2_N9,tripartite,1.0,True,0.6645919819192015,20260818
no_context_reinstatement,27,Ext1,AUTO_GG_G0_G1,glia_glia,0.9997776957388137,True,0.0032094207711873056,20260818
no_context_reinstatement,27,Ext1,AUTO_GG_G2_G5,glia_glia,1.0,True,1.0,20260818
no_context_reinstatement,27,Ext1,AUTO_TRI_N0_G1_N4,tripartite,0.9998332718041103,True,0.0032094207711873056,20260818
no_context_reinstatement,27,Ext1,AUTO_TRI_N3_G2_N5,tripartite,1.0,True,0.7252739835859626,20260818
no_context_reinstatement,27,Ext1,AUTO_TRI_N3_G2_N9,tripartite,1.0,True,0.7252739835859626,20260818
no_context_reinstatement,28,Ext1,AUTO_GG_G0_G1,glia_glia,0.9995830986681696,True,0.0025675366169498445,20260818
no_context_reinstatement,28,Ext1,AUTO_GG_G2_G5,glia_glia,1.0,True,1.0,20260818
no_context_reinstatement,28,Ext1,AUTO_TRI_N0_G1_N4,tripartite,0.9996873240011273,True,0.0025675366169498445,20260818
no_context_reinstatement,28,Ext1,AUTO_TRI_N3_G2_N5,tripartite,1.0,True,0.787045337551187,20260818
no_context_reinstatement,28,Ext1,AUTO_TRI_N3_G2_N9,tripartite,1.0,True,0.787045337551187,20260818
no_context_reinstatement,29,Ext2,AUTO_GG_G0_G1,glia_glia,0.9993474210116544,True,0.002054029293559876,20260818
no_context_reinstatement,29,Ext2,AUTO_GG_G2_G5,glia_glia,1.0,True,1.0,20260818
no_context_reinstatement,29,Ext2,AUTO_TRI_N0_G1_N4,tripartite,0.9995105657587409,True,0.002054029293559876,20260818
no_context_reinstatement,29,Ext2,AUTO_TRI_N3_G2_N5,tripartite,1.0,True,0.8499988147901262,20260818
no_context_reinstatement,29,Ext2,AUTO_TRI_N3_G2_N9,tripartite,1.0,True,0.8499988147901262,20260818
no_context_reinstatement,30,Ext2,AUTO_GG_G0_G1,glia_glia,0.9990788788864422,True,0.0016432234348479008,20260818
no_context_reinstatement,30,Ext2,AUTO_GG_G2_G5,glia_glia,1.0,True,1.0,20260818
no_context_reinstatement,30,Ext2,AUTO_TRI_N0_G1_N4,tripartite,0.9993091591648318,True,0.0016432234348479008,20260818
no_context_reinstatement,30,Ext2,AUTO_TRI_N3_G2_N5,tripartite,1.0,True,0.9142020280017559,20260818
no_context_reinstatement,30,Ext2,AUTO_TRI_N3_G2_N9,tripartite,1.0,True,0.9142020280017559,20260818
no_context_reinstatement,31,Ext2,AUTO_GG_G0_G1,glia_glia,0.9987840451862725,True,0.0013145787478783207,20260818
no_context_reinstatement,31,Ext2,AUTO_GG_G2_G5,glia_glia,1.0,True,1.0,20260818
no_context_reinstatement,31,Ext2,AUTO_TRI_N0_G1_N4,tripartite,0.9990880338897045,True,0.0013145787478783207,20260818
no_context_reinstatement,31,Ext2,AUTO_TRI_N3_G2_N5,tripartite,1.0,True,0.979694668099421,20260818
no_context_reinstatement,31,Ext2,AUTO_TRI_N3_G2_N9,tripartite,1.0,True,0.979694668099421,20260818
no_context_reinstatement,32,Ext2,AUTO_GG_G0_G1,glia_glia,0.9984681782261368,True,0.0010516629983026566,20260818
no_context_reinstatement,32,Ext2,AUTO_GG_G2_G5,glia_glia,1.0,True,1.0,20260818
no_context_reinstatement,32,Ext2,AUTO_TRI_N0_G1_N4,tripartite,0.9988511336696027,True,0.0010516629983026566,20260818
no_context_reinstatement,32,Ext2,AUTO_TRI_N3_G2_N5,tripartite,1.0,True,1.0,20260818
no_context_reinstatement,32,Ext2,AUTO_TRI_N3_G2_N9,tripartite,1.0,True,1.0,20260818
no_context_reinstatement,33,Ext2,AUTO_GG_G0_G1,glia_glia,0.9981354846580281,True,0.0008413303986421253,20260818
no_context_reinstatement,33,Ext2,AUTO_GG_G2_G5,glia_glia,1.0,True,1.0,20260818
no_context_reinstatement,33,Ext2,AUTO_TRI_N0_G1_N4,tripartite,0.9986016134935212,True,0.0008413303986421253,20260818
no_context_reinstatement,33,Ext2,AUTO_TRI_N3_G2_N5,tripartite,1.0,True,1.0,20260818
no_context_reinstatement,33,Ext2,AUTO_TRI_N3_G2_N9,tripartite,1.0,True,1.0,20260818
no_context_reinstatement,34,Ext2,AUTO_GG_G0_G1,glia_glia,0.9977893298035413,True,0.0006730643189137003,20260818
no_context_reinstatement,34,Ext2,AUTO_GG_G2_G5,glia_glia,1.0,True,1.0,20260818
no_context_reinstatement,34,Ext2,AUTO_TRI_N0_G1_N4,tripartite,0.9983419973526559,True,0.0006730643189137003,20260818
no_context_reinstatement,34,Ext2,AUTO_TRI_N3_G2_N5,tripartite,1.0,True,1.0,20260818
no_context_reinstatement,34,Ext2,AUTO_TRI_N3_G2_N9,tripartite,1.0,True,1.0,20260818
no_context_reinstatement,35,Ext2,AUTO_GG_G0_G1,glia_glia,0.9974324059199517,True,0.0005384514551309603,20260818
no_context_reinstatement,35,Ext2,AUTO_GG_G2_G5,glia_glia,1.0,True,1.0,20260818
no_context_reinstatement,35,Ext2,AUTO_TRI_N0_G1_N4,tripartite,0.9980743044399638,True,0.0005384514551309603,20260818
no_context_reinstatement,35,Ext2,AUTO_TRI_N3_G2_N5,tripartite,1.0,True,1.0,20260818
no_context_reinstatement,35,Ext2,AUTO_TRI_N3_G2_N9,tripartite,1.0,True,1.0,20260818
no_context_reinstatement,36,Ext2,AUTO_GG_G0_G1,glia_glia,0.9970668668130801,True,0.00043076116410476823,20260818
no_context_reinstatement,36,Ext2,AUTO_GG_G2_G5,glia_glia,1.0,True,1.0,20260818
no_context_reinstatement,36,Ext2,AUTO_TRI_N0_G1_N4,tripartite,0.99780015010981,True,0.00043076116410476823,20260818
no_context_reinstatement,36,Ext2,AUTO_TRI_N3_G2_N5,tripartite,1.0,True,1.0,20260818
no_context_reinstatement,36,Ext2,AUTO_TRI_N3_G2_N9,tripartite,1.0,True,1.0,20260818
no_context_reinstatement,37,Ext2,AUTO_GG_G0_G1,glia_glia,0.9966944355275829,True,0.0003446089312838146,20260818
no_context_reinstatement,37,Ext2,AUTO_GG_G2_G5,glia_glia,1.0,True,1.0,20260818
no_context_reinstatement,37,Ext2,AUTO_TRI_N0_G1_N4,tripartite,0.9975208266456871,True,0.0003446089312838146,20260818
no_context_reinstatement,37,Ext2,AUTO_TRI_N3_G2_N5,tripartite,1.0,True,1.0,20260818
no_context_reinstatement,37,Ext2,AUTO_TRI_N3_G2_N9,tripartite,1.0,True,1.0,20260818
no_context_reinstatement,38,Ext2,AUTO_GG_G0_G1,glia_glia,0.996316490499185,True,0.00027568714502705167,20260818
no_context_reinstatement,38,Ext2,AUTO_GG_G2_G5,glia_glia,1.0,True,1.0,20260818
no_context_reinstatement,38,Ext2,AUTO_TRI_N0_G1_N4,tripartite,0.9972373678743887,True,0.00027568714502705167,20260818
no_context_reinstatement,38,Ext2,AUTO_TRI_N3_G2_N5,tripartite,1.0,True,1.0,20260818
no_context_reinstatement,38,Ext2,AUTO_TRI_N3_G2_N9,tripartite,1.0,True,1.0,20260818
no_context_reinstatement,39,Ext2,AUTO_GG_G0_G1,glia_glia,0.9959341344764667,True,0.00022054971602164134,20260818
no_context_reinstatement,39,Ext2,AUTO_GG_G2_G5,glia_glia,1.0,True,1.0,20260818
no_context_reinstatement,39,Ext2,AUTO_TRI_N0_G1_N4,tripartite,0.99695060085735,True,0.00022054971602164134,20260818
no_context_reinstatement,39,Ext2,AUTO_TRI_N3_G2_N5,tripartite,1.0,True,1.0,20260818
no_context_reinstatement,39,Ext2,AUTO_TRI_N3_G2_N9,tripartite,1.0,True,1.0,20260818
no_context_reinstatement,40,Ext2,AUTO_GG_G0_G1,glia_glia,0.9955482496582921,True,0.0001764397728173131,20260818
no_context_reinstatement,40,Ext2,AUTO_GG_G2_G5,glia_glia,1.0,True,1.0,20260818
no_context_reinstatement,40,Ext2,AUTO_TRI_N0_G1_N4,tripartite,0.996661187243719,True,0.0001764397728173131,20260818
no_context_reinstatement,40,Ext2,AUTO_TRI_N3_G2_N5,tripartite,1.0,True,1.0,20260818
no_context_reinstatement,40,Ext2,AUTO_TRI_N3_G2_N9,tripartite,1.0,True,1.0,20260818
no_context_reinstatement,41,Ext2,AUTO_GG_G0_G1,glia_glia,0.9951595418037524,True,0.00014115181825385048,20260818
no_context_reinstatement,41,Ext2,AUTO_GG_G2_G5,glia_glia,1.0,True,1.0,20260818
no_context_reinstatement,41,Ext2,AUTO_TRI_N0_G1_N4,tripartite,0.9963696563528143,True,0.00014115181825385048,20260818
no_context_reinstatement,41,Ext2,AUTO_TRI_N3_G2_N5,tripartite,1.0,True,1.0,20260818
no_context_reinstatement,41,Ext2,AUTO_TRI_N3_G2_N9,tripartite,1.0,True,1.0,20260818
no_context_reinstatement,42,Ext2,AUTO_GG_G0_G1,glia_glia,0.9947685755201207,True,0.00011292145460308038,20260818
no_context_reinstatement,42,Ext2,AUTO_GG_G2_G5,glia_glia,1.0,True,1.0,20260818
no_context_reinstatement,42,Ext2,AUTO_TRI_N0_G1_N4,tripartite,0.9960764316400904,True,0.00011292145460308038,20260818
no_context_reinstatement,42,Ext2,AUTO_TRI_N3_G2_N5,tripartite,1.0,True,1.0,20260818
no_context_reinstatement,42,Ext2,AUTO_TRI_N3_G2_N9,tripartite,1.0,True,1.0,20260818
no_context_reinstatement,43,Ext2,AUTO_GG_G0_G1,glia_glia,0.9943758024932152,True,9.033716368246431e-05,20260818
no_context_reinstatement,43,Ext2,AUTO_GG_G2_G5,glia_glia,1.0,True,1.0,20260818
no_context_reinstatement,43,Ext2,AUTO_TRI_N0_G1_N4,tripartite,0.9957818518699113,True,9.033716368246431e-05,20260818
no_context_reinstatement,43,Ext2,AUTO_TRI_N3_G2_N5,tripartite,1.0,True,1.0,20260818
no_context_reinstatement,43,Ext2,AUTO_TRI_N3_G2_N9,tripartite,1.0,True,1.0,20260818
no_context_reinstatement,44,Ext2,AUTO_GG_G0_G1,glia_glia,0.9939815840716909,True,7.226973094597146e-05,20260818
no_context_reinstatement,44,Ext2,AUTO_GG_G2_G5,glia_glia,1.0,True,1.0,20260818
no_context_reinstatement,44,Ext2,AUTO_TRI_N0_G1_N4,tripartite,0.9954861880537681,True,7.226973094597146e-05,20260818
no_context_reinstatement,44,Ext2,AUTO_TRI_N3_G2_N5,tripartite,1.0,True,1.0,20260818
no_context_reinstatement,44,Ext2,AUTO_TRI_N3_G2_N9,tripartite,1.0,True,1.0,20260818
no_context_reinstatement,45,Ext2,AUTO_GG_G0_G1,glia_glia,0.9935862093344714,True,5.781578475677717e-05,20260818
no_context_reinstatement,45,Ext2,AUTO_GG_G2_G5,glia_glia,1.0,True,1.0,20260818
no_context_reinstatement,45,Ext2,AUTO_TRI_N0_G1_N4,tripartite,0.9951896570008535,True,5.781578475677717e-05,20260818
no_context_reinstatement,45,Ext2,AUTO_TRI_N3_G2_N5,tripartite,1.0,True,1.0,20260818
no_context_reinstatement,45,Ext2,AUTO_TRI_N3_G2_N9,tripartite,1.0,True,1.0,20260818
no_context_reinstatement,46,Ext2,AUTO_GG_G0_G1,glia_glia,0.9931899095446959,True,4.6252627805421734e-05,20260818
no_context_reinstatement,46,Ext2,AUTO_GG_G2_G5,glia_glia,1.0,True,1.0,20260818
no_context_reinstatement,46,Ext2,AUTO_TRI_N0_G1_N4,tripartite,0.9948924321585219,True,4.6252627805421734e-05,20260818
no_context_reinstatement,46,Ext2,AUTO_TRI_N3_G2_N5,tripartite,1.0,True,1.0,20260818
no_context_reinstatement,46,Ext2,AUTO_TRI_N3_G2_N9,tripartite,1.0,True,1.0,20260818
no_context_reinstatement,47,Ext2,AUTO_GG_G0_G1,glia_glia,0.9927928697128754,True,3.700210224433739e-05,20260818
no_context_reinstatement,47,Ext2,AUTO_GG_G2_G5,glia_glia,1.0,True,1.0,20260818
no_context_reinstatement,47,Ext2,AUTO_TRI_N0_G1_N4,tripartite,0.9945946522846565,True,3.700210224433739e-05,20260818
no_context_reinstatement,47,Ext2,AUTO_TRI_N3_G2_N5,tripartite,1.0,True,1.0,20260818
no_context_reinstatement,47,Ext2,AUTO_TRI_N3_G2_N9,tripartite,1.0,True,1.0,20260818
no_context_reinstatement,48,Ext2,AUTO_GG_G0_G1,glia_glia,0.992395237847419,True,2.960168179546991e-05,20260818
no_context_reinstatement,48,Ext2,AUTO_GG_G2_G5,glia_glia,1.0,True,1.0,20260818
no_context_reinstatement,48,Ext2,AUTO_TRI_N0_G1_N4,tripartite,0.9942964283855642,True,2.960168179546991e-05,20260818
no_context_reinstatement,48,Ext2,AUTO_TRI_N3_G2_N5,tripartite,1.0,True,1.0,20260818
no_context_reinstatement,48,Ext2,AUTO_TRI_N3_G2_N9,tripartite,1.0,True,1.0,20260818
no_context_reinstatement,49,Ext2,AUTO_GG_G0_G1,glia_glia,0.9919971323550539,True,2.368134543637593e-05,20260818
no_context_reinstatement,49,Ext2,AUTO_GG_G2_G5,glia_glia,1.0,True,1.0,20260818
no_context_reinstatement,49,Ext2,AUTO_TRI_N0_G1_N4,tripartite,0.9939978492662904,True,2.368134543637593e-05,20260818
no_context_reinstatement,49,Ext2,AUTO_TRI_N3_G2_N5,tripartite,1.0,True,1.0,20260818
no_context_reinstatement,49,Ext2,AUTO_TRI_N3_G2_N9,tripartite,1.0,True,1.0,20260818
no_context_reinstatement,50,Ext2,AUTO_GG_G0_G1,glia_glia,0.9915986479611618,True,1.8945076349100747e-05,20260818
no_context_reinstatement,50,Ext2,AUTO_GG_G2_G5,glia_glia,1.0,True,1.0,20260818
no_context_reinstatement,50,Ext2,AUTO_TRI_N0_G1_N4,tripartite,0.9936989859708714,True,1.8945076349100747e-05,20260818
no_context_reinstatement,50,Ext2,AUTO_TRI_N3_G2_N5,tripartite,1.0,True,1.0,20260818
no_context_reinstatement,50,Ext2,AUTO_TRI_N3_G2_N9,tripartite,1.0,True,1.0,20260818
no_context_reinstatement,51,Ext2,AUTO_GG_G0_G1,glia_glia,0.9911998604460481,True,1.5156061079280599e-05,20260818
no_context_reinstatement,51,Ext2,AUTO_GG_G2_G5,glia_glia,1.0,True,1.0,20260818
no_context_reinstatement,51,Ext2,AUTO_TRI_N0_G1_N4,tripartite,0.9933998953345361,True,1.5156061079280599e-05,20260818
no_context_reinstatement,51,Ext2,AUTO_TRI_N3_G2_N5,tripartite,1.0,True,1.0,20260818
no_context_reinstatement,51,Ext2,AUTO_TRI_N3_G2_N9,tripartite,1.0,True,1.0,20260818
no_context_reinstatement,52,Ext2,AUTO_GG_G0_G1,glia_glia,0.9908008304339572,True,1.2124848863424479e-05,20260818
no_context_reinstatement,52,Ext2,AUTO_GG_G2_G5,glia_glia,1.0,True,1.0,20260818
no_context_reinstatement,52,Ext2,AUTO_TRI_N0_G1_N4,tripartite,0.9931006228254678,True,1.2124848863424479e-05,20260818
no_context_reinstatement,52,Ext2,AUTO_TRI_N3_G2_N5,tripartite,1.0,True,1.0,20260818
no_context_reinstatement,52,Ext2,AUTO_TRI_N3_G2_N9,tripartite,1.0,True,1.0,20260818
no_context_reinstatement,53,Ext2,AUTO_GG_G0_G1,glia_glia,0.9904016064242844,True,9.699879090739585e-06,20260818
no_context_reinstatement,53,Ext2,AUTO_GG_G2_G5,glia_glia,1.0,True,1.0,20260818
no_context_reinstatement,53,Ext2,AUTO_TRI_N0_G1_N4,tripartite,0.9928012048182133,True,9.699879090739585e-06,20260818
no_context_reinstatement,53,Ext2,AUTO_TRI_N3_G2_N5,tripartite,1.0,True,1.0,20260818
no_context_reinstatement,53,Ext2,AUTO_TRI_N3_G2_N9,tripartite,1.0,True,1.0,20260818
no_context_reinstatement,54,E-Ret,AUTO_GG_G0_G1,glia_glia,0.9904016064242844,True,9.699879090739585e-06,20260818
no_context_reinstatement,54,E-Ret,AUTO_GG_G2_G5,glia_glia,1.0,True,1.0,20260818
no_context_reinstatement,54,E-Ret,AUTO_TRI_N0_G1_N4,tripartite,0.9928012048182133,True,9.699879090739585e-06,20260818
no_context_reinstatement,54,E-Ret,AUTO_TRI_N3_G2_N5,tripartite,1.0,True,1.0,20260818
no_context_reinstatement,54,E-Ret,AUTO_TRI_N3_G2_N9,tripartite,1.0,True,1.0,20260818
no_context_reinstatement,55,E-Ret,AUTO_GG_G0_G1,glia_glia,0.9904016064242844,True,9.699879090739585e-06,20260818
no_context_reinstatement,55,E-Ret,AUTO_GG_G2_G5,glia_glia,1.0,True,1.0,20260818
no_context_reinstatement,55,E-Ret,AUTO_TRI_N0_G1_N4,tripartite,0.9928012048182133,True,9.699879090739585e-06,20260818
no_context_reinstatement,55,E-Ret,AUTO_TRI_N3_G2_N5,tripartite,1.0,True,1.0,20260818
no_context_reinstatement,55,E-Ret,AUTO_TRI_N3_G2_N9,tripartite,1.0,True,1.0,20260818
no_context_reinstatement,56,E-Ret,AUTO_GG_G0_G1,glia_glia,0.9904016064242844,True,9.699879090739585e-06,20260818
no_context_reinstatement,56,E-Ret,AUTO_GG_G2_G5,glia_glia,1.0,True,1.0,20260818
no_context_reinstatement,56,E-Ret,AUTO_TRI_N0_G1_N4,tripartite,0.9928012048182133,True,9.699879090739585e-06,20260818
no_context_reinstatement,56,E-Ret,AUTO_TRI_N3_G2_N5,tripartite,1.0,True,1.0,20260818
no_context_reinstatement,56,E-Ret,AUTO_TRI_N3_G2_N9,tripartite,1.0,True,1.0,20260818
no_context_reinstatement,57,E-Ret,AUTO_GG_G0_G1,glia_glia,0.9904016064242844,True,9.699879090739585e-06,20260818
no_context_reinstatement,57,E-Ret,AUTO_GG_G2_G5,glia_glia,1.0,True,1.0,20260818
no_context_reinstatement,57,E-Ret,AUTO_TRI_N0_G1_N4,tripartite,0.9928012048182133,True,9.699879090739585e-06,20260818
no_context_reinstatement,57,E-Ret,AUTO_TRI_N3_G2_N5,tripartite,1.0,True,1.0,20260818
no_context_reinstatement,57,E-Ret,AUTO_TRI_N3_G2_N9,tripartite,1.0,True,1.0,20260818
no_context_reinstatement,58,E-Ret,AUTO_GG_G0_G1,glia_glia,0.9904016064242844,True,9.699879090739585e-06,20260818
no_context_reinstatement,58,E-Ret,AUTO_GG_G2_G5,glia_glia,1.0,True,1.0,20260818
no_context_reinstatement,58,E-Ret,AUTO_TRI_N0_G1_N4,tripartite,0.9928012048182133,True,9.699879090739585e-06,20260818
no_context_reinstatement,58,E-Ret,AUTO_TRI_N3_G2_N5,tripartite,1.0,True,1.0,20260818
no_context_reinstatement,58,E-Ret,AUTO_TRI_N3_G2_N9,tripartite,1.0,True,1.0,20260818
no_context_reinstatement,59,F-Ren,AUTO_GG_G0_G1,glia_glia,0.9904016064242844,True,9.699879090739585e-06,20260818
no_context_reinstatement,59,F-Ren,AUTO_GG_G2_G5,glia_glia,1.0,True,1.0,20260818
no_context_reinstatement,59,F-Ren,AUTO_TRI_N0_G1_N4,tripartite,0.9928012048182133,True,9.699879090739585e-06,20260818
no_context_reinstatement,59,F-Ren,AUTO_TRI_N3_G2_N5,tripartite,1.0,True,1.0,20260818
no_context_reinstatement,59,F-Ren,AUTO_TRI_N3_G2_N9,tripartite,1.0,True,1.0,20260818
no_context_reinstatement,60,F-Ren,AUTO_GG_G0_G1,glia_glia,0.9904016064242844,True,9.699879090739585e-06,20260818
no_context_reinstatement,60,F-Ren,AUTO_GG_G2_G5,glia_glia,1.0,True,1.0,20260818
no_context_reinstatement,60,F-Ren,AUTO_TRI_N0_G1_N4,tripartite,0.9928012048182133,True,9.699879090739585e-06,20260818
no_context_reinstatement,60,F-Ren,AUTO_TRI_N3_G2_N5,tripartite,1.0,True,1.0,20260818
no_context_reinstatement,60,F-Ren,AUTO_TRI_N3_G2_N9,tripartite,1.0,True,1.0,20260818
no_context_reinstatement,61,F-Ren,AUTO_GG_G0_G1,glia_glia,0.9904016064242844,True,9.699879090739585e-06,20260818
no_context_reinstatement,61,F-Ren,AUTO_GG_G2_G5,glia_glia,1.0,True,1.0,20260818
no_context_reinstatement,61,F-Ren,AUTO_TRI_N0_G1_N4,tripartite,0.9928012048182133,True,9.699879090739585e-06,20260818
no_context_reinstatement,61,F-Ren,AUTO_TRI_N3_G2_N5,tripartite,1.0,True,1.0,20260818
no_context_reinstatement,61,F-Ren,AUTO_TRI_N3_G2_N9,tripartite,1.0,True,1.0,20260818
no_context_reinstatement,62,F-Ren,AUTO_GG_G0_G1,glia_glia,0.9904016064242844,True,9.699879090739585e-06,20260818
no_context_reinstatement,62,F-Ren,AUTO_GG_G2_G5,glia_glia,1.0,True,1.0,20260818
no_context_reinstatement,62,F-Ren,AUTO_TRI_N0_G1_N4,tripartite,0.9928012048182133,True,9.699879090739585e-06,20260818
no_context_reinstatement,62,F-Ren,AUTO_TRI_N3_G2_N5,tripartite,1.0,True,1.0,20260818
no_context_reinstatement,62,F-Ren,AUTO_TRI_N3_G2_N9,tripartite,1.0,True,1.0,20260818
no_context_reinstatement,63,F-Ren,AUTO_GG_G0_G1,glia_glia,0.9904016064242844,True,9.699879090739585e-06,20260818
no_context_reinstatement,63,F-Ren,AUTO_GG_G2_G5,glia_glia,1.0,True,1.0,20260818
no_context_reinstatement,63,F-Ren,AUTO_TRI_N0_G1_N4,tripartite,0.9928012048182133,True,9.699879090739585e-06,20260818
no_context_reinstatement,63,F-Ren,AUTO_TRI_N3_G2_N5,tripartite,1.0,True,1.0,20260818
no_context_reinstatement,63,F-Ren,AUTO_TRI_N3_G2_N9,tripartite,1.0,True,1.0,20260818
frozen_plasticity,1,F-Con,AUTO_GG_G0_G1,glia_glia,0.0,False,0.243639236436246,20260818
frozen_plasticity,1,F-Con,AUTO_GG_G1_G3,glia_glia,0.0,False,0.13064578932941684,20260818
frozen_plasticity,1,F-Con,AUTO_GG_G2_G5,glia_glia,0.0,False,0.0,20260818
frozen_plasticity,1,F-Con,AUTO_TRI_N0_G1_N4,tripartite,0.0,False,0.002220606289620657,20260818
frozen_plasticity,1,F-Con,AUTO_TRI_N3_G2_N5,tripartite,0.0,False,0.0,20260818
frozen_plasticity,1,F-Con,AUTO_TRI_N3_G2_N9,tripartite,0.0,False,0.0,20260818
frozen_plasticity,2,F-Con,AUTO_GG_G0_G1,glia_glia,0.0,False,0.4629145492288674,20260818
frozen_plasticity,2,F-Con,AUTO_GG_G1_G3,glia_glia,0.0,False,0.24822699972589202,20260818
frozen_plasticity,2,F-Con,AUTO_GG_G2_G5,glia_glia,0.0,False,0.0,20260818
frozen_plasticity,2,F-Con,AUTO_TRI_N0_G1_N4,tripartite,0.0,False,0.0042191519502792485,20260818
frozen_plasticity,2,F-Con,AUTO_TRI_N3_G2_N5,tripartite,0.0,False,0.0,20260818
frozen_plasticity,2,F-Con,AUTO_TRI_N3_G2_N9,tripartite,0.0,False,0.0,20260818
frozen_plasticity,3,F-Con,AUTO_GG_G0_G1,glia_glia,0.0,False,0.6602623307422266,20260818
frozen_plasticity,3,F-Con,AUTO_GG_G1_G3,glia_glia,0.0,False,0.3540500890827196,20260818
frozen_plasticity,3,F-Con,AUTO_GG_G2_G5,glia_glia,0.0,False,0.0,20260818
frozen_plasticity,3,F-Con,AUTO_TRI_N0_G1_N4,tripartite,0.0,False,0.00601784304487198,20260818
frozen_plasticity,3,F-Con,AUTO_TRI_N3_G2_N5,tripartite,0.0,False,0.0,20260818
frozen_plasticity,3,F-Con,AUTO_TRI_N3_G2_N9,tripartite,0.0,False,0.0,20260818
frozen_plasticity,4,Ext1,AUTO_GG_G0_G1,glia_glia,0.0,False,0.54369702695959,20260818
frozen_plasticity,4,Ext1,AUTO_GG_G1_G3,glia_glia,0.0,False,0.31864508017444765,20260818
frozen_plasticity,4,Ext1,AUTO_GG_G2_G5,glia_glia,0.0,False,0.1649830810994733,20260818
frozen_plasticity,4,Ext1,AUTO_TRI_N0_G1_N4,tripartite,0.0,False,0.00763666503000544,20260818
frozen_plasticity,4,Ext1,AUTO_TRI_N3_G2_N5,tripartite,0.0,False,0.004719964433221858,20260818
frozen_plasticity,4,Ext1,AUTO_TRI_N3_G2_N9,tripartite,0.0,False,0.004719964433221858,20260818
frozen_plasticity,5,Ext1,AUTO_GG_G0_G1,glia_glia,0.0,False,0.43495762156767204,20260818
frozen_plasticity,5,Ext1,AUTO_GG_G1_G3,glia_glia,0.0,False,0.28678057215700287,20260818
frozen_plasticity,5,Ext1,AUTO_GG_G2_G5,glia_glia,0.0,False,0.31346785408899924,20260818
frozen_plasticity,5,Ext1,AUTO_TRI_N0_G1_N4,tripartite,0.0,False,0.009093604816625554,20260818
frozen_plasticity,5,Ext1,AUTO_TRI_N3_G2_N5,tripartite,0.0,False,0.005620449651202916,20260818
frozen_plasticity,5,Ext1,AUTO_TRI_N3_G2_N9,tripartite,0.0,False,0.005620449651202916,20260818
frozen_plasticity,6,Ext1,AUTO_GG_G0_G1,glia_glia,0.0,False,0.34796609725413763,20260818
frozen_plasticity,6,Ext1,AUTO_GG_G1_G3,glia_glia,0.0,False,0.2581025149413026,20260818
frozen_plasticity,6,Ext1,AUTO_GG_G2_G5,glia_glia,0.0,False,0.44710414977957263,20260818
frozen_plasticity,6,Ext1,AUTO_TRI_N0_G1_N4,tripartite,0.0,False,0.010404850624583656,20260818
frozen_plasticity,6,Ext1,AUTO_TRI_N3_G2_N5,tripartite,0.0,False,0.006430886347385869,20260818
frozen_plasticity,6,Ext1,AUTO_TRI_N3_G2_N9,tripartite,0.0,False,0.006430886347385869,20260818
frozen_plasticity,7,Ext1,AUTO_GG_G0_G1,glia_glia,0.0,False,0.2783728778033101,20260818
frozen_plasticity,7,Ext1,AUTO_GG_G1_G3,glia_glia,0.0,False,0.23229226344717235,20260818
frozen_plasticity,7,Ext1,AUTO_GG_G2_G5,glia_glia,0.0,False,0.5673768159010887,20260818
frozen_plasticity,7,Ext1,AUTO_TRI_N0_G1_N4,tripartite,0.0,False,0.011584971851745948,20260818
frozen_plasticity,7,Ext1,AUTO_TRI_N3_G2_N5,tripartite,0.0,False,0.007160279373950527,20260818
frozen_plasticity,7,Ext1,AUTO_TRI_N3_G2_N9,tripartite,0.0,False,0.007160279373950527,20260818
frozen_plasticity,8,Ext1,AUTO_GG_G0_G1,glia_glia,0.0,False,0.22269830224264808,20260818
frozen_plasticity,8,Ext1,AUTO_GG_G1_G3,glia_glia,0.0,False,0.20906303710245513,20260818
frozen_plasticity,8,Ext1,AUTO_GG_G2_G5,glia_glia,0.0,False,0.6756222154104532,20260818
frozen_plasticity,8,Ext1,AUTO_TRI_N0_G1_N4,tripartite,0.0,False,0.01264708095619201,20260818
frozen_plasticity,8,Ext1,AUTO_TRI_N3_G2_N5,tripartite,0.0,False,0.007816733097858719,20260818
frozen_plasticity,8,Ext1,AUTO_TRI_N3_G2_N9,tripartite,0.0,False,0.007816733097858719,20260818
frozen_plasticity,9,Ext1,AUTO_GG_G0_G1,glia_glia,0.0,False,0.17815864179411847,20260818
frozen_plasticity,9,Ext1,AUTO_GG_G1_G3,glia_glia,0.0,False,0.17815864179411847,20260818
frozen_plasticity,9,Ext1,AUTO_GG_G2_G5,glia_glia,0.0,False,0.7730430749688812,20260818
frozen_plasticity,9,Ext1,AUTO_TRI_N0_G1_N4,tripartite,0.0,False,0.013602979150193466,20260818
frozen_plasticity,9,Ext1,AUTO_TRI_N3_G2_N5,tripartite,0.0,False,0.008407541449376091,20260818
frozen_plasticity,9,Ext1,AUTO_TRI_N3_G2_N9,tripartite,0.0,False,0.008407541449376091,20260818
frozen_plasticity,10,Ext1,AUTO_GG_G0_G1,glia_glia,0.0,False,0.14252691343529478,20260818
frozen_plasticity,10,Ext1,AUTO_GG_G1_G3,glia_glia,0.0,False,0.14252691343529478,20260818
frozen_plasticity,10,Ext1,AUTO_GG_G2_G5,glia_glia,0.0,False,0.8607218485714665,20260818
frozen_plasticity,10,Ext1,AUTO_TRI_N0_G1_N4,tripartite,0.0,False,0.014463287524794777,20260818
frozen_plasticity,10,Ext1,AUTO_TRI_N3_G2_N5,tripartite,0.0,False,0.008939268965741726,20260818
frozen_plasticity,10,Ext1,AUTO_TRI_N3_G2_N9,tripartite,0.0,False,0.008939268965741726,20260818
frozen_plasticity,11,Ext1,AUTO_GG_G0_G1,glia_glia,0.0,False,0.11402153074823583,20260818
frozen_plasticity,11,Ext1,AUTO_GG_G1_G3,glia_glia,0.0,False,0.11402153074823583,20260818
frozen_plasticity,11,Ext1,AUTO_GG_G2_G5,glia_glia,0.0,False,0.9396327448137931,20260818
frozen_plasticity,11,Ext1,AUTO_TRI_N0_G1_N4,tripartite,0.0,False,0.015237565061935956,20260818
frozen_plasticity,11,Ext1,AUTO_TRI_N3_G2_N5,tripartite,0.0,False,0.009417823730470799,20260818
frozen_plasticity,11,Ext1,AUTO_TRI_N3_G2_N9,tripartite,0.0,False,0.009417823730470799,20260818
frozen_plasticity,12,Ext1,AUTO_GG_G0_G1,glia_glia,0.0,False,0.09121722459858866,20260818
frozen_plasticity,12,Ext1,AUTO_GG_G1_G3,glia_glia,0.0,False,0.09121722459858866,20260818
frozen_plasticity,12,Ext1,AUTO_GG_G2_G5,glia_glia,0.0,False,1.0,20260818
frozen_plasticity,12,Ext1,AUTO_TRI_N0_G1_N4,tripartite,0.0,False,0.015934414845363017,20260818
frozen_plasticity,12,Ext1,AUTO_TRI_N3_G2_N5,tripartite,0.0,False,0.009848523018726964,20260818
frozen_plasticity,12,Ext1,AUTO_TRI_N3_G2_N9,tripartite,0.0,False,0.009848523018726964,20260818
frozen_plasticity,13,Ext1,AUTO_GG_G0_G1,glia_glia,0.0,False,0.07297377967887093,20260818
frozen_plasticity,13,Ext1,AUTO_GG_G1_G3,glia_glia,0.0,False,0.07297377967887093,20260818
frozen_plasticity,13,Ext1,AUTO_GG_G2_G5,glia_glia,0.0,False,1.0,20260818
frozen_plasticity,13,Ext1,AUTO_TRI_N0_G1_N4,tripartite,0.0,False,0.016561579650447373,20260818
frozen_plasticity,13,Ext1,AUTO_TRI_N3_G2_N5,tripartite,0.0,False,0.010236152378157512,20260818
frozen_plasticity,13,Ext1,AUTO_TRI_N3_G2_N9,tripartite,0.0,False,0.010236152378157512,20260818
frozen_plasticity,14,Ext1,AUTO_GG_G0_G1,glia_glia,0.0,False,0.05837902374309675,20260818
frozen_plasticity,14,Ext1,AUTO_GG_G1_G3,glia_glia,0.0,False,0.05837902374309675,20260818
frozen_plasticity,14,Ext1,AUTO_GG_G2_G5,glia_glia,0.0,False,1.0,20260818
frozen_plasticity,14,Ext1,AUTO_TRI_N0_G1_N4,tripartite,0.0,False,0.017126027975023293,20260818
frozen_plasticity,14,Ext1,AUTO_TRI_N3_G2_N5,tripartite,0.0,False,0.010585018801645005,20260818
frozen_plasticity,14,Ext1,AUTO_TRI_N3_G2_N9,tripartite,0.0,False,0.010585018801645005,20260818
frozen_plasticity,15,Ext1,AUTO_GG_G0_G1,glia_glia,0.0,False,0.04670321899447741,20260818
frozen_plasticity,15,Ext1,AUTO_GG_G1_G3,glia_glia,0.0,False,0.04670321899447741,20260818
frozen_plasticity,15,Ext1,AUTO_GG_G2_G5,glia_glia,0.0,False,1.0,20260818
frozen_plasticity,15,Ext1,AUTO_TRI_N0_G1_N4,tripartite,0.0,False,0.017634031467141622,20260818
frozen_plasticity,15,Ext1,AUTO_TRI_N3_G2_N5,tripartite,0.0,False,0.01089899858278375,20260818
frozen_plasticity,15,Ext1,AUTO_TRI_N3_G2_N9,tripartite,0.0,False,0.01089899858278375,20260818
frozen_plasticity,16,Ext1,AUTO_GG_G0_G1,glia_glia,0.0,False,0.03736257519558193,20260818
frozen_plasticity,16,Ext1,AUTO_GG_G1_G3,glia_glia,0.0,False,0.03736257519558193,20260818
frozen_plasticity,16,Ext1,AUTO_GG_G2_G5,glia_glia,0.0,False,1.0,20260818
frozen_plasticity,16,Ext1,AUTO_TRI_N0_G1_N4,tripartite,0.0,False,0.018091234610048117,20260818
frozen_plasticity,16,Ext1,AUTO_TRI_N3_G2_N5,tripartite,0.0,False,0.01118158038580862,20260818
frozen_plasticity,16,Ext1,AUTO_TRI_N3_G2_N9,tripartite,0.0,False,0.01118158038580862,20260818
frozen_plasticity,17,Ext1,AUTO_GG_G0_G1,glia_glia,0.0,False,0.029890060156465545,20260818
frozen_plasticity,17,Ext1,AUTO_GG_G1_G3,glia_glia,0.0,False,0.029890060156465545,20260818
frozen_plasticity,17,Ext1,AUTO_GG_G2_G5,glia_glia,0.0,False,1.0,20260818
frozen_plasticity,17,Ext1,AUTO_TRI_N0_G1_N4,tripartite,0.0,False,0.018502717438663965,20260818
frozen_plasticity,17,Ext1,AUTO_TRI_N3_G2_N5,tripartite,0.0,False,0.011435904008531003,20260818
frozen_plasticity,17,Ext1,AUTO_TRI_N3_G2_N9,tripartite,0.0,False,0.011435904008531003,20260818
frozen_plasticity,18,Ext1,AUTO_GG_G0_G1,glia_glia,0.0,False,0.023912048125172437,20260818
frozen_plasticity,18,Ext1,AUTO_GG_G1_G3,glia_glia,0.0,False,0.023912048125172437,20260818
frozen_plasticity,18,Ext1,AUTO_GG_G2_G5,glia_glia,0.0,False,1.0,20260818
frozen_plasticity,18,Ext1,AUTO_TRI_N0_G1_N4,tripartite,0.0,False,0.018873051984418226,20260818
frozen_plasticity,18,Ext1,AUTO_TRI_N3_G2_N5,tripartite,0.0,False,0.011664795268981147,20260818
frozen_plasticity,18,Ext1,AUTO_TRI_N3_G2_N9,tripartite,0.0,False,0.011664795268981147,20260818
frozen_plasticity,19,Ext1,AUTO_GG_G0_G1,glia_glia,0.0,False,0.01912963850013795,20260818
frozen_plasticity,19,Ext1,AUTO_GG_G1_G3,glia_glia,0.0,False,0.01912963850013795,20260818
frozen_plasticity,19,Ext1,AUTO_GG_G2_G5,glia_glia,0.0,False,1.0,20260818
frozen_plasticity,19,Ext1,AUTO_TRI_N0_G1_N4,tripartite,0.0,False,0.01912963850013795,20260818
frozen_plasticity,19,Ext1,AUTO_TRI_N3_G2_N5,tripartite,0.0,False,0.011870797403386276,20260818
frozen_plasticity,19,Ext1,AUTO_TRI_N3_G2_N9,tripartite,0.0,False,0.011870797403386276,20260818
frozen_plasticity,20,Ext1,AUTO_GG_G0_G1,glia_glia,0.0,False,0.01530371080011036,20260818
frozen_plasticity,20,Ext1,AUTO_GG_G1_G3,glia_glia,0.0,False,0.01530371080011036,20260818
frozen_plasticity,20,Ext1,AUTO_GG_G2_G5,glia_glia,0.0,False,1.0,20260818
frozen_plasticity,20,Ext1,AUTO_TRI_N0_G1_N4,tripartite,0.0,False,0.01530371080011036,20260818
frozen_plasticity,20,Ext1,AUTO_TRI_N3_G2_N5,tripartite,0.0,False,0.012056199324350893,20260818
frozen_plasticity,20,Ext1,AUTO_TRI_N3_G2_N9,tripartite,0.0,False,0.012056199324350893,20260818
frozen_plasticity,21,Ext1,AUTO_GG_G0_G1,glia_glia,0.0,False,0.012242968640088288,20260818
frozen_plasticity,21,Ext1,AUTO_GG_G1_G3,glia_glia,0.0,False,0.012242968640088288,20260818
frozen_plasticity,21,Ext1,AUTO_GG_G2_G5,glia_glia,0.0,False,1.0,20260818
frozen_plasticity,21,Ext1,AUTO_TRI_N0_G1_N4,tripartite,0.0,False,0.012242968640088288,20260818
frozen_plasticity,21,Ext1,AUTO_TRI_N3_G2_N5,tripartite,0.0,False,0.01222306105321905,20260818
frozen_plasticity,21,Ext1,AUTO_TRI_N3_G2_N9,tripartite,0.0,False,0.01222306105321905,20260818
frozen_plasticity,22,Ext1,AUTO_GG_G0_G1,glia_glia,0.0,False,0.00979437491207063,20260818
frozen_plasticity,22,Ext1,AUTO_GG_G1_G3,glia_glia,0.0,False,0.00979437491207063,20260818
frozen_plasticity,22,Ext1,AUTO_GG_G2_G5,glia_glia,0.0,False,1.0,20260818
frozen_plasticity,22,Ext1,AUTO_TRI_N0_G1_N4,tripartite,0.0,False,0.00979437491207063,20260818
frozen_plasticity,22,Ext1,AUTO_TRI_N3_G2_N5,tripartite,0.0,False,0.012373236609200389,20260818
frozen_plasticity,22,Ext1,AUTO_TRI_N3_G2_N9,tripartite,0.0,False,0.012373236609200389,20260818
frozen_plasticity,23,Ext1,AUTO_GG_G0_G1,glia_glia,0.0,False,0.007835499929656506,20260818
frozen_plasticity,23,Ext1,AUTO_GG_G1_G3,glia_glia,0.0,False,0.007835499929656506,20260818
frozen_plasticity,23,Ext1,AUTO_GG_G2_G5,glia_glia,0.0,False,1.0,20260818
frozen_plasticity,23,Ext1,AUTO_TRI_N0_G1_N4,tripartite,0.0,False,0.007835499929656506,20260818
frozen_plasticity,23,Ext1,AUTO_TRI_N3_G2_N5,tripartite,0.0,False,0.012508394609583594,20260818
frozen_plasticity,23,Ext1,AUTO_TRI_N3_G2_N9,tripartite,0.0,False,0.012508394609583594,20260818
frozen_plasticity,24,Ext1,AUTO_GG_G0_G1,glia_glia,0.0,False,0.006268399943725205,20260818
frozen_plasticity,24,Ext1,AUTO_GG_G1_G3,glia_glia,0.0,False,0.006268399943725205,20260818
frozen_plasticity,24,Ext1,AUTO_GG_G2_G5,glia_glia,0.0,False,1.0,20260818
frozen_plasticity,24,Ext1,AUTO_TRI_N0_G1_N4,tripartite,0.0,False,0.006268399943725205,20260818
frozen_plasticity,24,Ext1,AUTO_TRI_N3_G2_N5,tripartite,0.0,False,0.012630036809928481,20260818
frozen_plasticity,24,Ext1,AUTO_TRI_N3_G2_N9,tripartite,0.0,False,0.012630036809928481,20260818
frozen_plasticity,25,Ext1,AUTO_GG_G0_G1,glia_glia,0.0,False,0.005014719954980164,20260818
frozen_plasticity,25,Ext1,AUTO_GG_G1_G3,glia_glia,0.0,False,0.005014719954980164,20260818
frozen_plasticity,25,Ext1,AUTO_GG_G2_G5,glia_glia,0.0,False,1.0,20260818
frozen_plasticity,25,Ext1,AUTO_TRI_N0_G1_N4,tripartite,0.0,False,0.005014719954980164,20260818
frozen_plasticity,25,Ext1,AUTO_TRI_N3_G2_N5,tripartite,0.0,False,0.012739514790238878,20260818
frozen_plasticity,25,Ext1,AUTO_TRI_N3_G2_N9,tripartite,0.0,False,0.012739514790238878,20260818
frozen_plasticity,26,Ext1,AUTO_GG_G0_G1,glia_glia,0.0,False,0.004011775963984132,20260818
frozen_plasticity,26,Ext1,AUTO_GG_G1_G3,glia_glia,0.0,False,0.004011775963984132,20260818
frozen_plasticity,26,Ext1,AUTO_GG_G2_G5,glia_glia,0.0,False,1.0,20260818
frozen_plasticity,26,Ext1,AUTO_TRI_N0_G1_N4,tripartite,0.0,False,0.004011775963984132,20260818
frozen_plasticity,26,Ext1,AUTO_TRI_N3_G2_N5,tripartite,0.0,False,0.012838044972518236,20260818
frozen_plasticity,26,Ext1,AUTO_TRI_N3_G2_N9,tripartite,0.0,False,0.012838044972518236,20260818
frozen_plasticity,27,Ext1,AUTO_GG_G0_G1,glia_glia,0.0,False,0.0032094207711873056,20260818
frozen_plasticity,27,Ext1,AUTO_GG_G1_G3,glia_glia,0.0,False,0.0032094207711873056,20260818
frozen_plasticity,27,Ext1,AUTO_GG_G2_G5,glia_glia,0.0,False,1.0,20260818
frozen_plasticity,27,Ext1,AUTO_TRI_N0_G1_N4,tripartite,0.0,False,0.0032094207711873056,20260818
frozen_plasticity,27,Ext1,AUTO_TRI_N3_G2_N5,tripartite,0.0,False,0.012926722136569658,20260818
frozen_plasticity,27,Ext1,AUTO_TRI_N3_G2_N9,tripartite,0.0,False,0.012926722136569658,20260818
frozen_plasticity,28,Ext1,AUTO_GG_G0_G1,glia_glia,0.0,False,0.0025675366169498445,20260818
frozen_plasticity,28,Ext1,AUTO_GG_G1_G3,glia_glia,0.0,False,0.0025675366169498445,20260818
frozen_plasticity,28,Ext1,AUTO_GG_G2_G5,glia_glia,0.0,False,1.0,20260818
frozen_plasticity,28,Ext1,AUTO_TRI_N0_G1_N4,tripartite,0.0,False,0.0025675366169498445,20260818
frozen_plasticity,28,Ext1,AUTO_TRI_N3_G2_N5,tripartite,0.0,False,0.013006531584215938,20260818
frozen_plasticity,28,Ext1,AUTO_TRI_N3_G2_N9,tripartite,0.0,False,0.013006531584215938,20260818
frozen_plasticity,29,Ext2,AUTO_GG_G0_G1,glia_glia,0.0,False,0.002054029293559876,20260818
frozen_plasticity,29,Ext2,AUTO_GG_G1_G3,glia_glia,0.0,False,0.002054029293559876,20260818
frozen_plasticity,29,Ext2,AUTO_GG_G2_G5,glia_glia,0.0,False,1.0,20260818
frozen_plasticity,29,Ext2,AUTO_TRI_N0_G1_N4,tripartite,0.0,False,0.002054029293559876,20260818
frozen_plasticity,29,Ext2,AUTO_TRI_N3_G2_N5,tripartite,0.0,False,0.013078360087097589,20260818
frozen_plasticity,29,Ext2,AUTO_TRI_N3_G2_N9,tripartite,0.0,False,0.013078360087097589,20260818
frozen_plasticity,30,Ext2,AUTO_GG_G0_G1,glia_glia,0.0,False,0.0016432234348479008,20260818
frozen_plasticity,30,Ext2,AUTO_GG_G1_G3,glia_glia,0.0,False,0.0016432234348479008,20260818
frozen_plasticity,30,Ext2,AUTO_GG_G2_G5,glia_glia,0.0,False,1.0,20260818
frozen_plasticity,30,Ext2,AUTO_TRI_N0_G1_N4,tripartite,0.0,False,0.0016432234348479008,20260818
frozen_plasticity,30,Ext2,AUTO_TRI_N3_G2_N5,tripartite,0.0,False,0.013143005739691075,20260818
frozen_plasticity,30,Ext2,AUTO_TRI_N3_G2_N9,tripartite,0.0,False,0.013143005739691075,20260818
frozen_plasticity,31,Ext2,AUTO_GG_G0_G1,glia_glia,0.0,False,0.0013145787478783207,20260818
frozen_plasticity,31,Ext2,AUTO_GG_G1_G3,glia_glia,0.0,False,0.0013145787478783207,20260818
frozen_plasticity,31,Ext2,AUTO_GG_G2_G5,glia_glia,0.0,False,1.0,20260818
frozen_plasticity,31,Ext2,AUTO_TRI_N0_G1_N4,tripartite,0.0,False,0.0013145787478783207,20260818
frozen_plasticity,31,Ext2,AUTO_TRI_N3_G2_N5,tripartite,0.0,False,0.013201186827025212,20260818
frozen_plasticity,31,Ext2,AUTO_TRI_N3_G2_N9,tripartite,0.0,False,0.013201186827025212,20260818
frozen_plasticity,32,Ext2,AUTO_GG_G0_G1,glia_glia,0.0,False,0.0010516629983026566,20260818
frozen_plasticity,32,Ext2,AUTO_GG_G1_G3,glia_glia,0.0,False,0.0010516629983026566,20260818
frozen_plasticity,32,Ext2,AUTO_GG_G2_G5,glia_glia,0.0,False,1.0,20260818
frozen_plasticity,32,Ext2,AUTO_TRI_N0_G1_N4,tripartite,0.0,False,0.0010516629983026566,20260818
frozen_plasticity,32,Ext2,AUTO_TRI_N3_G2_N5,tripartite,0.0,False,0.013253549805625936,20260818
frozen_plasticity,32,Ext2,AUTO_TRI_N3_G2_N9,tripartite,0.0,False,0.013253549805625936,20260818
frozen_plasticity,33,Ext2,AUTO_GG_G0_G1,glia_glia,0.0,False,0.0008413303986421253,20260818
frozen_plasticity,33,Ext2,AUTO_GG_G1_G3,glia_glia,0.0,False,0.0008413303986421253,20260818
frozen_plasticity,33,Ext2,AUTO_GG_G2_G5,glia_glia,0.0,False,1.0,20260818
frozen_plasticity,33,Ext2,AUTO_TRI_N0_G1_N4,tripartite,0.0,False,0.0008413303986421253,20260818
frozen_plasticity,33,Ext2,AUTO_TRI_N3_G2_N5,tripartite,0.0,False,0.013300676486366587,20260818
frozen_plasticity,33,Ext2,AUTO_TRI_N3_G2_N9,tripartite,0.0,False,0.013300676486366587,20260818
frozen_plasticity,34,Ext2,AUTO_GG_G0_G1,glia_glia,0.0,False,0.0006730643189137003,20260818
frozen_plasticity,34,Ext2,AUTO_GG_G1_G3,glia_glia,0.0,False,0.0006730643189137003,20260818
frozen_plasticity,34,Ext2,AUTO_GG_G2_G5,glia_glia,0.0,False,1.0,20260818
frozen_plasticity,34,Ext2,AUTO_TRI_N0_G1_N4,tripartite,0.0,False,0.0006730643189137003,20260818
frozen_plasticity,34,Ext2,AUTO_TRI_N3_G2_N5,tripartite,0.0,False,0.013343090499033173,20260818
frozen_plasticity,34,Ext2,AUTO_TRI_N3_G2_N9,tripartite,0.0,False,0.013343090499033173,20260818
frozen_plasticity,35,Ext2,AUTO_GG_G0_G1,glia_glia,0.0,False,0.0005384514551309603,20260818
frozen_plasticity,35,Ext2,AUTO_GG_G1_G3,glia_glia,0.0,False,0.0005384514551309603,20260818
frozen_plasticity,35,Ext2,AUTO_GG_G2_G5,glia_glia,0.0,False,1.0,20260818
frozen_plasticity,35,Ext2,AUTO_TRI_N0_G1_N4,tripartite,0.0,False,0.0005384514551309603,20260818
frozen_plasticity,35,Ext2,AUTO_TRI_N3_G2_N5,tripartite,0.0,False,0.013381263110433101,20260818
frozen_plasticity,35,Ext2,AUTO_TRI_N3_G2_N9,tripartite,0.0,False,0.013381263110433101,20260818
frozen_plasticity,36,Ext2,AUTO_GG_G0_G1,glia_glia,0.0,False,0.00043076116410476823,20260818
frozen_plasticity,36,Ext2,AUTO_GG_G1_G3,glia_glia,0.0,False,0.00043076116410476823,20260818
frozen_plasticity,36,Ext2,AUTO_GG_G2_G5,glia_glia,0.0,False,1.0,20260818
frozen_plasticity,36,Ext2,AUTO_TRI_N0_G1_N4,tripartite,0.0,False,0.00043076116410476823,20260818
frozen_plasticity,36,Ext2,AUTO_TRI_N3_G2_N5,tripartite,0.0,False,0.013415618460693036,20260818
frozen_plasticity,36,Ext2,AUTO_TRI_N3_G2_N9,tripartite,0.0,False,0.013415618460693036,20260818
frozen_plasticity,37,Ext2,AUTO_GG_G0_G1,glia_glia,0.0,False,0.0003446089312838146,20260818
frozen_plasticity,37,Ext2,AUTO_GG_G1_G3,glia_glia,0.0,False,0.0003446089312838146,20260818
frozen_plasticity,37,Ext2,AUTO_GG_G2_G5,glia_glia,0.0,False,1.0,20260818
frozen_plasticity,37,Ext2,AUTO_TRI_N0_G1_N4,tripartite,0.0,False,0.0003446089312838146,20260818
frozen_plasticity,37,Ext2,AUTO_TRI_N3_G2_N5,tripartite,0.0,False,0.013446538275926978,20260818
frozen_plasticity,37,Ext2,AUTO_TRI_N3_G2_N9,tripartite,0.0,False,0.013446538275926978,20260818
frozen_plasticity,38,Ext2,AUTO_GG_G0_G1,glia_glia,0.0,False,0.00027568714502705167,20260818
frozen_plasticity,38,Ext2,AUTO_GG_G1_G3,glia_glia,0.0,False,0.00027568714502705167,20260818
frozen_plasticity,38,Ext2,AUTO_GG_G2_G5,glia_glia,0.0,False,1.0,20260818
frozen_plasticity,38,Ext2,AUTO_TRI_N0_G1_N4,tripartite,0.0,False,0.00027568714502705167,20260818
frozen_plasticity,38,Ext2,AUTO_TRI_N3_G2_N5,tripartite,0.0,False,0.013474366109637526,20260818
frozen_plasticity,38,Ext2,AUTO_TRI_N3_G2_N9,tripartite,0.0,False,0.013474366109637526,20260818
frozen_plasticity,39,Ext2,AUTO_GG_G0_G1,glia_glia,0.0,False,0.00022054971602164134,20260818
frozen_plasticity,39,Ext2,AUTO_GG_G1_G3,glia_glia,0.0,False,0.00022054971602164134,20260818
frozen_plasticity,39,Ext2,AUTO_GG_G2_G5,glia_glia,0.0,False,1.0,20260818
frozen_plasticity,39,Ext2,AUTO_TRI_N0_G1_N4,tripartite,0.0,False,0.00022054971602164134,20260818
frozen_plasticity,39,Ext2,AUTO_TRI_N3_G2_N5,tripartite,0.0,False,0.013499411159977019,20260818
frozen_plasticity,39,Ext2,AUTO_TRI_N3_G2_N9,tripartite,0.0,False,0.013499411159977019,20260818
frozen_plasticity,40,Ext2,AUTO_GG_G0_G1,glia_glia,0.0,False,0.0001764397728173131,20260818
frozen_plasticity,40,Ext2,AUTO_GG_G1_G3,glia_glia,0.0,False,0.0001764397728173131,20260818
frozen_plasticity,40,Ext2,AUTO_GG_G2_G5,glia_glia,0.0,False,1.0,20260818
frozen_plasticity,40,Ext2,AUTO_TRI_N0_G1_N4,tripartite,0.0,False,0.0001764397728173131,20260818
frozen_plasticity,40,Ext2,AUTO_TRI_N3_G2_N5,tripartite,0.0,False,0.013521951705282562,20260818
frozen_plasticity,40,Ext2,AUTO_TRI_N3_G2_N9,tripartite,0.0,False,0.013521951705282562,20260818
frozen_plasticity,41,Ext2,AUTO_GG_G0_G1,glia_glia,0.0,False,0.00014115181825385048,20260818
frozen_plasticity,41,Ext2,AUTO_GG_G1_G3,glia_glia,0.0,False,0.00014115181825385048,20260818
frozen_plasticity,41,Ext2,AUTO_GG_G2_G5,glia_glia,0.0,False,1.0,20260818
frozen_plasticity,41,Ext2,AUTO_TRI_N0_G1_N4,tripartite,0.0,False,0.00014115181825385048,20260818
frozen_plasticity,41,Ext2,AUTO_TRI_N3_G2_N5,tripartite,0.0,False,0.013542238196057552,20260818
frozen_plasticity,41,Ext2,AUTO_TRI_N3_G2_N9,tripartite,0.0,False,0.013542238196057552,20260818
frozen_plasticity,42,Ext2,AUTO_GG_G0_G1,glia_glia,0.0,False,0.00011292145460308038,20260818
frozen_plasticity,42,Ext2,AUTO_GG_G1_G3,glia_glia,0.0,False,0.00011292145460308038,20260818
frozen_plasticity,42,Ext2,AUTO_GG_G2_G5,glia_glia,0.0,False,1.0,20260818
frozen_plasticity,42,Ext2,AUTO_TRI_N0_G1_N4,tripartite,0.0,False,0.00011292145460308038,20260818
frozen_plasticity,42,Ext2,AUTO_TRI_N3_G2_N5,tripartite,0.0,False,0.013560496037755042,20260818
frozen_plasticity,42,Ext2,AUTO_TRI_N3_G2_N9,tripartite,0.0,False,0.013560496037755042,20260818
frozen_plasticity,43,Ext2,AUTO_GG_G0_G1,glia_glia,0.0,False,9.033716368246431e-05,20260818
frozen_plasticity,43,Ext2,AUTO_GG_G1_G3,glia_glia,0.0,False,9.033716368246431e-05,20260818
frozen_plasticity,43,Ext2,AUTO_GG_G2_G5,glia_glia,0.0,False,1.0,20260818
frozen_plasticity,43,Ext2,AUTO_TRI_N0_G1_N4,tripartite,0.0,False,9.033716368246431e-05,20260818
frozen_plasticity,43,Ext2,AUTO_TRI_N3_G2_N5,tripartite,0.0,False,0.013576928095282784,20260818
frozen_plasticity,43,Ext2,AUTO_TRI_N3_G2_N9,tripartite,0.0,False,0.013576928095282784,20260818
frozen_plasticity,44,Ext2,AUTO_GG_G0_G1,glia_glia,0.0,False,7.226973094597146e-05,20260818
frozen_plasticity,44,Ext2,AUTO_GG_G1_G3,glia_glia,0.0,False,7.226973094597146e-05,20260818
frozen_plasticity,44,Ext2,AUTO_GG_G2_G5,glia_glia,0.0,False,1.0,20260818
frozen_plasticity,44,Ext2,AUTO_TRI_N0_G1_N4,tripartite,0.0,False,7.226973094597146e-05,20260818
frozen_plasticity,44,Ext2,AUTO_TRI_N3_G2_N5,tripartite,0.0,False,0.01359171694705775,20260818
frozen_plasticity,44,Ext2,AUTO_TRI_N3_G2_N9,tripartite,0.0,False,0.01359171694705775,20260818
frozen_plasticity,45,Ext2,AUTO_GG_G0_G1,glia_glia,0.0,False,5.781578475677717e-05,20260818
frozen_plasticity,45,Ext2,AUTO_GG_G1_G3,glia_glia,0.0,False,5.781578475677717e-05,20260818
frozen_plasticity,45,Ext2,AUTO_GG_G2_G5,glia_glia,0.0,False,1.0,20260818
frozen_plasticity,45,Ext2,AUTO_TRI_N0_G1_N4,tripartite,0.0,False,5.781578475677717e-05,20260818
frozen_plasticity,45,Ext2,AUTO_TRI_N3_G2_N5,tripartite,0.0,False,0.01360502691365522,20260818
frozen_plasticity,45,Ext2,AUTO_TRI_N3_G2_N9,tripartite,0.0,False,0.01360502691365522,20260818
frozen_plasticity,46,Ext2,AUTO_GG_G0_G1,glia_glia,0.0,False,4.6252627805421734e-05,20260818
frozen_plasticity,46,Ext2,AUTO_GG_G1_G3,glia_glia,0.0,False,4.6252627805421734e-05,20260818
frozen_plasticity,46,Ext2,AUTO_GG_G2_G5,glia_glia,0.0,False,1.0,20260818
frozen_plasticity,46,Ext2,AUTO_TRI_N0_G1_N4,tripartite,0.0,False,4.6252627805421734e-05,20260818
frozen_plasticity,46,Ext2,AUTO_TRI_N3_G2_N5,tripartite,0.0,False,0.013617005883592943,20260818
frozen_plasticity,46,Ext2,AUTO_TRI_N3_G2_N9,tripartite,0.0,False,0.013617005883592943,20260818
frozen_plasticity,47,Ext2,AUTO_GG_G0_G1,glia_glia,0.0,False,3.700210224433739e-05,20260818
frozen_plasticity,47,Ext2,AUTO_GG_G1_G3,glia_glia,0.0,False,3.700210224433739e-05,20260818
frozen_plasticity,47,Ext2,AUTO_GG_G2_G5,glia_glia,0.0,False,1.0,20260818
frozen_plasticity,47,Ext2,AUTO_TRI_N0_G1_N4,tripartite,0.0,False,3.700210224433739e-05,20260818
frozen_plasticity,47,Ext2,AUTO_TRI_N3_G2_N5,tripartite,0.0,False,0.013627786956536894,20260818
frozen_plasticity,47,Ext2,AUTO_TRI_N3_G2_N9,tripartite,0.0,False,0.013627786956536894,20260818
frozen_plasticity,48,Ext2,AUTO_GG_G0_G1,glia_glia,0.0,False,2.960168179546991e-05,20260818
frozen_plasticity,48,Ext2,AUTO_GG_G1_G3,glia_glia,0.0,False,2.960168179546991e-05,20260818
frozen_plasticity,48,Ext2,AUTO_GG_G2_G5,glia_glia,0.0,False,1.0,20260818
frozen_plasticity,48,Ext2,AUTO_TRI_N0_G1_N4,tripartite,0.0,False,2.960168179546991e-05,20260818
frozen_plasticity,48,Ext2,AUTO_TRI_N3_G2_N5,tripartite,0.0,False,0.01363748992218645,20260818
frozen_plasticity,48,Ext2,AUTO_TRI_N3_G2_N9,tripartite,0.0,False,0.01363748992218645,20260818
frozen_plasticity,49,Ext2,AUTO_GG_G0_G1,glia_glia,0.0,False,2.368134543637593e-05,20260818
frozen_plasticity,49,Ext2,AUTO_GG_G1_G3,glia_glia,0.0,False,2.368134543637593e-05,20260818
frozen_plasticity,49,Ext2,AUTO_GG_G2_G5,glia_glia,0.0,False,1.0,20260818
frozen_plasticity,49,Ext2,AUTO_TRI_N0_G1_N4,tripartite,0.0,False,2.368134543637593e-05,20260818
frozen_plasticity,49,Ext2,AUTO_TRI_N3_G2_N5,tripartite,0.0,False,0.013646222591271049,20260818
frozen_plasticity,49,Ext2,AUTO_TRI_N3_G2_N9,tripartite,0.0,False,0.013646222591271049,20260818
frozen_plasticity,50,Ext2,AUTO_GG_G0_G1,glia_glia,0.0,False,1.8945076349100747e-05,20260818
frozen_plasticity,50,Ext2,AUTO_GG_G1_G3,glia_glia,0.0,False,1.8945076349100747e-05,20260818
frozen_plasticity,50,Ext2,AUTO_GG_G2_G5,glia_glia,0.0,False,1.0,20260818
frozen_plasticity,50,Ext2,AUTO_TRI_N0_G1_N4,tripartite,0.0,False,1.8945076349100747e-05,20260818
frozen_plasticity,50,Ext2,AUTO_TRI_N3_G2_N5,tripartite,0.0,False,0.01365408199344719,20260818
frozen_plasticity,50,Ext2,AUTO_TRI_N3_G2_N9,tripartite,0.0,False,0.01365408199344719,20260818
frozen_plasticity,51,Ext2,AUTO_GG_G0_G1,glia_glia,0.0,False,1.5156061079280599e-05,20260818
frozen_plasticity,51,Ext2,AUTO_GG_G1_G3,glia_glia,0.0,False,1.5156061079280599e-05,20260818
frozen_plasticity,51,Ext2,AUTO_GG_G2_G5,glia_glia,0.0,False,1.0,20260818
frozen_plasticity,51,Ext2,AUTO_TRI_N0_G1_N4,tripartite,0.0,False,1.5156061079280599e-05,20260818
frozen_plasticity,51,Ext2,AUTO_TRI_N3_G2_N5,tripartite,0.0,False,0.013661155455405716,20260818
frozen_plasticity,51,Ext2,AUTO_TRI_N3_G2_N9,tripartite,0.0,False,0.013661155455405716,20260818
frozen_plasticity,52,Ext2,AUTO_GG_G0_G1,glia_glia,0.0,False,1.2124848863424479e-05,20260818
frozen_plasticity,52,Ext2,AUTO_GG_G1_G3,glia_glia,0.0,False,1.2124848863424479e-05,20260818
frozen_plasticity,52,Ext2,AUTO_GG_G2_G5,glia_glia,0.0,False,1.0,20260818
frozen_plasticity,52,Ext2,AUTO_TRI_N0_G1_N4,tripartite,0.0,False,1.2124848863424479e-05,20260818
frozen_plasticity,52,Ext2,AUTO_TRI_N3_G2_N5,tripartite,0.0,False,0.013667521571168389,20260818
frozen_plasticity,52,Ext2,AUTO_TRI_N3_G2_N9,tripartite,0.0,False,0.013667521571168389,20260818
frozen_plasticity,53,Ext2,AUTO_GG_G0_G1,glia_glia,0.0,False,9.699879090739585e-06,20260818
frozen_plasticity,53,Ext2,AUTO_GG_G1_G3,glia_glia,0.0,False,9.699879090739585e-06,20260818
frozen_plasticity,53,Ext2,AUTO_GG_G2_G5,glia_glia,0.0,False,1.0,20260818
frozen_plasticity,53,Ext2,AUTO_TRI_N0_G1_N4,tripartite,0.0,False,9.699879090739585e-06,20260818
frozen_plasticity,53,Ext2,AUTO_TRI_N3_G2_N5,tripartite,0.0,False,0.013673251075354794,20260818
frozen_plasticity,53,Ext2,AUTO_TRI_N3_G2_N9,tripartite,0.0,False,0.013673251075354794,20260818
frozen_plasticity,54,E-Ret,AUTO_GG_G0_G1,glia_glia,0.0,False,9.699879090739585e-06,20260818
frozen_plasticity,54,E-Ret,AUTO_GG_G1_G3,glia_glia,0.0,False,9.699879090739585e-06,20260818
frozen_plasticity,54,E-Ret,AUTO_GG_G2_G5,glia_glia,0.0,False,1.0,20260818
frozen_plasticity,54,E-Ret,AUTO_TRI_N0_G1_N4,tripartite,0.0,False,9.699879090739585e-06,20260818
frozen_plasticity,54,E-Ret,AUTO_TRI_N3_G2_N5,tripartite,0.0,False,0.013673251075354794,20260818
frozen_plasticity,54,E-Ret,AUTO_TRI_N3_G2_N9,tripartite,0.0,False,0.013673251075354794,20260818
frozen_plasticity,55,E-Ret,AUTO_GG_G0_G1,glia_glia,0.0,False,9.699879090739585e-06,20260818
frozen_plasticity,55,E-Ret,AUTO_GG_G1_G3,glia_glia,0.0,False,9.699879090739585e-06,20260818
frozen_plasticity,55,E-Ret,AUTO_GG_G2_G5,glia_glia,0.0,False,1.0,20260818
frozen_plasticity,55,E-Ret,AUTO_TRI_N0_G1_N4,tripartite,0.0,False,9.699879090739585e-06,20260818
frozen_plasticity,55,E-Ret,AUTO_TRI_N3_G2_N5,tripartite,0.0,False,0.013673251075354794,20260818
frozen_plasticity,55,E-Ret,AUTO_TRI_N3_G2_N9,tripartite,0.0,False,0.013673251075354794,20260818
frozen_plasticity,56,E-Ret,AUTO_GG_G0_G1,glia_glia,0.0,False,9.699879090739585e-06,20260818
frozen_plasticity,56,E-Ret,AUTO_GG_G1_G3,glia_glia,0.0,False,9.699879090739585e-06,20260818
frozen_plasticity,56,E-Ret,AUTO_GG_G2_G5,glia_glia,0.0,False,1.0,20260818
frozen_plasticity,56,E-Ret,AUTO_TRI_N0_G1_N4,tripartite,0.0,False,9.699879090739585e-06,20260818
frozen_plasticity,56,E-Ret,AUTO_TRI_N3_G2_N5,tripartite,0.0,False,0.013673251075354794,20260818
frozen_plasticity,56,E-Ret,AUTO_TRI_N3_G2_N9,tripartite,0.0,False,0.013673251075354794,20260818
frozen_plasticity,57,E-Ret,AUTO_GG_G0_G1,glia_glia,0.0,False,9.699879090739585e-06,20260818
frozen_plasticity,57,E-Ret,AUTO_GG_G1_G3,glia_glia,0.0,False,9.699879090739585e-06,20260818
frozen_plasticity,57,E-Ret,AUTO_GG_G2_G5,glia_glia,0.0,False,1.0,20260818
frozen_plasticity,57,E-Ret,AUTO_TRI_N0_G1_N4,tripartite,0.0,False,9.699879090739585e-06,20260818
frozen_plasticity,57,E-Ret,AUTO_TRI_N3_G2_N5,tripartite,0.0,False,0.013673251075354794,20260818
frozen_plasticity,57,E-Ret,AUTO_TRI_N3_G2_N9,tripartite,0.0,False,0.013673251075354794,20260818
frozen_plasticity,58,E-Ret,AUTO_GG_G0_G1,glia_glia,0.0,False,9.699879090739585e-06,20260818
frozen_plasticity,58,E-Ret,AUTO_GG_G1_G3,glia_glia,0.0,False,9.699879090739585e-06,20260818
frozen_plasticity,58,E-Ret,AUTO_GG_G2_G5,glia_glia,0.0,False,1.0,20260818
frozen_plasticity,58,E-Ret,AUTO_TRI_N0_G1_N4,tripartite,0.0,False,9.699879090739585e-06,20260818
frozen_plasticity,58,E-Ret,AUTO_TRI_N3_G2_N5,tripartite,0.0,False,0.013673251075354794,20260818
frozen_plasticity,58,E-Ret,AUTO_TRI_N3_G2_N9,tripartite,0.0,False,0.013673251075354794,20260818
frozen_plasticity,59,F-Ren,AUTO_GG_G0_G1,glia_glia,0.0,False,9.699879090739585e-06,20260818
frozen_plasticity,59,F-Ren,AUTO_GG_G1_G3,glia_glia,0.0,False,9.699879090739585e-06,20260818
frozen_plasticity,59,F-Ren,AUTO_GG_G2_G5,glia_glia,0.0,False,1.0,20260818
frozen_plasticity,59,F-Ren,AUTO_TRI_N0_G1_N4,tripartite,0.0,False,9.699879090739585e-06,20260818
frozen_plasticity,59,F-Ren,AUTO_TRI_N3_G2_N5,tripartite,0.0,False,0.013673251075354794,20260818
frozen_plasticity,59,F-Ren,AUTO_TRI_N3_G2_N9,tripartite,0.0,False,0.013673251075354794,20260818
frozen_plasticity,60,F-Ren,AUTO_GG_G0_G1,glia_glia,0.0,False,9.699879090739585e-06,20260818
frozen_plasticity,60,F-Ren,AUTO_GG_G1_G3,glia_glia,0.0,False,9.699879090739585e-06,20260818
frozen_plasticity,60,F-Ren,AUTO_GG_G2_G5,glia_glia,0.0,False,1.0,20260818
frozen_plasticity,60,F-Ren,AUTO_TRI_N0_G1_N4,tripartite,0.0,False,9.699879090739585e-06,20260818
frozen_plasticity,60,F-Ren,AUTO_TRI_N3_G2_N5,tripartite,0.0,False,0.013673251075354794,20260818
frozen_plasticity,60,F-Ren,AUTO_TRI_N3_G2_N9,tripartite,0.0,False,0.013673251075354794,20260818
frozen_plasticity,61,F-Ren,AUTO_GG_G0_G1,glia_glia,0.0,False,9.699879090739585e-06,20260818
frozen_plasticity,61,F-Ren,AUTO_GG_G1_G3,glia_glia,0.0,False,9.699879090739585e-06,20260818
frozen_plasticity,61,F-Ren,AUTO_GG_G2_G5,glia_glia,0.0,False,1.0,20260818
frozen_plasticity,61,F-Ren,AUTO_TRI_N0_G1_N4,tripartite,0.0,False,9.699879090739585e-06,20260818
frozen_plasticity,61,F-Ren,AUTO_TRI_N3_G2_N5,tripartite,0.0,False,0.013673251075354794,20260818
frozen_plasticity,61,F-Ren,AUTO_TRI_N3_G2_N9,tripartite,0.0,False,0.013673251075354794,20260818
frozen_plasticity,62,F-Ren,AUTO_GG_G0_G1,glia_glia,0.0,False,9.699879090739585e-06,20260818
frozen_plasticity,62,F-Ren,AUTO_GG_G1_G3,glia_glia,0.0,False,9.699879090739585e-06,20260818
frozen_plasticity,62,F-Ren,AUTO_GG_G2_G5,glia_glia,0.0,False,1.0,20260818
frozen_plasticity,62,F-Ren,AUTO_TRI_N0_G1_N4,tripartite,0.0,False,9.699879090739585e-06,20260818
frozen_plasticity,62,F-Ren,AUTO_TRI_N3_G2_N5,tripartite,0.0,False,0.013673251075354794,20260818
frozen_plasticity,62,F-Ren,AUTO_TRI_N3_G2_N9,tripartite,0.0,False,0.013673251075354794,20260818
frozen_plasticity,63,F-Ren,AUTO_GG_G0_G1,glia_glia,0.0,False,9.699879090739585e-06,20260818
frozen_plasticity,63,F-Ren,AUTO_GG_G1_G3,glia_glia,0.0,False,9.699879090739585e-06,20260818
frozen_plasticity,63,F-Ren,AUTO_GG_G2_G5,glia_glia,0.0,False,1.0,20260818
frozen_plasticity,63,F-Ren,AUTO_TRI_N0_G1_N4,tripartite,0.0,False,9.699879090739585e-06,20260818
frozen_plasticity,63,F-Ren,AUTO_TRI_N3_G2_N5,tripartite,0.0,False,0.013673251075354794,20260818
frozen_plasticity,63,F-Ren,AUTO_TRI_N3_G2_N9,tripartite,0.0,False,0.013673251075354794,20260818
no_tripartite,1,F-Con,AUTO_GG_G0_G1,glia_glia,0.9593537143165668,True,0.243639236436246,20260818
no_tripartite,1,F-Con,AUTO_GG_G1_G3,glia_glia,0.404086960657421,True,0.13064578932941684,20260818
no_tripartite,1,F-Con,AUTO_GG_G2_G5,glia_glia,0.0,False,0.0,20260818
no_tripartite,2,F-Con,AUTO_GG_G0_G1,glia_glia,1.0,True,0.41680761926038906,20260818
no_tripartite,2,F-Con,AUTO_GG_G1_G3,glia_glia,1.0,True,0.24793464773718882,20260818
no_tripartite,2,F-Con,AUTO_GG_G2_G5,glia_glia,0.0,False,0.0,20260818
no_tripartite,3,F-Con,AUTO_GG_G0_G1,glia_glia,1.0,True,0.5703992103453742,20260818
no_tripartite,3,F-Con,AUTO_GG_G1_G3,glia_glia,1.0,True,0.35215224223651304,20260818
no_tripartite,3,F-Con,AUTO_GG_G2_G5,glia_glia,0.0,False,0.0,20260818
no_tripartite,4,Ext1,AUTO_GG_G0_G1,glia_glia,1.0,True,0.5138974464009732,20260818
no_tripartite,4,Ext1,AUTO_GG_G1_G3,glia_glia,1.0,True,0.3169832449595021,20260818
no_tripartite,4,Ext1,AUTO_GG_G2_G5,glia_glia,0.06509535473930901,False,0.1649830810994733,20260818
no_tripartite,5,Ext1,AUTO_GG_G0_G1,glia_glia,1.0,True,0.43495762156767204,20260818
no_tripartite,5,Ext1,AUTO_GG_G1_G3,glia_glia,1.0,True,0.2853311474101922,20260818
no_tripartite,5,Ext1,AUTO_GG_G2_G5,glia_glia,0.20752652874399613,True,0.31346785408899924,20260818
no_tripartite,6,Ext1,AUTO_GG_G0_G1,glia_glia,1.0,True,0.34796609725413763,20260818
no_tripartite,6,Ext1,AUTO_GG_G1_G3,glia_glia,1.0,True,0.25684425961581336,20260818
no_tripartite,6,Ext1,AUTO_GG_G2_G5,glia_glia,0.4185060170313903,True,0.44508061751179673,20260818
no_tripartite,7,Ext1,AUTO_GG_G0_G1,glia_glia,1.0,True,0.2783728778033101,20260818
no_tripartite,7,Ext1,AUTO_GG_G1_G3,glia_glia,1.0,True,0.23120606060087243,20260818
no_tripartite,7,Ext1,AUTO_GG_G2_G5,glia_glia,0.6881377268443506,True,0.5576928828408838,20260818
no_tripartite,8,Ext1,AUTO_GG_G0_G1,glia_glia,1.0,True,0.22269830224264808,20260818
no_tripartite,8,Ext1,AUTO_GG_G1_G3,glia_glia,1.0,True,0.20813168148742558,20260818
no_tripartite,8,Ext1,AUTO_GG_G2_G5,glia_glia,1.0,True,0.6476757957818747,20260818
no_tripartite,9,Ext1,AUTO_GG_G0_G1,glia_glia,1.0,True,0.17815864179411847,20260818
no_tripartite,9,Ext1,AUTO_GG_G1_G3,glia_glia,1.0,True,0.17815864179411847,20260818
no_tripartite,9,Ext1,AUTO_GG_G2_G5,glia_glia,1.0,True,0.7135422343447728,20260818
no_tripartite,10,Ext1,AUTO_GG_G0_G1,glia_glia,1.0,True,0.14252691343529478,20260818
no_tripartite,10,Ext1,AUTO_GG_G1_G3,glia_glia,1.0,True,0.14252691343529478,20260818
no_tripartite,10,Ext1,AUTO_GG_G2_G5,glia_glia,1.0,True,0.772822029051381,20260818
no_tripartite,11,Ext1,AUTO_GG_G0_G1,glia_glia,1.0,True,0.11402153074823583,20260818
no_tripartite,11,Ext1,AUTO_GG_G1_G3,glia_glia,1.0,True,0.11402153074823583,20260818
no_tripartite,11,Ext1,AUTO_GG_G2_G5,glia_glia,1.0,True,0.8261738442873283,20260818
no_tripartite,12,Ext1,AUTO_GG_G0_G1,glia_glia,1.0,True,0.09121722459858866,20260818
no_tripartite,12,Ext1,AUTO_GG_G1_G3,glia_glia,1.0,True,0.09121722459858866,20260818
no_tripartite,12,Ext1,AUTO_GG_G2_G5,glia_glia,1.0,True,0.874190477999681,20260818
no_tripartite,13,Ext1,AUTO_GG_G0_G1,glia_glia,1.0,True,0.07297377967887093,20260818
no_tripartite,13,Ext1,AUTO_GG_G1_G3,glia_glia,1.0,True,0.07297377967887093,20260818
no_tripartite,13,Ext1,AUTO_GG_G2_G5,glia_glia,1.0,True,0.9174054483407983,20260818
no_tripartite,14,Ext1,AUTO_GG_G0_G1,glia_glia,1.0,True,0.05837902374309675,20260818
no_tripartite,14,Ext1,AUTO_GG_G1_G3,glia_glia,1.0,True,0.05837902374309675,20260818
no_tripartite,14,Ext1,AUTO_GG_G2_G5,glia_glia,1.0,True,0.956298921647804,20260818
no_tripartite,15,Ext1,AUTO_GG_G0_G1,glia_glia,1.0,True,0.04670321899447741,20260818
no_tripartite,15,Ext1,AUTO_GG_G1_G3,glia_glia,1.0,True,0.04670321899447741,20260818
no_tripartite,15,Ext1,AUTO_GG_G2_G5,glia_glia,1.0,True,0.9913030476241091,20260818
no_tripartite,16,Ext1,AUTO_GG_G0_G1,glia_glia,1.0,True,0.03736257519558193,20260818
no_tripartite,16,Ext1,AUTO_GG_G1_G3,glia_glia,1.0,True,0.03736257519558193,20260818
no_tripartite,16,Ext1,AUTO_GG_G2_G5,glia_glia,1.0,True,1.0,20260818
no_tripartite,17,Ext1,AUTO_GG_G0_G1,glia_glia,1.0,True,0.029890060156465545,20260818
no_tripartite,17,Ext1,AUTO_GG_G1_G3,glia_glia,1.0,True,0.029890060156465545,20260818
no_tripartite,17,Ext1,AUTO_GG_G2_G5,glia_glia,1.0,True,1.0,20260818
no_tripartite,18,Ext1,AUTO_GG_G0_G1,glia_glia,1.0,True,0.023912048125172437,20260818
no_tripartite,18,Ext1,AUTO_GG_G1_G3,glia_glia,1.0,True,0.023912048125172437,20260818
no_tripartite,18,Ext1,AUTO_GG_G2_G5,glia_glia,1.0,True,1.0,20260818
no_tripartite,19,Ext1,AUTO_GG_G0_G1,glia_glia,1.0,True,0.01912963850013795,20260818
no_tripartite,19,Ext1,AUTO_GG_G1_G3,glia_glia,1.0,True,0.01912963850013795,20260818
no_tripartite,19,Ext1,AUTO_GG_G2_G5,glia_glia,1.0,True,1.0,20260818
no_tripartite,20,Ext1,AUTO_GG_G0_G1,glia_glia,1.0,True,0.01530371080011036,20260818
no_tripartite,20,Ext1,AUTO_GG_G1_G3,glia_glia,1.0,True,0.01530371080011036,20260818
no_tripartite,20,Ext1,AUTO_GG_G2_G5,glia_glia,1.0,True,1.0,20260818
no_tripartite,21,Ext1,AUTO_GG_G0_G1,glia_glia,1.0,True,0.012242968640088288,20260818
no_tripartite,21,Ext1,AUTO_GG_G1_G3,glia_glia,1.0,True,0.012242968640088288,20260818
no_tripartite,21,Ext1,AUTO_GG_G2_G5,glia_glia,1.0,True,1.0,20260818
no_tripartite,22,Ext1,AUTO_GG_G0_G1,glia_glia,1.0,True,0.00979437491207063,20260818
no_tripartite,22,Ext1,AUTO_GG_G1_G3,glia_glia,1.0,True,0.00979437491207063,20260818
no_tripartite,22,Ext1,AUTO_GG_G2_G5,glia_glia,1.0,True,1.0,20260818
no_tripartite,23,Ext1,AUTO_GG_G0_G1,glia_glia,1.0,True,0.007835499929656506,20260818
no_tripartite,23,Ext1,AUTO_GG_G1_G3,glia_glia,1.0,True,0.007835499929656506,20260818
no_tripartite,23,Ext1,AUTO_GG_G2_G5,glia_glia,1.0,True,1.0,20260818
no_tripartite,24,Ext1,AUTO_GG_G0_G1,glia_glia,1.0,True,0.006268399943725205,20260818
no_tripartite,24,Ext1,AUTO_GG_G1_G3,glia_glia,1.0,True,0.006268399943725205,20260818
no_tripartite,24,Ext1,AUTO_GG_G2_G5,glia_glia,1.0,True,1.0,20260818
no_tripartite,25,Ext1,AUTO_GG_G0_G1,glia_glia,1.0,True,0.005014719954980164,20260818
no_tripartite,25,Ext1,AUTO_GG_G1_G3,glia_glia,1.0,True,0.005014719954980164,20260818
no_tripartite,25,Ext1,AUTO_GG_G2_G5,glia_glia,1.0,True,1.0,20260818
no_tripartite,26,Ext1,AUTO_GG_G0_G1,glia_glia,0.9999209420771187,True,0.004011775963984132,20260818
no_tripartite,26,Ext1,AUTO_GG_G1_G3,glia_glia,0.9999308243174789,True,0.004011775963984132,20260818
no_tripartite,26,Ext1,AUTO_GG_G2_G5,glia_glia,1.0,True,1.0,20260818
no_tripartite,27,Ext1,AUTO_GG_G0_G1,glia_glia,0.9997776957388137,True,0.0032094207711873056,20260818
no_tripartite,27,Ext1,AUTO_GG_G1_G3,glia_glia,0.9998054837714621,True,0.0032094207711873056,20260818
no_tripartite,27,Ext1,AUTO_GG_G2_G5,glia_glia,1.0,True,1.0,20260818
no_tripartite,28,Ext1,AUTO_GG_G0_G1,glia_glia,0.9995830986681696,True,0.0025675366169498445,20260818
no_tripartite,28,Ext1,AUTO_GG_G1_G3,glia_glia,0.9996352113346485,True,0.0025675366169498445,20260818
no_tripartite,28,Ext1,AUTO_GG_G2_G5,glia_glia,1.0,True,1.0,20260818
no_tripartite,29,Ext2,AUTO_GG_G0_G1,glia_glia,0.9993474210116544,True,0.002054029293559876,20260818
no_tripartite,29,Ext2,AUTO_GG_G1_G3,glia_glia,0.9994289933851976,True,0.002054029293559876,20260818
no_tripartite,29,Ext2,AUTO_GG_G2_G5,glia_glia,1.0,True,1.0,20260818
no_tripartite,30,Ext2,AUTO_GG_G0_G1,glia_glia,0.9990788788864422,True,0.0016432234348479008,20260818
no_tripartite,30,Ext2,AUTO_GG_G1_G3,glia_glia,0.999194019025637,True,0.0016432234348479008,20260818
no_tripartite,30,Ext2,AUTO_GG_G2_G5,glia_glia,1.0,True,1.0,20260818
no_tripartite,31,Ext2,AUTO_GG_G0_G1,glia_glia,0.9987840451862725,True,0.0013145787478783207,20260818
no_tripartite,31,Ext2,AUTO_GG_G1_G3,glia_glia,0.9989360395379885,True,0.0013145787478783207,20260818
no_tripartite,31,Ext2,AUTO_GG_G2_G5,glia_glia,1.0,True,1.0,20260818
no_tripartite,32,Ext2,AUTO_GG_G0_G1,glia_glia,0.9984681782261368,True,0.0010516629983026566,20260818
no_tripartite,32,Ext2,AUTO_GG_G1_G3,glia_glia,0.9986596559478697,True,0.0010516629983026566,20260818
no_tripartite,32,Ext2,AUTO_GG_G2_G5,glia_glia,1.0,True,1.0,20260818
no_tripartite,33,Ext2,AUTO_GG_G0_G1,glia_glia,0.9981354846580281,True,0.0008413303986421253,20260818
no_tripartite,33,Ext2,AUTO_GG_G1_G3,glia_glia,0.9983685490757745,True,0.0008413303986421253,20260818
no_tripartite,33,Ext2,AUTO_GG_G2_G5,glia_glia,1.0,True,1.0,20260818
no_tripartite,34,Ext2,AUTO_GG_G0_G1,glia_glia,0.9977893298035413,True,0.0006730643189137003,20260818
no_tripartite,34,Ext2,AUTO_GG_G1_G3,glia_glia,0.9980656635780986,True,0.0006730643189137003,20260818
no_tripartite,34,Ext2,AUTO_GG_G2_G5,glia_glia,1.0,True,1.0,20260818
no_tripartite,35,Ext2,AUTO_GG_G0_G1,glia_glia,0.9974324059199517,True,0.0005384514551309603,20260818
no_tripartite,35,Ext2,AUTO_GG_G1_G3,glia_glia,0.9977533551799578,True,0.0005384514551309603,20260818
no_tripartite,35,Ext2,AUTO_GG_G2_G5,glia_glia,1.0,True,1.0,20260818
no_tripartite,36,Ext2,AUTO_GG_G0_G1,glia_glia,0.9970668668130801,True,0.00043076116410476823,20260818
no_tripartite,36,Ext2,AUTO_GG_G1_G3,glia_glia,0.9974335084614451,True,0.00043076116410476823,20260818
no_tripartite,36,Ext2,AUTO_GG_G2_G5,glia_glia,1.0,True,1.0,20260818
no_tripartite,37,Ext2,AUTO_GG_G0_G1,glia_glia,0.9966944355275829,True,0.0003446089312838146,20260818
no_tripartite,37,Ext2,AUTO_GG_G1_G3,glia_glia,0.9971076310866349,True,0.0003446089312838146,20260818
no_tripartite,37,Ext2,AUTO_GG_G2_G5,glia_glia,1.0,True,1.0,20260818
no_tripartite,38,Ext2,AUTO_GG_G0_G1,glia_glia,0.996316490499185,True,0.00027568714502705167,20260818
no_tripartite,38,Ext2,AUTO_GG_G1_G3,glia_glia,0.9967769291867868,True,0.00027568714502705167,20260818
no_tripartite,38,Ext2,AUTO_GG_G2_G5,glia_glia,1.0,True,1.0,20260818
no_tripartite,39,Ext2,AUTO_GG_G0_G1,glia_glia,0.9959341344764667,True,0.00022054971602164134,20260818
no_tripartite,39,Ext2,AUTO_GG_G1_G3,glia_glia,0.9964423676669083,True,0.00022054971602164134,20260818
no_tripartite,39,Ext2,AUTO_GG_G2_G5,glia_glia,1.0,True,1.0,20260818
no_tripartite,40,Ext2,AUTO_GG_G0_G1,glia_glia,0.9955482496582921,True,0.0001764397728173131,20260818
no_tripartite,40,Ext2,AUTO_GG_G1_G3,glia_glia,0.9961047184510056,True,0.0001764397728173131,20260818
no_tripartite,40,Ext2,AUTO_GG_G2_G5,glia_glia,1.0,True,1.0,20260818
no_tripartite,41,Ext2,AUTO_GG_G0_G1,glia_glia,0.9951595418037524,True,0.00014115181825385048,20260818
no_tripartite,41,Ext2,AUTO_GG_G1_G3,glia_glia,0.9957645990782833,True,0.00014115181825385048,20260818
no_tripartite,41,Ext2,AUTO_GG_G2_G5,glia_glia,1.0,True,1.0,20260818
no_tripartite,42,Ext2,AUTO_GG_G0_G1,glia_glia,0.9947685755201207,True,0.00011292145460308038,20260818
no_tripartite,42,Ext2,AUTO_GG_G1_G3,glia_glia,0.9954225035801055,True,0.00011292145460308038,20260818
no_tripartite,42,Ext2,AUTO_GG_G2_G5,glia_glia,1.0,True,1.0,20260818
no_tripartite,43,Ext2,AUTO_GG_G0_G1,glia_glia,0.9943758024932152,True,9.033716368246431e-05,20260818
no_tripartite,43,Ext2,AUTO_GG_G1_G3,glia_glia,0.9950788271815633,True,9.033716368246431e-05,20260818
no_tripartite,43,Ext2,AUTO_GG_G2_G5,glia_glia,1.0,True,1.0,20260818
no_tripartite,44,Ext2,AUTO_GG_G0_G1,glia_glia,0.9939815840716909,True,7.226973094597146e-05,20260818
no_tripartite,44,Ext2,AUTO_GG_G1_G3,glia_glia,0.9947338860627295,True,7.226973094597146e-05,20260818
no_tripartite,44,Ext2,AUTO_GG_G2_G5,glia_glia,1.0,True,1.0,20260818
no_tripartite,45,Ext2,AUTO_GG_G0_G1,glia_glia,0.9935862093344714,True,5.781578475677717e-05,20260818
no_tripartite,45,Ext2,AUTO_GG_G1_G3,glia_glia,0.9943879331676625,True,5.781578475677717e-05,20260818
no_tripartite,45,Ext2,AUTO_GG_G2_G5,glia_glia,1.0,True,1.0,20260818
no_tripartite,46,Ext2,AUTO_GG_G0_G1,glia_glia,0.9931899095446959,True,4.6252627805421734e-05,20260818
no_tripartite,46,Ext2,AUTO_GG_G1_G3,glia_glia,0.9940411708516089,True,4.6252627805421734e-05,20260818
no_tripartite,46,Ext2,AUTO_GG_G2_G5,glia_glia,1.0,True,1.0,20260818
no_tripartite,47,Ext2,AUTO_GG_G0_G1,glia_glia,0.9927928697128754,True,3.700210224433739e-05,20260818
no_tripartite,47,Ext2,AUTO_GG_G1_G3,glia_glia,0.993693760998766,True,3.700210224433739e-05,20260818
no_tripartite,47,Ext2,AUTO_GG_G2_G5,glia_glia,1.0,True,1.0,20260818
no_tripartite,48,Ext2,AUTO_GG_G0_G1,glia_glia,0.992395237847419,True,2.960168179546991e-05,20260818
no_tripartite,48,Ext2,AUTO_GG_G1_G3,glia_glia,0.9933458331164917,True,2.960168179546991e-05,20260818
no_tripartite,48,Ext2,AUTO_GG_G2_G5,glia_glia,1.0,True,1.0,20260818
no_tripartite,49,Ext2,AUTO_GG_G0_G1,glia_glia,0.9919971323550539,True,2.368134543637593e-05,20260818
no_tripartite,49,Ext2,AUTO_GG_G1_G3,glia_glia,0.9929974908106722,True,2.368134543637593e-05,20260818
no_tripartite,49,Ext2,AUTO_GG_G2_G5,glia_glia,1.0,True,1.0,20260818
no_tripartite,50,Ext2,AUTO_GG_G0_G1,glia_glia,0.9915986479611618,True,1.8945076349100747e-05,20260818
no_tripartite,50,Ext2,AUTO_GG_G1_G3,glia_glia,0.9926488169660167,True,1.8945076349100747e-05,20260818
no_tripartite,50,Ext2,AUTO_GG_G2_G5,glia_glia,1.0,True,1.0,20260818
no_tripartite,51,Ext2,AUTO_GG_G0_G1,glia_glia,0.9911998604460481,True,1.5156061079280599e-05,20260818
no_tripartite,51,Ext2,AUTO_GG_G1_G3,glia_glia,0.9922998778902923,True,1.5156061079280599e-05,20260818
no_tripartite,51,Ext2,AUTO_GG_G2_G5,glia_glia,1.0,True,1.0,20260818
no_tripartite,52,Ext2,AUTO_GG_G0_G1,glia_glia,0.9908008304339572,True,1.2124848863424479e-05,20260818
no_tripartite,52,Ext2,AUTO_GG_G1_G3,glia_glia,0.9919507266297127,True,1.2124848863424479e-05,20260818
no_tripartite,52,Ext2,AUTO_GG_G2_G5,glia_glia,1.0,True,1.0,20260818
no_tripartite,53,Ext2,AUTO_GG_G0_G1,glia_glia,0.9904016064242844,True,9.699879090739585e-06,20260818
no_tripartite,53,Ext2,AUTO_GG_G1_G3,glia_glia,0.9916014056212491,True,9.699879090739585e-06,20260818
no_tripartite,53,Ext2,AUTO_GG_G2_G5,glia_glia,1.0,True,1.0,20260818
no_tripartite,54,E-Ret,AUTO_GG_G0_G1,glia_glia,0.9904016064242844,True,9.699879090739585e-06,20260818
no_tripartite,54,E-Ret,AUTO_GG_G1_G3,glia_glia,0.9916014056212491,True,9.699879090739585e-06,20260818
no_tripartite,54,E-Ret,AUTO_GG_G2_G5,glia_glia,1.0,True,1.0,20260818
no_tripartite,55,E-Ret,AUTO_GG_G0_G1,glia_glia,0.9904016064242844,True,9.699879090739585e-06,20260818
no_tripartite,55,E-Ret,AUTO_GG_G1_G3,glia_glia,0.9916014056212491,True,9.699879090739585e-06,20260818
no_tripartite,55,E-Ret,AUTO_GG_G2_G5,glia_glia,1.0,True,1.0,20260818
no_tripartite,56,E-Ret,AUTO_GG_G0_G1,glia_glia,0.9904016064242844,True,9.699879090739585e-06,20260818
no_tripartite,56,E-Ret,AUTO_GG_G1_G3,glia_glia,0.9916014056212491,True,9.699879090739585e-06,20260818
no_tripartite,56,E-Ret,AUTO_GG_G2_G5,glia_glia,1.0,True,1.0,20260818
no_tripartite,57,E-Ret,AUTO_GG_G0_G1,glia_glia,0.9904016064242844,True,9.699879090739585e-06,20260818
no_tripartite,57,E-Ret,AUTO_GG_G1_G3,glia_glia,0.9916014056212491,True,9.699879090739585e-06,20260818
no_tripartite,57,E-Ret,AUTO_GG_G2_G5,glia_glia,1.0,True,1.0,20260818
no_tripartite,58,E-Ret,AUTO_GG_G0_G1,glia_glia,0.9904016064242844,True,9.699879090739585e-06,20260818
no_tripartite,58,E-Ret,AUTO_GG_G1_G3,glia_glia,0.9916014056212491,True,9.699879090739585e-06,20260818
no_tripartite,58,E-Ret,AUTO_GG_G2_G5,glia_glia,1.0,True,1.0,20260818
no_tripartite,59,F-Ren,AUTO_GG_G0_G1,glia_glia,0.9904016064242844,True,9.699879090739585e-06,20260818
no_tripartite,59,F-Ren,AUTO_GG_G1_G3,glia_glia,0.9916014056212491,True,9.699879090739585e-06,20260818
no_tripartite,59,F-Ren,AUTO_GG_G2_G5,glia_glia,1.0,True,1.0,20260818
no_tripartite,60,F-Ren,AUTO_GG_G0_G1,glia_glia,0.9904016064242844,True,9.699879090739585e-06,20260818
no_tripartite,60,F-Ren,AUTO_GG_G1_G3,glia_glia,0.9916014056212491,True,9.699879090739585e-06,20260818
no_tripartite,60,F-Ren,AUTO_GG_G2_G5,glia_glia,1.0,True,1.0,20260818
no_tripartite,61,F-Ren,AUTO_GG_G0_G1,glia_glia,0.9904016064242844,True,9.699879090739585e-06,20260818
no_tripartite,61,F-Ren,AUTO_GG_G1_G3,glia_glia,0.9916014056212491,True,9.699879090739585e-06,20260818
no_tripartite,61,F-Ren,AUTO_GG_G2_G5,glia_glia,1.0,True,1.0,20260818
no_tripartite,62,F-Ren,AUTO_GG_G0_G1,glia_glia,0.9904016064242844,True,9.699879090739585e-06,20260818
no_tripartite,62,F-Ren,AUTO_GG_G1_G3,glia_glia,0.9916014056212491,True,9.699879090739585e-06,20260818
no_tripartite,62,F-Ren,AUTO_GG_G2_G5,glia_glia,1.0,True,1.0,20260818
no_tripartite,63,F-Ren,AUTO_GG_G0_G1,glia_glia,0.9904016064242844,True,9.699879090739585e-06,20260818
no_tripartite,63,F-Ren,AUTO_GG_G1_G3,glia_glia,0.9916014056212491,True,9.699879090739585e-06,20260818
no_tripartite,63,F-Ren,AUTO_GG_G2_G5,glia_glia,1.0,True,1.0,20260818
no_glia_glia,1,F-Con,AUTO_TRI_N0_G1_N4,tripartite,0.0,False,0.002220606289620657,20260818
no_glia_glia,1,F-Con,AUTO_TRI_N3_G2_N5,tripartite,0.0,False,0.0,20260818
no_glia_glia,1,F-Con,AUTO_TRI_N3_G2_N9,tripartite,0.0,False,0.0,20260818
no_glia_glia,2,F-Con,AUTO_TRI_N0_G1_N4,tripartite,0.0,False,0.0042191519502792485,20260818
no_glia_glia,2,F-Con,AUTO_TRI_N3_G2_N5,tripartite,0.0,False,0.0,20260818
no_glia_glia,2,F-Con,AUTO_TRI_N3_G2_N9,tripartite,0.0,False,0.0,20260818
no_glia_glia,3,F-Con,AUTO_TRI_N0_G1_N4,tripartite,0.0,False,0.00601784304487198,20260818
no_glia_glia,3,F-Con,AUTO_TRI_N3_G2_N5,tripartite,0.0,False,0.0,20260818
no_glia_glia,3,F-Con,AUTO_TRI_N3_G2_N9,tripartite,0.0,False,0.0,20260818
no_glia_glia,4,Ext1,AUTO_TRI_N0_G1_N4,tripartite,0.0,False,0.00763666503000544,20260818
no_glia_glia,4,Ext1,AUTO_TRI_N3_G2_N5,tripartite,0.0,False,0.004719964433221858,20260818
no_glia_glia,4,Ext1,AUTO_TRI_N3_G2_N9,tripartite,0.0,False,0.004719964433221858,20260818
no_glia_glia,5,Ext1,AUTO_TRI_N0_G1_N4,tripartite,0.0,False,0.009093604816625554,20260818
no_glia_glia,5,Ext1,AUTO_TRI_N3_G2_N5,tripartite,0.0,False,0.005620449651202916,20260818
no_glia_glia,5,Ext1,AUTO_TRI_N3_G2_N9,tripartite,0.0,False,0.005620449651202916,20260818
no_glia_glia,6,Ext1,AUTO_TRI_N0_G1_N4,tripartite,0.0,False,0.010404850624583656,20260818
no_glia_glia,6,Ext1,AUTO_TRI_N3_G2_N5,tripartite,0.0,False,0.006430886347385869,20260818
no_glia_glia,6,Ext1,AUTO_TRI_N3_G2_N9,tripartite,0.0,False,0.006430886347385869,20260818
no_glia_glia,7,Ext1,AUTO_TRI_N0_G1_N4,tripartite,0.0,False,0.011584971851745948,20260818
no_glia_glia,7,Ext1,AUTO_TRI_N3_G2_N5,tripartite,0.0,False,0.007160279373950527,20260818
no_glia_glia,7,Ext1,AUTO_TRI_N3_G2_N9,tripartite,0.0,False,0.007160279373950527,20260818
no_glia_glia,8,Ext1,AUTO_TRI_N0_G1_N4,tripartite,0.0,False,0.01264708095619201,20260818
no_glia_glia,8,Ext1,AUTO_TRI_N3_G2_N5,tripartite,0.0,False,0.007816733097858719,20260818
no_glia_glia,8,Ext1,AUTO_TRI_N3_G2_N9,tripartite,0.0,False,0.007816733097858719,20260818
no_glia_glia,9,Ext1,AUTO_TRI_N0_G1_N4,tripartite,0.0,False,0.013602979150193466,20260818
no_glia_glia,9,Ext1,AUTO_TRI_N3_G2_N5,tripartite,0.0,False,0.008407541449376091,20260818
no_glia_glia,9,Ext1,AUTO_TRI_N3_G2_N9,tripartite,0.0,False,0.008407541449376091,20260818
no_glia_glia,10,Ext1,AUTO_TRI_N0_G1_N4,tripartite,0.0,False,0.014463287524794777,20260818
no_glia_glia,10,Ext1,AUTO_TRI_N3_G2_N5,tripartite,0.0,False,0.008939268965741726,20260818
no_glia_glia,10,Ext1,AUTO_TRI_N3_G2_N9,tripartite,0.0,False,0.008939268965741726,20260818
no_glia_glia,11,Ext1,AUTO_TRI_N0_G1_N4,tripartite,0.0,False,0.015237565061935956,20260818
no_glia_glia,11,Ext1,AUTO_TRI_N3_G2_N5,tripartite,0.0,False,0.009417823730470799,20260818
no_glia_glia,11,Ext1,AUTO_TRI_N3_G2_N9,tripartite,0.0,False,0.009417823730470799,20260818
no_glia_glia,12,Ext1,AUTO_TRI_N0_G1_N4,tripartite,0.0,False,0.015934414845363017,20260818
no_glia_glia,12,Ext1,AUTO_TRI_N3_G2_N5,tripartite,0.0,False,0.009848523018726964,20260818
no_glia_glia,12,Ext1,AUTO_TRI_N3_G2_N9,tripartite,0.0,False,0.009848523018726964,20260818
no_glia_glia,13,Ext1,AUTO_TRI_N0_G1_N4,tripartite,0.0,False,0.016561579650447373,20260818
no_glia_glia,13,Ext1,AUTO_TRI_N3_G2_N5,tripartite,0.0,False,0.010236152378157512,20260818
no_glia_glia,13,Ext1,AUTO_TRI_N3_G2_N9,tripartite,0.0,False,0.010236152378157512,20260818
no_glia_glia,14,Ext1,AUTO_TRI_N0_G1_N4,tripartite,0.0,False,0.017126027975023293,20260818
no_glia_glia,14,Ext1,AUTO_TRI_N3_G2_N5,tripartite,0.0,False,0.010585018801645005,20260818
no_glia_glia,14,Ext1,AUTO_TRI_N3_G2_N9,tripartite,0.0,False,0.010585018801645005,20260818
no_glia_glia,15,Ext1,AUTO_TRI_N0_G1_N4,tripartite,0.0,False,0.017634031467141622,20260818
no_glia_glia,15,Ext1,AUTO_TRI_N3_G2_N5,tripartite,0.0,False,0.01089899858278375,20260818
no_glia_glia,15,Ext1,AUTO_TRI_N3_G2_N9,tripartite,0.0,False,0.01089899858278375,20260818
no_glia_glia,16,Ext1,AUTO_TRI_N0_G1_N4,tripartite,0.0,False,0.018091234610048117,20260818
no_glia_glia,16,Ext1,AUTO_TRI_N3_G2_N5,tripartite,0.0,False,0.01118158038580862,20260818
no_glia_glia,16,Ext1,AUTO_TRI_N3_G2_N9,tripartite,0.0,False,0.01118158038580862,20260818
no_glia_glia,17,Ext1,AUTO_TRI_N0_G1_N4,tripartite,0.0,False,0.018502717438663965,20260818
no_glia_glia,17,Ext1,AUTO_TRI_N3_G2_N5,tripartite,0.0,False,0.011435904008531003,20260818
no_glia_glia,17,Ext1,AUTO_TRI_N3_G2_N9,tripartite,0.0,False,0.011435904008531003,20260818
no_glia_glia,18,Ext1,AUTO_TRI_N0_G1_N4,tripartite,0.0,False,0.018873051984418226,20260818
no_glia_glia,18,Ext1,AUTO_TRI_N3_G2_N5,tripartite,0.0,False,0.011664795268981147,20260818
no_glia_glia,18,Ext1,AUTO_TRI_N3_G2_N9,tripartite,0.0,False,0.011664795268981147,20260818
no_glia_glia,19,Ext1,AUTO_TRI_N0_G1_N4,tripartite,0.0,False,0.01912963850013795,20260818
no_glia_glia,19,Ext1,AUTO_TRI_N3_G2_N5,tripartite,0.0,False,0.011870797403386276,20260818
no_glia_glia,19,Ext1,AUTO_TRI_N3_G2_N9,tripartite,0.0,False,0.011870797403386276,20260818
no_glia_glia,20,Ext1,AUTO_TRI_N0_G1_N4,tripartite,0.0,False,0.01530371080011036,20260818
no_glia_glia,20,Ext1,AUTO_TRI_N3_G2_N5,tripartite,0.0,False,0.012056199324350893,20260818
no_glia_glia,20,Ext1,AUTO_TRI_N3_G2_N9,tripartite,0.0,False,0.012056199324350893,20260818
no_glia_glia,21,Ext1,AUTO_TRI_N0_G1_N4,tripartite,0.0,False,0.012242968640088288,20260818
no_glia_glia,21,Ext1,AUTO_TRI_N3_G2_N5,tripartite,0.0,False,0.01222306105321905,20260818
no_glia_glia,21,Ext1,AUTO_TRI_N3_G2_N9,tripartite,0.0,False,0.01222306105321905,20260818
no_glia_glia,22,Ext1,AUTO_TRI_N0_G1_N4,tripartite,0.0,False,0.00979437491207063,20260818
no_glia_glia,22,Ext1,AUTO_TRI_N3_G2_N5,tripartite,0.0,False,0.012373236609200389,20260818
no_glia_glia,22,Ext1,AUTO_TRI_N3_G2_N9,tripartite,0.0,False,0.012373236609200389,20260818
no_glia_glia,23,Ext1,AUTO_TRI_N0_G1_N4,tripartite,0.0,False,0.007835499929656506,20260818
no_glia_glia,23,Ext1,AUTO_TRI_N3_G2_N5,tripartite,0.0,False,0.012508394609583594,20260818
no_glia_glia,23,Ext1,AUTO_TRI_N3_G2_N9,tripartite,0.0,False,0.012508394609583594,20260818
no_glia_glia,24,Ext1,AUTO_TRI_N0_G1_N4,tripartite,0.0,False,0.006268399943725205,20260818
no_glia_glia,24,Ext1,AUTO_TRI_N3_G2_N5,tripartite,0.0,False,0.012630036809928481,20260818
no_glia_glia,24,Ext1,AUTO_TRI_N3_G2_N9,tripartite,0.0,False,0.012630036809928481,20260818
no_glia_glia,25,Ext1,AUTO_TRI_N0_G1_N4,tripartite,0.0,False,0.005014719954980164,20260818
no_glia_glia,25,Ext1,AUTO_TRI_N3_G2_N5,tripartite,0.0,False,0.012739514790238878,20260818
no_glia_glia,25,Ext1,AUTO_TRI_N3_G2_N9,tripartite,0.0,False,0.012739514790238878,20260818
no_glia_glia,26,Ext1,AUTO_TRI_N0_G1_N4,tripartite,0.0,False,0.004011775963984132,20260818
no_glia_glia,26,Ext1,AUTO_TRI_N3_G2_N5,tripartite,0.0,False,0.012838044972518236,20260818
no_glia_glia,26,Ext1,AUTO_TRI_N3_G2_N9,tripartite,0.0,False,0.012838044972518236,20260818
no_glia_glia,27,Ext1,AUTO_TRI_N0_G1_N4,tripartite,0.0,False,0.0032094207711873056,20260818
no_glia_glia,27,Ext1,AUTO_TRI_N3_G2_N5,tripartite,0.0,False,0.012926722136569658,20260818
no_glia_glia,27,Ext1,AUTO_TRI_N3_G2_N9,tripartite,0.0,False,0.012926722136569658,20260818
no_glia_glia,28,Ext1,AUTO_TRI_N0_G1_N4,tripartite,0.0,False,0.0025675366169498445,20260818
no_glia_glia,28,Ext1,AUTO_TRI_N3_G2_N5,tripartite,0.0,False,0.013006531584215938,20260818
no_glia_glia,28,Ext1,AUTO_TRI_N3_G2_N9,tripartite,0.0,False,0.013006531584215938,20260818
no_glia_glia,29,Ext2,AUTO_TRI_N0_G1_N4,tripartite,0.0,False,0.002054029293559876,20260818
no_glia_glia,29,Ext2,AUTO_TRI_N3_G2_N5,tripartite,0.0,False,0.013078360087097589,20260818
no_glia_glia,29,Ext2,AUTO_TRI_N3_G2_N9,tripartite,0.0,False,0.013078360087097589,20260818
no_glia_glia,30,Ext2,AUTO_TRI_N0_G1_N4,tripartite,0.0,False,0.0016432234348479008,20260818
no_glia_glia,30,Ext2,AUTO_TRI_N3_G2_N5,tripartite,0.0,False,0.013143005739691075,20260818
no_glia_glia,30,Ext2,AUTO_TRI_N3_G2_N9,tripartite,0.0,False,0.013143005739691075,20260818
no_glia_glia,31,Ext2,AUTO_TRI_N0_G1_N4,tripartite,0.0,False,0.0013145787478783207,20260818
no_glia_glia,31,Ext2,AUTO_TRI_N3_G2_N5,tripartite,0.0,False,0.013201186827025212,20260818
no_glia_glia,31,Ext2,AUTO_TRI_N3_G2_N9,tripartite,0.0,False,0.013201186827025212,20260818
no_glia_glia,32,Ext2,AUTO_TRI_N0_G1_N4,tripartite,0.0,False,0.0010516629983026566,20260818
no_glia_glia,32,Ext2,AUTO_TRI_N3_G2_N5,tripartite,0.0,False,0.013253549805625936,20260818
no_glia_glia,32,Ext2,AUTO_TRI_N3_G2_N9,tripartite,0.0,False,0.013253549805625936,20260818
no_glia_glia,33,Ext2,AUTO_TRI_N0_G1_N4,tripartite,0.0,False,0.0008413303986421253,20260818
no_glia_glia,33,Ext2,AUTO_TRI_N3_G2_N5,tripartite,0.0,False,0.013300676486366587,20260818
no_glia_glia,33,Ext2,AUTO_TRI_N3_G2_N9,tripartite,0.0,False,0.013300676486366587,20260818
no_glia_glia,34,Ext2,AUTO_TRI_N0_G1_N4,tripartite,0.0,False,0.0006730643189137003,20260818
no_glia_glia,34,Ext2,AUTO_TRI_N3_G2_N5,tripartite,0.0,False,0.013343090499033173,20260818
no_glia_glia,34,Ext2,AUTO_TRI_N3_G2_N9,tripartite,0.0,False,0.013343090499033173,20260818
no_glia_glia,35,Ext2,AUTO_TRI_N0_G1_N4,tripartite,0.0,False,0.0005384514551309603,20260818
no_glia_glia,35,Ext2,AUTO_TRI_N3_G2_N5,tripartite,0.0,False,0.013381263110433101,20260818
no_glia_glia,35,Ext2,AUTO_TRI_N3_G2_N9,tripartite,0.0,False,0.013381263110433101,20260818
no_glia_glia,36,Ext2,AUTO_TRI_N0_G1_N4,tripartite,0.0,False,0.00043076116410476823,20260818
no_glia_glia,36,Ext2,AUTO_TRI_N3_G2_N5,tripartite,0.0,False,0.013415618460693036,20260818
no_glia_glia,36,Ext2,AUTO_TRI_N3_G2_N9,tripartite,0.0,False,0.013415618460693036,20260818
no_glia_glia,37,Ext2,AUTO_TRI_N0_G1_N4,tripartite,0.0,False,0.0003446089312838146,20260818
no_glia_glia,37,Ext2,AUTO_TRI_N3_G2_N5,tripartite,0.0,False,0.013446538275926978,20260818
no_glia_glia,37,Ext2,AUTO_TRI_N3_G2_N9,tripartite,0.0,False,0.013446538275926978,20260818
no_glia_glia,38,Ext2,AUTO_TRI_N0_G1_N4,tripartite,0.0,False,0.00027568714502705167,20260818
no_glia_glia,38,Ext2,AUTO_TRI_N3_G2_N5,tripartite,0.0,False,0.013474366109637526,20260818
no_glia_glia,38,Ext2,AUTO_TRI_N3_G2_N9,tripartite,0.0,False,0.013474366109637526,20260818
no_glia_glia,39,Ext2,AUTO_TRI_N0_G1_N4,tripartite,0.0,False,0.00022054971602164134,20260818
no_glia_glia,39,Ext2,AUTO_TRI_N3_G2_N5,tripartite,0.0,False,0.013499411159977019,20260818
no_glia_glia,39,Ext2,AUTO_TRI_N3_G2_N9,tripartite,0.0,False,0.013499411159977019,20260818
no_glia_glia,40,Ext2,AUTO_TRI_N0_G1_N4,tripartite,0.0,False,0.0001764397728173131,20260818
no_glia_glia,40,Ext2,AUTO_TRI_N3_G2_N5,tripartite,0.0,False,0.013521951705282562,20260818
no_glia_glia,40,Ext2,AUTO_TRI_N3_G2_N9,tripartite,0.0,False,0.013521951705282562,20260818
no_glia_glia,41,Ext2,AUTO_TRI_N0_G1_N4,tripartite,0.0,False,0.00014115181825385048,20260818
no_glia_glia,41,Ext2,AUTO_TRI_N3_G2_N5,tripartite,0.0,False,0.013542238196057552,20260818
no_glia_glia,41,Ext2,AUTO_TRI_N3_G2_N9,tripartite,0.0,False,0.013542238196057552,20260818
no_glia_glia,42,Ext2,AUTO_TRI_N0_G1_N4,tripartite,0.0,False,0.00011292145460308038,20260818
no_glia_glia,42,Ext2,AUTO_TRI_N3_G2_N5,tripartite,0.0,False,0.013560496037755042,20260818
no_glia_glia,42,Ext2,AUTO_TRI_N3_G2_N9,tripartite,0.0,False,0.013560496037755042,20260818
no_glia_glia,43,Ext2,AUTO_TRI_N0_G1_N4,tripartite,0.0,False,9.033716368246431e-05,20260818
no_glia_glia,43,Ext2,AUTO_TRI_N3_G2_N5,tripartite,0.0,False,0.013576928095282784,20260818
no_glia_glia,43,Ext2,AUTO_TRI_N3_G2_N9,tripartite,0.0,False,0.013576928095282784,20260818
no_glia_glia,44,Ext2,AUTO_TRI_N0_G1_N4,tripartite,0.0,False,7.226973094597146e-05,20260818
no_glia_glia,44,Ext2,AUTO_TRI_N3_G2_N5,tripartite,0.0,False,0.01359171694705775,20260818
no_glia_glia,44,Ext2,AUTO_TRI_N3_G2_N9,tripartite,0.0,False,0.01359171694705775,20260818
no_glia_glia,45,Ext2,AUTO_TRI_N0_G1_N4,tripartite,0.0,False,5.781578475677717e-05,20260818
no_glia_glia,45,Ext2,AUTO_TRI_N3_G2_N5,tripartite,0.0,False,0.01360502691365522,20260818
no_glia_glia,45,Ext2,AUTO_TRI_N3_G2_N9,tripartite,0.0,False,0.01360502691365522,20260818
no_glia_glia,46,Ext2,AUTO_TRI_N0_G1_N4,tripartite,0.0,False,4.6252627805421734e-05,20260818
no_glia_glia,46,Ext2,AUTO_TRI_N3_G2_N5,tripartite,0.0,False,0.013617005883592943,20260818
no_glia_glia,46,Ext2,AUTO_TRI_N3_G2_N9,tripartite,0.0,False,0.013617005883592943,20260818
no_glia_glia,47,Ext2,AUTO_TRI_N0_G1_N4,tripartite,0.0,False,3.700210224433739e-05,20260818
no_glia_glia,47,Ext2,AUTO_TRI_N3_G2_N5,tripartite,0.0,False,0.013627786956536894,20260818
no_glia_glia,47,Ext2,AUTO_TRI_N3_G2_N9,tripartite,0.0,False,0.013627786956536894,20260818
no_glia_glia,48,Ext2,AUTO_TRI_N0_G1_N4,tripartite,0.0,False,2.960168179546991e-05,20260818
no_glia_glia,48,Ext2,AUTO_TRI_N3_G2_N5,tripartite,0.0,False,0.01363748992218645,20260818
no_glia_glia,48,Ext2,AUTO_TRI_N3_G2_N9,tripartite,0.0,False,0.01363748992218645,20260818
no_glia_glia,49,Ext2,AUTO_TRI_N0_G1_N4,tripartite,0.0,False,2.368134543637593e-05,20260818
no_glia_glia,49,Ext2,AUTO_TRI_N3_G2_N5,tripartite,0.0,False,0.013646222591271049,20260818
no_glia_glia,49,Ext2,AUTO_TRI_N3_G2_N9,tripartite,0.0,False,0.013646222591271049,20260818
no_glia_glia,50,Ext2,AUTO_TRI_N0_G1_N4,tripartite,0.0,False,1.8945076349100747e-05,20260818
no_glia_glia,50,Ext2,AUTO_TRI_N3_G2_N5,tripartite,0.0,False,0.01365408199344719,20260818
no_glia_glia,50,Ext2,AUTO_TRI_N3_G2_N9,tripartite,0.0,False,0.01365408199344719,20260818
no_glia_glia,51,Ext2,AUTO_TRI_N0_G1_N4,tripartite,0.0,False,1.5156061079280599e-05,20260818
no_glia_glia,51,Ext2,AUTO_TRI_N3_G2_N5,tripartite,0.0,False,0.013661155455405716,20260818
no_glia_glia,51,Ext2,AUTO_TRI_N3_G2_N9,tripartite,0.0,False,0.013661155455405716,20260818
no_glia_glia,52,Ext2,AUTO_TRI_N0_G1_N4,tripartite,0.0,False,1.2124848863424479e-05,20260818
no_glia_glia,52,Ext2,AUTO_TRI_N3_G2_N5,tripartite,0.0,False,0.013667521571168389,20260818
no_glia_glia,52,Ext2,AUTO_TRI_N3_G2_N9,tripartite,0.0,False,0.013667521571168389,20260818
no_glia_glia,53,Ext2,AUTO_TRI_N0_G1_N4,tripartite,0.0,False,9.699879090739585e-06,20260818
no_glia_glia,53,Ext2,AUTO_TRI_N3_G2_N5,tripartite,0.0,False,0.013673251075354794,20260818
no_glia_glia,53,Ext2,AUTO_TRI_N3_G2_N9,tripartite,0.0,False,0.013673251075354794,20260818
no_glia_glia,54,E-Ret,AUTO_TRI_N0_G1_N4,tripartite,0.0,False,9.699879090739585e-06,20260818
no_glia_glia,54,E-Ret,AUTO_TRI_N3_G2_N5,tripartite,0.0,False,0.013673251075354794,20260818
no_glia_glia,54,E-Ret,AUTO_TRI_N3_G2_N9,tripartite,0.0,False,0.013673251075354794,20260818
no_glia_glia,55,E-Ret,AUTO_TRI_N0_G1_N4,tripartite,0.0,False,9.699879090739585e-06,20260818
no_glia_glia,55,E-Ret,AUTO_TRI_N3_G2_N5,tripartite,0.0,False,0.013673251075354794,20260818
no_glia_glia,55,E-Ret,AUTO_TRI_N3_G2_N9,tripartite,0.0,False,0.013673251075354794,20260818
no_glia_glia,56,E-Ret,AUTO_TRI_N0_G1_N4,tripartite,0.0,False,9.699879090739585e-06,20260818
no_glia_glia,56,E-Ret,AUTO_TRI_N3_G2_N5,tripartite,0.0,False,0.013673251075354794,20260818
no_glia_glia,56,E-Ret,AUTO_TRI_N3_G2_N9,tripartite,0.0,False,0.013673251075354794,20260818
no_glia_glia,57,E-Ret,AUTO_TRI_N0_G1_N4,tripartite,0.0,False,9.699879090739585e-06,20260818
no_glia_glia,57,E-Ret,AUTO_TRI_N3_G2_N5,tripartite,0.0,False,0.013673251075354794,20260818
no_glia_glia,57,E-Ret,AUTO_TRI_N3_G2_N9,tripartite,0.0,False,0.013673251075354794,20260818
no_glia_glia,58,E-Ret,AUTO_TRI_N0_G1_N4,tripartite,0.0,False,9.699879090739585e-06,20260818
no_glia_glia,58,E-Ret,AUTO_TRI_N3_G2_N5,tripartite,0.0,False,0.013673251075354794,20260818
no_glia_glia,58,E-Ret,AUTO_TRI_N3_G2_N9,tripartite,0.0,False,0.013673251075354794,20260818
no_glia_glia,59,F-Ren,AUTO_TRI_N0_G1_N4,tripartite,0.0,False,9.699879090739585e-06,20260818
no_glia_glia,59,F-Ren,AUTO_TRI_N3_G2_N5,tripartite,0.0,False,0.013673251075354794,20260818
no_glia_glia,59,F-Ren,AUTO_TRI_N3_G2_N9,tripartite,0.0,False,0.013673251075354794,20260818
no_glia_glia,60,F-Ren,AUTO_TRI_N0_G1_N4,tripartite,0.0,False,9.699879090739585e-06,20260818
no_glia_glia,60,F-Ren,AUTO_TRI_N3_G2_N5,tripartite,0.0,False,0.013673251075354794,20260818
no_glia_glia,60,F-Ren,AUTO_TRI_N3_G2_N9,tripartite,0.0,False,0.013673251075354794,20260818
no_glia_glia,61,F-Ren,AUTO_TRI_N0_G1_N4,tripartite,0.0,False,9.699879090739585e-06,20260818
no_glia_glia,61,F-Ren,AUTO_TRI_N3_G2_N5,tripartite,0.0,False,0.013673251075354794,20260818
no_glia_glia,61,F-Ren,AUTO_TRI_N3_G2_N9,tripartite,0.0,False,0.013673251075354794,20260818
no_glia_glia,62,F-Ren,AUTO_TRI_N0_G1_N4,tripartite,0.0,False,9.699879090739585e-06,20260818
no_glia_glia,62,F-Ren,AUTO_TRI_N3_G2_N5,tripartite,0.0,False,0.013673251075354794,20260818
no_glia_glia,62,F-Ren,AUTO_TRI_N3_G2_N9,tripartite,0.0,False,0.013673251075354794,20260818
no_glia_glia,63,F-Ren,AUTO_TRI_N0_G1_N4,tripartite,0.0,False,9.699879090739585e-06,20260818
no_glia_glia,63,F-Ren,AUTO_TRI_N3_G2_N5,tripartite,0.0,False,0.013673251075354794,20260818
no_glia_glia,63,F-Ren,AUTO_TRI_N3_G2_N9,tripartite,0.0,False,0.013673251075354794,20260818
calex_like,1,F-Con,AUTO_GG_G0_G1,glia_glia,0.9593537143165668,True,0.243639236436246,20260818
calex_like,1,F-Con,AUTO_GG_G1_G3,glia_glia,0.404086960657421,True,0.13064578932941684,20260818
calex_like,1,F-Con,AUTO_GG_G2_G5,glia_glia,0.0,False,0.0,20260818
calex_like,1,F-Con,AUTO_TRI_N0_G1_N4,tripartite,0.0,False,0.002220606289620657,20260818
calex_like,1,F-Con,AUTO_TRI_N3_G2_N5,tripartite,0.0,False,0.0,20260818
calex_like,1,F-Con,AUTO_TRI_N3_G2_N9,tripartite,0.0,False,0.0,20260818
calex_like,2,F-Con,AUTO_GG_G0_G1,glia_glia,1.0,True,0.41680761926038906,20260818
calex_like,2,F-Con,AUTO_GG_G1_G3,glia_glia,1.0,True,0.24793464773718882,20260818
calex_like,2,F-Con,AUTO_GG_G2_G5,glia_glia,0.0,False,0.0,20260818
calex_like,2,F-Con,AUTO_TRI_N0_G1_N4,tripartite,0.6563894360681201,True,0.07031074888877795,20260818
calex_like,2,F-Con,AUTO_TRI_N3_G2_N5,tripartite,0.0,False,0.0,20260818
calex_like,2,F-Con,AUTO_TRI_N3_G2_N9,tripartite,0.0,False,0.0,20260818
calex_like,3,F-Con,AUTO_GG_G0_G1,glia_glia,1.0,True,0.5864300569054746,20260818
calex_like,3,F-Con,AUTO_GG_G1_G3,glia_glia,1.0,True,0.35373935863584377,20260818
calex_like,3,F-Con,AUTO_GG_G2_G5,glia_glia,0.0,False,0.0,20260818
calex_like,3,F-Con,AUTO_TRI_N0_G1_N4,tripartite,1.0,True,0.19682409813996554,20260818
calex_like,3,F-Con,AUTO_TRI_N3_G2_N5,tripartite,0.0,False,0.0,20260818
calex_like,3,F-Con,AUTO_TRI_N3_G2_N9,tripartite,0.0,False,0.0,20260818
calex_like,4,Ext1,AUTO_GG_G0_G1,glia_glia,1.0,True,0.54369702695959,20260818
calex_like,4,Ext1,AUTO_GG_G1_G3,glia_glia,1.0,True,0.32089190053215866,20260818
calex_like,4,Ext1,AUTO_GG_G2_G5,glia_glia,0.06509535473930901,False,0.1649830810994733,20260818
calex_like,4,Ext1,AUTO_TRI_N0_G1_N4,tripartite,1.0,True,0.2628926401086236,20260818
calex_like,4,Ext1,AUTO_TRI_N3_G2_N5,tripartite,0.0,False,0.004719964433221858,20260818
calex_like,4,Ext1,AUTO_TRI_N3_G2_N9,tripartite,0.0,False,0.004719964433221858,20260818
calex_like,5,Ext1,AUTO_GG_G0_G1,glia_glia,1.0,True,0.43495762156767204,20260818
calex_like,5,Ext1,AUTO_GG_G1_G3,glia_glia,1.0,True,0.2915123230945291,20260818
calex_like,5,Ext1,AUTO_GG_G2_G5,glia_glia,0.20752652874399613,True,0.31346785408899924,20260818
calex_like,5,Ext1,AUTO_TRI_N0_G1_N4,tripartite,1.0,True,0.3282493454057862,20260818
calex_like,5,Ext1,AUTO_TRI_N3_G2_N5,tripartite,0.0,False,0.005620449651202916,20260818
calex_like,5,Ext1,AUTO_TRI_N3_G2_N9,tripartite,0.0,False,0.005620449651202916,20260818
calex_like,6,Ext1,AUTO_GG_G0_G1,glia_glia,1.0,True,0.34796609725413763,20260818
calex_like,6,Ext1,AUTO_GG_G1_G3,glia_glia,1.0,True,0.2652552556075489,20260818
calex_like,6,Ext1,AUTO_GG_G2_G5,glia_glia,0.4185060170313903,True,0.44508061751179673,20260818
calex_like,6,Ext1,AUTO_TRI_N0_G1_N4,tripartite,1.0,True,0.34796609725413763,20260818
calex_like,6,Ext1,AUTO_TRI_N3_G2_N5,tripartite,0.0,False,0.008817450450784057,20260818
calex_like,6,Ext1,AUTO_TRI_N3_G2_N9,tripartite,0.0,False,0.008817450450784057,20260818
calex_like,7,Ext1,AUTO_GG_G0_G1,glia_glia,1.0,True,0.2783728778033101,20260818
calex_like,7,Ext1,AUTO_GG_G1_G3,glia_glia,1.0,True,0.24180961225465242,20260818
calex_like,7,Ext1,AUTO_GG_G2_G5,glia_glia,0.6881377268443506,True,0.5576928828408838,20260818
calex_like,7,Ext1,AUTO_TRI_N0_G1_N4,tripartite,1.0,True,0.2783728778033101,20260818
calex_like,7,Ext1,AUTO_TRI_N3_G2_N5,tripartite,0.0,False,0.0186069726080006,20260818
calex_like,7,Ext1,AUTO_TRI_N3_G2_N9,tripartite,0.0,False,0.0186069726080006,20260818
calex_like,8,Ext1,AUTO_GG_G0_G1,glia_glia,1.0,True,0.22269830224264808,20260818
calex_like,8,Ext1,AUTO_GG_G1_G3,glia_glia,1.0,True,0.22089514956414327,20260818
calex_like,8,Ext1,AUTO_GG_G2_G5,glia_glia,1.0,True,0.6476757957818747,20260818
calex_like,8,Ext1,AUTO_TRI_N0_G1_N4,tripartite,1.0,True,0.22269830224264808,20260818
calex_like,8,Ext1,AUTO_TRI_N3_G2_N5,tripartite,0.0,False,0.041000440347599164,20260818
calex_like,8,Ext1,AUTO_TRI_N3_G2_N9,tripartite,0.0,False,0.041000440347599164,20260818
calex_like,9,Ext1,AUTO_GG_G0_G1,glia_glia,1.0,True,0.17815864179411847,20260818
calex_like,9,Ext1,AUTO_GG_G1_G3,glia_glia,1.0,True,0.17815864179411847,20260818
calex_like,9,Ext1,AUTO_GG_G2_G5,glia_glia,1.0,True,0.7135422343447728,20260818
calex_like,9,Ext1,AUTO_TRI_N0_G1_N4,tripartite,1.0,True,0.17815864179411847,20260818
calex_like,9,Ext1,AUTO_TRI_N3_G2_N5,tripartite,0.010133884436773048,False,0.07956378441827949,20260818
calex_like,9,Ext1,AUTO_TRI_N3_G2_N9,tripartite,0.010133884436773048,False,0.07956378441827949,20260818
calex_like,10,Ext1,AUTO_GG_G0_G1,glia_glia,1.0,True,0.14252691343529478,20260818
calex_like,10,Ext1,AUTO_GG_G1_G3,glia_glia,1.0,True,0.14252691343529478,20260818
calex_like,10,Ext1,AUTO_GG_G2_G5,glia_glia,1.0,True,0.7728452393561569,20260818
calex_like,10,Ext1,AUTO_TRI_N0_G1_N4,tripartite,1.0,True,0.14252691343529478,20260818
calex_like,10,Ext1,AUTO_TRI_N3_G2_N5,tripartite,0.030469233174460257,False,0.11435806444461172,20260818
calex_like,10,Ext1,AUTO_TRI_N3_G2_N9,tripartite,0.030469233174460257,False,0.11435806444461172,20260818
calex_like,11,Ext1,AUTO_GG_G0_G1,glia_glia,1.0,True,0.11402153074823583,20260818
calex_like,11,Ext1,AUTO_GG_G1_G3,glia_glia,1.0,True,0.11402153074823583,20260818
calex_like,11,Ext1,AUTO_GG_G2_G5,glia_glia,1.0,True,0.8262727160985934,20260818
calex_like,11,Ext1,AUTO_TRI_N0_G1_N4,tripartite,1.0,True,0.11402153074823583,20260818
calex_like,11,Ext1,AUTO_TRI_N3_G2_N5,tripartite,0.06004627466001505,False,0.1458788379239458,20260818
calex_like,11,Ext1,AUTO_TRI_N3_G2_N9,tripartite,0.06004627466001505,False,0.1458788379239458,20260818
calex_like,12,Ext1,AUTO_GG_G0_G1,glia_glia,1.0,True,0.09121722459858866,20260818
calex_like,12,Ext1,AUTO_GG_G1_G3,glia_glia,1.0,True,0.09121722459858866,20260818
calex_like,12,Ext1,AUTO_GG_G2_G5,glia_glia,1.0,True,0.8744532795454076,20260818
calex_like,12,Ext1,AUTO_TRI_N0_G1_N4,tripartite,1.0,True,0.09121722459858866,20260818
calex_like,12,Ext1,AUTO_TRI_N3_G2_N5,tripartite,0.0980464558330073,False,0.17460776078645568,20260818
calex_like,12,Ext1,AUTO_TRI_N3_G2_N9,tripartite,0.0980464558330073,False,0.17460776078645568,20260818
calex_like,13,Ext1,AUTO_GG_G0_G1,glia_glia,1.0,True,0.07297377967887093,20260818
calex_like,13,Ext1,AUTO_GG_G1_G3,glia_glia,1.0,True,0.07297377967887093,20260818
calex_like,13,Ext1,AUTO_GG_G2_G5,glia_glia,1.0,True,0.9179663113271912,20260818
calex_like,13,Ext1,AUTO_TRI_N0_G1_N4,tripartite,1.0,True,0.07297377967887093,20260818
calex_like,13,Ext1,AUTO_TRI_N3_G2_N5,tripartite,0.1437932973406087,False,0.2010294058562832,20260818
calex_like,13,Ext1,AUTO_TRI_N3_G2_N9,tripartite,0.1437932973406087,False,0.2010294058562832,20260818
calex_like,14,Ext1,AUTO_GG_G0_G1,glia_glia,1.0,True,0.05837902374309675,20260818
calex_like,14,Ext1,AUTO_GG_G1_G3,glia_glia,1.0,True,0.05837902374309675,20260818
calex_like,14,Ext1,AUTO_GG_G2_G5,glia_glia,1.0,True,0.9573513667056262,20260818
calex_like,14,Ext1,AUTO_TRI_N0_G1_N4,tripartite,1.0,True,0.05837902374309675,20260818
calex_like,14,Ext1,AUTO_TRI_N3_G2_N5,tripartite,0.19675805245179293,False,0.22564764689707476,20260818
calex_like,14,Ext1,AUTO_TRI_N3_G2_N9,tripartite,0.19675805245179293,False,0.22564764689707476,20260818
calex_like,15,Ext1,AUTO_GG_G0_G1,glia_glia,1.0,True,0.04670321899447741,20260818
calex_like,15,Ext1,AUTO_GG_G1_G3,glia_glia,1.0,True,0.04670321899447741,20260818
calex_like,15,Ext1,AUTO_GG_G2_G5,glia_glia,1.0,True,0.9931169854806743,20260818
calex_like,15,Ext1,AUTO_TRI_N0_G1_N4,tripartite,1.0,True,0.04670321899447741,20260818
calex_like,15,Ext1,AUTO_TRI_N3_G2_N5,tripartite,0.25657002300467263,False,0.24900154242142902,20260818
calex_like,15,Ext1,AUTO_TRI_N3_G2_N9,tripartite,0.25657002300467263,False,0.24900154242142902,20260818
calex_like,16,Ext1,AUTO_GG_G0_G1,glia_glia,1.0,True,0.03736257519558193,20260818
calex_like,16,Ext1,AUTO_GG_G1_G3,glia_glia,1.0,True,0.03736257519558193,20260818
calex_like,16,Ext1,AUTO_GG_G2_G5,glia_glia,1.0,True,1.0,20260818
calex_like,16,Ext1,AUTO_TRI_N0_G1_N4,tripartite,1.0,True,0.03736257519558193,20260818
calex_like,16,Ext1,AUTO_TRI_N3_G2_N5,tripartite,0.3230318004525869,True,0.2716821337955646,20260818
calex_like,16,Ext1,AUTO_TRI_N3_G2_N9,tripartite,0.3230318004525869,True,0.2716821337955646,20260818
calex_like,17,Ext1,AUTO_GG_G0_G1,glia_glia,1.0,True,0.029890060156465545,20260818
calex_like,17,Ext1,AUTO_GG_G1_G3,glia_glia,1.0,True,0.029890060156465545,20260818
calex_like,17,Ext1,AUTO_GG_G2_G5,glia_glia,1.0,True,1.0,20260818
calex_like,17,Ext1,AUTO_TRI_N0_G1_N4,tripartite,1.0,True,0.029890060156465545,20260818
calex_like,17,Ext1,AUTO_TRI_N3_G2_N5,tripartite,0.3961405169430844,True,0.29435294374437526,20260818
calex_like,17,Ext1,AUTO_TRI_N3_G2_N9,tripartite,0.3961405169430844,True,0.29435294374437526,20260818
calex_like,18,Ext1,AUTO_GG_G0_G1,glia_glia,1.0,True,0.023912048125172437,20260818
calex_like,18,Ext1,AUTO_GG_G1_G3,glia_glia,1.0,True,0.023912048125172437,20260818
calex_like,18,Ext1,AUTO_GG_G2_G5,glia_glia,1.0,True,1.0,20260818
calex_like,18,Ext1,AUTO_TRI_N0_G1_N4,tripartite,1.0,True,0.023912048125172437,20260818
calex_like,18,Ext1,AUTO_TRI_N3_G2_N5,tripartite,0.4761174304552753,True,0.31777840144336555,20260818
calex_like,18,Ext1,AUTO_TRI_N3_G2_N9,tripartite,0.4761174304552753,True,0.31777840144336555,20260818
calex_like,19,Ext1,AUTO_GG_G0_G1,glia_glia,1.0,True,0.01912963850013795,20260818
calex_like,19,Ext1,AUTO_GG_G1_G3,glia_glia,1.0,True,0.01912963850013795,20260818
calex_like,19,Ext1,AUTO_GG_G2_G5,glia_glia,1.0,True,1.0,20260818
calex_like,19,Ext1,AUTO_TRI_N0_G1_N4,tripartite,1.0,True,0.01912963850013795,20260818
calex_like,19,Ext1,AUTO_TRI_N3_G2_N5,tripartite,0.5634499431740698,True,0.34286624873731675,20260818
calex_like,19,Ext1,AUTO_TRI_N3_G2_N9,tripartite,0.5634499431740698,True,0.34286624873731675,20260818
calex_like,20,Ext1,AUTO_GG_G0_G1,glia_glia,1.0,True,0.01530371080011036,20260818
calex_like,20,Ext1,AUTO_GG_G1_G3,glia_glia,1.0,True,0.01530371080011036,20260818
calex_like,20,Ext1,AUTO_GG_G2_G5,glia_glia,1.0,True,1.0,20260818
calex_like,20,Ext1,AUTO_TRI_N0_G1_N4,tripartite,1.0,True,0.01530371080011036,20260818
calex_like,20,Ext1,AUTO_TRI_N3_G2_N5,tripartite,0.6589527217914009,True,0.37073269135553966,20260818
calex_like,20,Ext1,AUTO_TRI_N3_G2_N9,tripartite,0.6589527217914009,True,0.37073269135553966,20260818
calex_like,21,Ext1,AUTO_GG_G0_G1,glia_glia,1.0,True,0.012242968640088288,20260818
calex_like,21,Ext1,AUTO_GG_G1_G3,glia_glia,1.0,True,0.012242968640088288,20260818
calex_like,21,Ext1,AUTO_GG_G2_G5,glia_glia,1.0,True,1.0,20260818
calex_like,21,Ext1,AUTO_TRI_N0_G1_N4,tripartite,1.0,True,0.012242968640088288,20260818
calex_like,21,Ext1,AUTO_TRI_N3_G2_N5,tripartite,0.763858398907373,True,0.40280329159197614,20260818
calex_like,21,Ext1,AUTO_TRI_N3_G2_N9,tripartite,0.763858398907373,True,0.40280329159197614,20260818
calex_like,22,Ext1,AUTO_GG_G0_G1,glia_glia,1.0,True,0.00979437491207063,20260818
calex_like,22,Ext1,AUTO_GG_G1_G3,glia_glia,1.0,True,0.00979437491207063,20260818
calex_like,22,Ext1,AUTO_GG_G2_G5,glia_glia,1.0,True,1.0,20260818
calex_like,22,Ext1,AUTO_TRI_N0_G1_N4,tripartite,1.0,True,0.00979437491207063,20260818
calex_like,22,Ext1,AUTO_TRI_N3_G2_N5,tripartite,0.8799539756701181,True,0.44096884217293447,20260818
calex_like,22,Ext1,AUTO_TRI_N3_G2_N9,tripartite,0.8799539756701181,True,0.44096884217293447,20260818
calex_like,23,Ext1,AUTO_GG_G0_G1,glia_glia,1.0,True,0.007835499929656506,20260818
calex_like,23,Ext1,AUTO_GG_G1_G3,glia_glia,1.0,True,0.007835499929656506,20260818
calex_like,23,Ext1,AUTO_GG_G2_G5,glia_glia,1.0,True,1.0,20260818
calex_like,23,Ext1,AUTO_TRI_N0_G1_N4,tripartite,1.0,True,0.007835499929656506,20260818
calex_like,23,Ext1,AUTO_TRI_N3_G2_N5,tripartite,1.0,True,0.487822553419796,20260818
calex_like,23,Ext1,AUTO_TRI_N3_G2_N9,tripartite,1.0,True,0.487822553419796,20260818
calex_like,24,Ext1,AUTO_GG_G0_G1,glia_glia,1.0,True,0.006268399943725205,20260818
calex_like,24,Ext1,AUTO_GG_G1_G3,glia_glia,1.0,True,0.006268399943725205,20260818
calex_like,24,Ext1,AUTO_GG_G2_G5,glia_glia,1.0,True,1.0,20260818
calex_like,24,Ext1,AUTO_TRI_N0_G1_N4,tripartite,1.0,True,0.006268399943725205,20260818
calex_like,24,Ext1,AUTO_TRI_N3_G2_N5,tripartite,1.0,True,0.5460127641758118,20260818
calex_like,24,Ext1,AUTO_TRI_N3_G2_N9,tripartite,1.0,True,0.5460127641758118,20260818
calex_like,25,Ext1,AUTO_GG_G0_G1,glia_glia,1.0,True,0.005014719954980164,20260818
calex_like,25,Ext1,AUTO_GG_G1_G3,glia_glia,1.0,True,0.005014719954980164,20260818
calex_like,25,Ext1,AUTO_GG_G2_G5,glia_glia,1.0,True,1.0,20260818
calex_like,25,Ext1,AUTO_TRI_N0_G1_N4,tripartite,1.0,True,0.005014719954980164,20260818
calex_like,25,Ext1,AUTO_TRI_N3_G2_N5,tripartite,1.0,True,0.6048837632819097,20260818
calex_like,25,Ext1,AUTO_TRI_N3_G2_N9,tripartite,1.0,True,0.6048837632819097,20260818
calex_like,26,Ext1,AUTO_GG_G0_G1,glia_glia,0.9999209420771187,True,0.004011775963984132,20260818
calex_like,26,Ext1,AUTO_GG_G1_G3,glia_glia,0.9999308243174789,True,0.004011775963984132,20260818
calex_like,26,Ext1,AUTO_GG_G2_G5,glia_glia,1.0,True,1.0,20260818
calex_like,26,Ext1,AUTO_TRI_N0_G1_N4,tripartite,0.9999407065578391,True,0.004011775963984132,20260818
calex_like,26,Ext1,AUTO_TRI_N3_G2_N5,tripartite,1.0,True,0.6645919819192015,20260818
calex_like,26,Ext1,AUTO_TRI_N3_G2_N9,tripartite,1.0,True,0.6645919819192015,20260818
calex_like,27,Ext1,AUTO_GG_G0_G1,glia_glia,0.9997776957388137,True,0.0032094207711873056,20260818
calex_like,27,Ext1,AUTO_GG_G1_G3,glia_glia,0.9998054837714621,True,0.0032094207711873056,20260818
calex_like,27,Ext1,AUTO_GG_G2_G5,glia_glia,1.0,True,1.0,20260818
calex_like,27,Ext1,AUTO_TRI_N0_G1_N4,tripartite,0.9998332718041103,True,0.0032094207711873056,20260818
calex_like,27,Ext1,AUTO_TRI_N3_G2_N5,tripartite,1.0,True,0.7252739835859626,20260818
calex_like,27,Ext1,AUTO_TRI_N3_G2_N9,tripartite,1.0,True,0.7252739835859626,20260818
calex_like,28,Ext1,AUTO_GG_G0_G1,glia_glia,0.9995830986681696,True,0.0025675366169498445,20260818
calex_like,28,Ext1,AUTO_GG_G1_G3,glia_glia,0.9996352113346485,True,0.0025675366169498445,20260818
calex_like,28,Ext1,AUTO_GG_G2_G5,glia_glia,1.0,True,1.0,20260818
calex_like,28,Ext1,AUTO_TRI_N0_G1_N4,tripartite,0.9996873240011273,True,0.0025675366169498445,20260818
calex_like,28,Ext1,AUTO_TRI_N3_G2_N5,tripartite,1.0,True,0.787045337551187,20260818
calex_like,28,Ext1,AUTO_TRI_N3_G2_N9,tripartite,1.0,True,0.787045337551187,20260818
calex_like,29,Ext2,AUTO_GG_G0_G1,glia_glia,0.9993474210116544,True,0.002054029293559876,20260818
calex_like,29,Ext2,AUTO_GG_G1_G3,glia_glia,0.9994289933851976,True,0.002054029293559876,20260818
calex_like,29,Ext2,AUTO_GG_G2_G5,glia_glia,1.0,True,1.0,20260818
calex_like,29,Ext2,AUTO_TRI_N0_G1_N4,tripartite,0.9995105657587409,True,0.002054029293559876,20260818
calex_like,29,Ext2,AUTO_TRI_N3_G2_N5,tripartite,1.0,True,0.8499988147901262,20260818
calex_like,29,Ext2,AUTO_TRI_N3_G2_N9,tripartite,1.0,True,0.8499988147901262,20260818
calex_like,30,Ext2,AUTO_GG_G0_G1,glia_glia,0.9990788788864422,True,0.0016432234348479008,20260818
calex_like,30,Ext2,AUTO_GG_G1_G3,glia_glia,0.999194019025637,True,0.0016432234348479008,20260818
calex_like,30,Ext2,AUTO_GG_G2_G5,glia_glia,1.0,True,1.0,20260818
calex_like,30,Ext2,AUTO_TRI_N0_G1_N4,tripartite,0.9993091591648318,True,0.0016432234348479008,20260818
calex_like,30,Ext2,AUTO_TRI_N3_G2_N5,tripartite,1.0,True,0.9142020280017559,20260818
calex_like,30,Ext2,AUTO_TRI_N3_G2_N9,tripartite,1.0,True,0.9142020280017559,20260818
calex_like,31,Ext2,AUTO_GG_G0_G1,glia_glia,0.9987840451862725,True,0.0013145787478783207,20260818
calex_like,31,Ext2,AUTO_GG_G1_G3,glia_glia,0.9989360395379885,True,0.0013145787478783207,20260818
calex_like,31,Ext2,AUTO_GG_G2_G5,glia_glia,1.0,True,1.0,20260818
calex_like,31,Ext2,AUTO_TRI_N0_G1_N4,tripartite,0.9990880338897045,True,0.0013145787478783207,20260818
calex_like,31,Ext2,AUTO_TRI_N3_G2_N5,tripartite,1.0,True,0.979694668099421,20260818
calex_like,31,Ext2,AUTO_TRI_N3_G2_N9,tripartite,1.0,True,0.979694668099421,20260818
calex_like,32,Ext2,AUTO_GG_G0_G1,glia_glia,0.9984681782261368,True,0.0010516629983026566,20260818
calex_like,32,Ext2,AUTO_GG_G1_G3,glia_glia,0.9986596559478697,True,0.0010516629983026566,20260818
calex_like,32,Ext2,AUTO_GG_G2_G5,glia_glia,1.0,True,1.0,20260818
calex_like,32,Ext2,AUTO_TRI_N0_G1_N4,tripartite,0.9988511336696027,True,0.0010516629983026566,20260818
calex_like,32,Ext2,AUTO_TRI_N3_G2_N5,tripartite,1.0,True,1.0,20260818
calex_like,32,Ext2,AUTO_TRI_N3_G2_N9,tripartite,1.0,True,1.0,20260818
calex_like,33,Ext2,AUTO_GG_G0_G1,glia_glia,0.9981354846580281,True,0.0008413303986421253,20260818
calex_like,33,Ext2,AUTO_GG_G1_G3,glia_glia,0.9983685490757745,True,0.0008413303986421253,20260818
calex_like,33,Ext2,AUTO_GG_G2_G5,glia_glia,1.0,True,1.0,20260818
calex_like,33,Ext2,AUTO_TRI_N0_G1_N4,tripartite,0.9986016134935212,True,0.0008413303986421253,20260818
calex_like,33,Ext2,AUTO_TRI_N3_G2_N5,tripartite,1.0,True,1.0,20260818
calex_like,33,Ext2,AUTO_TRI_N3_G2_N9,tripartite,1.0,True,1.0,20260818
calex_like,34,Ext2,AUTO_GG_G0_G1,glia_glia,0.9977893298035413,True,0.0006730643189137003,20260818
calex_like,34,Ext2,AUTO_GG_G1_G3,glia_glia,0.9980656635780986,True,0.0006730643189137003,20260818
calex_like,34,Ext2,AUTO_GG_G2_G5,glia_glia,1.0,True,1.0,20260818
calex_like,34,Ext2,AUTO_TRI_N0_G1_N4,tripartite,0.9983419973526559,True,0.0006730643189137003,20260818
calex_like,34,Ext2,AUTO_TRI_N3_G2_N5,tripartite,1.0,True,1.0,20260818
calex_like,34,Ext2,AUTO_TRI_N3_G2_N9,tripartite,1.0,True,1.0,20260818
calex_like,35,Ext2,AUTO_GG_G0_G1,glia_glia,0.9974324059199517,True,0.0005384514551309603,20260818
calex_like,35,Ext2,AUTO_GG_G1_G3,glia_glia,0.9977533551799578,True,0.0005384514551309603,20260818
calex_like,35,Ext2,AUTO_GG_G2_G5,glia_glia,1.0,True,1.0,20260818
calex_like,35,Ext2,AUTO_TRI_N0_G1_N4,tripartite,0.9980743044399638,True,0.0005384514551309603,20260818
calex_like,35,Ext2,AUTO_TRI_N3_G2_N5,tripartite,1.0,True,1.0,20260818
calex_like,35,Ext2,AUTO_TRI_N3_G2_N9,tripartite,1.0,True,1.0,20260818
calex_like,36,Ext2,AUTO_GG_G0_G1,glia_glia,0.9970668668130801,True,0.00043076116410476823,20260818
calex_like,36,Ext2,AUTO_GG_G1_G3,glia_glia,0.9974335084614451,True,0.00043076116410476823,20260818
calex_like,36,Ext2,AUTO_GG_G2_G5,glia_glia,1.0,True,1.0,20260818
calex_like,36,Ext2,AUTO_TRI_N0_G1_N4,tripartite,0.99780015010981,True,0.00043076116410476823,20260818
calex_like,36,Ext2,AUTO_TRI_N3_G2_N5,tripartite,1.0,True,1.0,20260818
calex_like,36,Ext2,AUTO_TRI_N3_G2_N9,tripartite,1.0,True,1.0,20260818
calex_like,37,Ext2,AUTO_GG_G0_G1,glia_glia,0.9966944355275829,True,0.0003446089312838146,20260818
calex_like,37,Ext2,AUTO_GG_G1_G3,glia_glia,0.9971076310866349,True,0.0003446089312838146,20260818
calex_like,37,Ext2,AUTO_GG_G2_G5,glia_glia,1.0,True,1.0,20260818
calex_like,37,Ext2,AUTO_TRI_N0_G1_N4,tripartite,0.9975208266456871,True,0.0003446089312838146,20260818
calex_like,37,Ext2,AUTO_TRI_N3_G2_N5,tripartite,1.0,True,1.0,20260818
calex_like,37,Ext2,AUTO_TRI_N3_G2_N9,tripartite,1.0,True,1.0,20260818
calex_like,38,Ext2,AUTO_GG_G0_G1,glia_glia,0.996316490499185,True,0.00027568714502705167,20260818
calex_like,38,Ext2,AUTO_GG_G1_G3,glia_glia,0.9967769291867868,True,0.00027568714502705167,20260818
calex_like,38,Ext2,AUTO_GG_G2_G5,glia_glia,1.0,True,1.0,20260818
calex_like,38,Ext2,AUTO_TRI_N0_G1_N4,tripartite,0.9972373678743887,True,0.00027568714502705167,20260818
calex_like,38,Ext2,AUTO_TRI_N3_G2_N5,tripartite,1.0,True,1.0,20260818
calex_like,38,Ext2,AUTO_TRI_N3_G2_N9,tripartite,1.0,True,1.0,20260818
calex_like,39,Ext2,AUTO_GG_G0_G1,glia_glia,0.9959341344764667,True,0.00022054971602164134,20260818
calex_like,39,Ext2,AUTO_GG_G1_G3,glia_glia,0.9964423676669083,True,0.00022054971602164134,20260818
calex_like,39,Ext2,AUTO_GG_G2_G5,glia_glia,1.0,True,1.0,20260818
calex_like,39,Ext2,AUTO_TRI_N0_G1_N4,tripartite,0.99695060085735,True,0.00022054971602164134,20260818
calex_like,39,Ext2,AUTO_TRI_N3_G2_N5,tripartite,1.0,True,1.0,20260818
calex_like,39,Ext2,AUTO_TRI_N3_G2_N9,tripartite,1.0,True,1.0,20260818
calex_like,40,Ext2,AUTO_GG_G0_G1,glia_glia,0.9955482496582921,True,0.0001764397728173131,20260818
calex_like,40,Ext2,AUTO_GG_G1_G3,glia_glia,0.9961047184510056,True,0.0001764397728173131,20260818
calex_like,40,Ext2,AUTO_GG_G2_G5,glia_glia,1.0,True,1.0,20260818
calex_like,40,Ext2,AUTO_TRI_N0_G1_N4,tripartite,0.996661187243719,True,0.0001764397728173131,20260818
calex_like,40,Ext2,AUTO_TRI_N3_G2_N5,tripartite,1.0,True,1.0,20260818
calex_like,40,Ext2,AUTO_TRI_N3_G2_N9,tripartite,1.0,True,1.0,20260818
calex_like,41,Ext2,AUTO_GG_G0_G1,glia_glia,0.9951595418037524,True,0.00014115181825385048,20260818
calex_like,41,Ext2,AUTO_GG_G1_G3,glia_glia,0.9957645990782833,True,0.00014115181825385048,20260818
calex_like,41,Ext2,AUTO_GG_G2_G5,glia_glia,1.0,True,1.0,20260818
calex_like,41,Ext2,AUTO_TRI_N0_G1_N4,tripartite,0.9963696563528143,True,0.00014115181825385048,20260818
calex_like,41,Ext2,AUTO_TRI_N3_G2_N5,tripartite,1.0,True,1.0,20260818
calex_like,41,Ext2,AUTO_TRI_N3_G2_N9,tripartite,1.0,True,1.0,20260818
calex_like,42,Ext2,AUTO_GG_G0_G1,glia_glia,0.9947685755201207,True,0.00011292145460308038,20260818
calex_like,42,Ext2,AUTO_GG_G1_G3,glia_glia,0.9954225035801055,True,0.00011292145460308038,20260818
calex_like,42,Ext2,AUTO_GG_G2_G5,glia_glia,1.0,True,1.0,20260818
calex_like,42,Ext2,AUTO_TRI_N0_G1_N4,tripartite,0.9960764316400904,True,0.00011292145460308038,20260818
calex_like,42,Ext2,AUTO_TRI_N3_G2_N5,tripartite,1.0,True,1.0,20260818
calex_like,42,Ext2,AUTO_TRI_N3_G2_N9,tripartite,1.0,True,1.0,20260818
calex_like,43,Ext2,AUTO_GG_G0_G1,glia_glia,0.9943758024932152,True,9.033716368246431e-05,20260818
calex_like,43,Ext2,AUTO_GG_G1_G3,glia_glia,0.9950788271815633,True,9.033716368246431e-05,20260818
calex_like,43,Ext2,AUTO_GG_G2_G5,glia_glia,1.0,True,1.0,20260818
calex_like,43,Ext2,AUTO_TRI_N0_G1_N4,tripartite,0.9957818518699113,True,9.033716368246431e-05,20260818
calex_like,43,Ext2,AUTO_TRI_N3_G2_N5,tripartite,1.0,True,1.0,20260818
calex_like,43,Ext2,AUTO_TRI_N3_G2_N9,tripartite,1.0,True,1.0,20260818
calex_like,44,Ext2,AUTO_GG_G0_G1,glia_glia,0.9939815840716909,True,7.226973094597146e-05,20260818
calex_like,44,Ext2,AUTO_GG_G1_G3,glia_glia,0.9947338860627295,True,7.226973094597146e-05,20260818
calex_like,44,Ext2,AUTO_GG_G2_G5,glia_glia,1.0,True,1.0,20260818
calex_like,44,Ext2,AUTO_TRI_N0_G1_N4,tripartite,0.9954861880537681,True,7.226973094597146e-05,20260818
calex_like,44,Ext2,AUTO_TRI_N3_G2_N5,tripartite,1.0,True,1.0,20260818
calex_like,44,Ext2,AUTO_TRI_N3_G2_N9,tripartite,1.0,True,1.0,20260818
calex_like,45,Ext2,AUTO_GG_G0_G1,glia_glia,0.9935862093344714,True,5.781578475677717e-05,20260818
calex_like,45,Ext2,AUTO_GG_G1_G3,glia_glia,0.9943879331676625,True,5.781578475677717e-05,20260818
calex_like,45,Ext2,AUTO_GG_G2_G5,glia_glia,1.0,True,1.0,20260818
calex_like,45,Ext2,AUTO_TRI_N0_G1_N4,tripartite,0.9951896570008535,True,5.781578475677717e-05,20260818
calex_like,45,Ext2,AUTO_TRI_N3_G2_N5,tripartite,1.0,True,1.0,20260818
calex_like,45,Ext2,AUTO_TRI_N3_G2_N9,tripartite,1.0,True,1.0,20260818
calex_like,46,Ext2,AUTO_GG_G0_G1,glia_glia,0.9931899095446959,True,4.6252627805421734e-05,20260818
calex_like,46,Ext2,AUTO_GG_G1_G3,glia_glia,0.9940411708516089,True,4.6252627805421734e-05,20260818
calex_like,46,Ext2,AUTO_GG_G2_G5,glia_glia,1.0,True,1.0,20260818
calex_like,46,Ext2,AUTO_TRI_N0_G1_N4,tripartite,0.9948924321585219,True,4.6252627805421734e-05,20260818
calex_like,46,Ext2,AUTO_TRI_N3_G2_N5,tripartite,1.0,True,1.0,20260818
calex_like,46,Ext2,AUTO_TRI_N3_G2_N9,tripartite,1.0,True,1.0,20260818
calex_like,47,Ext2,AUTO_GG_G0_G1,glia_glia,0.9927928697128754,True,3.700210224433739e-05,20260818
calex_like,47,Ext2,AUTO_GG_G1_G3,glia_glia,0.993693760998766,True,3.700210224433739e-05,20260818
calex_like,47,Ext2,AUTO_GG_G2_G5,glia_glia,1.0,True,1.0,20260818
calex_like,47,Ext2,AUTO_TRI_N0_G1_N4,tripartite,0.9945946522846565,True,3.700210224433739e-05,20260818
calex_like,47,Ext2,AUTO_TRI_N3_G2_N5,tripartite,1.0,True,1.0,20260818
calex_like,47,Ext2,AUTO_TRI_N3_G2_N9,tripartite,1.0,True,1.0,20260818
calex_like,48,Ext2,AUTO_GG_G0_G1,glia_glia,0.992395237847419,True,2.960168179546991e-05,20260818
calex_like,48,Ext2,AUTO_GG_G1_G3,glia_glia,0.9933458331164917,True,2.960168179546991e-05,20260818
calex_like,48,Ext2,AUTO_GG_G2_G5,glia_glia,1.0,True,1.0,20260818
calex_like,48,Ext2,AUTO_TRI_N0_G1_N4,tripartite,0.9942964283855642,True,2.960168179546991e-05,20260818
calex_like,48,Ext2,AUTO_TRI_N3_G2_N5,tripartite,1.0,True,1.0,20260818
calex_like,48,Ext2,AUTO_TRI_N3_G2_N9,tripartite,1.0,True,1.0,20260818
calex_like,49,Ext2,AUTO_GG_G0_G1,glia_glia,0.9919971323550539,True,2.368134543637593e-05,20260818
calex_like,49,Ext2,AUTO_GG_G1_G3,glia_glia,0.9929974908106722,True,2.368134543637593e-05,20260818
calex_like,49,Ext2,AUTO_GG_G2_G5,glia_glia,1.0,True,1.0,20260818
calex_like,49,Ext2,AUTO_TRI_N0_G1_N4,tripartite,0.9939978492662904,True,2.368134543637593e-05,20260818
calex_like,49,Ext2,AUTO_TRI_N3_G2_N5,tripartite,1.0,True,1.0,20260818
calex_like,49,Ext2,AUTO_TRI_N3_G2_N9,tripartite,1.0,True,1.0,20260818
calex_like,50,Ext2,AUTO_GG_G0_G1,glia_glia,0.9915986479611618,True,1.8945076349100747e-05,20260818
calex_like,50,Ext2,AUTO_GG_G1_G3,glia_glia,0.9926488169660167,True,1.8945076349100747e-05,20260818
calex_like,50,Ext2,AUTO_GG_G2_G5,glia_glia,1.0,True,1.0,20260818
calex_like,50,Ext2,AUTO_TRI_N0_G1_N4,tripartite,0.9936989859708714,True,1.8945076349100747e-05,20260818
calex_like,50,Ext2,AUTO_TRI_N3_G2_N5,tripartite,1.0,True,1.0,20260818
calex_like,50,Ext2,AUTO_TRI_N3_G2_N9,tripartite,1.0,True,1.0,20260818
calex_like,51,Ext2,AUTO_GG_G0_G1,glia_glia,0.9911998604460481,True,1.5156061079280599e-05,20260818
calex_like,51,Ext2,AUTO_GG_G1_G3,glia_glia,0.9922998778902923,True,1.5156061079280599e-05,20260818
calex_like,51,Ext2,AUTO_GG_G2_G5,glia_glia,1.0,True,1.0,20260818
calex_like,51,Ext2,AUTO_TRI_N0_G1_N4,tripartite,0.9933998953345361,True,1.5156061079280599e-05,20260818
calex_like,51,Ext2,AUTO_TRI_N3_G2_N5,tripartite,1.0,True,1.0,20260818
calex_like,51,Ext2,AUTO_TRI_N3_G2_N9,tripartite,1.0,True,1.0,20260818
calex_like,52,Ext2,AUTO_GG_G0_G1,glia_glia,0.9908008304339572,True,1.2124848863424479e-05,20260818
calex_like,52,Ext2,AUTO_GG_G1_G3,glia_glia,0.9919507266297127,True,1.2124848863424479e-05,20260818
calex_like,52,Ext2,AUTO_GG_G2_G5,glia_glia,1.0,True,1.0,20260818
calex_like,52,Ext2,AUTO_TRI_N0_G1_N4,tripartite,0.9931006228254678,True,1.2124848863424479e-05,20260818
calex_like,52,Ext2,AUTO_TRI_N3_G2_N5,tripartite,1.0,True,1.0,20260818
calex_like,52,Ext2,AUTO_TRI_N3_G2_N9,tripartite,1.0,True,1.0,20260818
calex_like,53,Ext2,AUTO_GG_G0_G1,glia_glia,0.9904016064242844,True,9.699879090739585e-06,20260818
calex_like,53,Ext2,AUTO_GG_G1_G3,glia_glia,0.9916014056212491,True,9.699879090739585e-06,20260818
calex_like,53,Ext2,AUTO_GG_G2_G5,glia_glia,1.0,True,1.0,20260818
calex_like,53,Ext2,AUTO_TRI_N0_G1_N4,tripartite,0.9928012048182133,True,9.699879090739585e-06,20260818
calex_like,53,Ext2,AUTO_TRI_N3_G2_N5,tripartite,1.0,True,1.0,20260818
calex_like,53,Ext2,AUTO_TRI_N3_G2_N9,tripartite,1.0,True,1.0,20260818
calex_like,54,E-Ret,AUTO_GG_G0_G1,glia_glia,0.9904016064242844,True,9.699879090739585e-06,20260818
calex_like,54,E-Ret,AUTO_GG_G1_G3,glia_glia,0.9916014056212491,True,9.699879090739585e-06,20260818
calex_like,54,E-Ret,AUTO_GG_G2_G5,glia_glia,1.0,True,1.0,20260818
calex_like,54,E-Ret,AUTO_TRI_N0_G1_N4,tripartite,0.9928012048182133,True,9.699879090739585e-06,20260818
calex_like,54,E-Ret,AUTO_TRI_N3_G2_N5,tripartite,1.0,True,1.0,20260818
calex_like,54,E-Ret,AUTO_TRI_N3_G2_N9,tripartite,1.0,True,1.0,20260818
calex_like,55,E-Ret,AUTO_GG_G0_G1,glia_glia,0.9904016064242844,True,9.699879090739585e-06,20260818
calex_like,55,E-Ret,AUTO_GG_G1_G3,glia_glia,0.9916014056212491,True,9.699879090739585e-06,20260818
calex_like,55,E-Ret,AUTO_GG_G2_G5,glia_glia,1.0,True,1.0,20260818
calex_like,55,E-Ret,AUTO_TRI_N0_G1_N4,tripartite,0.9928012048182133,True,9.699879090739585e-06,20260818
calex_like,55,E-Ret,AUTO_TRI_N3_G2_N5,tripartite,1.0,True,1.0,20260818
calex_like,55,E-Ret,AUTO_TRI_N3_G2_N9,tripartite,1.0,True,1.0,20260818
calex_like,56,E-Ret,AUTO_GG_G0_G1,glia_glia,0.9904016064242844,True,9.699879090739585e-06,20260818
calex_like,56,E-Ret,AUTO_GG_G1_G3,glia_glia,0.9916014056212491,True,9.699879090739585e-06,20260818
calex_like,56,E-Ret,AUTO_GG_G2_G5,glia_glia,1.0,True,1.0,20260818
calex_like,56,E-Ret,AUTO_TRI_N0_G1_N4,tripartite,0.9928012048182133,True,9.699879090739585e-06,20260818
calex_like,56,E-Ret,AUTO_TRI_N3_G2_N5,tripartite,1.0,True,1.0,20260818
calex_like,56,E-Ret,AUTO_TRI_N3_G2_N9,tripartite,1.0,True,1.0,20260818
calex_like,57,E-Ret,AUTO_GG_G0_G1,glia_glia,0.9904016064242844,True,9.699879090739585e-06,20260818
calex_like,57,E-Ret,AUTO_GG_G1_G3,glia_glia,0.9916014056212491,True,9.699879090739585e-06,20260818
calex_like,57,E-Ret,AUTO_GG_G2_G5,glia_glia,1.0,True,1.0,20260818
calex_like,57,E-Ret,AUTO_TRI_N0_G1_N4,tripartite,0.9928012048182133,True,9.699879090739585e-06,20260818
calex_like,57,E-Ret,AUTO_TRI_N3_G2_N5,tripartite,1.0,True,1.0,20260818
calex_like,57,E-Ret,AUTO_TRI_N3_G2_N9,tripartite,1.0,True,1.0,20260818
calex_like,58,E-Ret,AUTO_GG_G0_G1,glia_glia,0.9904016064242844,True,9.699879090739585e-06,20260818
calex_like,58,E-Ret,AUTO_GG_G1_G3,glia_glia,0.9916014056212491,True,9.699879090739585e-06,20260818
calex_like,58,E-Ret,AUTO_GG_G2_G5,glia_glia,1.0,True,1.0,20260818
calex_like,58,E-Ret,AUTO_TRI_N0_G1_N4,tripartite,0.9928012048182133,True,9.699879090739585e-06,20260818
calex_like,58,E-Ret,AUTO_TRI_N3_G2_N5,tripartite,1.0,True,1.0,20260818
calex_like,58,E-Ret,AUTO_TRI_N3_G2_N9,tripartite,1.0,True,1.0,20260818
calex_like,59,F-Ren,AUTO_GG_G0_G1,glia_glia,0.9904016064242844,True,9.699879090739585e-06,20260818
calex_like,59,F-Ren,AUTO_GG_G1_G3,glia_glia,0.9916014056212491,True,9.699879090739585e-06,20260818
calex_like,59,F-Ren,AUTO_GG_G2_G5,glia_glia,1.0,True,1.0,20260818
calex_like,59,F-Ren,AUTO_TRI_N0_G1_N4,tripartite,0.9928012048182133,True,9.699879090739585e-06,20260818
calex_like,59,F-Ren,AUTO_TRI_N3_G2_N5,tripartite,1.0,True,1.0,20260818
calex_like,59,F-Ren,AUTO_TRI_N3_G2_N9,tripartite,1.0,True,1.0,20260818
calex_like,60,F-Ren,AUTO_GG_G0_G1,glia_glia,0.9904016064242844,True,9.699879090739585e-06,20260818
calex_like,60,F-Ren,AUTO_GG_G1_G3,glia_glia,0.9916014056212491,True,9.699879090739585e-06,20260818
calex_like,60,F-Ren,AUTO_GG_G2_G5,glia_glia,1.0,True,1.0,20260818
calex_like,60,F-Ren,AUTO_TRI_N0_G1_N4,tripartite,0.9928012048182133,True,9.699879090739585e-06,20260818
calex_like,60,F-Ren,AUTO_TRI_N3_G2_N5,tripartite,1.0,True,1.0,20260818
calex_like,60,F-Ren,AUTO_TRI_N3_G2_N9,tripartite,1.0,True,1.0,20260818
calex_like,61,F-Ren,AUTO_GG_G0_G1,glia_glia,0.9904016064242844,True,9.699879090739585e-06,20260818
calex_like,61,F-Ren,AUTO_GG_G1_G3,glia_glia,0.9916014056212491,True,9.699879090739585e-06,20260818
calex_like,61,F-Ren,AUTO_GG_G2_G5,glia_glia,1.0,True,1.0,20260818
calex_like,61,F-Ren,AUTO_TRI_N0_G1_N4,tripartite,0.9928012048182133,True,9.699879090739585e-06,20260818
calex_like,61,F-Ren,AUTO_TRI_N3_G2_N5,tripartite,1.0,True,1.0,20260818
calex_like,61,F-Ren,AUTO_TRI_N3_G2_N9,tripartite,1.0,True,1.0,20260818
calex_like,62,F-Ren,AUTO_GG_G0_G1,glia_glia,0.9904016064242844,True,9.699879090739585e-06,20260818
calex_like,62,F-Ren,AUTO_GG_G1_G3,glia_glia,0.9916014056212491,True,9.699879090739585e-06,20260818
calex_like,62,F-Ren,AUTO_GG_G2_G5,glia_glia,1.0,True,1.0,20260818
calex_like,62,F-Ren,AUTO_TRI_N0_G1_N4,tripartite,0.9928012048182133,True,9.699879090739585e-06,20260818
calex_like,62,F-Ren,AUTO_TRI_N3_G2_N5,tripartite,1.0,True,1.0,20260818
calex_like,62,F-Ren,AUTO_TRI_N3_G2_N9,tripartite,1.0,True,1.0,20260818
calex_like,63,F-Ren,AUTO_GG_G0_G1,glia_glia,0.9904016064242844,True,9.699879090739585e-06,20260818
calex_like,63,F-Ren,AUTO_GG_G1_G3,glia_glia,0.9916014056212491,True,9.699879090739585e-06,20260818
calex_like,63,F-Ren,AUTO_GG_G2_G5,glia_glia,1.0,True,1.0,20260818
calex_like,63,F-Ren,AUTO_TRI_N0_G1_N4,tripartite,0.9928012048182133,True,9.699879090739585e-06,20260818
calex_like,63,F-Ren,AUTO_TRI_N3_G2_N5,tripartite,1.0,True,1.0,20260818
calex_like,63,F-Ren,AUTO_TRI_N3_G2_N9,tripartite,1.0,True,1.0,20260818
hm3dq_like,1,F-Con,AUTO_GG_G0_G1,glia_glia,0.9593537143165668,True,0.243639236436246,20260818
hm3dq_like,1,F-Con,AUTO_GG_G1_G3,glia_glia,0.404086960657421,True,0.13064578932941684,20260818
hm3dq_like,1,F-Con,AUTO_GG_G2_G5,glia_glia,0.0,False,0.0,20260818
hm3dq_like,1,F-Con,AUTO_TRI_N0_G1_N4,tripartite,0.0,False,0.002220606289620657,20260818
hm3dq_like,1,F-Con,AUTO_TRI_N3_G2_N5,tripartite,0.0,False,0.0,20260818
hm3dq_like,1,F-Con,AUTO_TRI_N3_G2_N9,tripartite,0.0,False,0.0,20260818
hm3dq_like,2,F-Con,AUTO_GG_G0_G1,glia_glia,1.0,True,0.41680761926038906,20260818
hm3dq_like,2,F-Con,AUTO_GG_G1_G3,glia_glia,1.0,True,0.24793464773718882,20260818
hm3dq_like,2,F-Con,AUTO_GG_G2_G5,glia_glia,0.0,False,0.0,20260818
hm3dq_like,2,F-Con,AUTO_TRI_N0_G1_N4,tripartite,0.6563894360681201,True,0.07031074888877795,20260818
hm3dq_like,2,F-Con,AUTO_TRI_N3_G2_N5,tripartite,0.0,False,0.0,20260818
hm3dq_like,2,F-Con,AUTO_TRI_N3_G2_N9,tripartite,0.0,False,0.0,20260818
hm3dq_like,3,F-Con,AUTO_GG_G0_G1,glia_glia,1.0,True,0.5864300569054746,20260818
hm3dq_like,3,F-Con,AUTO_GG_G1_G3,glia_glia,1.0,True,0.35373935863584377,20260818
hm3dq_like,3,F-Con,AUTO_GG_G2_G5,glia_glia,0.0,False,0.0,20260818
hm3dq_like,3,F-Con,AUTO_TRI_N0_G1_N4,tripartite,1.0,True,0.19682409813996554,20260818
hm3dq_like,3,F-Con,AUTO_TRI_N3_G2_N5,tripartite,0.0,False,0.0,20260818
hm3dq_like,3,F-Con,AUTO_TRI_N3_G2_N9,tripartite,0.0,False,0.0,20260818
hm3dq_like,4,Ext1,AUTO_GG_G0_G1,glia_glia,1.0,True,0.5365751059194069,20260818
hm3dq_like,4,Ext1,AUTO_GG_G1_G3,glia_glia,1.0,True,0.31912149363017617,20260818
hm3dq_like,4,Ext1,AUTO_GG_G2_G5,glia_glia,0.029292909632689053,False,0.1649830810994733,20260818
hm3dq_like,4,Ext1,AUTO_TRI_N0_G1_N4,tripartite,1.0,True,0.20361773325041602,20260818
hm3dq_like,4,Ext1,AUTO_TRI_N3_G2_N5,tripartite,0.0,False,0.003724737147165165,20260818
hm3dq_like,4,Ext1,AUTO_TRI_N3_G2_N9,tripartite,0.0,False,0.003724737147165165,20260818
hm3dq_like,5,Ext1,AUTO_GG_G0_G1,glia_glia,1.0,True,0.43495762156767204,20260818
hm3dq_like,5,Ext1,AUTO_GG_G1_G3,glia_glia,1.0,True,0.287971531900157,20260818
hm3dq_like,5,Ext1,AUTO_GG_G2_G5,glia_glia,0.09338693793479827,False,0.31346785408899924,20260818
hm3dq_like,5,Ext1,AUTO_TRI_N0_G1_N4,tripartite,1.0,True,0.20994351399805372,20260818
hm3dq_like,5,Ext1,AUTO_TRI_N3_G2_N5,tripartite,0.0,False,0.0037295178076952006,20260818
hm3dq_like,5,Ext1,AUTO_TRI_N3_G2_N9,tripartite,0.0,False,0.0037295178076952006,20260818
hm3dq_like,6,Ext1,AUTO_GG_G0_G1,glia_glia,1.0,True,0.34796609725413763,20260818
hm3dq_like,6,Ext1,AUTO_GG_G1_G3,glia_glia,1.0,True,0.25994228168506717,20260818
hm3dq_like,6,Ext1,AUTO_GG_G2_G5,glia_glia,0.18880197303938562,False,0.44710414977957263,20260818
hm3dq_like,6,Ext1,AUTO_TRI_N0_G1_N4,tripartite,1.0,True,0.21583430498485195,20260818
hm3dq_like,6,Ext1,AUTO_TRI_N3_G2_N5,tripartite,0.0,False,0.0037338204021722323,20260818
hm3dq_like,6,Ext1,AUTO_TRI_N3_G2_N9,tripartite,0.0,False,0.0037338204021722323,20260818
hm3dq_like,7,Ext1,AUTO_GG_G0_G1,glia_glia,1.0,True,0.2783728778033101,20260818
hm3dq_like,7,Ext1,AUTO_GG_G1_G3,glia_glia,1.0,True,0.23472129596699615,20260818
hm3dq_like,7,Ext1,AUTO_GG_G2_G5,glia_glia,0.3124059142662033,True,0.5673768159010887,20260818
hm3dq_like,7,Ext1,AUTO_TRI_N0_G1_N4,tripartite,1.0,True,0.2213205760849225,20260818
hm3dq_like,7,Ext1,AUTO_TRI_N3_G2_N5,tripartite,0.0,False,0.003737692737201561,20260818
hm3dq_like,7,Ext1,AUTO_TRI_N3_G2_N9,tripartite,0.0,False,0.003737692737201561,20260818
hm3dq_like,8,Ext1,AUTO_GG_G0_G1,glia_glia,1.0,True,0.22269830224264808,20260818
hm3dq_like,8,Ext1,AUTO_GG_G1_G3,glia_glia,1.0,True,0.2120273964828068,20260818
hm3dq_like,8,Ext1,AUTO_GG_G2_G5,glia_glia,0.46115920945321753,True,0.6746807261312606,20260818
hm3dq_like,8,Ext1,AUTO_TRI_N0_G1_N4,tripartite,1.0,True,0.22269830224264808,20260818
hm3dq_like,8,Ext1,AUTO_TRI_N3_G2_N5,tripartite,0.0,False,0.0048518393362532945,20260818
hm3dq_like,8,Ext1,AUTO_TRI_N3_G2_N9,tripartite,0.0,False,0.0048518393362532945,20260818
hm3dq_like,9,Ext1,AUTO_GG_G0_G1,glia_glia,1.0,True,0.17815864179411847,20260818
hm3dq_like,9,Ext1,AUTO_GG_G1_G3,glia_glia,1.0,True,0.17815864179411847,20260818
hm3dq_like,9,Ext1,AUTO_GG_G2_G5,glia_glia,0.6322906439127107,True,0.7701607870271708,20260818
hm3dq_like,9,Ext1,AUTO_TRI_N0_G1_N4,tripartite,1.0,True,0.17815864179411847,20260818
hm3dq_like,9,Ext1,AUTO_TRI_N3_G2_N5,tripartite,0.0,False,0.007145679482829759,20260818
hm3dq_like,9,Ext1,AUTO_TRI_N3_G2_N9,tripartite,0.0,False,0.007145679482829759,20260818
hm3dq_like,10,Ext1,AUTO_GG_G0_G1,glia_glia,1.0,True,0.14252691343529478,20260818
hm3dq_like,10,Ext1,AUTO_GG_G1_G3,glia_glia,1.0,True,0.14252691343529478,20260818
hm3dq_like,10,Ext1,AUTO_GG_G2_G5,glia_glia,0.8231544641684472,True,0.8543522997578086,20260818
hm3dq_like,10,Ext1,AUTO_TRI_N0_G1_N4,tripartite,1.0,True,0.14252691343529478,20260818
hm3dq_like,10,Ext1,AUTO_TRI_N3_G2_N5,tripartite,0.0,False,0.011267957661389928,20260818
hm3dq_like,10,Ext1,AUTO_TRI_N3_G2_N9,tripartite,0.0,False,0.011267957661389928,20260818
hm3dq_like,11,Ext1,AUTO_GG_G0_G1,glia_glia,1.0,True,0.11402153074823583,20260818
hm3dq_like,11,Ext1,AUTO_GG_G1_G3,glia_glia,1.0,True,0.11402153074823583,20260818
hm3dq_like,11,Ext1,AUTO_GG_G2_G5,glia_glia,1.0,True,0.9276243101274845,20260818
hm3dq_like,11,Ext1,AUTO_TRI_N0_G1_N4,tripartite,1.0,True,0.11402153074823583,20260818
hm3dq_like,11,Ext1,AUTO_TRI_N3_G2_N5,tripartite,0.0,False,0.017940095897749628,20260818
hm3dq_like,11,Ext1,AUTO_TRI_N3_G2_N9,tripartite,0.0,False,0.017940095897749628,20260818
hm3dq_like,12,Ext1,AUTO_GG_G0_G1,glia_glia,1.0,True,0.09121722459858866,20260818
hm3dq_like,12,Ext1,AUTO_GG_G1_G3,glia_glia,1.0,True,0.09121722459858866,20260818
hm3dq_like,12,Ext1,AUTO_GG_G2_G5,glia_glia,1.0,True,0.9907876852307675,20260818
hm3dq_like,12,Ext1,AUTO_TRI_N0_G1_N4,tripartite,1.0,True,0.09121722459858866,20260818
hm3dq_like,12,Ext1,AUTO_TRI_N3_G2_N5,tripartite,0.0,False,0.027248783927692734,20260818
hm3dq_like,12,Ext1,AUTO_TRI_N3_G2_N9,tripartite,0.0,False,0.027248783927692734,20260818
hm3dq_like,13,Ext1,AUTO_GG_G0_G1,glia_glia,1.0,True,0.07297377967887093,20260818
hm3dq_like,13,Ext1,AUTO_GG_G1_G3,glia_glia,1.0,True,0.07297377967887093,20260818
hm3dq_like,13,Ext1,AUTO_GG_G2_G5,glia_glia,1.0,True,1.0,20260818
hm3dq_like,13,Ext1,AUTO_TRI_N0_G1_N4,tripartite,1.0,True,0.07297377967887093,20260818
hm3dq_like,13,Ext1,AUTO_TRI_N3_G2_N5,tripartite,0.0,False,0.03562660315464153,20260818
hm3dq_like,13,Ext1,AUTO_TRI_N3_G2_N9,tripartite,0.0,False,0.03562660315464153,20260818
hm3dq_like,14,Ext1,AUTO_GG_G0_G1,glia_glia,1.0,True,0.05837902374309675,20260818
hm3dq_like,14,Ext1,AUTO_GG_G1_G3,glia_glia,1.0,True,0.05837902374309675,20260818
hm3dq_like,14,Ext1,AUTO_GG_G2_G5,glia_glia,1.0,True,1.0,20260818
hm3dq_like,14,Ext1,AUTO_TRI_N0_G1_N4,tripartite,1.0,True,0.05837902374309675,20260818
hm3dq_like,14,Ext1,AUTO_TRI_N3_G2_N5,tripartite,0.0,False,0.04316664045889544,20260818
hm3dq_like,14,Ext1,AUTO_TRI_N3_G2_N9,tripartite,0.0,False,0.04316664045889544,20260818
hm3dq_like,15,Ext1,AUTO_GG_G0_G1,glia_glia,1.0,True,0.04670321899447741,20260818
hm3dq_like,15,Ext1,AUTO_GG_G1_G3,glia_glia,1.0,True,0.04670321899447741,20260818
hm3dq_like,15,Ext1,AUTO_GG_G2_G5,glia_glia,1.0,True,1.0,20260818
hm3dq_like,15,Ext1,AUTO_TRI_N0_G1_N4,tripartite,1.0,True,0.04670321899447741,20260818
hm3dq_like,15,Ext1,AUTO_TRI_N3_G2_N5,tripartite,0.0006534418095531098,False,0.049952674032723965,20260818
hm3dq_like,15,Ext1,AUTO_TRI_N3_G2_N9,tripartite,0.0006534418095531098,False,0.049952674032723965,20260818
hm3dq_like,16,Ext1,AUTO_GG_G0_G1,glia_glia,1.0,True,0.03736257519558193,20260818
hm3dq_like,16,Ext1,AUTO_GG_G1_G3,glia_glia,1.0,True,0.03736257519558193,20260818
hm3dq_like,16,Ext1,AUTO_GG_G2_G5,glia_glia,1.0,True,1.0,20260818
hm3dq_like,16,Ext1,AUTO_TRI_N0_G1_N4,tripartite,1.0,True,0.03736257519558193,20260818
hm3dq_like,16,Ext1,AUTO_TRI_N3_G2_N5,tripartite,0.0021129206689477916,False,0.05606192310096762,20260818
hm3dq_like,16,Ext1,AUTO_TRI_N3_G2_N9,tripartite,0.0021129206689477916,False,0.05606192310096762,20260818
hm3dq_like,17,Ext1,AUTO_GG_G0_G1,glia_glia,1.0,True,0.029890060156465545,20260818
hm3dq_like,17,Ext1,AUTO_GG_G1_G3,glia_glia,1.0,True,0.029890060156465545,20260818
hm3dq_like,17,Ext1,AUTO_GG_G2_G5,glia_glia,1.0,True,1.0,20260818
hm3dq_like,17,Ext1,AUTO_TRI_N0_G1_N4,tripartite,1.0,True,0.029890060156465545,20260818
hm3dq_like,17,Ext1,AUTO_TRI_N3_G2_N5,tripartite,0.004298381072643434,False,0.06156440226610586,20260818
hm3dq_like,17,Ext1,AUTO_TRI_N3_G2_N9,tripartite,0.004298381072643434,False,0.06156440226610586,20260818
hm3dq_like,18,Ext1,AUTO_GG_G0_G1,glia_glia,1.0,True,0.023912048125172437,20260818
hm3dq_like,18,Ext1,AUTO_GG_G1_G3,glia_glia,1.0,True,0.023912048125172437,20260818
hm3dq_like,18,Ext1,AUTO_GG_G2_G5,glia_glia,1.0,True,1.0,20260818
hm3dq_like,18,Ext1,AUTO_TRI_N0_G1_N4,tripartite,1.0,True,0.023912048125172437,20260818
hm3dq_like,18,Ext1,AUTO_TRI_N3_G2_N5,tripartite,0.007138065521181419,False,0.06652300514566488,20260818
hm3dq_like,18,Ext1,AUTO_TRI_N3_G2_N9,tripartite,0.007138065521181419,False,0.06652300514566488,20260818
hm3dq_like,19,Ext1,AUTO_GG_G0_G1,glia_glia,1.0,True,0.01912963850013795,20260818
hm3dq_like,19,Ext1,AUTO_GG_G1_G3,glia_glia,1.0,True,0.01912963850013795,20260818
hm3dq_like,19,Ext1,AUTO_GG_G2_G5,glia_glia,1.0,True,1.0,20260818
hm3dq_like,19,Ext1,AUTO_TRI_N0_G1_N4,tripartite,1.0,True,0.01912963850013795,20260818
hm3dq_like,19,Ext1,AUTO_TRI_N3_G2_N5,tripartite,0.010567671001852285,False,0.07099423201619584,20260818
hm3dq_like,19,Ext1,AUTO_TRI_N3_G2_N9,tripartite,0.010567671001852285,False,0.07099423201619584,20260818
hm3dq_like,20,Ext1,AUTO_GG_G0_G1,glia_glia,1.0,True,0.01530371080011036,20260818
hm3dq_like,20,Ext1,AUTO_GG_G1_G3,glia_glia,1.0,True,0.01530371080011036,20260818
hm3dq_like,20,Ext1,AUTO_GG_G2_G5,glia_glia,1.0,True,1.0,20260818
hm3dq_like,20,Ext1,AUTO_TRI_N0_G1_N4,tripartite,1.0,True,0.01530371080011036,20260818
hm3dq_like,20,Ext1,AUTO_TRI_N3_G2_N5,tripartite,0.014529591731489197,False,0.07502884362542263,20260818
hm3dq_like,20,Ext1,AUTO_TRI_N3_G2_N9,tripartite,0.014529591731489197,False,0.07502884362542263,20260818
hm3dq_like,21,Ext1,AUTO_GG_G0_G1,glia_glia,1.0,True,0.012242968640088288,20260818
hm3dq_like,21,Ext1,AUTO_GG_G1_G3,glia_glia,1.0,True,0.012242968640088288,20260818
hm3dq_like,21,Ext1,AUTO_GG_G2_G5,glia_glia,1.0,True,1.0,20260818
hm3dq_like,21,Ext1,AUTO_TRI_N0_G1_N4,tripartite,1.0,True,0.012242968640088288,20260818
hm3dq_like,21,Ext1,AUTO_TRI_N3_G2_N5,tripartite,0.01897223934207215,False,0.07867244815957714,20260818
hm3dq_like,21,Ext1,AUTO_TRI_N3_G2_N9,tripartite,0.01897223934207215,False,0.07867244815957714,20260818
hm3dq_like,22,Ext1,AUTO_GG_G0_G1,glia_glia,1.0,True,0.00979437491207063,20260818
hm3dq_like,22,Ext1,AUTO_GG_G1_G3,glia_glia,1.0,True,0.00979437491207063,20260818
hm3dq_like,22,Ext1,AUTO_GG_G2_G5,glia_glia,1.0,True,1.0,20260818
hm3dq_like,22,Ext1,AUTO_TRI_N0_G1_N4,tripartite,1.0,True,0.00979437491207063,20260818
hm3dq_like,22,Ext1,AUTO_TRI_N3_G2_N5,tripartite,0.023849432556456055,False,0.08196602793441768,20260818
hm3dq_like,22,Ext1,AUTO_TRI_N3_G2_N9,tripartite,0.023849432556456055,False,0.08196602793441768,20260818
hm3dq_like,23,Ext1,AUTO_GG_G0_G1,glia_glia,1.0,True,0.007835499929656506,20260818
hm3dq_like,23,Ext1,AUTO_GG_G1_G3,glia_glia,1.0,True,0.007835499929656506,20260818
hm3dq_like,23,Ext1,AUTO_GG_G2_G5,glia_glia,1.0,True,1.0,20260818
hm3dq_like,23,Ext1,AUTO_TRI_N0_G1_N4,tripartite,1.0,True,0.007835499929656506,20260818
hm3dq_like,23,Ext1,AUTO_TRI_N3_G2_N5,tripartite,0.029119849203474744,False,0.08494641188811783,20260818
hm3dq_like,23,Ext1,AUTO_TRI_N3_G2_N9,tripartite,0.029119849203474744,False,0.08494641188811783,20260818
hm3dq_like,24,Ext1,AUTO_GG_G0_G1,glia_glia,1.0,True,0.006268399943725205,20260818
hm3dq_like,24,Ext1,AUTO_GG_G1_G3,glia_glia,1.0,True,0.006268399943725205,20260818
hm3dq_like,24,Ext1,AUTO_GG_G2_G5,glia_glia,1.0,True,1.0,20260818
hm3dq_like,24,Ext1,AUTO_TRI_N0_G1_N4,tripartite,1.0,True,0.006268399943725205,20260818
hm3dq_like,24,Ext1,AUTO_TRI_N3_G2_N5,tripartite,0.03474653415531671,False,0.08764669943658002,20260818
hm3dq_like,24,Ext1,AUTO_TRI_N3_G2_N9,tripartite,0.03474653415531671,False,0.08764669943658002,20260818
hm3dq_like,25,Ext1,AUTO_GG_G0_G1,glia_glia,1.0,True,0.005014719954980164,20260818
hm3dq_like,25,Ext1,AUTO_GG_G1_G3,glia_glia,1.0,True,0.005014719954980164,20260818
hm3dq_like,25,Ext1,AUTO_GG_G2_G5,glia_glia,1.0,True,1.0,20260818
hm3dq_like,25,Ext1,AUTO_TRI_N0_G1_N4,tripartite,1.0,True,0.005014719954980164,20260818
hm3dq_like,25,Ext1,AUTO_TRI_N3_G2_N5,tripartite,0.04069645743569307,False,0.0900966407361859,20260818
hm3dq_like,25,Ext1,AUTO_TRI_N3_G2_N9,tripartite,0.04069645743569307,False,0.0900966407361859,20260818
hm3dq_like,26,Ext1,AUTO_GG_G0_G1,glia_glia,0.9999209420771187,True,0.004011775963984132,20260818
hm3dq_like,26,Ext1,AUTO_GG_G1_G3,glia_glia,0.9999308243174789,True,0.004011775963984132,20260818
hm3dq_like,26,Ext1,AUTO_GG_G2_G5,glia_glia,1.0,True,1.0,20260818
hm3dq_like,26,Ext1,AUTO_TRI_N0_G1_N4,tripartite,0.9999407065578391,True,0.004011775963984132,20260818
hm3dq_like,26,Ext1,AUTO_TRI_N3_G2_N5,tripartite,0.04694011734764183,False,0.09232297790405607,20260818
hm3dq_like,26,Ext1,AUTO_TRI_N3_G2_N9,tripartite,0.04694011734764183,False,0.09232297790405607,20260818
hm3dq_like,27,Ext1,AUTO_GG_G0_G1,glia_glia,0.9997776957388137,True,0.0032094207711873056,20260818
hm3dq_like,27,Ext1,AUTO_GG_G1_G3,glia_glia,0.9998054837714621,True,0.0032094207711873056,20260818
hm3dq_like,27,Ext1,AUTO_GG_G2_G5,glia_glia,1.0,True,1.0,20260818
hm3dq_like,27,Ext1,AUTO_TRI_N0_G1_N4,tripartite,0.9998332718041103,True,0.0032094207711873056,20260818
hm3dq_like,27,Ext1,AUTO_TRI_N3_G2_N5,tripartite,0.05345118400897215,False,0.09434975128230519,20260818
hm3dq_like,27,Ext1,AUTO_TRI_N3_G2_N9,tripartite,0.05345118400897215,False,0.09434975128230519,20260818
hm3dq_like,28,Ext1,AUTO_GG_G0_G1,glia_glia,0.9995830986681696,True,0.0025675366169498445,20260818
hm3dq_like,28,Ext1,AUTO_GG_G1_G3,glia_glia,0.9996352113346485,True,0.0025675366169498445,20260818
hm3dq_like,28,Ext1,AUTO_GG_G2_G5,glia_glia,1.0,True,1.0,20260818
hm3dq_like,28,Ext1,AUTO_TRI_N0_G1_N4,tripartite,0.9996873240011273,True,0.0025675366169498445,20260818
hm3dq_like,28,Ext1,AUTO_TRI_N3_G2_N5,tripartite,0.060206179166197804,False,0.09619857440595635,20260818
hm3dq_like,28,Ext1,AUTO_TRI_N3_G2_N9,tripartite,0.060206179166197804,False,0.09619857440595635,20260818
hm3dq_like,29,Ext2,AUTO_GG_G0_G1,glia_glia,0.9993474210116544,True,0.002054029293559876,20260818
hm3dq_like,29,Ext2,AUTO_GG_G1_G3,glia_glia,0.9994289933851976,True,0.002054029293559876,20260818
hm3dq_like,29,Ext2,AUTO_GG_G2_G5,glia_glia,1.0,True,1.0,20260818
hm3dq_like,29,Ext2,AUTO_TRI_N0_G1_N4,tripartite,0.9995105657587409,True,0.002054029293559876,20260818
hm3dq_like,29,Ext2,AUTO_TRI_N3_G2_N5,tripartite,0.06718418858943463,False,0.09788888094596168,20260818
hm3dq_like,29,Ext2,AUTO_TRI_N3_G2_N9,tripartite,0.06718418858943463,False,0.09788888094596168,20260818
hm3dq_like,30,Ext2,AUTO_GG_G0_G1,glia_glia,0.9990788788864422,True,0.0016432234348479008,20260818
hm3dq_like,30,Ext2,AUTO_GG_G1_G3,glia_glia,0.999194019025637,True,0.0016432234348479008,20260818
hm3dq_like,30,Ext2,AUTO_GG_G2_G5,glia_glia,1.0,True,1.0,20260818
hm3dq_like,30,Ext2,AUTO_TRI_N0_G1_N4,tripartite,0.9993091591648318,True,0.0016432234348479008,20260818
hm3dq_like,30,Ext2,AUTO_TRI_N3_G2_N5,tripartite,0.0743666037361749,False,0.09943814654870603,20260818
hm3dq_like,30,Ext2,AUTO_TRI_N3_G2_N9,tripartite,0.0743666037361749,False,0.09943814654870603,20260818
hm3dq_like,31,Ext2,AUTO_GG_G0_G1,glia_glia,0.9987840451862725,True,0.0013145787478783207,20260818
hm3dq_like,31,Ext2,AUTO_GG_G1_G3,glia_glia,0.9989360395379885,True,0.0013145787478783207,20260818
hm3dq_like,31,Ext2,AUTO_GG_G2_G5,glia_glia,1.0,True,1.0,20260818
hm3dq_like,31,Ext2,AUTO_TRI_N0_G1_N4,tripartite,0.9990880338897045,True,0.0013145787478783207,20260818
hm3dq_like,31,Ext2,AUTO_TRI_N3_G2_N5,tripartite,0.08173688971589511,False,0.1008620881796254,20260818
hm3dq_like,31,Ext2,AUTO_TRI_N3_G2_N9,tripartite,0.08173688971589511,False,0.1008620881796254,20260818
hm3dq_like,32,Ext2,AUTO_GG_G0_G1,glia_glia,0.9984681782261368,True,0.0010516629983026566,20260818
hm3dq_like,32,Ext2,AUTO_GG_G1_G3,glia_glia,0.9986596559478697,True,0.0010516629983026566,20260818
hm3dq_like,32,Ext2,AUTO_GG_G2_G5,glia_glia,1.0,True,1.0,20260818
hm3dq_like,32,Ext2,AUTO_TRI_N0_G1_N4,tripartite,0.9988511336696027,True,0.0010516629983026566,20260818
hm3dq_like,32,Ext2,AUTO_TRI_N3_G2_N5,tripartite,0.08928037689454926,False,0.10217484329852941,20260818
hm3dq_like,32,Ext2,AUTO_TRI_N3_G2_N9,tripartite,0.08928037689454926,False,0.10217484329852941,20260818
hm3dq_like,33,Ext2,AUTO_GG_G0_G1,glia_glia,0.9981354846580281,True,0.0008413303986421253,20260818
hm3dq_like,33,Ext2,AUTO_GG_G1_G3,glia_glia,0.9983685490757745,True,0.0008413303986421253,20260818
hm3dq_like,33,Ext2,AUTO_GG_G2_G5,glia_glia,1.0,True,1.0,20260818
hm3dq_like,33,Ext2,AUTO_TRI_N0_G1_N4,tripartite,0.9986016134935212,True,0.0008413303986421253,20260818
hm3dq_like,33,Ext2,AUTO_TRI_N3_G2_N5,tripartite,0.0969840737522057,False,0.1033891309449357,20260818
hm3dq_like,33,Ext2,AUTO_TRI_N3_G2_N9,tripartite,0.0969840737522057,False,0.1033891309449357,20260818
hm3dq_like,34,Ext2,AUTO_GG_G0_G1,glia_glia,0.9977893298035413,True,0.0006730643189137003,20260818
hm3dq_like,34,Ext2,AUTO_GG_G1_G3,glia_glia,0.9980656635780986,True,0.0006730643189137003,20260818
hm3dq_like,34,Ext2,AUTO_GG_G2_G5,glia_glia,1.0,True,1.0,20260818
hm3dq_like,34,Ext2,AUTO_TRI_N0_G1_N4,tripartite,0.9983419973526559,True,0.0006730643189137003,20260818
hm3dq_like,34,Ext2,AUTO_TRI_N3_G2_N5,tripartite,0.10483649885206048,False,0.10451639659016905,20260818
hm3dq_like,34,Ext2,AUTO_TRI_N3_G2_N9,tripartite,0.10483649885206048,False,0.10451639659016905,20260818
hm3dq_like,35,Ext2,AUTO_GG_G0_G1,glia_glia,0.9974324059199517,True,0.0005384514551309603,20260818
hm3dq_like,35,Ext2,AUTO_GG_G1_G3,glia_glia,0.9977533551799578,True,0.0005384514551309603,20260818
hm3dq_like,35,Ext2,AUTO_GG_G2_G5,glia_glia,1.0,True,1.0,20260818
hm3dq_like,35,Ext2,AUTO_TRI_N0_G1_N4,tripartite,0.9980743044399638,True,0.0005384514551309603,20260818
hm3dq_like,35,Ext2,AUTO_TRI_N3_G2_N5,tripartite,0.11282752999807227,False,0.1055669424162005,20260818
hm3dq_like,35,Ext2,AUTO_TRI_N3_G2_N9,tripartite,0.11282752999807227,False,0.1055669424162005,20260818
hm3dq_like,36,Ext2,AUTO_GG_G0_G1,glia_glia,0.9970668668130801,True,0.00043076116410476823,20260818
hm3dq_like,36,Ext2,AUTO_GG_G1_G3,glia_glia,0.9974335084614451,True,0.00043076116410476823,20260818
hm3dq_like,36,Ext2,AUTO_GG_G2_G5,glia_glia,1.0,True,1.0,20260818
hm3dq_like,36,Ext2,AUTO_TRI_N0_G1_N4,tripartite,0.99780015010981,True,0.00043076116410476823,20260818
hm3dq_like,36,Ext2,AUTO_TRI_N3_G2_N5,tripartite,0.12094826885441934,False,0.10655004450644004,20260818
hm3dq_like,36,Ext2,AUTO_TRI_N3_G2_N9,tripartite,0.12094826885441934,False,0.10655004450644004,20260818
hm3dq_like,37,Ext2,AUTO_GG_G0_G1,glia_glia,0.9966944355275829,True,0.0003446089312838146,20260818
hm3dq_like,37,Ext2,AUTO_GG_G1_G3,glia_glia,0.9971076310866349,True,0.0003446089312838146,20260818
hm3dq_like,37,Ext2,AUTO_GG_G2_G5,glia_glia,1.0,True,1.0,20260818
hm3dq_like,37,Ext2,AUTO_TRI_N0_G1_N4,tripartite,0.9975208266456871,True,0.0003446089312838146,20260818
hm3dq_like,37,Ext2,AUTO_TRI_N3_G2_N5,tripartite,0.1291909194754478,False,0.10747405827843012,20260818
hm3dq_like,37,Ext2,AUTO_TRI_N3_G2_N9,tripartite,0.1291909194754478,False,0.10747405827843012,20260818
hm3dq_like,38,Ext2,AUTO_GG_G0_G1,glia_glia,0.996316490499185,True,0.00027568714502705167,20260818
hm3dq_like,38,Ext2,AUTO_GG_G1_G3,glia_glia,0.9967769291867868,True,0.00027568714502705167,20260818
hm3dq_like,38,Ext2,AUTO_GG_G2_G5,glia_glia,1.0,True,1.0,20260818
hm3dq_like,38,Ext2,AUTO_TRI_N0_G1_N4,tripartite,0.9972373678743887,True,0.00027568714502705167,20260818
hm3dq_like,38,Ext2,AUTO_TRI_N3_G2_N5,tripartite,0.1375486793520354,False,0.10834651335032655,20260818
hm3dq_like,38,Ext2,AUTO_TRI_N3_G2_N9,tripartite,0.1375486793520354,False,0.10834651335032655,20260818
hm3dq_like,39,Ext2,AUTO_GG_G0_G1,glia_glia,0.9959341344764667,True,0.00022054971602164134,20260818
hm3dq_like,39,Ext2,AUTO_GG_G1_G3,glia_glia,0.9964423676669083,True,0.00022054971602164134,20260818
hm3dq_like,39,Ext2,AUTO_GG_G2_G5,glia_glia,1.0,True,1.0,20260818
hm3dq_like,39,Ext2,AUTO_TRI_N0_G1_N4,tripartite,0.99695060085735,True,0.00022054971602164134,20260818
hm3dq_like,39,Ext2,AUTO_TRI_N3_G2_N5,tripartite,0.1460156417213367,False,0.10917419891018028,20260818
hm3dq_like,39,Ext2,AUTO_TRI_N3_G2_N9,tripartite,0.1460156417213367,False,0.10917419891018028,20260818
hm3dq_like,40,Ext2,AUTO_GG_G0_G1,glia_glia,0.9955482496582921,True,0.0001764397728173131,20260818
hm3dq_like,40,Ext2,AUTO_GG_G1_G3,glia_glia,0.9961047184510056,True,0.0001764397728173131,20260818
hm3dq_like,40,Ext2,AUTO_GG_G2_G5,glia_glia,1.0,True,1.0,20260818
hm3dq_like,40,Ext2,AUTO_TRI_N0_G1_N4,tripartite,0.996661187243719,True,0.0001764397728173131,20260818
hm3dq_like,40,Ext2,AUTO_TRI_N3_G2_N5,tripartite,0.15458670801347446,False,0.10996324054755222,20260818
hm3dq_like,40,Ext2,AUTO_TRI_N3_G2_N9,tripartite,0.15458670801347446,False,0.10996324054755222,20260818
hm3dq_like,41,Ext2,AUTO_GG_G0_G1,glia_glia,0.9951595418037524,True,0.00014115181825385048,20260818
hm3dq_like,41,Ext2,AUTO_GG_G1_G3,glia_glia,0.9957645990782833,True,0.00014115181825385048,20260818
hm3dq_like,41,Ext2,AUTO_GG_G2_G5,glia_glia,1.0,True,1.0,20260818
hm3dq_like,41,Ext2,AUTO_TRI_N0_G1_N4,tripartite,0.9963696563528143,True,0.00014115181825385048,20260818
hm3dq_like,41,Ext2,AUTO_TRI_N3_G2_N5,tripartite,0.16325750942245337,False,0.11071916940932439,20260818
hm3dq_like,41,Ext2,AUTO_TRI_N3_G2_N9,tripartite,0.16325750942245337,False,0.11071916940932439,20260818
hm3dq_like,42,Ext2,AUTO_GG_G0_G1,glia_glia,0.9947685755201207,True,0.00011292145460308038,20260818
hm3dq_like,42,Ext2,AUTO_GG_G1_G3,glia_glia,0.9954225035801055,True,0.00011292145460308038,20260818
hm3dq_like,42,Ext2,AUTO_GG_G2_G5,glia_glia,1.0,True,1.0,20260818
hm3dq_like,42,Ext2,AUTO_TRI_N0_G1_N4,tripartite,0.9960764316400904,True,0.00011292145460308038,20260818
hm3dq_like,42,Ext2,AUTO_TRI_N3_G2_N5,tripartite,0.17202433669077608,False,0.11144698445435053,20260818
hm3dq_like,42,Ext2,AUTO_TRI_N3_G2_N9,tripartite,0.17202433669077608,False,0.11144698445435053,20260818
hm3dq_like,43,Ext2,AUTO_GG_G0_G1,glia_glia,0.9943758024932152,True,9.033716368246431e-05,20260818
hm3dq_like,43,Ext2,AUTO_GG_G1_G3,glia_glia,0.9950788271815633,True,9.033716368246431e-05,20260818
hm3dq_like,43,Ext2,AUTO_GG_G2_G5,glia_glia,1.0,True,1.0,20260818
hm3dq_like,43,Ext2,AUTO_TRI_N0_G1_N4,tripartite,0.9957818518699113,True,9.033716368246431e-05,20260818
hm3dq_like,43,Ext2,AUTO_TRI_N3_G2_N5,tripartite,0.18088407728915595,False,0.11215120850359345,20260818
hm3dq_like,43,Ext2,AUTO_TRI_N3_G2_N9,tripartite,0.18088407728915595,False,0.11215120850359345,20260818
hm3dq_like,44,Ext2,AUTO_GG_G0_G1,glia_glia,0.9939815840716909,True,7.226973094597146e-05,20260818
hm3dq_like,44,Ext2,AUTO_GG_G1_G3,glia_glia,0.9947338860627295,True,7.226973094597146e-05,20260818
hm3dq_like,44,Ext2,AUTO_GG_G2_G5,glia_glia,1.0,True,1.0,20260818
hm3dq_like,44,Ext2,AUTO_TRI_N0_G1_N4,tripartite,0.9954861880537681,True,7.226973094597146e-05,20260818
hm3dq_like,44,Ext2,AUTO_TRI_N3_G2_N5,tripartite,0.18983415925542418,False,0.11283593871258854,20260818
hm3dq_like,44,Ext2,AUTO_TRI_N3_G2_N9,tripartite,0.18983415925542418,False,0.11283593871258854,20260818
hm3dq_like,45,Ext2,AUTO_GG_G0_G1,glia_glia,0.9935862093344714,True,5.781578475677717e-05,20260818
hm3dq_like,45,Ext2,AUTO_GG_G1_G3,glia_glia,0.9943879331676625,True,5.781578475677717e-05,20260818
hm3dq_like,45,Ext2,AUTO_GG_G2_G5,glia_glia,1.0,True,1.0,20260818
hm3dq_like,45,Ext2,AUTO_TRI_N0_G1_N4,tripartite,0.9951896570008535,True,5.781578475677717e-05,20260818
hm3dq_like,45,Ext2,AUTO_TRI_N3_G2_N5,tripartite,0.19887250103117943,False,0.11350489203052576,20260818
hm3dq_like,45,Ext2,AUTO_TRI_N3_G2_N9,tripartite,0.19887250103117943,False,0.11350489203052576,20260818
hm3dq_like,46,Ext2,AUTO_GG_G0_G1,glia_glia,0.9931899095446959,True,4.6252627805421734e-05,20260818
hm3dq_like,46,Ext2,AUTO_GG_G1_G3,glia_glia,0.9940411708516089,True,4.6252627805421734e-05,20260818
hm3dq_like,46,Ext2,AUTO_GG_G2_G5,glia_glia,1.0,True,1.0,20260818
hm3dq_like,46,Ext2,AUTO_TRI_N0_G1_N4,tripartite,0.9948924321585219,True,4.6252627805421734e-05,20260818
hm3dq_like,46,Ext2,AUTO_TRI_N3_G2_N5,tripartite,0.20799746670178007,False,0.11416144615415567,20260818
hm3dq_like,46,Ext2,AUTO_TRI_N3_G2_N9,tripartite,0.20799746670178007,False,0.11416144615415567,20260818
hm3dq_like,47,Ext2,AUTO_GG_G0_G1,glia_glia,0.9927928697128754,True,3.700210224433739e-05,20260818
hm3dq_like,47,Ext2,AUTO_GG_G1_G3,glia_glia,0.993693760998766,True,3.700210224433739e-05,20260818
hm3dq_like,47,Ext2,AUTO_GG_G2_G5,glia_glia,1.0,True,1.0,20260818
hm3dq_like,47,Ext2,AUTO_TRI_N0_G1_N4,tripartite,0.9945946522846565,True,3.700210224433739e-05,20260818
hm3dq_like,47,Ext2,AUTO_TRI_N3_G2_N5,tripartite,0.21720782610568926,False,0.11480867643439101,20260818
hm3dq_like,47,Ext2,AUTO_TRI_N3_G2_N9,tripartite,0.21720782610568926,False,0.11480867643439101,20260818
hm3dq_like,48,Ext2,AUTO_GG_G0_G1,glia_glia,0.992395237847419,True,2.960168179546991e-05,20260818
hm3dq_like,48,Ext2,AUTO_GG_G1_G3,glia_glia,0.9933458331164917,True,2.960168179546991e-05,20260818
hm3dq_like,48,Ext2,AUTO_GG_G2_G5,glia_glia,1.0,True,1.0,20260818
hm3dq_like,48,Ext2,AUTO_TRI_N0_G1_N4,tripartite,0.9942964283855642,True,2.960168179546991e-05,20260818
hm3dq_like,48,Ext2,AUTO_TRI_N3_G2_N5,tripartite,0.22650271933362998,False,0.11544938914828076,20260818
hm3dq_like,48,Ext2,AUTO_TRI_N3_G2_N9,tripartite,0.22650271933362998,False,0.11544938914828076,20260818
hm3dq_like,49,Ext2,AUTO_GG_G0_G1,glia_glia,0.9919971323550539,True,2.368134543637593e-05,20260818
hm3dq_like,49,Ext2,AUTO_GG_G1_G3,glia_glia,0.9929974908106722,True,2.368134543637593e-05,20260818
hm3dq_like,49,Ext2,AUTO_GG_G2_G5,glia_glia,1.0,True,1.0,20260818
hm3dq_like,49,Ext2,AUTO_TRI_N0_G1_N4,tripartite,0.9939978492662904,True,2.368134543637593e-05,20260818
hm3dq_like,49,Ext2,AUTO_TRI_N3_G2_N5,tripartite,0.23588162518709846,False,0.1160861515084318,20260818
hm3dq_like,49,Ext2,AUTO_TRI_N3_G2_N9,tripartite,0.23588162518709846,False,0.1160861515084318,20260818
hm3dq_like,50,Ext2,AUTO_GG_G0_G1,glia_glia,0.9915986479611618,True,1.8945076349100747e-05,20260818
hm3dq_like,50,Ext2,AUTO_GG_G1_G3,glia_glia,0.9926488169660167,True,1.8945076349100747e-05,20260818
hm3dq_like,50,Ext2,AUTO_GG_G2_G5,glia_glia,1.0,True,1.0,20260818
hm3dq_like,50,Ext2,AUTO_TRI_N0_G1_N4,tripartite,0.9936989859708714,True,1.8945076349100747e-05,20260818
hm3dq_like,50,Ext2,AUTO_TRI_N3_G2_N5,tripartite,0.2453443332100606,False,0.11672131874546703,20260818
hm3dq_like,50,Ext2,AUTO_TRI_N3_G2_N9,tripartite,0.2453443332100606,False,0.11672131874546703,20260818
hm3dq_like,51,Ext2,AUTO_GG_G0_G1,glia_glia,0.9911998604460481,True,1.5156061079280599e-05,20260818
hm3dq_like,51,Ext2,AUTO_GG_G1_G3,glia_glia,0.9922998778902923,True,1.5156061079280599e-05,20260818
hm3dq_like,51,Ext2,AUTO_GG_G2_G5,glia_glia,1.0,True,1.0,20260818
hm3dq_like,51,Ext2,AUTO_TRI_N0_G1_N4,tripartite,0.9933998953345361,True,1.5156061079280599e-05,20260818
hm3dq_like,51,Ext2,AUTO_TRI_N3_G2_N5,tripartite,0.25489091894760585,False,0.11735705856631501,20260818
hm3dq_like,51,Ext2,AUTO_TRI_N3_G2_N9,tripartite,0.25489091894760585,False,0.11735705856631501,20260818
hm3dq_like,52,Ext2,AUTO_GG_G0_G1,glia_glia,0.9908008304339572,True,1.2124848863424479e-05,20260818
hm3dq_like,52,Ext2,AUTO_GG_G1_G3,glia_glia,0.9919507266297127,True,1.2124848863424479e-05,20260818
hm3dq_like,52,Ext2,AUTO_GG_G2_G5,glia_glia,1.0,True,1.0,20260818
hm3dq_like,52,Ext2,AUTO_TRI_N0_G1_N4,tripartite,0.9931006228254678,True,1.2124848863424479e-05,20260818
hm3dq_like,52,Ext2,AUTO_TRI_N3_G2_N5,tripartite,0.264521722121394,False,0.11799537326164854,20260818
hm3dq_like,52,Ext2,AUTO_TRI_N3_G2_N9,tripartite,0.264521722121394,False,0.11799537326164854,20260818
hm3dq_like,53,Ext2,AUTO_GG_G0_G1,glia_glia,0.9904016064242844,True,9.699879090739585e-06,20260818
hm3dq_like,53,Ext2,AUTO_GG_G1_G3,glia_glia,0.9916014056212491,True,9.699879090739585e-06,20260818
hm3dq_like,53,Ext2,AUTO_GG_G2_G5,glia_glia,1.0,True,1.0,20260818
hm3dq_like,53,Ext2,AUTO_TRI_N0_G1_N4,tripartite,0.9928012048182133,True,9.699879090739585e-06,20260818
hm3dq_like,53,Ext2,AUTO_TRI_N3_G2_N5,tripartite,0.2742373274442968,False,0.1186381197093026,20260818
hm3dq_like,53,Ext2,AUTO_TRI_N3_G2_N9,tripartite,0.2742373274442968,False,0.1186381197093026,20260818
hm3dq_like,54,E-Ret,AUTO_GG_G0_G1,glia_glia,0.9904016064242844,True,9.699879090739585e-06,20260818
hm3dq_like,54,E-Ret,AUTO_GG_G1_G3,glia_glia,0.9916014056212491,True,9.699879090739585e-06,20260818
hm3dq_like,54,E-Ret,AUTO_GG_G2_G5,glia_glia,1.0,True,1.0,20260818
hm3dq_like,54,E-Ret,AUTO_TRI_N0_G1_N4,tripartite,0.9928012048182133,True,9.699879090739585e-06,20260818
hm3dq_like,54,E-Ret,AUTO_TRI_N3_G2_N5,tripartite,0.2742373274442968,False,0.1186381197093026,20260818
hm3dq_like,54,E-Ret,AUTO_TRI_N3_G2_N9,tripartite,0.2742373274442968,False,0.1186381197093026,20260818
hm3dq_like,55,E-Ret,AUTO_GG_G0_G1,glia_glia,0.9904016064242844,True,9.699879090739585e-06,20260818
hm3dq_like,55,E-Ret,AUTO_GG_G1_G3,glia_glia,0.9916014056212491,True,9.699879090739585e-06,20260818
hm3dq_like,55,E-Ret,AUTO_GG_G2_G5,glia_glia,1.0,True,1.0,20260818
hm3dq_like,55,E-Ret,AUTO_TRI_N0_G1_N4,tripartite,0.9928012048182133,True,9.699879090739585e-06,20260818
hm3dq_like,55,E-Ret,AUTO_TRI_N3_G2_N5,tripartite,0.2742373274442968,False,0.1186381197093026,20260818
hm3dq_like,55,E-Ret,AUTO_TRI_N3_G2_N9,tripartite,0.2742373274442968,False,0.1186381197093026,20260818
hm3dq_like,56,E-Ret,AUTO_GG_G0_G1,glia_glia,0.9904016064242844,True,9.699879090739585e-06,20260818
hm3dq_like,56,E-Ret,AUTO_GG_G1_G3,glia_glia,0.9916014056212491,True,9.699879090739585e-06,20260818
hm3dq_like,56,E-Ret,AUTO_GG_G2_G5,glia_glia,1.0,True,1.0,20260818
hm3dq_like,56,E-Ret,AUTO_TRI_N0_G1_N4,tripartite,0.9928012048182133,True,9.699879090739585e-06,20260818
hm3dq_like,56,E-Ret,AUTO_TRI_N3_G2_N5,tripartite,0.2742373274442968,False,0.1186381197093026,20260818
hm3dq_like,56,E-Ret,AUTO_TRI_N3_G2_N9,tripartite,0.2742373274442968,False,0.1186381197093026,20260818
hm3dq_like,57,E-Ret,AUTO_GG_G0_G1,glia_glia,0.9904016064242844,True,9.699879090739585e-06,20260818
hm3dq_like,57,E-Ret,AUTO_GG_G1_G3,glia_glia,0.9916014056212491,True,9.699879090739585e-06,20260818
hm3dq_like,57,E-Ret,AUTO_GG_G2_G5,glia_glia,1.0,True,1.0,20260818
hm3dq_like,57,E-Ret,AUTO_TRI_N0_G1_N4,tripartite,0.9928012048182133,True,9.699879090739585e-06,20260818
hm3dq_like,57,E-Ret,AUTO_TRI_N3_G2_N5,tripartite,0.2742373274442968,False,0.1186381197093026,20260818
hm3dq_like,57,E-Ret,AUTO_TRI_N3_G2_N9,tripartite,0.2742373274442968,False,0.1186381197093026,20260818
hm3dq_like,58,E-Ret,AUTO_GG_G0_G1,glia_glia,0.9904016064242844,True,9.699879090739585e-06,20260818
hm3dq_like,58,E-Ret,AUTO_GG_G1_G3,glia_glia,0.9916014056212491,True,9.699879090739585e-06,20260818
hm3dq_like,58,E-Ret,AUTO_GG_G2_G5,glia_glia,1.0,True,1.0,20260818
hm3dq_like,58,E-Ret,AUTO_TRI_N0_G1_N4,tripartite,0.9928012048182133,True,9.699879090739585e-06,20260818
hm3dq_like,58,E-Ret,AUTO_TRI_N3_G2_N5,tripartite,0.2742373274442968,False,0.1186381197093026,20260818
hm3dq_like,58,E-Ret,AUTO_TRI_N3_G2_N9,tripartite,0.2742373274442968,False,0.1186381197093026,20260818
hm3dq_like,59,F-Ren,AUTO_GG_G0_G1,glia_glia,0.9904016064242844,True,9.699879090739585e-06,20260818
hm3dq_like,59,F-Ren,AUTO_GG_G1_G3,glia_glia,0.9916014056212491,True,9.699879090739585e-06,20260818
hm3dq_like,59,F-Ren,AUTO_GG_G2_G5,glia_glia,1.0,True,1.0,20260818
hm3dq_like,59,F-Ren,AUTO_TRI_N0_G1_N4,tripartite,0.9928012048182133,True,9.699879090739585e-06,20260818
hm3dq_like,59,F-Ren,AUTO_TRI_N3_G2_N5,tripartite,0.2742373274442968,False,0.1186381197093026,20260818
hm3dq_like,59,F-Ren,AUTO_TRI_N3_G2_N9,tripartite,0.2742373274442968,False,0.1186381197093026,20260818
hm3dq_like,60,F-Ren,AUTO_GG_G0_G1,glia_glia,0.9904016064242844,True,9.699879090739585e-06,20260818
hm3dq_like,60,F-Ren,AUTO_GG_G1_G3,glia_glia,0.9916014056212491,True,9.699879090739585e-06,20260818
hm3dq_like,60,F-Ren,AUTO_GG_G2_G5,glia_glia,1.0,True,1.0,20260818
hm3dq_like,60,F-Ren,AUTO_TRI_N0_G1_N4,tripartite,0.9928012048182133,True,9.699879090739585e-06,20260818
hm3dq_like,60,F-Ren,AUTO_TRI_N3_G2_N5,tripartite,0.2742373274442968,False,0.1186381197093026,20260818
hm3dq_like,60,F-Ren,AUTO_TRI_N3_G2_N9,tripartite,0.2742373274442968,False,0.1186381197093026,20260818
hm3dq_like,61,F-Ren,AUTO_GG_G0_G1,glia_glia,0.9904016064242844,True,9.699879090739585e-06,20260818
hm3dq_like,61,F-Ren,AUTO_GG_G1_G3,glia_glia,0.9916014056212491,True,9.699879090739585e-06,20260818
hm3dq_like,61,F-Ren,AUTO_GG_G2_G5,glia_glia,1.0,True,1.0,20260818
hm3dq_like,61,F-Ren,AUTO_TRI_N0_G1_N4,tripartite,0.9928012048182133,True,9.699879090739585e-06,20260818
hm3dq_like,61,F-Ren,AUTO_TRI_N3_G2_N5,tripartite,0.2742373274442968,False,0.1186381197093026,20260818
hm3dq_like,61,F-Ren,AUTO_TRI_N3_G2_N9,tripartite,0.2742373274442968,False,0.1186381197093026,20260818
hm3dq_like,62,F-Ren,AUTO_GG_G0_G1,glia_glia,0.9904016064242844,True,9.699879090739585e-06,20260818
hm3dq_like,62,F-Ren,AUTO_GG_G1_G3,glia_glia,0.9916014056212491,True,9.699879090739585e-06,20260818
hm3dq_like,62,F-Ren,AUTO_GG_G2_G5,glia_glia,1.0,True,1.0,20260818
hm3dq_like,62,F-Ren,AUTO_TRI_N0_G1_N4,tripartite,0.9928012048182133,True,9.699879090739585e-06,20260818
hm3dq_like,62,F-Ren,AUTO_TRI_N3_G2_N5,tripartite,0.2742373274442968,False,0.1186381197093026,20260818
hm3dq_like,62,F-Ren,AUTO_TRI_N3_G2_N9,tripartite,0.2742373274442968,False,0.1186381197093026,20260818
hm3dq_like,63,F-Ren,AUTO_GG_G0_G1,glia_glia,0.9904016064242844,True,9.699879090739585e-06,20260818
hm3dq_like,63,F-Ren,AUTO_GG_G1_G3,glia_glia,0.9916014056212491,True,9.699879090739585e-06,20260818
hm3dq_like,63,F-Ren,AUTO_GG_G2_G5,glia_glia,1.0,True,1.0,20260818
hm3dq_like,63,F-Ren,AUTO_TRI_N0_G1_N4,tripartite,0.9928012048182133,True,9.699879090739585e-06,20260818
hm3dq_like,63,F-Ren,AUTO_TRI_N3_G2_N5,tripartite,0.2742373274442968,False,0.1186381197093026,20260818
hm3dq_like,63,F-Ren,AUTO_TRI_N3_G2_N9,tripartite,0.2742373274442968,False,0.1186381197093026,20260818
hm4di_like,1,F-Con,AUTO_GG_G0_G1,glia_glia,0.9593537143165668,True,0.243639236436246,20260818
hm4di_like,1,F-Con,AUTO_GG_G1_G3,glia_glia,0.404086960657421,True,0.13064578932941684,20260818
hm4di_like,1,F-Con,AUTO_GG_G2_G5,glia_glia,0.0,False,0.0,20260818
hm4di_like,1,F-Con,AUTO_TRI_N0_G1_N4,tripartite,0.0,False,0.002220606289620657,20260818
hm4di_like,1,F-Con,AUTO_TRI_N3_G2_N5,tripartite,0.0,False,0.0,20260818
hm4di_like,1,F-Con,AUTO_TRI_N3_G2_N9,tripartite,0.0,False,0.0,20260818
hm4di_like,2,F-Con,AUTO_GG_G0_G1,glia_glia,1.0,True,0.41680761926038906,20260818
hm4di_like,2,F-Con,AUTO_GG_G1_G3,glia_glia,1.0,True,0.24793464773718882,20260818
hm4di_like,2,F-Con,AUTO_GG_G2_G5,glia_glia,0.0,False,0.0,20260818
hm4di_like,2,F-Con,AUTO_TRI_N0_G1_N4,tripartite,0.6563894360681201,True,0.07031074888877795,20260818
hm4di_like,2,F-Con,AUTO_TRI_N3_G2_N5,tripartite,0.0,False,0.0,20260818
hm4di_like,2,F-Con,AUTO_TRI_N3_G2_N9,tripartite,0.0,False,0.0,20260818
hm4di_like,3,F-Con,AUTO_GG_G0_G1,glia_glia,1.0,True,0.5864300569054746,20260818
hm4di_like,3,F-Con,AUTO_GG_G1_G3,glia_glia,1.0,True,0.35373935863584377,20260818
hm4di_like,3,F-Con,AUTO_GG_G2_G5,glia_glia,0.0,False,0.0,20260818
hm4di_like,3,F-Con,AUTO_TRI_N0_G1_N4,tripartite,1.0,True,0.19682409813996554,20260818
hm4di_like,3,F-Con,AUTO_TRI_N3_G2_N5,tripartite,0.0,False,0.0,20260818
hm4di_like,3,F-Con,AUTO_TRI_N3_G2_N9,tripartite,0.0,False,0.0,20260818
hm4di_like,4,Ext1,AUTO_GG_G0_G1,glia_glia,1.0,True,0.54369702695959,20260818
hm4di_like,4,Ext1,AUTO_GG_G1_G3,glia_glia,1.0,True,0.3220658003180253,20260818
hm4di_like,4,Ext1,AUTO_GG_G2_G5,glia_glia,0.03482467537497648,False,0.1649830810994733,20260818
hm4di_like,4,Ext1,AUTO_TRI_N0_G1_N4,tripartite,1.0,True,0.29983399762190466,20260818
hm4di_like,4,Ext1,AUTO_TRI_N3_G2_N5,tripartite,0.0,False,0.005489720485692601,20260818
hm4di_like,4,Ext1,AUTO_TRI_N3_G2_N9,tripartite,0.0,False,0.005489720485692601,20260818
hm4di_like,5,Ext1,AUTO_GG_G0_G1,glia_glia,1.0,True,0.43495762156767204,20260818
hm4di_like,5,Ext1,AUTO_GG_G1_G3,glia_glia,1.0,True,0.29394807276003687,20260818
hm4di_like,5,Ext1,AUTO_GG_G2_G5,glia_glia,0.11102242278497346,False,0.31346785408899924,20260818
hm4di_like,5,Ext1,AUTO_TRI_N0_G1_N4,tripartite,1.0,True,0.40430485927373805,20260818
hm4di_like,5,Ext1,AUTO_TRI_N3_G2_N5,tripartite,0.0,False,0.007082986150897328,20260818
hm4di_like,5,Ext1,AUTO_TRI_N3_G2_N9,tripartite,0.0,False,0.007082986150897328,20260818
hm4di_like,6,Ext1,AUTO_GG_G0_G1,glia_glia,1.0,True,0.34796609725413763,20260818
hm4di_like,6,Ext1,AUTO_GG_G1_G3,glia_glia,1.0,True,0.2690398920335704,20260818
hm4di_like,6,Ext1,AUTO_GG_G2_G5,glia_glia,0.2244559350264889,True,0.44710414977957263,20260818
hm4di_like,6,Ext1,AUTO_TRI_N0_G1_N4,tripartite,1.0,True,0.34796609725413763,20260818
hm4di_like,6,Ext1,AUTO_TRI_N3_G2_N5,tripartite,0.0,False,0.008516925249581583,20260818
hm4di_like,6,Ext1,AUTO_TRI_N3_G2_N9,tripartite,0.0,False,0.008516925249581583,20260818
hm4di_like,7,Ext1,AUTO_GG_G0_G1,glia_glia,1.0,True,0.2783728778033101,20260818
hm4di_like,7,Ext1,AUTO_GG_G1_G3,glia_glia,1.0,True,0.24702679233482627,20260818
hm4di_like,7,Ext1,AUTO_GG_G2_G5,glia_glia,0.3712118104366506,True,0.5666955479330101,20260818
hm4di_like,7,Ext1,AUTO_TRI_N0_G1_N4,tripartite,1.0,True,0.2783728778033101,20260818
hm4di_like,7,Ext1,AUTO_TRI_N3_G2_N5,tripartite,0.0,False,0.010610031506694893,20260818
hm4di_like,7,Ext1,AUTO_TRI_N3_G2_N9,tripartite,0.0,False,0.010610031506694893,20260818
hm4di_like,8,Ext1,AUTO_GG_G0_G1,glia_glia,1.0,True,0.22269830224264808,20260818
hm4di_like,8,Ext1,AUTO_GG_G1_G3,glia_glia,1.0,True,0.22269830224264808,20260818
hm4di_like,8,Ext1,AUTO_GG_G2_G5,glia_glia,0.5476329441791133,True,0.6731618781445754,20260818
hm4di_like,8,Ext1,AUTO_TRI_N0_G1_N4,tripartite,1.0,True,0.22269830224264808,20260818
hm4di_like,8,Ext1,AUTO_TRI_N3_G2_N5,tripartite,0.0,False,0.013868468556848937,20260818
hm4di_like,8,Ext1,AUTO_TRI_N3_G2_N9,tripartite,0.0,False,0.013868468556848937,20260818
hm4di_like,9,Ext1,AUTO_GG_G0_G1,glia_glia,1.0,True,0.17815864179411847,20260818
hm4di_like,9,Ext1,AUTO_GG_G1_G3,glia_glia,1.0,True,0.17815864179411847,20260818
hm4di_like,9,Ext1,AUTO_GG_G2_G5,glia_glia,0.750165220043961,True,0.7668727586723199,20260818
hm4di_like,9,Ext1,AUTO_TRI_N0_G1_N4,tripartite,1.0,True,0.17815864179411847,20260818
hm4di_like,9,Ext1,AUTO_TRI_N3_G2_N5,tripartite,0.0,False,0.019291108687337015,20260818
hm4di_like,9,Ext1,AUTO_TRI_N3_G2_N9,tripartite,0.0,False,0.019291108687337015,20260818
hm4di_like,10,Ext1,AUTO_GG_G0_G1,glia_glia,1.0,True,0.14252691343529478,20260818
hm4di_like,10,Ext1,AUTO_GG_G1_G3,glia_glia,1.0,True,0.14252691343529478,20260818
hm4di_like,10,Ext1,AUTO_GG_G2_G5,glia_glia,0.9752843354649741,True,0.8479351883901134,20260818
hm4di_like,10,Ext1,AUTO_TRI_N0_G1_N4,tripartite,1.0,True,0.14252691343529478,20260818
hm4di_like,10,Ext1,AUTO_TRI_N3_G2_N5,tripartite,0.0,False,0.028051325356535928,20260818
hm4di_like,10,Ext1,AUTO_TRI_N3_G2_N9,tripartite,0.0,False,0.028051325356535928,20260818
hm4di_like,11,Ext1,AUTO_GG_G0_G1,glia_glia,1.0,True,0.11402153074823583,20260818
hm4di_like,11,Ext1,AUTO_GG_G1_G3,glia_glia,1.0,True,0.11402153074823583,20260818
hm4di_like,11,Ext1,AUTO_GG_G2_G5,glia_glia,1.0,True,0.9163526192261273,20260818
hm4di_like,11,Ext1,AUTO_TRI_N0_G1_N4,tripartite,1.0,True,0.11402153074823583,20260818
hm4di_like,11,Ext1,AUTO_TRI_N3_G2_N5,tripartite,0.0,False,0.0413297701315667,20260818
hm4di_like,11,Ext1,AUTO_TRI_N3_G2_N9,tripartite,0.0,False,0.0413297701315667,20260818
hm4di_like,12,Ext1,AUTO_GG_G0_G1,glia_glia,1.0,True,0.09121722459858866,20260818
hm4di_like,12,Ext1,AUTO_GG_G1_G3,glia_glia,1.0,True,0.09121722459858866,20260818
hm4di_like,12,Ext1,AUTO_GG_G2_G5,glia_glia,1.0,True,0.9773751269143564,20260818
hm4di_like,12,Ext1,AUTO_TRI_N0_G1_N4,tripartite,1.0,True,0.09121722459858866,20260818
hm4di_like,12,Ext1,AUTO_TRI_N3_G2_N5,tripartite,0.0013863242880154188,False,0.0538383886235701,20260818
hm4di_like,12,Ext1,AUTO_TRI_N3_G2_N9,tripartite,0.0013863242880154188,False,0.0538383886235701,20260818
hm4di_like,13,Ext1,AUTO_GG_G0_G1,glia_glia,1.0,True,0.07297377967887093,20260818
hm4di_like,13,Ext1,AUTO_GG_G1_G3,glia_glia,1.0,True,0.07297377967887093,20260818
hm4di_like,13,Ext1,AUTO_GG_G2_G5,glia_glia,1.0,True,1.0,20260818
hm4di_like,13,Ext1,AUTO_TRI_N0_G1_N4,tripartite,1.0,True,0.07297377967887093,20260818
hm4di_like,13,Ext1,AUTO_TRI_N3_G2_N5,tripartite,0.004541866245517803,False,0.0651178803397528,20260818
hm4di_like,13,Ext1,AUTO_TRI_N3_G2_N9,tripartite,0.004541866245517803,False,0.0651178803397528,20260818
hm4di_like,14,Ext1,AUTO_GG_G0_G1,glia_glia,1.0,True,0.05837902374309675,20260818
hm4di_like,14,Ext1,AUTO_GG_G1_G3,glia_glia,1.0,True,0.05837902374309675,20260818
hm4di_like,14,Ext1,AUTO_GG_G2_G5,glia_glia,1.0,True,1.0,20260818
hm4di_like,14,Ext1,AUTO_TRI_N0_G1_N4,tripartite,1.0,True,0.05837902374309675,20260818
hm4di_like,14,Ext1,AUTO_TRI_N3_G2_N5,tripartite,0.009297812310637381,False,0.07532111603298863,20260818
hm4di_like,14,Ext1,AUTO_TRI_N3_G2_N9,tripartite,0.009297812310637381,False,0.07532111603298863,20260818
hm4di_like,15,Ext1,AUTO_GG_G0_G1,glia_glia,1.0,True,0.04670321899447741,20260818
hm4di_like,15,Ext1,AUTO_GG_G1_G3,glia_glia,1.0,True,0.04670321899447741,20260818
hm4di_like,15,Ext1,AUTO_GG_G2_G5,glia_glia,1.0,True,1.0,20260818
hm4di_like,15,Ext1,AUTO_TRI_N0_G1_N4,tripartite,1.0,True,0.04670321899447741,20260818
hm4di_like,15,Ext1,AUTO_TRI_N3_G2_N5,tripartite,0.015506952908130815,False,0.08458583002076268,20260818
hm4di_like,15,Ext1,AUTO_TRI_N3_G2_N9,tripartite,0.015506952908130815,False,0.08458583002076268,20260818
hm4di_like,16,Ext1,AUTO_GG_G0_G1,glia_glia,1.0,True,0.03736257519558193,20260818
hm4di_like,16,Ext1,AUTO_GG_G1_G3,glia_glia,1.0,True,0.03736257519558193,20260818
hm4di_like,16,Ext1,AUTO_GG_G2_G5,glia_glia,1.0,True,1.0,20260818
hm4di_like,16,Ext1,AUTO_TRI_N0_G1_N4,tripartite,1.0,True,0.03736257519558193,20260818
hm4di_like,16,Ext1,AUTO_TRI_N3_G2_N5,tripartite,0.023041622573175206,False,0.09303662406089681,20260818
hm4di_like,16,Ext1,AUTO_TRI_N3_G2_N9,tripartite,0.023041622573175206,False,0.09303662406089681,20260818
hm4di_like,17,Ext1,AUTO_GG_G0_G1,glia_glia,1.0,True,0.029890060156465545,20260818
hm4di_like,17,Ext1,AUTO_GG_G1_G3,glia_glia,1.0,True,0.029890060156465545,20260818
hm4di_like,17,Ext1,AUTO_GG_G2_G5,glia_glia,1.0,True,1.0,20260818
hm4di_like,17,Ext1,AUTO_TRI_N0_G1_N4,tripartite,1.0,True,0.029890060156465545,20260818
hm4di_like,17,Ext1,AUTO_TRI_N3_G2_N5,tripartite,0.03179192523400377,False,0.10078678535667568,20260818
hm4di_like,17,Ext1,AUTO_TRI_N3_G2_N9,tripartite,0.03179192523400377,False,0.10078678535667568,20260818
hm4di_like,18,Ext1,AUTO_GG_G0_G1,glia_glia,1.0,True,0.023912048125172437,20260818
hm4di_like,18,Ext1,AUTO_GG_G1_G3,glia_glia,1.0,True,0.023912048125172437,20260818
hm4di_like,18,Ext1,AUTO_GG_G2_G5,glia_glia,1.0,True,1.0,20260818
hm4di_like,18,Ext1,AUTO_TRI_N0_G1_N4,tripartite,1.0,True,0.023912048125172437,20260818
hm4di_like,18,Ext1,AUTO_TRI_N3_G2_N5,tripartite,0.04166421672014213,False,0.10793992647605026,20260818
hm4di_like,18,Ext1,AUTO_TRI_N3_G2_N9,tripartite,0.04166421672014213,False,0.10793992647605026,20260818
hm4di_like,19,Ext1,AUTO_GG_G0_G1,glia_glia,1.0,True,0.01912963850013795,20260818
hm4di_like,19,Ext1,AUTO_GG_G1_G3,glia_glia,1.0,True,0.01912963850013795,20260818
hm4di_like,19,Ext1,AUTO_GG_G2_G5,glia_glia,1.0,True,1.0,20260818
hm4di_like,19,Ext1,AUTO_TRI_N0_G1_N4,tripartite,1.0,True,0.01912963850013795,20260818
hm4di_like,19,Ext1,AUTO_TRI_N3_G2_N5,tripartite,0.052579819966010896,False,0.11459146888048918,20260818
hm4di_like,19,Ext1,AUTO_TRI_N3_G2_N9,tripartite,0.052579819966010896,False,0.11459146888048918,20260818
hm4di_like,20,Ext1,AUTO_GG_G0_G1,glia_glia,1.0,True,0.01530371080011036,20260818
hm4di_like,20,Ext1,AUTO_GG_G1_G3,glia_glia,1.0,True,0.01530371080011036,20260818
hm4di_like,20,Ext1,AUTO_GG_G2_G5,glia_glia,1.0,True,1.0,20260818
hm4di_like,20,Ext1,AUTO_TRI_N0_G1_N4,tripartite,1.0,True,0.01530371080011036,20260818
hm4di_like,20,Ext1,AUTO_TRI_N3_G2_N5,tripartite,0.06447395296696182,False,0.12082999930941492,20260818
hm4di_like,20,Ext1,AUTO_TRI_N3_G2_N9,tripartite,0.06447395296696182,False,0.12082999930941492,20260818
hm4di_like,21,Ext1,AUTO_GG_G0_G1,glia_glia,1.0,True,0.012242968640088288,20260818
hm4di_like,21,Ext1,AUTO_GG_G1_G3,glia_glia,1.0,True,0.012242968640088288,20260818
hm4di_like,21,Ext1,AUTO_GG_G2_G5,glia_glia,1.0,True,1.0,20260818
hm4di_like,21,Ext1,AUTO_TRI_N0_G1_N4,tripartite,1.0,True,0.012242968640088288,20260818
hm4di_like,21,Ext1,AUTO_TRI_N3_G2_N5,tripartite,0.07729485475594247,False,0.1267385322433129,20260818
hm4di_like,21,Ext1,AUTO_TRI_N3_G2_N9,tripartite,0.07729485475594247,False,0.1267385322433129,20260818
hm4di_like,22,Ext1,AUTO_GG_G0_G1,glia_glia,1.0,True,0.00979437491207063,20260818
hm4di_like,22,Ext1,AUTO_GG_G1_G3,glia_glia,1.0,True,0.00979437491207063,20260818
hm4di_like,22,Ext1,AUTO_GG_G2_G5,glia_glia,1.0,True,1.0,20260818
hm4di_like,22,Ext1,AUTO_TRI_N0_G1_N4,tripartite,1.0,True,0.00979437491207063,20260818
hm4di_like,22,Ext1,AUTO_TRI_N3_G2_N5,tripartite,0.09100310025136929,False,0.13239571403551645,20260818
hm4di_like,22,Ext1,AUTO_TRI_N3_G2_N9,tripartite,0.09100310025136929,False,0.13239571403551645,20260818
hm4di_like,23,Ext1,AUTO_GG_G0_G1,glia_glia,1.0,True,0.007835499929656506,20260818
hm4di_like,23,Ext1,AUTO_GG_G1_G3,glia_glia,1.0,True,0.007835499929656506,20260818
hm4di_like,23,Ext1,AUTO_GG_G2_G5,glia_glia,1.0,True,1.0,20260818
hm4di_like,23,Ext1,AUTO_TRI_N0_G1_N4,tripartite,1.0,True,0.007835499929656506,20260818
hm4di_like,23,Ext1,AUTO_TRI_N3_G2_N5,tripartite,0.10556895516549186,False,0.13786332749017075,20260818
hm4di_like,23,Ext1,AUTO_TRI_N3_G2_N9,tripartite,0.10556895516549186,False,0.13786332749017075,20260818
hm4di_like,24,Ext1,AUTO_GG_G0_G1,glia_glia,1.0,True,0.006268399943725205,20260818
hm4di_like,24,Ext1,AUTO_GG_G1_G3,glia_glia,1.0,True,0.006268399943725205,20260818
hm4di_like,24,Ext1,AUTO_GG_G2_G5,glia_glia,1.0,True,1.0,20260818
hm4di_like,24,Ext1,AUTO_TRI_N0_G1_N4,tripartite,1.0,True,0.006268399943725205,20260818
hm4di_like,24,Ext1,AUTO_TRI_N3_G2_N5,tripartite,0.12097027509453631,False,0.14318976124532554,20260818
hm4di_like,24,Ext1,AUTO_TRI_N3_G2_N9,tripartite,0.12097027509453631,False,0.14318976124532554,20260818
hm4di_like,25,Ext1,AUTO_GG_G0_G1,glia_glia,1.0,True,0.005014719954980164,20260818
hm4di_like,25,Ext1,AUTO_GG_G1_G3,glia_glia,1.0,True,0.005014719954980164,20260818
hm4di_like,25,Ext1,AUTO_GG_G2_G5,glia_glia,1.0,True,1.0,20260818
hm4di_like,25,Ext1,AUTO_TRI_N0_G1_N4,tripartite,1.0,True,0.005014719954980164,20260818
hm4di_like,25,Ext1,AUTO_TRI_N3_G2_N5,tripartite,0.1371950462364556,False,0.14843960206168794,20260818
hm4di_like,25,Ext1,AUTO_TRI_N3_G2_N9,tripartite,0.1371950462364556,False,0.14843960206168794,20260818
hm4di_like,26,Ext1,AUTO_GG_G0_G1,glia_glia,0.9999209420771187,True,0.004011775963984132,20260818
hm4di_like,26,Ext1,AUTO_GG_G1_G3,glia_glia,0.9999308243174789,True,0.004011775963984132,20260818
hm4di_like,26,Ext1,AUTO_GG_G2_G5,glia_glia,1.0,True,1.0,20260818
hm4di_like,26,Ext1,AUTO_TRI_N0_G1_N4,tripartite,0.9999407065578391,True,0.004011775963984132,20260818
hm4di_like,26,Ext1,AUTO_TRI_N3_G2_N5,tripartite,0.15424112775386398,False,0.15367579415750313,20260818
hm4di_like,26,Ext1,AUTO_TRI_N3_G2_N9,tripartite,0.15424112775386398,False,0.15367579415750313,20260818
hm4di_like,27,Ext1,AUTO_GG_G0_G1,glia_glia,0.9997776957388137,True,0.0032094207711873056,20260818
hm4di_like,27,Ext1,AUTO_GG_G1_G3,glia_glia,0.9998054837714621,True,0.0032094207711873056,20260818
hm4di_like,27,Ext1,AUTO_GG_G2_G5,glia_glia,1.0,True,1.0,20260818
hm4di_like,27,Ext1,AUTO_TRI_N0_G1_N4,tripartite,0.9998332718041103,True,0.0032094207711873056,20260818
hm4di_like,27,Ext1,AUTO_TRI_N3_G2_N5,tripartite,0.1721161508769319,False,0.1589606384903927,20260818
hm4di_like,27,Ext1,AUTO_TRI_N3_G2_N9,tripartite,0.1721161508769319,False,0.1589606384903927,20260818
hm4di_like,28,Ext1,AUTO_GG_G0_G1,glia_glia,0.9995830986681696,True,0.0025675366169498445,20260818
hm4di_like,28,Ext1,AUTO_GG_G1_G3,glia_glia,0.9996352113346485,True,0.0025675366169498445,20260818
hm4di_like,28,Ext1,AUTO_GG_G2_G5,glia_glia,1.0,True,1.0,20260818
hm4di_like,28,Ext1,AUTO_TRI_N0_G1_N4,tripartite,0.9996873240011273,True,0.0025675366169498445,20260818
hm4di_like,28,Ext1,AUTO_TRI_N3_G2_N5,tripartite,0.19083758626825978,False,0.1643568654968083,20260818
hm4di_like,28,Ext1,AUTO_TRI_N3_G2_N9,tripartite,0.19083758626825978,False,0.1643568654968083,20260818
hm4di_like,29,Ext2,AUTO_GG_G0_G1,glia_glia,0.9993474210116544,True,0.002054029293559876,20260818
hm4di_like,29,Ext2,AUTO_GG_G1_G3,glia_glia,0.9994289933851976,True,0.002054029293559876,20260818
hm4di_like,29,Ext2,AUTO_GG_G2_G5,glia_glia,1.0,True,1.0,20260818
hm4di_like,29,Ext2,AUTO_TRI_N0_G1_N4,tripartite,0.9995105657587409,True,0.002054029293559876,20260818
hm4di_like,29,Ext2,AUTO_TRI_N3_G2_N5,tripartite,0.21043299703374999,False,0.16992881866177437,20260818
hm4di_like,29,Ext2,AUTO_TRI_N3_G2_N9,tripartite,0.21043299703374999,False,0.16992881866177437,20260818
hm4di_like,30,Ext2,AUTO_GG_G0_G1,glia_glia,0.9990788788864422,True,0.0016432234348479008,20260818
hm4di_like,30,Ext2,AUTO_GG_G1_G3,glia_glia,0.999194019025637,True,0.0016432234348479008,20260818
hm4di_like,30,Ext2,AUTO_GG_G2_G5,glia_glia,1.0,True,1.0,20260818
hm4di_like,30,Ext2,AUTO_TRI_N0_G1_N4,tripartite,0.9993091591648318,True,0.0016432234348479008,20260818
hm4di_like,30,Ext2,AUTO_TRI_N3_G2_N5,tripartite,0.23094050197268584,False,0.1757437948804678,20260818
hm4di_like,30,Ext2,AUTO_TRI_N3_G2_N9,tripartite,0.23094050197268584,False,0.1757437948804678,20260818
hm4di_like,31,Ext2,AUTO_GG_G0_G1,glia_glia,0.9987840451862725,True,0.0013145787478783207,20260818
hm4di_like,31,Ext2,AUTO_GG_G1_G3,glia_glia,0.9989360395379885,True,0.0013145787478783207,20260818
hm4di_like,31,Ext2,AUTO_GG_G2_G5,glia_glia,1.0,True,1.0,20260818
hm4di_like,31,Ext2,AUTO_TRI_N0_G1_N4,tripartite,0.9990880338897045,True,0.0013145787478783207,20260818
hm4di_like,31,Ext2,AUTO_TRI_N3_G2_N5,tripartite,0.2524094828165325,False,0.18187359998686575,20260818
hm4di_like,31,Ext2,AUTO_TRI_N3_G2_N9,tripartite,0.2524094828165325,False,0.18187359998686575,20260818
hm4di_like,32,Ext2,AUTO_GG_G0_G1,glia_glia,0.9984681782261368,True,0.0010516629983026566,20260818
hm4di_like,32,Ext2,AUTO_GG_G1_G3,glia_glia,0.9986596559478697,True,0.0010516629983026566,20260818
hm4di_like,32,Ext2,AUTO_GG_G2_G5,glia_glia,1.0,True,1.0,20260818
hm4di_like,32,Ext2,AUTO_TRI_N0_G1_N4,tripartite,0.9988511336696027,True,0.0010516629983026566,20260818
hm4di_like,32,Ext2,AUTO_TRI_N3_G2_N5,tripartite,0.2749015811305502,False,0.18839639547354087,20260818
hm4di_like,32,Ext2,AUTO_TRI_N3_G2_N9,tripartite,0.2749015811305502,False,0.18839639547354087,20260818
hm4di_like,33,Ext2,AUTO_GG_G0_G1,glia_glia,0.9981354846580281,True,0.0008413303986421253,20260818
hm4di_like,33,Ext2,AUTO_GG_G1_G3,glia_glia,0.9983685490757745,True,0.0008413303986421253,20260818
hm4di_like,33,Ext2,AUTO_GG_G2_G5,glia_glia,1.0,True,1.0,20260818
hm4di_like,33,Ext2,AUTO_TRI_N0_G1_N4,tripartite,0.9986016134935212,True,0.0008413303986421253,20260818
hm4di_like,33,Ext2,AUTO_TRI_N3_G2_N5,tripartite,0.2984920463936746,False,0.19539893739783162,20260818
hm4di_like,33,Ext2,AUTO_TRI_N3_G2_N9,tripartite,0.2984920463936746,False,0.19539893739783162,20260818
hm4di_like,34,Ext2,AUTO_GG_G0_G1,glia_glia,0.9977893298035413,True,0.0006730643189137003,20260818
hm4di_like,34,Ext2,AUTO_GG_G1_G3,glia_glia,0.9980656635780986,True,0.0006730643189137003,20260818
hm4di_like,34,Ext2,AUTO_GG_G2_G5,glia_glia,1.0,True,1.0,20260818
hm4di_like,34,Ext2,AUTO_TRI_N0_G1_N4,tripartite,0.9983419973526559,True,0.0006730643189137003,20260818
hm4di_like,34,Ext2,AUTO_TRI_N3_G2_N5,tripartite,0.3232715181676128,True,0.2029793438794716,20260818
hm4di_like,34,Ext2,AUTO_TRI_N3_G2_N9,tripartite,0.3232715181676128,True,0.2029793438794716,20260818
hm4di_like,35,Ext2,AUTO_GG_G0_G1,glia_glia,0.9974324059199517,True,0.0005384514551309603,20260818
hm4di_like,35,Ext2,AUTO_GG_G1_G3,glia_glia,0.9977533551799578,True,0.0005384514551309603,20260818
hm4di_like,35,Ext2,AUTO_GG_G2_G5,glia_glia,1.0,True,1.0,20260818
hm4di_like,35,Ext2,AUTO_TRI_N0_G1_N4,tripartite,0.9980743044399638,True,0.0005384514551309603,20260818
hm4di_like,35,Ext2,AUTO_TRI_N3_G2_N5,tripartite,0.34934835458925473,True,0.21125057813686318,20260818
hm4di_like,35,Ext2,AUTO_TRI_N3_G2_N9,tripartite,0.34934835458925473,True,0.21125057813686318,20260818
hm4di_like,36,Ext2,AUTO_GG_G0_G1,glia_glia,0.9970668668130801,True,0.00043076116410476823,20260818
hm4di_like,36,Ext2,AUTO_GG_G1_G3,glia_glia,0.9974335084614451,True,0.00043076116410476823,20260818
hm4di_like,36,Ext2,AUTO_GG_G2_G5,glia_glia,1.0,True,1.0,20260818
hm4di_like,36,Ext2,AUTO_TRI_N0_G1_N4,tripartite,0.99780015010981,True,0.00043076116410476823,20260818
hm4di_like,36,Ext2,AUTO_TRI_N3_G2_N5,tripartite,0.3768516601639701,True,0.22034490681839133,20260818
hm4di_like,36,Ext2,AUTO_TRI_N3_G2_N9,tripartite,0.3768516601639701,True,0.22034490681839133,20260818
hm4di_like,37,Ext2,AUTO_GG_G0_G1,glia_glia,0.9966944355275829,True,0.0003446089312838146,20260818
hm4di_like,37,Ext2,AUTO_GG_G1_G3,glia_glia,0.9971076310866349,True,0.0003446089312838146,20260818
hm4di_like,37,Ext2,AUTO_GG_G2_G5,glia_glia,1.0,True,1.0,20260818
hm4di_like,37,Ext2,AUTO_TRI_N0_G1_N4,tripartite,0.9975208266456871,True,0.0003446089312838146,20260818
hm4di_like,37,Ext2,AUTO_TRI_N3_G2_N5,tripartite,0.4059352232118883,True,0.23041969941505144,20260818
hm4di_like,37,Ext2,AUTO_TRI_N3_G2_N9,tripartite,0.4059352232118883,True,0.23041969941505144,20260818
hm4di_like,38,Ext2,AUTO_GG_G0_G1,glia_glia,0.996316490499185,True,0.00027568714502705167,20260818
hm4di_like,38,Ext2,AUTO_GG_G1_G3,glia_glia,0.9967769291867868,True,0.00027568714502705167,20260818
hm4di_like,38,Ext2,AUTO_GG_G2_G5,glia_glia,1.0,True,1.0,20260818
hm4di_like,38,Ext2,AUTO_TRI_N0_G1_N4,tripartite,0.9972373678743887,True,0.00027568714502705167,20260818
hm4di_like,38,Ext2,AUTO_TRI_N3_G2_N5,tripartite,0.43678265519947057,True,0.24166509077446607,20260818
hm4di_like,38,Ext2,AUTO_TRI_N3_G2_N9,tripartite,0.43678265519947057,True,0.24166509077446607,20260818
hm4di_like,39,Ext2,AUTO_GG_G0_G1,glia_glia,0.9959341344764667,True,0.00022054971602164134,20260818
hm4di_like,39,Ext2,AUTO_GG_G1_G3,glia_glia,0.9964423676669083,True,0.00022054971602164134,20260818
hm4di_like,39,Ext2,AUTO_GG_G2_G5,glia_glia,1.0,True,1.0,20260818
hm4di_like,39,Ext2,AUTO_TRI_N0_G1_N4,tripartite,0.99695060085735,True,0.00022054971602164134,20260818
hm4di_like,39,Ext2,AUTO_TRI_N3_G2_N5,tripartite,0.46961414261683276,True,0.25431426174455896,20260818
hm4di_like,39,Ext2,AUTO_TRI_N3_G2_N9,tripartite,0.46961414261683276,True,0.25431426174455896,20260818
hm4di_like,40,Ext2,AUTO_GG_G0_G1,glia_glia,0.9955482496582921,True,0.0001764397728173131,20260818
hm4di_like,40,Ext2,AUTO_GG_G1_G3,glia_glia,0.9961047184510056,True,0.0001764397728173131,20260818
hm4di_like,40,Ext2,AUTO_GG_G2_G5,glia_glia,1.0,True,1.0,20260818
hm4di_like,40,Ext2,AUTO_TRI_N0_G1_N4,tripartite,0.996661187243719,True,0.0001764397728173131,20260818
hm4di_like,40,Ext2,AUTO_TRI_N3_G2_N5,tripartite,0.5046953956441532,True,0.26865744460924035,20260818
hm4di_like,40,Ext2,AUTO_TRI_N3_G2_N9,tripartite,0.5046953956441532,True,0.26865744460924035,20260818
hm4di_like,41,Ext2,AUTO_GG_G0_G1,glia_glia,0.9951595418037524,True,0.00014115181825385048,20260818
hm4di_like,41,Ext2,AUTO_GG_G1_G3,glia_glia,0.9957645990782833,True,0.00014115181825385048,20260818
hm4di_like,41,Ext2,AUTO_GG_G2_G5,glia_glia,1.0,True,1.0,20260818
hm4di_like,41,Ext2,AUTO_TRI_N0_G1_N4,tripartite,0.9963696563528143,True,0.00014115181825385048,20260818
hm4di_like,41,Ext2,AUTO_TRI_N3_G2_N5,tripartite,0.5423496355575336,True,0.28506129630464827,20260818
hm4di_like,41,Ext2,AUTO_TRI_N3_G2_N9,tripartite,0.5423496355575336,True,0.28506129630464827,20260818
hm4di_like,42,Ext2,AUTO_GG_G0_G1,glia_glia,0.9947685755201207,True,0.00011292145460308038,20260818
hm4di_like,42,Ext2,AUTO_GG_G1_G3,glia_glia,0.9954225035801055,True,0.00011292145460308038,20260818
hm4di_like,42,Ext2,AUTO_GG_G2_G5,glia_glia,1.0,True,1.0,20260818
hm4di_like,42,Ext2,AUTO_TRI_N0_G1_N4,tripartite,0.9960764316400904,True,0.00011292145460308038,20260818
hm4di_like,42,Ext2,AUTO_TRI_N3_G2_N5,tripartite,0.582973849875134,True,0.3039961070220824,20260818
hm4di_like,42,Ext2,AUTO_TRI_N3_G2_N9,tripartite,0.582973849875134,True,0.3039961070220824,20260818
hm4di_like,43,Ext2,AUTO_GG_G0_G1,glia_glia,0.9943758024932152,True,9.033716368246431e-05,20260818
hm4di_like,43,Ext2,AUTO_GG_G1_G3,glia_glia,0.9950788271815633,True,9.033716368246431e-05,20260818
hm4di_like,43,Ext2,AUTO_GG_G2_G5,glia_glia,1.0,True,1.0,20260818
hm4di_like,43,Ext2,AUTO_TRI_N0_G1_N4,tripartite,0.9957818518699113,True,9.033716368246431e-05,20260818
hm4di_like,43,Ext2,AUTO_TRI_N3_G2_N5,tripartite,0.6270611307188623,True,0.32607458321397736,20260818
hm4di_like,43,Ext2,AUTO_TRI_N3_G2_N9,tripartite,0.6270611307188623,True,0.32607458321397736,20260818
hm4di_like,44,Ext2,AUTO_GG_G0_G1,glia_glia,0.9939815840716909,True,7.226973094597146e-05,20260818
hm4di_like,44,Ext2,AUTO_GG_G1_G3,glia_glia,0.9947338860627295,True,7.226973094597146e-05,20260818
hm4di_like,44,Ext2,AUTO_GG_G2_G5,glia_glia,1.0,True,1.0,20260818
hm4di_like,44,Ext2,AUTO_TRI_N0_G1_N4,tripartite,0.9954861880537681,True,7.226973094597146e-05,20260818
hm4di_like,44,Ext2,AUTO_TRI_N3_G2_N5,tripartite,0.6752318034594236,True,0.3521078892727012,20260818
hm4di_like,44,Ext2,AUTO_TRI_N3_G2_N9,tripartite,0.6752318034594236,True,0.3521078892727012,20260818
hm4di_like,45,Ext2,AUTO_GG_G0_G1,glia_glia,0.9935862093344714,True,5.781578475677717e-05,20260818
hm4di_like,45,Ext2,AUTO_GG_G1_G3,glia_glia,0.9943879331676625,True,5.781578475677717e-05,20260818
hm4di_like,45,Ext2,AUTO_GG_G2_G5,glia_glia,1.0,True,1.0,20260818
hm4di_like,45,Ext2,AUTO_TRI_N0_G1_N4,tripartite,0.9951896570008535,True,5.781578475677717e-05,20260818
hm4di_like,45,Ext2,AUTO_TRI_N3_G2_N5,tripartite,0.7282773973683256,True,0.3831875206169261,20260818
hm4di_like,45,Ext2,AUTO_TRI_N3_G2_N9,tripartite,0.7282773973683256,True,0.3831875206169261,20260818
hm4di_like,46,Ext2,AUTO_GG_G0_G1,glia_glia,0.9931899095446959,True,4.6252627805421734e-05,20260818
hm4di_like,46,Ext2,AUTO_GG_G1_G3,glia_glia,0.9940411708516089,True,4.6252627805421734e-05,20260818
hm4di_like,46,Ext2,AUTO_GG_G2_G5,glia_glia,1.0,True,1.0,20260818
hm4di_like,46,Ext2,AUTO_TRI_N0_G1_N4,tripartite,0.9948924321585219,True,4.6252627805421734e-05,20260818
hm4di_like,46,Ext2,AUTO_TRI_N3_G2_N5,tripartite,0.7872234730114349,True,0.4208055231896546,20260818
hm4di_like,46,Ext2,AUTO_TRI_N3_G2_N9,tripartite,0.7872234730114349,True,0.4208055231896546,20260818
hm4di_like,47,Ext2,AUTO_GG_G0_G1,glia_glia,0.9927928697128754,True,3.700210224433739e-05,20260818
hm4di_like,47,Ext2,AUTO_GG_G1_G3,glia_glia,0.993693760998766,True,3.700210224433739e-05,20260818
hm4di_like,47,Ext2,AUTO_GG_G2_G5,glia_glia,1.0,True,1.0,20260818
hm4di_like,47,Ext2,AUTO_TRI_N0_G1_N4,tripartite,0.9945946522846565,True,3.700210224433739e-05,20260818
hm4di_like,47,Ext2,AUTO_TRI_N3_G2_N5,tripartite,0.8534199284265188,True,0.4670296820298049,20260818
hm4di_like,47,Ext2,AUTO_TRI_N3_G2_N9,tripartite,0.8534199284265188,True,0.4670296820298049,20260818
hm4di_like,48,Ext2,AUTO_GG_G0_G1,glia_glia,0.992395237847419,True,2.960168179546991e-05,20260818
hm4di_like,48,Ext2,AUTO_GG_G1_G3,glia_glia,0.9933458331164917,True,2.960168179546991e-05,20260818
hm4di_like,48,Ext2,AUTO_GG_G2_G5,glia_glia,1.0,True,1.0,20260818
hm4di_like,48,Ext2,AUTO_TRI_N0_G1_N4,tripartite,0.9942964283855642,True,2.960168179546991e-05,20260818
hm4di_like,48,Ext2,AUTO_TRI_N3_G2_N5,tripartite,0.9286699172670219,True,0.5247496884684761,20260818
hm4di_like,48,Ext2,AUTO_TRI_N3_G2_N9,tripartite,0.9286699172670219,True,0.5247496884684761,20260818
hm4di_like,49,Ext2,AUTO_GG_G0_G1,glia_glia,0.9919971323550539,True,2.368134543637593e-05,20260818
hm4di_like,49,Ext2,AUTO_GG_G1_G3,glia_glia,0.9929974908106722,True,2.368134543637593e-05,20260818
hm4di_like,49,Ext2,AUTO_GG_G2_G5,glia_glia,1.0,True,1.0,20260818
hm4di_like,49,Ext2,AUTO_TRI_N0_G1_N4,tripartite,0.9939978492662904,True,2.368134543637593e-05,20260818
hm4di_like,49,Ext2,AUTO_TRI_N3_G2_N5,tripartite,1.0,True,0.5979862713677317,20260818
hm4di_like,49,Ext2,AUTO_TRI_N3_G2_N9,tripartite,1.0,True,0.5979862713677317,20260818
hm4di_like,50,Ext2,AUTO_GG_G0_G1,glia_glia,0.9915986479611618,True,1.8945076349100747e-05,20260818
hm4di_like,50,Ext2,AUTO_GG_G1_G3,glia_glia,0.9926488169660167,True,1.8945076349100747e-05,20260818
hm4di_like,50,Ext2,AUTO_GG_G2_G5,glia_glia,1.0,True,1.0,20260818
hm4di_like,50,Ext2,AUTO_TRI_N0_G1_N4,tripartite,0.9936989859708714,True,1.8945076349100747e-05,20260818
hm4di_like,50,Ext2,AUTO_TRI_N3_G2_N5,tripartite,1.0,True,0.6893012633024284,20260818
hm4di_like,50,Ext2,AUTO_TRI_N3_G2_N9,tripartite,1.0,True,0.6893012633024284,20260818
hm4di_like,51,Ext2,AUTO_GG_G0_G1,glia_glia,0.9911998604460481,True,1.5156061079280599e-05,20260818
hm4di_like,51,Ext2,AUTO_GG_G1_G3,glia_glia,0.9922998778902923,True,1.5156061079280599e-05,20260818
hm4di_like,51,Ext2,AUTO_GG_G2_G5,glia_glia,1.0,True,1.0,20260818
hm4di_like,51,Ext2,AUTO_TRI_N0_G1_N4,tripartite,0.9933998953345361,True,1.5156061079280599e-05,20260818
hm4di_like,51,Ext2,AUTO_TRI_N3_G2_N5,tripartite,1.0,True,0.7878361219555996,20260818
hm4di_like,51,Ext2,AUTO_TRI_N3_G2_N9,tripartite,1.0,True,0.7878361219555996,20260818
hm4di_like,52,Ext2,AUTO_GG_G0_G1,glia_glia,0.9908008304339572,True,1.2124848863424479e-05,20260818
hm4di_like,52,Ext2,AUTO_GG_G1_G3,glia_glia,0.9919507266297127,True,1.2124848863424479e-05,20260818
hm4di_like,52,Ext2,AUTO_GG_G2_G5,glia_glia,1.0,True,1.0,20260818
hm4di_like,52,Ext2,AUTO_TRI_N0_G1_N4,tripartite,0.9931006228254678,True,1.2124848863424479e-05,20260818
hm4di_like,52,Ext2,AUTO_TRI_N3_G2_N5,tripartite,1.0,True,0.89380653293516,20260818
hm4di_like,52,Ext2,AUTO_TRI_N3_G2_N9,tripartite,1.0,True,0.89380653293516,20260818
hm4di_like,53,Ext2,AUTO_GG_G0_G1,glia_glia,0.9904016064242844,True,9.699879090739585e-06,20260818
hm4di_like,53,Ext2,AUTO_GG_G1_G3,glia_glia,0.9916014056212491,True,9.699879090739585e-06,20260818
hm4di_like,53,Ext2,AUTO_GG_G2_G5,glia_glia,1.0,True,1.0,20260818
hm4di_like,53,Ext2,AUTO_TRI_N0_G1_N4,tripartite,0.9928012048182133,True,9.699879090739585e-06,20260818
hm4di_like,53,Ext2,AUTO_TRI_N3_G2_N5,tripartite,1.0,True,1.0,20260818
hm4di_like,53,Ext2,AUTO_TRI_N3_G2_N9,tripartite,1.0,True,1.0,20260818
hm4di_like,54,E-Ret,AUTO_GG_G0_G1,glia_glia,0.9904016064242844,True,9.699879090739585e-06,20260818
hm4di_like,54,E-Ret,AUTO_GG_G1_G3,glia_glia,0.9916014056212491,True,9.699879090739585e-06,20260818
hm4di_like,54,E-Ret,AUTO_GG_G2_G5,glia_glia,1.0,True,1.0,20260818
hm4di_like,54,E-Ret,AUTO_TRI_N0_G1_N4,tripartite,0.9928012048182133,True,9.699879090739585e-06,20260818
hm4di_like,54,E-Ret,AUTO_TRI_N3_G2_N5,tripartite,1.0,True,1.0,20260818
hm4di_like,54,E-Ret,AUTO_TRI_N3_G2_N9,tripartite,1.0,True,1.0,20260818
hm4di_like,55,E-Ret,AUTO_GG_G0_G1,glia_glia,0.9904016064242844,True,9.699879090739585e-06,20260818
hm4di_like,55,E-Ret,AUTO_GG_G1_G3,glia_glia,0.9916014056212491,True,9.699879090739585e-06,20260818
hm4di_like,55,E-Ret,AUTO_GG_G2_G5,glia_glia,1.0,True,1.0,20260818
hm4di_like,55,E-Ret,AUTO_TRI_N0_G1_N4,tripartite,0.9928012048182133,True,9.699879090739585e-06,20260818
hm4di_like,55,E-Ret,AUTO_TRI_N3_G2_N5,tripartite,1.0,True,1.0,20260818
hm4di_like,55,E-Ret,AUTO_TRI_N3_G2_N9,tripartite,1.0,True,1.0,20260818
hm4di_like,56,E-Ret,AUTO_GG_G0_G1,glia_glia,0.9904016064242844,True,9.699879090739585e-06,20260818
hm4di_like,56,E-Ret,AUTO_GG_G1_G3,glia_glia,0.9916014056212491,True,9.699879090739585e-06,20260818
hm4di_like,56,E-Ret,AUTO_GG_G2_G5,glia_glia,1.0,True,1.0,20260818
hm4di_like,56,E-Ret,AUTO_TRI_N0_G1_N4,tripartite,0.9928012048182133,True,9.699879090739585e-06,20260818
hm4di_like,56,E-Ret,AUTO_TRI_N3_G2_N5,tripartite,1.0,True,1.0,20260818
hm4di_like,56,E-Ret,AUTO_TRI_N3_G2_N9,tripartite,1.0,True,1.0,20260818
hm4di_like,57,E-Ret,AUTO_GG_G0_G1,glia_glia,0.9904016064242844,True,9.699879090739585e-06,20260818
hm4di_like,57,E-Ret,AUTO_GG_G1_G3,glia_glia,0.9916014056212491,True,9.699879090739585e-06,20260818
hm4di_like,57,E-Ret,AUTO_GG_G2_G5,glia_glia,1.0,True,1.0,20260818
hm4di_like,57,E-Ret,AUTO_TRI_N0_G1_N4,tripartite,0.9928012048182133,True,9.699879090739585e-06,20260818
hm4di_like,57,E-Ret,AUTO_TRI_N3_G2_N5,tripartite,1.0,True,1.0,20260818
hm4di_like,57,E-Ret,AUTO_TRI_N3_G2_N9,tripartite,1.0,True,1.0,20260818
hm4di_like,58,E-Ret,AUTO_GG_G0_G1,glia_glia,0.9904016064242844,True,9.699879090739585e-06,20260818
hm4di_like,58,E-Ret,AUTO_GG_G1_G3,glia_glia,0.9916014056212491,True,9.699879090739585e-06,20260818
hm4di_like,58,E-Ret,AUTO_GG_G2_G5,glia_glia,1.0,True,1.0,20260818
hm4di_like,58,E-Ret,AUTO_TRI_N0_G1_N4,tripartite,0.9928012048182133,True,9.699879090739585e-06,20260818
hm4di_like,58,E-Ret,AUTO_TRI_N3_G2_N5,tripartite,1.0,True,1.0,20260818
hm4di_like,58,E-Ret,AUTO_TRI_N3_G2_N9,tripartite,1.0,True,1.0,20260818
hm4di_like,59,F-Ren,AUTO_GG_G0_G1,glia_glia,0.9904016064242844,True,9.699879090739585e-06,20260818
hm4di_like,59,F-Ren,AUTO_GG_G1_G3,glia_glia,0.9916014056212491,True,9.699879090739585e-06,20260818
hm4di_like,59,F-Ren,AUTO_GG_G2_G5,glia_glia,1.0,True,1.0,20260818
hm4di_like,59,F-Ren,AUTO_TRI_N0_G1_N4,tripartite,0.9928012048182133,True,9.699879090739585e-06,20260818
hm4di_like,59,F-Ren,AUTO_TRI_N3_G2_N5,tripartite,1.0,True,1.0,20260818
hm4di_like,59,F-Ren,AUTO_TRI_N3_G2_N9,tripartite,1.0,True,1.0,20260818
hm4di_like,60,F-Ren,AUTO_GG_G0_G1,glia_glia,0.9904016064242844,True,9.699879090739585e-06,20260818
hm4di_like,60,F-Ren,AUTO_GG_G1_G3,glia_glia,0.9916014056212491,True,9.699879090739585e-06,20260818
hm4di_like,60,F-Ren,AUTO_GG_G2_G5,glia_glia,1.0,True,1.0,20260818
hm4di_like,60,F-Ren,AUTO_TRI_N0_G1_N4,tripartite,0.9928012048182133,True,9.699879090739585e-06,20260818
hm4di_like,60,F-Ren,AUTO_TRI_N3_G2_N5,tripartite,1.0,True,1.0,20260818
hm4di_like,60,F-Ren,AUTO_TRI_N3_G2_N9,tripartite,1.0,True,1.0,20260818
hm4di_like,61,F-Ren,AUTO_GG_G0_G1,glia_glia,0.9904016064242844,True,9.699879090739585e-06,20260818
hm4di_like,61,F-Ren,AUTO_GG_G1_G3,glia_glia,0.9916014056212491,True,9.699879090739585e-06,20260818
hm4di_like,61,F-Ren,AUTO_GG_G2_G5,glia_glia,1.0,True,1.0,20260818
hm4di_like,61,F-Ren,AUTO_TRI_N0_G1_N4,tripartite,0.9928012048182133,True,9.699879090739585e-06,20260818
hm4di_like,61,F-Ren,AUTO_TRI_N3_G2_N5,tripartite,1.0,True,1.0,20260818
hm4di_like,61,F-Ren,AUTO_TRI_N3_G2_N9,tripartite,1.0,True,1.0,20260818
hm4di_like,62,F-Ren,AUTO_GG_G0_G1,glia_glia,0.9904016064242844,True,9.699879090739585e-06,20260818
hm4di_like,62,F-Ren,AUTO_GG_G1_G3,glia_glia,0.9916014056212491,True,9.699879090739585e-06,20260818
hm4di_like,62,F-Ren,AUTO_GG_G2_G5,glia_glia,1.0,True,1.0,20260818
hm4di_like,62,F-Ren,AUTO_TRI_N0_G1_N4,tripartite,0.9928012048182133,True,9.699879090739585e-06,20260818
hm4di_like,62,F-Ren,AUTO_TRI_N3_G2_N5,tripartite,1.0,True,1.0,20260818
hm4di_like,62,F-Ren,AUTO_TRI_N3_G2_N9,tripartite,1.0,True,1.0,20260818
hm4di_like,63,F-Ren,AUTO_GG_G0_G1,glia_glia,0.9904016064242844,True,9.699879090739585e-06,20260818
hm4di_like,63,F-Ren,AUTO_GG_G1_G3,glia_glia,0.9916014056212491,True,9.699879090739585e-06,20260818
hm4di_like,63,F-Ren,AUTO_GG_G2_G5,glia_glia,1.0,True,1.0,20260818
hm4di_like,63,F-Ren,AUTO_TRI_N0_G1_N4,tripartite,0.9928012048182133,True,9.699879090739585e-06,20260818
hm4di_like,63,F-Ren,AUTO_TRI_N3_G2_N5,tripartite,1.0,True,1.0,20260818
hm4di_like,63,F-Ren,AUTO_TRI_N3_G2_N9,tripartite,1.0,True,1.0,20260818
full_biological,1,F-Con,AUTO_GG_G0_G1,glia_glia,0.9593537143165668,True,0.243639236436246,20260819
full_biological,1,F-Con,AUTO_GG_G1_G3,glia_glia,0.404086960657421,True,0.13064578932941684,20260819
full_biological,1,F-Con,AUTO_GG_G2_G5,glia_glia,0.0,False,0.0,20260819
full_biological,1,F-Con,AUTO_TRI_N0_G1_N4,tripartite,0.0,False,0.002220606289620657,20260819
full_biological,1,F-Con,AUTO_TRI_N3_G2_N5,tripartite,0.0,False,0.0,20260819
full_biological,1,F-Con,AUTO_TRI_N3_G2_N9,tripartite,0.0,False,0.0,20260819
full_biological,2,F-Con,AUTO_GG_G0_G1,glia_glia,1.0,True,0.41680761926038906,20260819
full_biological,2,F-Con,AUTO_GG_G1_G3,glia_glia,1.0,True,0.24793464773718882,20260819
full_biological,2,F-Con,AUTO_GG_G2_G5,glia_glia,0.0,False,0.0,20260819
full_biological,2,F-Con,AUTO_TRI_N0_G1_N4,tripartite,0.6563894360681201,True,0.07031074888877795,20260819
full_biological,2,F-Con,AUTO_TRI_N3_G2_N5,tripartite,0.0,False,0.0,20260819
full_biological,2,F-Con,AUTO_TRI_N3_G2_N9,tripartite,0.0,False,0.0,20260819
full_biological,3,F-Con,AUTO_GG_G0_G1,glia_glia,1.0,True,0.5864300569054746,20260819
full_biological,3,F-Con,AUTO_GG_G1_G3,glia_glia,1.0,True,0.35373935863584377,20260819
full_biological,3,F-Con,AUTO_GG_G2_G5,glia_glia,0.0,False,0.0,20260819
full_biological,3,F-Con,AUTO_TRI_N0_G1_N4,tripartite,1.0,True,0.19682409813996554,20260819
full_biological,3,F-Con,AUTO_TRI_N3_G2_N5,tripartite,0.0,False,0.0,20260819
full_biological,3,F-Con,AUTO_TRI_N3_G2_N9,tripartite,0.0,False,0.0,20260819
full_biological,4,Ext1,AUTO_GG_G0_G1,glia_glia,1.0,True,0.54369702695959,20260819
full_biological,4,Ext1,AUTO_GG_G1_G3,glia_glia,1.0,True,0.32089190053215866,20260819
full_biological,4,Ext1,AUTO_GG_G2_G5,glia_glia,0.06509535473930901,False,0.1649830810994733,20260819
full_biological,4,Ext1,AUTO_TRI_N0_G1_N4,tripartite,1.0,True,0.2628926401086236,20260819
full_biological,4,Ext1,AUTO_TRI_N3_G2_N5,tripartite,0.0,False,0.004719964433221858,20260819
full_biological,4,Ext1,AUTO_TRI_N3_G2_N9,tripartite,0.0,False,0.004719964433221858,20260819
full_biological,5,Ext1,AUTO_GG_G0_G1,glia_glia,1.0,True,0.43495762156767204,20260819
full_biological,5,Ext1,AUTO_GG_G1_G3,glia_glia,1.0,True,0.2915123230945291,20260819
full_biological,5,Ext1,AUTO_GG_G2_G5,glia_glia,0.20752652874399613,True,0.31346785408899924,20260819
full_biological,5,Ext1,AUTO_TRI_N0_G1_N4,tripartite,1.0,True,0.3282493454057862,20260819
full_biological,5,Ext1,AUTO_TRI_N3_G2_N5,tripartite,0.0,False,0.005620449651202916,20260819
full_biological,5,Ext1,AUTO_TRI_N3_G2_N9,tripartite,0.0,False,0.005620449651202916,20260819
full_biological,6,Ext1,AUTO_GG_G0_G1,glia_glia,1.0,True,0.34796609725413763,20260819
full_biological,6,Ext1,AUTO_GG_G1_G3,glia_glia,1.0,True,0.2652552556075489,20260819
full_biological,6,Ext1,AUTO_GG_G2_G5,glia_glia,0.4185060170313903,True,0.44508061751179673,20260819
full_biological,6,Ext1,AUTO_TRI_N0_G1_N4,tripartite,1.0,True,0.34796609725413763,20260819
full_biological,6,Ext1,AUTO_TRI_N3_G2_N5,tripartite,0.0,False,0.008817450450784057,20260819
full_biological,6,Ext1,AUTO_TRI_N3_G2_N9,tripartite,0.0,False,0.008817450450784057,20260819
full_biological,7,Ext1,AUTO_GG_G0_G1,glia_glia,1.0,True,0.2783728778033101,20260819
full_biological,7,Ext1,AUTO_GG_G1_G3,glia_glia,1.0,True,0.24180961225465242,20260819
full_biological,7,Ext1,AUTO_GG_G2_G5,glia_glia,0.6881377268443506,True,0.5576928828408838,20260819
full_biological,7,Ext1,AUTO_TRI_N0_G1_N4,tripartite,1.0,True,0.2783728778033101,20260819
full_biological,7,Ext1,AUTO_TRI_N3_G2_N5,tripartite,0.0,False,0.0186069726080006,20260819
full_biological,7,Ext1,AUTO_TRI_N3_G2_N9,tripartite,0.0,False,0.0186069726080006,20260819
full_biological,8,Ext1,AUTO_GG_G0_G1,glia_glia,1.0,True,0.22269830224264808,20260819
full_biological,8,Ext1,AUTO_GG_G1_G3,glia_glia,1.0,True,0.22089514956414327,20260819
full_biological,8,Ext1,AUTO_GG_G2_G5,glia_glia,1.0,True,0.6476757957818747,20260819
full_biological,8,Ext1,AUTO_TRI_N0_G1_N4,tripartite,1.0,True,0.22269830224264808,20260819
full_biological,8,Ext1,AUTO_TRI_N3_G2_N5,tripartite,0.0,False,0.041000440347599164,20260819
full_biological,8,Ext1,AUTO_TRI_N3_G2_N9,tripartite,0.0,False,0.041000440347599164,20260819
full_biological,9,Ext1,AUTO_GG_G0_G1,glia_glia,1.0,True,0.17815864179411847,20260819
full_biological,9,Ext1,AUTO_GG_G1_G3,glia_glia,1.0,True,0.17815864179411847,20260819
full_biological,9,Ext1,AUTO_GG_G2_G5,glia_glia,1.0,True,0.7135422343447728,20260819
full_biological,9,Ext1,AUTO_TRI_N0_G1_N4,tripartite,1.0,True,0.17815864179411847,20260819
full_biological,9,Ext1,AUTO_TRI_N3_G2_N5,tripartite,0.010133884436773048,False,0.07956378441827949,20260819
full_biological,9,Ext1,AUTO_TRI_N3_G2_N9,tripartite,0.010133884436773048,False,0.07956378441827949,20260819
full_biological,10,Ext1,AUTO_GG_G0_G1,glia_glia,1.0,True,0.14252691343529478,20260819
full_biological,10,Ext1,AUTO_GG_G1_G3,glia_glia,1.0,True,0.14252691343529478,20260819
full_biological,10,Ext1,AUTO_GG_G2_G5,glia_glia,1.0,True,0.7728452393561569,20260819
full_biological,10,Ext1,AUTO_TRI_N0_G1_N4,tripartite,1.0,True,0.14252691343529478,20260819
full_biological,10,Ext1,AUTO_TRI_N3_G2_N5,tripartite,0.030469233174460257,False,0.11435806444461172,20260819
full_biological,10,Ext1,AUTO_TRI_N3_G2_N9,tripartite,0.030469233174460257,False,0.11435806444461172,20260819
full_biological,11,Ext1,AUTO_GG_G0_G1,glia_glia,1.0,True,0.11402153074823583,20260819
full_biological,11,Ext1,AUTO_GG_G1_G3,glia_glia,1.0,True,0.11402153074823583,20260819
full_biological,11,Ext1,AUTO_GG_G2_G5,glia_glia,1.0,True,0.8262727160985934,20260819
full_biological,11,Ext1,AUTO_TRI_N0_G1_N4,tripartite,1.0,True,0.11402153074823583,20260819
full_biological,11,Ext1,AUTO_TRI_N3_G2_N5,tripartite,0.06004627466001505,False,0.1458788379239458,20260819
full_biological,11,Ext1,AUTO_TRI_N3_G2_N9,tripartite,0.06004627466001505,False,0.1458788379239458,20260819
full_biological,12,Ext1,AUTO_GG_G0_G1,glia_glia,1.0,True,0.09121722459858866,20260819
full_biological,12,Ext1,AUTO_GG_G1_G3,glia_glia,1.0,True,0.09121722459858866,20260819
full_biological,12,Ext1,AUTO_GG_G2_G5,glia_glia,1.0,True,0.8744532795454076,20260819
full_biological,12,Ext1,AUTO_TRI_N0_G1_N4,tripartite,1.0,True,0.09121722459858866,20260819
full_biological,12,Ext1,AUTO_TRI_N3_G2_N5,tripartite,0.0980464558330073,False,0.17460776078645568,20260819
full_biological,12,Ext1,AUTO_TRI_N3_G2_N9,tripartite,0.0980464558330073,False,0.17460776078645568,20260819
full_biological,13,Ext1,AUTO_GG_G0_G1,glia_glia,1.0,True,0.07297377967887093,20260819
full_biological,13,Ext1,AUTO_GG_G1_G3,glia_glia,1.0,True,0.07297377967887093,20260819
full_biological,13,Ext1,AUTO_GG_G2_G5,glia_glia,1.0,True,0.9179663113271912,20260819
full_biological,13,Ext1,AUTO_TRI_N0_G1_N4,tripartite,1.0,True,0.07297377967887093,20260819
full_biological,13,Ext1,AUTO_TRI_N3_G2_N5,tripartite,0.1437932973406087,False,0.2010294058562832,20260819
full_biological,13,Ext1,AUTO_TRI_N3_G2_N9,tripartite,0.1437932973406087,False,0.2010294058562832,20260819
full_biological,14,Ext1,AUTO_GG_G0_G1,glia_glia,1.0,True,0.05837902374309675,20260819
full_biological,14,Ext1,AUTO_GG_G1_G3,glia_glia,1.0,True,0.05837902374309675,20260819
full_biological,14,Ext1,AUTO_GG_G2_G5,glia_glia,1.0,True,0.9573513667056262,20260819
full_biological,14,Ext1,AUTO_TRI_N0_G1_N4,tripartite,1.0,True,0.05837902374309675,20260819
full_biological,14,Ext1,AUTO_TRI_N3_G2_N5,tripartite,0.19675805245179293,False,0.22564764689707476,20260819
full_biological,14,Ext1,AUTO_TRI_N3_G2_N9,tripartite,0.19675805245179293,False,0.22564764689707476,20260819
full_biological,15,Ext1,AUTO_GG_G0_G1,glia_glia,1.0,True,0.04670321899447741,20260819
full_biological,15,Ext1,AUTO_GG_G1_G3,glia_glia,1.0,True,0.04670321899447741,20260819
full_biological,15,Ext1,AUTO_GG_G2_G5,glia_glia,1.0,True,0.9931169854806743,20260819
full_biological,15,Ext1,AUTO_TRI_N0_G1_N4,tripartite,1.0,True,0.04670321899447741,20260819
full_biological,15,Ext1,AUTO_TRI_N3_G2_N5,tripartite,0.25657002300467263,False,0.24900154242142902,20260819
full_biological,15,Ext1,AUTO_TRI_N3_G2_N9,tripartite,0.25657002300467263,False,0.24900154242142902,20260819
full_biological,16,Ext1,AUTO_GG_G0_G1,glia_glia,1.0,True,0.03736257519558193,20260819
full_biological,16,Ext1,AUTO_GG_G1_G3,glia_glia,1.0,True,0.03736257519558193,20260819
full_biological,16,Ext1,AUTO_GG_G2_G5,glia_glia,1.0,True,1.0,20260819
full_biological,16,Ext1,AUTO_TRI_N0_G1_N4,tripartite,1.0,True,0.03736257519558193,20260819
full_biological,16,Ext1,AUTO_TRI_N3_G2_N5,tripartite,0.3230318004525869,True,0.2716821337955646,20260819
full_biological,16,Ext1,AUTO_TRI_N3_G2_N9,tripartite,0.3230318004525869,True,0.2716821337955646,20260819
full_biological,17,Ext1,AUTO_GG_G0_G1,glia_glia,1.0,True,0.029890060156465545,20260819
full_biological,17,Ext1,AUTO_GG_G1_G3,glia_glia,1.0,True,0.029890060156465545,20260819
full_biological,17,Ext1,AUTO_GG_G2_G5,glia_glia,1.0,True,1.0,20260819
full_biological,17,Ext1,AUTO_TRI_N0_G1_N4,tripartite,1.0,True,0.029890060156465545,20260819
full_biological,17,Ext1,AUTO_TRI_N3_G2_N5,tripartite,0.3961405169430844,True,0.29435294374437526,20260819
full_biological,17,Ext1,AUTO_TRI_N3_G2_N9,tripartite,0.3961405169430844,True,0.29435294374437526,20260819
full_biological,18,Ext1,AUTO_GG_G0_G1,glia_glia,1.0,True,0.023912048125172437,20260819
full_biological,18,Ext1,AUTO_GG_G1_G3,glia_glia,1.0,True,0.023912048125172437,20260819
full_biological,18,Ext1,AUTO_GG_G2_G5,glia_glia,1.0,True,1.0,20260819
full_biological,18,Ext1,AUTO_TRI_N0_G1_N4,tripartite,1.0,True,0.023912048125172437,20260819
full_biological,18,Ext1,AUTO_TRI_N3_G2_N5,tripartite,0.4761174304552753,True,0.31777840144336555,20260819
full_biological,18,Ext1,AUTO_TRI_N3_G2_N9,tripartite,0.4761174304552753,True,0.31777840144336555,20260819
full_biological,19,Ext1,AUTO_GG_G0_G1,glia_glia,1.0,True,0.01912963850013795,20260819
full_biological,19,Ext1,AUTO_GG_G1_G3,glia_glia,1.0,True,0.01912963850013795,20260819
full_biological,19,Ext1,AUTO_GG_G2_G5,glia_glia,1.0,True,1.0,20260819
full_biological,19,Ext1,AUTO_TRI_N0_G1_N4,tripartite,1.0,True,0.01912963850013795,20260819
full_biological,19,Ext1,AUTO_TRI_N3_G2_N5,tripartite,0.5634499431740698,True,0.34286624873731675,20260819
full_biological,19,Ext1,AUTO_TRI_N3_G2_N9,tripartite,0.5634499431740698,True,0.34286624873731675,20260819
full_biological,20,Ext1,AUTO_GG_G0_G1,glia_glia,1.0,True,0.01530371080011036,20260819
full_biological,20,Ext1,AUTO_GG_G1_G3,glia_glia,1.0,True,0.01530371080011036,20260819
full_biological,20,Ext1,AUTO_GG_G2_G5,glia_glia,1.0,True,1.0,20260819
full_biological,20,Ext1,AUTO_TRI_N0_G1_N4,tripartite,1.0,True,0.01530371080011036,20260819
full_biological,20,Ext1,AUTO_TRI_N3_G2_N5,tripartite,0.6589527217914009,True,0.37073269135553966,20260819
full_biological,20,Ext1,AUTO_TRI_N3_G2_N9,tripartite,0.6589527217914009,True,0.37073269135553966,20260819
full_biological,21,Ext1,AUTO_GG_G0_G1,glia_glia,1.0,True,0.012242968640088288,20260819
full_biological,21,Ext1,AUTO_GG_G1_G3,glia_glia,1.0,True,0.012242968640088288,20260819
full_biological,21,Ext1,AUTO_GG_G2_G5,glia_glia,1.0,True,1.0,20260819
full_biological,21,Ext1,AUTO_TRI_N0_G1_N4,tripartite,1.0,True,0.012242968640088288,20260819
full_biological,21,Ext1,AUTO_TRI_N3_G2_N5,tripartite,0.763858398907373,True,0.40280329159197614,20260819
full_biological,21,Ext1,AUTO_TRI_N3_G2_N9,tripartite,0.763858398907373,True,0.40280329159197614,20260819
full_biological,22,Ext1,AUTO_GG_G0_G1,glia_glia,1.0,True,0.00979437491207063,20260819
full_biological,22,Ext1,AUTO_GG_G1_G3,glia_glia,1.0,True,0.00979437491207063,20260819
full_biological,22,Ext1,AUTO_GG_G2_G5,glia_glia,1.0,True,1.0,20260819
full_biological,22,Ext1,AUTO_TRI_N0_G1_N4,tripartite,1.0,True,0.00979437491207063,20260819
full_biological,22,Ext1,AUTO_TRI_N3_G2_N5,tripartite,0.8799539756701181,True,0.44096884217293447,20260819
full_biological,22,Ext1,AUTO_TRI_N3_G2_N9,tripartite,0.8799539756701181,True,0.44096884217293447,20260819
full_biological,23,Ext1,AUTO_GG_G0_G1,glia_glia,1.0,True,0.007835499929656506,20260819
full_biological,23,Ext1,AUTO_GG_G1_G3,glia_glia,1.0,True,0.007835499929656506,20260819
full_biological,23,Ext1,AUTO_GG_G2_G5,glia_glia,1.0,True,1.0,20260819
full_biological,23,Ext1,AUTO_TRI_N0_G1_N4,tripartite,1.0,True,0.007835499929656506,20260819
full_biological,23,Ext1,AUTO_TRI_N3_G2_N5,tripartite,1.0,True,0.487822553419796,20260819
full_biological,23,Ext1,AUTO_TRI_N3_G2_N9,tripartite,1.0,True,0.487822553419796,20260819
full_biological,24,Ext1,AUTO_GG_G0_G1,glia_glia,1.0,True,0.006268399943725205,20260819
full_biological,24,Ext1,AUTO_GG_G1_G3,glia_glia,1.0,True,0.006268399943725205,20260819
full_biological,24,Ext1,AUTO_GG_G2_G5,glia_glia,1.0,True,1.0,20260819
full_biological,24,Ext1,AUTO_TRI_N0_G1_N4,tripartite,1.0,True,0.006268399943725205,20260819
full_biological,24,Ext1,AUTO_TRI_N3_G2_N5,tripartite,1.0,True,0.5460127641758118,20260819
full_biological,24,Ext1,AUTO_TRI_N3_G2_N9,tripartite,1.0,True,0.5460127641758118,20260819
full_biological,25,Ext1,AUTO_GG_G0_G1,glia_glia,1.0,True,0.005014719954980164,20260819
full_biological,25,Ext1,AUTO_GG_G1_G3,glia_glia,1.0,True,0.005014719954980164,20260819
full_biological,25,Ext1,AUTO_GG_G2_G5,glia_glia,1.0,True,1.0,20260819
full_biological,25,Ext1,AUTO_TRI_N0_G1_N4,tripartite,1.0,True,0.005014719954980164,20260819
full_biological,25,Ext1,AUTO_TRI_N3_G2_N5,tripartite,1.0,True,0.6048837632819097,20260819
full_biological,25,Ext1,AUTO_TRI_N3_G2_N9,tripartite,1.0,True,0.6048837632819097,20260819
full_biological,26,Ext1,AUTO_GG_G0_G1,glia_glia,0.9999209420771187,True,0.004011775963984132,20260819
full_biological,26,Ext1,AUTO_GG_G1_G3,glia_glia,0.9999308243174789,True,0.004011775963984132,20260819
full_biological,26,Ext1,AUTO_GG_G2_G5,glia_glia,1.0,True,1.0,20260819
full_biological,26,Ext1,AUTO_TRI_N0_G1_N4,tripartite,0.9999407065578391,True,0.004011775963984132,20260819
full_biological,26,Ext1,AUTO_TRI_N3_G2_N5,tripartite,1.0,True,0.6645919819192015,20260819
full_biological,26,Ext1,AUTO_TRI_N3_G2_N9,tripartite,1.0,True,0.6645919819192015,20260819
full_biological,27,Ext1,AUTO_GG_G0_G1,glia_glia,0.9997776957388137,True,0.0032094207711873056,20260819
full_biological,27,Ext1,AUTO_GG_G1_G3,glia_glia,0.9998054837714621,True,0.0032094207711873056,20260819
full_biological,27,Ext1,AUTO_GG_G2_G5,glia_glia,1.0,True,1.0,20260819
full_biological,27,Ext1,AUTO_TRI_N0_G1_N4,tripartite,0.9998332718041103,True,0.0032094207711873056,20260819
full_biological,27,Ext1,AUTO_TRI_N3_G2_N5,tripartite,1.0,True,0.7252739835859626,20260819
full_biological,27,Ext1,AUTO_TRI_N3_G2_N9,tripartite,1.0,True,0.7252739835859626,20260819
full_biological,28,Ext1,AUTO_GG_G0_G1,glia_glia,0.9995830986681696,True,0.0025675366169498445,20260819
full_biological,28,Ext1,AUTO_GG_G1_G3,glia_glia,0.9996352113346485,True,0.0025675366169498445,20260819
full_biological,28,Ext1,AUTO_GG_G2_G5,glia_glia,1.0,True,1.0,20260819
full_biological,28,Ext1,AUTO_TRI_N0_G1_N4,tripartite,0.9996873240011273,True,0.0025675366169498445,20260819
full_biological,28,Ext1,AUTO_TRI_N3_G2_N5,tripartite,1.0,True,0.787045337551187,20260819
full_biological,28,Ext1,AUTO_TRI_N3_G2_N9,tripartite,1.0,True,0.787045337551187,20260819
full_biological,29,Ext2,AUTO_GG_G0_G1,glia_glia,0.9993474210116544,True,0.002054029293559876,20260819
full_biological,29,Ext2,AUTO_GG_G1_G3,glia_glia,0.9994289933851976,True,0.002054029293559876,20260819
full_biological,29,Ext2,AUTO_GG_G2_G5,glia_glia,1.0,True,1.0,20260819
full_biological,29,Ext2,AUTO_TRI_N0_G1_N4,tripartite,0.9995105657587409,True,0.002054029293559876,20260819
full_biological,29,Ext2,AUTO_TRI_N3_G2_N5,tripartite,1.0,True,0.8499988147901262,20260819
full_biological,29,Ext2,AUTO_TRI_N3_G2_N9,tripartite,1.0,True,0.8499988147901262,20260819
full_biological,30,Ext2,AUTO_GG_G0_G1,glia_glia,0.9990788788864422,True,0.0016432234348479008,20260819
full_biological,30,Ext2,AUTO_GG_G1_G3,glia_glia,0.999194019025637,True,0.0016432234348479008,20260819
full_biological,30,Ext2,AUTO_GG_G2_G5,glia_glia,1.0,True,1.0,20260819
full_biological,30,Ext2,AUTO_TRI_N0_G1_N4,tripartite,0.9993091591648318,True,0.0016432234348479008,20260819
full_biological,30,Ext2,AUTO_TRI_N3_G2_N5,tripartite,1.0,True,0.9142020280017559,20260819
full_biological,30,Ext2,AUTO_TRI_N3_G2_N9,tripartite,1.0,True,0.9142020280017559,20260819
full_biological,31,Ext2,AUTO_GG_G0_G1,glia_glia,0.9987840451862725,True,0.0013145787478783207,20260819
full_biological,31,Ext2,AUTO_GG_G1_G3,glia_glia,0.9989360395379885,True,0.0013145787478783207,20260819
full_biological,31,Ext2,AUTO_GG_G2_G5,glia_glia,1.0,True,1.0,20260819
full_biological,31,Ext2,AUTO_TRI_N0_G1_N4,tripartite,0.9990880338897045,True,0.0013145787478783207,20260819
full_biological,31,Ext2,AUTO_TRI_N3_G2_N5,tripartite,1.0,True,0.979694668099421,20260819
full_biological,31,Ext2,AUTO_TRI_N3_G2_N9,tripartite,1.0,True,0.979694668099421,20260819
full_biological,32,Ext2,AUTO_GG_G0_G1,glia_glia,0.9984681782261368,True,0.0010516629983026566,20260819
full_biological,32,Ext2,AUTO_GG_G1_G3,glia_glia,0.9986596559478697,True,0.0010516629983026566,20260819
full_biological,32,Ext2,AUTO_GG_G2_G5,glia_glia,1.0,True,1.0,20260819
full_biological,32,Ext2,AUTO_TRI_N0_G1_N4,tripartite,0.9988511336696027,True,0.0010516629983026566,20260819
full_biological,32,Ext2,AUTO_TRI_N3_G2_N5,tripartite,1.0,True,1.0,20260819
full_biological,32,Ext2,AUTO_TRI_N3_G2_N9,tripartite,1.0,True,1.0,20260819
full_biological,33,Ext2,AUTO_GG_G0_G1,glia_glia,0.9981354846580281,True,0.0008413303986421253,20260819
full_biological,33,Ext2,AUTO_GG_G1_G3,glia_glia,0.9983685490757745,True,0.0008413303986421253,20260819
full_biological,33,Ext2,AUTO_GG_G2_G5,glia_glia,1.0,True,1.0,20260819
full_biological,33,Ext2,AUTO_TRI_N0_G1_N4,tripartite,0.9986016134935212,True,0.0008413303986421253,20260819
full_biological,33,Ext2,AUTO_TRI_N3_G2_N5,tripartite,1.0,True,1.0,20260819
full_biological,33,Ext2,AUTO_TRI_N3_G2_N9,tripartite,1.0,True,1.0,20260819
full_biological,34,Ext2,AUTO_GG_G0_G1,glia_glia,0.9977893298035413,True,0.0006730643189137003,20260819
full_biological,34,Ext2,AUTO_GG_G1_G3,glia_glia,0.9980656635780986,True,0.0006730643189137003,20260819
full_biological,34,Ext2,AUTO_GG_G2_G5,glia_glia,1.0,True,1.0,20260819
full_biological,34,Ext2,AUTO_TRI_N0_G1_N4,tripartite,0.9983419973526559,True,0.0006730643189137003,20260819
full_biological,34,Ext2,AUTO_TRI_N3_G2_N5,tripartite,1.0,True,1.0,20260819
full_biological,34,Ext2,AUTO_TRI_N3_G2_N9,tripartite,1.0,True,1.0,20260819
full_biological,35,Ext2,AUTO_GG_G0_G1,glia_glia,0.9974324059199517,True,0.0005384514551309603,20260819
full_biological,35,Ext2,AUTO_GG_G1_G3,glia_glia,0.9977533551799578,True,0.0005384514551309603,20260819
full_biological,35,Ext2,AUTO_GG_G2_G5,glia_glia,1.0,True,1.0,20260819
full_biological,35,Ext2,AUTO_TRI_N0_G1_N4,tripartite,0.9980743044399638,True,0.0005384514551309603,20260819
full_biological,35,Ext2,AUTO_TRI_N3_G2_N5,tripartite,1.0,True,1.0,20260819
full_biological,35,Ext2,AUTO_TRI_N3_G2_N9,tripartite,1.0,True,1.0,20260819
full_biological,36,Ext2,AUTO_GG_G0_G1,glia_glia,0.9970668668130801,True,0.00043076116410476823,20260819
full_biological,36,Ext2,AUTO_GG_G1_G3,glia_glia,0.9974335084614451,True,0.00043076116410476823,20260819
full_biological,36,Ext2,AUTO_GG_G2_G5,glia_glia,1.0,True,1.0,20260819
full_biological,36,Ext2,AUTO_TRI_N0_G1_N4,tripartite,0.99780015010981,True,0.00043076116410476823,20260819
full_biological,36,Ext2,AUTO_TRI_N3_G2_N5,tripartite,1.0,True,1.0,20260819
full_biological,36,Ext2,AUTO_TRI_N3_G2_N9,tripartite,1.0,True,1.0,20260819
full_biological,37,Ext2,AUTO_GG_G0_G1,glia_glia,0.9966944355275829,True,0.0003446089312838146,20260819
full_biological,37,Ext2,AUTO_GG_G1_G3,glia_glia,0.9971076310866349,True,0.0003446089312838146,20260819
full_biological,37,Ext2,AUTO_GG_G2_G5,glia_glia,1.0,True,1.0,20260819
full_biological,37,Ext2,AUTO_TRI_N0_G1_N4,tripartite,0.9975208266456871,True,0.0003446089312838146,20260819
full_biological,37,Ext2,AUTO_TRI_N3_G2_N5,tripartite,1.0,True,1.0,20260819
full_biological,37,Ext2,AUTO_TRI_N3_G2_N9,tripartite,1.0,True,1.0,20260819
full_biological,38,Ext2,AUTO_GG_G0_G1,glia_glia,0.996316490499185,True,0.00027568714502705167,20260819
full_biological,38,Ext2,AUTO_GG_G1_G3,glia_glia,0.9967769291867868,True,0.00027568714502705167,20260819
full_biological,38,Ext2,AUTO_GG_G2_G5,glia_glia,1.0,True,1.0,20260819
full_biological,38,Ext2,AUTO_TRI_N0_G1_N4,tripartite,0.9972373678743887,True,0.00027568714502705167,20260819
full_biological,38,Ext2,AUTO_TRI_N3_G2_N5,tripartite,1.0,True,1.0,20260819
full_biological,38,Ext2,AUTO_TRI_N3_G2_N9,tripartite,1.0,True,1.0,20260819
full_biological,39,Ext2,AUTO_GG_G0_G1,glia_glia,0.9959341344764667,True,0.00022054971602164134,20260819
full_biological,39,Ext2,AUTO_GG_G1_G3,glia_glia,0.9964423676669083,True,0.00022054971602164134,20260819
full_biological,39,Ext2,AUTO_GG_G2_G5,glia_glia,1.0,True,1.0,20260819
full_biological,39,Ext2,AUTO_TRI_N0_G1_N4,tripartite,0.99695060085735,True,0.00022054971602164134,20260819
full_biological,39,Ext2,AUTO_TRI_N3_G2_N5,tripartite,1.0,True,1.0,20260819
full_biological,39,Ext2,AUTO_TRI_N3_G2_N9,tripartite,1.0,True,1.0,20260819
full_biological,40,Ext2,AUTO_GG_G0_G1,glia_glia,0.9955482496582921,True,0.0001764397728173131,20260819
full_biological,40,Ext2,AUTO_GG_G1_G3,glia_glia,0.9961047184510056,True,0.0001764397728173131,20260819
full_biological,40,Ext2,AUTO_GG_G2_G5,glia_glia,1.0,True,1.0,20260819
full_biological,40,Ext2,AUTO_TRI_N0_G1_N4,tripartite,0.996661187243719,True,0.0001764397728173131,20260819
full_biological,40,Ext2,AUTO_TRI_N3_G2_N5,tripartite,1.0,True,1.0,20260819
full_biological,40,Ext2,AUTO_TRI_N3_G2_N9,tripartite,1.0,True,1.0,20260819
full_biological,41,Ext2,AUTO_GG_G0_G1,glia_glia,0.9951595418037524,True,0.00014115181825385048,20260819
full_biological,41,Ext2,AUTO_GG_G1_G3,glia_glia,0.9957645990782833,True,0.00014115181825385048,20260819
full_biological,41,Ext2,AUTO_GG_G2_G5,glia_glia,1.0,True,1.0,20260819
full_biological,41,Ext2,AUTO_TRI_N0_G1_N4,tripartite,0.9963696563528143,True,0.00014115181825385048,20260819
full_biological,41,Ext2,AUTO_TRI_N3_G2_N5,tripartite,1.0,True,1.0,20260819
full_biological,41,Ext2,AUTO_TRI_N3_G2_N9,tripartite,1.0,True,1.0,20260819
full_biological,42,Ext2,AUTO_GG_G0_G1,glia_glia,0.9947685755201207,True,0.00011292145460308038,20260819
full_biological,42,Ext2,AUTO_GG_G1_G3,glia_glia,0.9954225035801055,True,0.00011292145460308038,20260819
full_biological,42,Ext2,AUTO_GG_G2_G5,glia_glia,1.0,True,1.0,20260819
full_biological,42,Ext2,AUTO_TRI_N0_G1_N4,tripartite,0.9960764316400904,True,0.00011292145460308038,20260819
full_biological,42,Ext2,AUTO_TRI_N3_G2_N5,tripartite,1.0,True,1.0,20260819
full_biological,42,Ext2,AUTO_TRI_N3_G2_N9,tripartite,1.0,True,1.0,20260819
full_biological,43,Ext2,AUTO_GG_G0_G1,glia_glia,0.9943758024932152,True,9.033716368246431e-05,20260819
full_biological,43,Ext2,AUTO_GG_G1_G3,glia_glia,0.9950788271815633,True,9.033716368246431e-05,20260819
full_biological,43,Ext2,AUTO_GG_G2_G5,glia_glia,1.0,True,1.0,20260819
full_biological,43,Ext2,AUTO_TRI_N0_G1_N4,tripartite,0.9957818518699113,True,9.033716368246431e-05,20260819
full_biological,43,Ext2,AUTO_TRI_N3_G2_N5,tripartite,1.0,True,1.0,20260819
full_biological,43,Ext2,AUTO_TRI_N3_G2_N9,tripartite,1.0,True,1.0,20260819
full_biological,44,Ext2,AUTO_GG_G0_G1,glia_glia,0.9939815840716909,True,7.226973094597146e-05,20260819
full_biological,44,Ext2,AUTO_GG_G1_G3,glia_glia,0.9947338860627295,True,7.226973094597146e-05,20260819
full_biological,44,Ext2,AUTO_GG_G2_G5,glia_glia,1.0,True,1.0,20260819
full_biological,44,Ext2,AUTO_TRI_N0_G1_N4,tripartite,0.9954861880537681,True,7.226973094597146e-05,20260819
full_biological,44,Ext2,AUTO_TRI_N3_G2_N5,tripartite,1.0,True,1.0,20260819
full_biological,44,Ext2,AUTO_TRI_N3_G2_N9,tripartite,1.0,True,1.0,20260819
full_biological,45,Ext2,AUTO_GG_G0_G1,glia_glia,0.9935862093344714,True,5.781578475677717e-05,20260819
full_biological,45,Ext2,AUTO_GG_G1_G3,glia_glia,0.9943879331676625,True,5.781578475677717e-05,20260819
full_biological,45,Ext2,AUTO_GG_G2_G5,glia_glia,1.0,True,1.0,20260819
full_biological,45,Ext2,AUTO_TRI_N0_G1_N4,tripartite,0.9951896570008535,True,5.781578475677717e-05,20260819
full_biological,45,Ext2,AUTO_TRI_N3_G2_N5,tripartite,1.0,True,1.0,20260819
full_biological,45,Ext2,AUTO_TRI_N3_G2_N9,tripartite,1.0,True,1.0,20260819
full_biological,46,Ext2,AUTO_GG_G0_G1,glia_glia,0.9931899095446959,True,4.6252627805421734e-05,20260819
full_biological,46,Ext2,AUTO_GG_G1_G3,glia_glia,0.9940411708516089,True,4.6252627805421734e-05,20260819
full_biological,46,Ext2,AUTO_GG_G2_G5,glia_glia,1.0,True,1.0,20260819
full_biological,46,Ext2,AUTO_TRI_N0_G1_N4,tripartite,0.9948924321585219,True,4.6252627805421734e-05,20260819
full_biological,46,Ext2,AUTO_TRI_N3_G2_N5,tripartite,1.0,True,1.0,20260819
full_biological,46,Ext2,AUTO_TRI_N3_G2_N9,tripartite,1.0,True,1.0,20260819
full_biological,47,Ext2,AUTO_GG_G0_G1,glia_glia,0.9927928697128754,True,3.700210224433739e-05,20260819
full_biological,47,Ext2,AUTO_GG_G1_G3,glia_glia,0.993693760998766,True,3.700210224433739e-05,20260819
full_biological,47,Ext2,AUTO_GG_G2_G5,glia_glia,1.0,True,1.0,20260819
full_biological,47,Ext2,AUTO_TRI_N0_G1_N4,tripartite,0.9945946522846565,True,3.700210224433739e-05,20260819
full_biological,47,Ext2,AUTO_TRI_N3_G2_N5,tripartite,1.0,True,1.0,20260819
full_biological,47,Ext2,AUTO_TRI_N3_G2_N9,tripartite,1.0,True,1.0,20260819
full_biological,48,Ext2,AUTO_GG_G0_G1,glia_glia,0.992395237847419,True,2.960168179546991e-05,20260819
full_biological,48,Ext2,AUTO_GG_G1_G3,glia_glia,0.9933458331164917,True,2.960168179546991e-05,20260819
full_biological,48,Ext2,AUTO_GG_G2_G5,glia_glia,1.0,True,1.0,20260819
full_biological,48,Ext2,AUTO_TRI_N0_G1_N4,tripartite,0.9942964283855642,True,2.960168179546991e-05,20260819
full_biological,48,Ext2,AUTO_TRI_N3_G2_N5,tripartite,1.0,True,1.0,20260819
full_biological,48,Ext2,AUTO_TRI_N3_G2_N9,tripartite,1.0,True,1.0,20260819
full_biological,49,Ext2,AUTO_GG_G0_G1,glia_glia,0.9919971323550539,True,2.368134543637593e-05,20260819
full_biological,49,Ext2,AUTO_GG_G1_G3,glia_glia,0.9929974908106722,True,2.368134543637593e-05,20260819
full_biological,49,Ext2,AUTO_GG_G2_G5,glia_glia,1.0,True,1.0,20260819
full_biological,49,Ext2,AUTO_TRI_N0_G1_N4,tripartite,0.9939978492662904,True,2.368134543637593e-05,20260819
full_biological,49,Ext2,AUTO_TRI_N3_G2_N5,tripartite,1.0,True,1.0,20260819
full_biological,49,Ext2,AUTO_TRI_N3_G2_N9,tripartite,1.0,True,1.0,20260819
full_biological,50,Ext2,AUTO_GG_G0_G1,glia_glia,0.9915986479611618,True,1.8945076349100747e-05,20260819
full_biological,50,Ext2,AUTO_GG_G1_G3,glia_glia,0.9926488169660167,True,1.8945076349100747e-05,20260819
full_biological,50,Ext2,AUTO_GG_G2_G5,glia_glia,1.0,True,1.0,20260819
full_biological,50,Ext2,AUTO_TRI_N0_G1_N4,tripartite,0.9936989859708714,True,1.8945076349100747e-05,20260819
full_biological,50,Ext2,AUTO_TRI_N3_G2_N5,tripartite,1.0,True,1.0,20260819
full_biological,50,Ext2,AUTO_TRI_N3_G2_N9,tripartite,1.0,True,1.0,20260819
full_biological,51,Ext2,AUTO_GG_G0_G1,glia_glia,0.9911998604460481,True,1.5156061079280599e-05,20260819
full_biological,51,Ext2,AUTO_GG_G1_G3,glia_glia,0.9922998778902923,True,1.5156061079280599e-05,20260819
full_biological,51,Ext2,AUTO_GG_G2_G5,glia_glia,1.0,True,1.0,20260819
full_biological,51,Ext2,AUTO_TRI_N0_G1_N4,tripartite,0.9933998953345361,True,1.5156061079280599e-05,20260819
full_biological,51,Ext2,AUTO_TRI_N3_G2_N5,tripartite,1.0,True,1.0,20260819
full_biological,51,Ext2,AUTO_TRI_N3_G2_N9,tripartite,1.0,True,1.0,20260819
full_biological,52,Ext2,AUTO_GG_G0_G1,glia_glia,0.9908008304339572,True,1.2124848863424479e-05,20260819
full_biological,52,Ext2,AUTO_GG_G1_G3,glia_glia,0.9919507266297127,True,1.2124848863424479e-05,20260819
full_biological,52,Ext2,AUTO_GG_G2_G5,glia_glia,1.0,True,1.0,20260819
full_biological,52,Ext2,AUTO_TRI_N0_G1_N4,tripartite,0.9931006228254678,True,1.2124848863424479e-05,20260819
full_biological,52,Ext2,AUTO_TRI_N3_G2_N5,tripartite,1.0,True,1.0,20260819
full_biological,52,Ext2,AUTO_TRI_N3_G2_N9,tripartite,1.0,True,1.0,20260819
full_biological,53,Ext2,AUTO_GG_G0_G1,glia_glia,0.9904016064242844,True,9.699879090739585e-06,20260819
full_biological,53,Ext2,AUTO_GG_G1_G3,glia_glia,0.9916014056212491,True,9.699879090739585e-06,20260819
full_biological,53,Ext2,AUTO_GG_G2_G5,glia_glia,1.0,True,1.0,20260819
full_biological,53,Ext2,AUTO_TRI_N0_G1_N4,tripartite,0.9928012048182133,True,9.699879090739585e-06,20260819
full_biological,53,Ext2,AUTO_TRI_N3_G2_N5,tripartite,1.0,True,1.0,20260819
full_biological,53,Ext2,AUTO_TRI_N3_G2_N9,tripartite,1.0,True,1.0,20260819
full_biological,54,E-Ret,AUTO_GG_G0_G1,glia_glia,0.9904016064242844,True,9.699879090739585e-06,20260819
full_biological,54,E-Ret,AUTO_GG_G1_G3,glia_glia,0.9916014056212491,True,9.699879090739585e-06,20260819
full_biological,54,E-Ret,AUTO_GG_G2_G5,glia_glia,1.0,True,1.0,20260819
full_biological,54,E-Ret,AUTO_TRI_N0_G1_N4,tripartite,0.9928012048182133,True,9.699879090739585e-06,20260819
full_biological,54,E-Ret,AUTO_TRI_N3_G2_N5,tripartite,1.0,True,1.0,20260819
full_biological,54,E-Ret,AUTO_TRI_N3_G2_N9,tripartite,1.0,True,1.0,20260819
full_biological,55,E-Ret,AUTO_GG_G0_G1,glia_glia,0.9904016064242844,True,9.699879090739585e-06,20260819
full_biological,55,E-Ret,AUTO_GG_G1_G3,glia_glia,0.9916014056212491,True,9.699879090739585e-06,20260819
full_biological,55,E-Ret,AUTO_GG_G2_G5,glia_glia,1.0,True,1.0,20260819
full_biological,55,E-Ret,AUTO_TRI_N0_G1_N4,tripartite,0.9928012048182133,True,9.699879090739585e-06,20260819
full_biological,55,E-Ret,AUTO_TRI_N3_G2_N5,tripartite,1.0,True,1.0,20260819
full_biological,55,E-Ret,AUTO_TRI_N3_G2_N9,tripartite,1.0,True,1.0,20260819
full_biological,56,E-Ret,AUTO_GG_G0_G1,glia_glia,0.9904016064242844,True,9.699879090739585e-06,20260819
full_biological,56,E-Ret,AUTO_GG_G1_G3,glia_glia,0.9916014056212491,True,9.699879090739585e-06,20260819
full_biological,56,E-Ret,AUTO_GG_G2_G5,glia_glia,1.0,True,1.0,20260819
full_biological,56,E-Ret,AUTO_TRI_N0_G1_N4,tripartite,0.9928012048182133,True,9.699879090739585e-06,20260819
full_biological,56,E-Ret,AUTO_TRI_N3_G2_N5,tripartite,1.0,True,1.0,20260819
full_biological,56,E-Ret,AUTO_TRI_N3_G2_N9,tripartite,1.0,True,1.0,20260819
full_biological,57,E-Ret,AUTO_GG_G0_G1,glia_glia,0.9904016064242844,True,9.699879090739585e-06,20260819
full_biological,57,E-Ret,AUTO_GG_G1_G3,glia_glia,0.9916014056212491,True,9.699879090739585e-06,20260819
full_biological,57,E-Ret,AUTO_GG_G2_G5,glia_glia,1.0,True,1.0,20260819
full_biological,57,E-Ret,AUTO_TRI_N0_G1_N4,tripartite,0.9928012048182133,True,9.699879090739585e-06,20260819
full_biological,57,E-Ret,AUTO_TRI_N3_G2_N5,tripartite,1.0,True,1.0,20260819
full_biological,57,E-Ret,AUTO_TRI_N3_G2_N9,tripartite,1.0,True,1.0,20260819
full_biological,58,E-Ret,AUTO_GG_G0_G1,glia_glia,0.9904016064242844,True,9.699879090739585e-06,20260819
full_biological,58,E-Ret,AUTO_GG_G1_G3,glia_glia,0.9916014056212491,True,9.699879090739585e-06,20260819
full_biological,58,E-Ret,AUTO_GG_G2_G5,glia_glia,1.0,True,1.0,20260819
full_biological,58,E-Ret,AUTO_TRI_N0_G1_N4,tripartite,0.9928012048182133,True,9.699879090739585e-06,20260819
full_biological,58,E-Ret,AUTO_TRI_N3_G2_N5,tripartite,1.0,True,1.0,20260819
full_biological,58,E-Ret,AUTO_TRI_N3_G2_N9,tripartite,1.0,True,1.0,20260819
full_biological,59,F-Ren,AUTO_GG_G0_G1,glia_glia,0.9904016064242844,True,9.699879090739585e-06,20260819
full_biological,59,F-Ren,AUTO_GG_G1_G3,glia_glia,0.9916014056212491,True,9.699879090739585e-06,20260819
full_biological,59,F-Ren,AUTO_GG_G2_G5,glia_glia,1.0,True,1.0,20260819
full_biological,59,F-Ren,AUTO_TRI_N0_G1_N4,tripartite,0.9928012048182133,True,9.699879090739585e-06,20260819
full_biological,59,F-Ren,AUTO_TRI_N3_G2_N5,tripartite,1.0,True,1.0,20260819
full_biological,59,F-Ren,AUTO_TRI_N3_G2_N9,tripartite,1.0,True,1.0,20260819
full_biological,60,F-Ren,AUTO_GG_G0_G1,glia_glia,0.9904016064242844,True,9.699879090739585e-06,20260819
full_biological,60,F-Ren,AUTO_GG_G1_G3,glia_glia,0.9916014056212491,True,9.699879090739585e-06,20260819
full_biological,60,F-Ren,AUTO_GG_G2_G5,glia_glia,1.0,True,1.0,20260819
full_biological,60,F-Ren,AUTO_TRI_N0_G1_N4,tripartite,0.9928012048182133,True,9.699879090739585e-06,20260819
full_biological,60,F-Ren,AUTO_TRI_N3_G2_N5,tripartite,1.0,True,1.0,20260819
full_biological,60,F-Ren,AUTO_TRI_N3_G2_N9,tripartite,1.0,True,1.0,20260819
full_biological,61,F-Ren,AUTO_GG_G0_G1,glia_glia,0.9904016064242844,True,9.699879090739585e-06,20260819
full_biological,61,F-Ren,AUTO_GG_G1_G3,glia_glia,0.9916014056212491,True,9.699879090739585e-06,20260819
full_biological,61,F-Ren,AUTO_GG_G2_G5,glia_glia,1.0,True,1.0,20260819
full_biological,61,F-Ren,AUTO_TRI_N0_G1_N4,tripartite,0.9928012048182133,True,9.699879090739585e-06,20260819
full_biological,61,F-Ren,AUTO_TRI_N3_G2_N5,tripartite,1.0,True,1.0,20260819
full_biological,61,F-Ren,AUTO_TRI_N3_G2_N9,tripartite,1.0,True,1.0,20260819
full_biological,62,F-Ren,AUTO_GG_G0_G1,glia_glia,0.9904016064242844,True,9.699879090739585e-06,20260819
full_biological,62,F-Ren,AUTO_GG_G1_G3,glia_glia,0.9916014056212491,True,9.699879090739585e-06,20260819
full_biological,62,F-Ren,AUTO_GG_G2_G5,glia_glia,1.0,True,1.0,20260819
full_biological,62,F-Ren,AUTO_TRI_N0_G1_N4,tripartite,0.9928012048182133,True,9.699879090739585e-06,20260819
full_biological,62,F-Ren,AUTO_TRI_N3_G2_N5,tripartite,1.0,True,1.0,20260819
full_biological,62,F-Ren,AUTO_TRI_N3_G2_N9,tripartite,1.0,True,1.0,20260819
full_biological,63,F-Ren,AUTO_GG_G0_G1,glia_glia,0.9904016064242844,True,9.699879090739585e-06,20260819
full_biological,63,F-Ren,AUTO_GG_G1_G3,glia_glia,0.9916014056212491,True,9.699879090739585e-06,20260819
full_biological,63,F-Ren,AUTO_GG_G2_G5,glia_glia,1.0,True,1.0,20260819
full_biological,63,F-Ren,AUTO_TRI_N0_G1_N4,tripartite,0.9928012048182133,True,9.699879090739585e-06,20260819
full_biological,63,F-Ren,AUTO_TRI_N3_G2_N5,tripartite,1.0,True,1.0,20260819
full_biological,63,F-Ren,AUTO_TRI_N3_G2_N9,tripartite,1.0,True,1.0,20260819
no_retained_fear_memory,1,F-Con,AUTO_GG_G0_G1,glia_glia,0.9593537143165668,True,0.243639236436246,20260819
no_retained_fear_memory,1,F-Con,AUTO_GG_G1_G3,glia_glia,0.404086960657421,True,0.13064578932941684,20260819
no_retained_fear_memory,1,F-Con,AUTO_GG_G2_G5,glia_glia,0.0,False,0.0,20260819
no_retained_fear_memory,1,F-Con,AUTO_TRI_N0_G1_N4,tripartite,0.0,False,0.002220606289620657,20260819
no_retained_fear_memory,1,F-Con,AUTO_TRI_N3_G2_N5,tripartite,0.0,False,0.0,20260819
no_retained_fear_memory,1,F-Con,AUTO_TRI_N3_G2_N9,tripartite,0.0,False,0.0,20260819
no_retained_fear_memory,2,F-Con,AUTO_GG_G0_G1,glia_glia,1.0,True,0.41680761926038906,20260819
no_retained_fear_memory,2,F-Con,AUTO_GG_G1_G3,glia_glia,1.0,True,0.24793464773718882,20260819
no_retained_fear_memory,2,F-Con,AUTO_GG_G2_G5,glia_glia,0.0,False,0.0,20260819
no_retained_fear_memory,2,F-Con,AUTO_TRI_N0_G1_N4,tripartite,0.6563894360681201,True,0.07031074888877795,20260819
no_retained_fear_memory,2,F-Con,AUTO_TRI_N3_G2_N5,tripartite,0.0,False,0.0,20260819
no_retained_fear_memory,2,F-Con,AUTO_TRI_N3_G2_N9,tripartite,0.0,False,0.0,20260819
no_retained_fear_memory,3,F-Con,AUTO_GG_G0_G1,glia_glia,1.0,True,0.5712758655096282,20260819
no_retained_fear_memory,3,F-Con,AUTO_GG_G1_G3,glia_glia,1.0,True,0.3522382382944363,20260819
no_retained_fear_memory,3,F-Con,AUTO_GG_G2_G5,glia_glia,0.0,False,0.0,20260819
no_retained_fear_memory,3,F-Con,AUTO_TRI_N0_G1_N4,tripartite,1.0,True,0.14096051445554256,20260819
no_retained_fear_memory,3,F-Con,AUTO_TRI_N3_G2_N5,tripartite,0.0,False,0.0,20260819
no_retained_fear_memory,3,F-Con,AUTO_TRI_N3_G2_N9,tripartite,0.0,False,0.0,20260819
no_retained_fear_memory,4,Ext1,AUTO_GG_G0_G1,glia_glia,1.0,True,0.5175020443886647,20260819
no_retained_fear_memory,4,Ext1,AUTO_GG_G1_G3,glia_glia,1.0,True,0.31730265027985205,20260819
no_retained_fear_memory,4,Ext1,AUTO_GG_G2_G5,glia_glia,0.06509535473930901,False,0.1649830810994733,20260819
no_retained_fear_memory,4,Ext1,AUTO_TRI_N0_G1_N4,tripartite,1.0,True,0.13703456711620088,20260819
no_retained_fear_memory,4,Ext1,AUTO_TRI_N3_G2_N5,tripartite,0.0,False,0.004719964433221858,20260819
no_retained_fear_memory,4,Ext1,AUTO_TRI_N3_G2_N9,tripartite,0.0,False,0.004719964433221858,20260819
no_retained_fear_memory,5,Ext1,AUTO_GG_G0_G1,glia_glia,1.0,True,0.43495762156767204,20260819
no_retained_fear_memory,5,Ext1,AUTO_GG_G1_G3,glia_glia,1.0,True,0.2858511585893616,20260819
no_retained_fear_memory,5,Ext1,AUTO_GG_G2_G5,glia_glia,0.20752652874399613,True,0.31346785408899924,20260819
no_retained_fear_memory,5,Ext1,AUTO_TRI_N0_G1_N4,tripartite,1.0,True,0.1331688202227674,20260819
no_retained_fear_memory,5,Ext1,AUTO_TRI_N3_G2_N5,tripartite,0.0,False,0.005620449651202916,20260819
no_retained_fear_memory,5,Ext1,AUTO_TRI_N3_G2_N9,tripartite,0.0,False,0.005620449651202916,20260819
no_retained_fear_memory,6,Ext1,AUTO_GG_G0_G1,glia_glia,1.0,True,0.34796609725413763,20260819
no_retained_fear_memory,6,Ext1,AUTO_GG_G1_G3,glia_glia,1.0,True,0.2575356473765734,20260819
no_retained_fear_memory,6,Ext1,AUTO_GG_G2_G5,glia_glia,0.4185060170313903,True,0.44508061751179673,20260819
no_retained_fear_memory,6,Ext1,AUTO_TRI_N0_G1_N4,tripartite,1.0,True,0.12936747718795197,20260819
no_retained_fear_memory,6,Ext1,AUTO_TRI_N3_G2_N5,tripartite,0.0,False,0.008817450450784057,20260819
no_retained_fear_memory,6,Ext1,AUTO_TRI_N3_G2_N9,tripartite,0.0,False,0.008817450450784057,20260819
no_retained_fear_memory,7,Ext1,AUTO_GG_G0_G1,glia_glia,1.0,True,0.2783728778033101,20260819
no_retained_fear_memory,7,Ext1,AUTO_GG_G1_G3,glia_glia,1.0,True,0.23204281557996911,20260819
no_retained_fear_memory,7,Ext1,AUTO_GG_G2_G5,glia_glia,0.6881377268443506,True,0.5576928828408838,20260819
no_retained_fear_memory,7,Ext1,AUTO_TRI_N0_G1_N4,tripartite,1.0,True,0.125634442787605,20260819
no_retained_fear_memory,7,Ext1,AUTO_TRI_N3_G2_N5,tripartite,0.0,False,0.0186069726080006,20260819
no_retained_fear_memory,7,Ext1,AUTO_TRI_N3_G2_N9,tripartite,0.0,False,0.0186069726080006,20260819
no_retained_fear_memory,8,Ext1,AUTO_GG_G0_G1,glia_glia,1.0,True,0.22269830224264808,20260819
no_retained_fear_memory,8,Ext1,AUTO_GG_G1_G3,glia_glia,1.0,True,0.2090906942078353,20260819
no_retained_fear_memory,8,Ext1,AUTO_GG_G2_G5,glia_glia,1.0,True,0.6476757957818747,20260819
no_retained_fear_memory,8,Ext1,AUTO_TRI_N0_G1_N4,tripartite,1.0,True,0.1219733093598977,20260819
no_retained_fear_memory,8,Ext1,AUTO_TRI_N3_G2_N5,tripartite,0.0,False,0.041000440347599164,20260819
no_retained_fear_memory,8,Ext1,AUTO_TRI_N3_G2_N9,tripartite,0.0,False,0.041000440347599164,20260819
no_retained_fear_memory,9,Ext1,AUTO_GG_G0_G1,glia_glia,1.0,True,0.17815864179411847,20260819
no_retained_fear_memory,9,Ext1,AUTO_GG_G1_G3,glia_glia,1.0,True,0.17815864179411847,20260819
no_retained_fear_memory,9,Ext1,AUTO_GG_G2_G5,glia_glia,1.0,True,0.7135422343447728,20260819
no_retained_fear_memory,9,Ext1,AUTO_TRI_N0_G1_N4,tripartite,1.0,True,0.1183873460708408,20260819
no_retained_fear_memory,9,Ext1,AUTO_TRI_N3_G2_N5,tripartite,0.010133884436773048,False,0.07956378441827949,20260819
no_retained_fear_memory,9,Ext1,AUTO_TRI_N3_G2_N9,tripartite,0.010133884436773048,False,0.07956378441827949,20260819
no_retained_fear_memory,10,Ext1,AUTO_GG_G0_G1,glia_glia,1.0,True,0.14252691343529478,20260819
no_retained_fear_memory,10,Ext1,AUTO_GG_G1_G3,glia_glia,1.0,True,0.14252691343529478,20260819
no_retained_fear_memory,10,Ext1,AUTO_GG_G2_G5,glia_glia,1.0,True,0.7728452393561569,20260819
no_retained_fear_memory,10,Ext1,AUTO_TRI_N0_G1_N4,tripartite,1.0,True,0.1148352521725628,20260819
no_retained_fear_memory,10,Ext1,AUTO_TRI_N3_G2_N5,tripartite,0.030469233174460257,False,0.11435806444461172,20260819
no_retained_fear_memory,10,Ext1,AUTO_TRI_N3_G2_N9,tripartite,0.030469233174460257,False,0.11435806444461172,20260819
no_retained_fear_memory,11,Ext1,AUTO_GG_G0_G1,glia_glia,1.0,True,0.11402153074823583,20260819
no_retained_fear_memory,11,Ext1,AUTO_GG_G1_G3,glia_glia,1.0,True,0.11402153074823583,20260819
no_retained_fear_memory,11,Ext1,AUTO_GG_G2_G5,glia_glia,1.0,True,0.8262727160985934,20260819
no_retained_fear_memory,11,Ext1,AUTO_TRI_N0_G1_N4,tripartite,1.0,True,0.11127283299753239,20260819
no_retained_fear_memory,11,Ext1,AUTO_TRI_N3_G2_N5,tripartite,0.06004627466001505,False,0.1458788379239458,20260819
no_retained_fear_memory,11,Ext1,AUTO_TRI_N3_G2_N9,tripartite,0.06004627466001505,False,0.1458788379239458,20260819
no_retained_fear_memory,12,Ext1,AUTO_GG_G0_G1,glia_glia,1.0,True,0.09121722459858866,20260819
no_retained_fear_memory,12,Ext1,AUTO_GG_G1_G3,glia_glia,1.0,True,0.09121722459858866,20260819
no_retained_fear_memory,12,Ext1,AUTO_GG_G2_G5,glia_glia,1.0,True,0.8744532795454076,20260819
no_retained_fear_memory,12,Ext1,AUTO_TRI_N0_G1_N4,tripartite,1.0,True,0.09121722459858866,20260819
no_retained_fear_memory,12,Ext1,AUTO_TRI_N3_G2_N5,tripartite,0.0980464558330073,False,0.17460776078645568,20260819
no_retained_fear_memory,12,Ext1,AUTO_TRI_N3_G2_N9,tripartite,0.0980464558330073,False,0.17460776078645568,20260819
no_retained_fear_memory,13,Ext1,AUTO_GG_G0_G1,glia_glia,1.0,True,0.07297377967887093,20260819
no_retained_fear_memory,13,Ext1,AUTO_GG_G1_G3,glia_glia,1.0,True,0.07297377967887093,20260819
no_retained_fear_memory,13,Ext1,AUTO_GG_G2_G5,glia_glia,1.0,True,0.9179663113271912,20260819
no_retained_fear_memory,13,Ext1,AUTO_TRI_N0_G1_N4,tripartite,1.0,True,0.07297377967887093,20260819
no_retained_fear_memory,13,Ext1,AUTO_TRI_N3_G2_N5,tripartite,0.1437932973406087,False,0.2010294058562832,20260819
no_retained_fear_memory,13,Ext1,AUTO_TRI_N3_G2_N9,tripartite,0.1437932973406087,False,0.2010294058562832,20260819
no_retained_fear_memory,14,Ext1,AUTO_GG_G0_G1,glia_glia,1.0,True,0.05837902374309675,20260819
no_retained_fear_memory,14,Ext1,AUTO_GG_G1_G3,glia_glia,1.0,True,0.05837902374309675,20260819
no_retained_fear_memory,14,Ext1,AUTO_GG_G2_G5,glia_glia,1.0,True,0.9573513667056262,20260819
no_retained_fear_memory,14,Ext1,AUTO_TRI_N0_G1_N4,tripartite,1.0,True,0.05837902374309675,20260819
no_retained_fear_memory,14,Ext1,AUTO_TRI_N3_G2_N5,tripartite,0.19675805245179293,False,0.22564764689707476,20260819
no_retained_fear_memory,14,Ext1,AUTO_TRI_N3_G2_N9,tripartite,0.19675805245179293,False,0.22564764689707476,20260819
no_retained_fear_memory,15,Ext1,AUTO_GG_G0_G1,glia_glia,1.0,True,0.04670321899447741,20260819
no_retained_fear_memory,15,Ext1,AUTO_GG_G1_G3,glia_glia,1.0,True,0.04670321899447741,20260819
no_retained_fear_memory,15,Ext1,AUTO_GG_G2_G5,glia_glia,1.0,True,0.9931169854806743,20260819
no_retained_fear_memory,15,Ext1,AUTO_TRI_N0_G1_N4,tripartite,1.0,True,0.04670321899447741,20260819
no_retained_fear_memory,15,Ext1,AUTO_TRI_N3_G2_N5,tripartite,0.25657002300467263,False,0.24900154242142902,20260819
no_retained_fear_memory,15,Ext1,AUTO_TRI_N3_G2_N9,tripartite,0.25657002300467263,False,0.24900154242142902,20260819
no_retained_fear_memory,16,Ext1,AUTO_GG_G0_G1,glia_glia,1.0,True,0.03736257519558193,20260819
no_retained_fear_memory,16,Ext1,AUTO_GG_G1_G3,glia_glia,1.0,True,0.03736257519558193,20260819
no_retained_fear_memory,16,Ext1,AUTO_GG_G2_G5,glia_glia,1.0,True,1.0,20260819
no_retained_fear_memory,16,Ext1,AUTO_TRI_N0_G1_N4,tripartite,1.0,True,0.03736257519558193,20260819
no_retained_fear_memory,16,Ext1,AUTO_TRI_N3_G2_N5,tripartite,0.3230318004525869,True,0.2716821337955646,20260819
no_retained_fear_memory,16,Ext1,AUTO_TRI_N3_G2_N9,tripartite,0.3230318004525869,True,0.2716821337955646,20260819
no_retained_fear_memory,17,Ext1,AUTO_GG_G0_G1,glia_glia,1.0,True,0.029890060156465545,20260819
no_retained_fear_memory,17,Ext1,AUTO_GG_G1_G3,glia_glia,1.0,True,0.029890060156465545,20260819
no_retained_fear_memory,17,Ext1,AUTO_GG_G2_G5,glia_glia,1.0,True,1.0,20260819
no_retained_fear_memory,17,Ext1,AUTO_TRI_N0_G1_N4,tripartite,1.0,True,0.029890060156465545,20260819
no_retained_fear_memory,17,Ext1,AUTO_TRI_N3_G2_N5,tripartite,0.3961405169430844,True,0.29435294374437526,20260819
no_retained_fear_memory,17,Ext1,AUTO_TRI_N3_G2_N9,tripartite,0.3961405169430844,True,0.29435294374437526,20260819
no_retained_fear_memory,18,Ext1,AUTO_GG_G0_G1,glia_glia,1.0,True,0.023912048125172437,20260819
no_retained_fear_memory,18,Ext1,AUTO_GG_G1_G3,glia_glia,1.0,True,0.023912048125172437,20260819
no_retained_fear_memory,18,Ext1,AUTO_GG_G2_G5,glia_glia,1.0,True,1.0,20260819
no_retained_fear_memory,18,Ext1,AUTO_TRI_N0_G1_N4,tripartite,1.0,True,0.023912048125172437,20260819
no_retained_fear_memory,18,Ext1,AUTO_TRI_N3_G2_N5,tripartite,0.4761174304552753,True,0.31777840144336555,20260819
no_retained_fear_memory,18,Ext1,AUTO_TRI_N3_G2_N9,tripartite,0.4761174304552753,True,0.31777840144336555,20260819
no_retained_fear_memory,19,Ext1,AUTO_GG_G0_G1,glia_glia,1.0,True,0.01912963850013795,20260819
no_retained_fear_memory,19,Ext1,AUTO_GG_G1_G3,glia_glia,1.0,True,0.01912963850013795,20260819
no_retained_fear_memory,19,Ext1,AUTO_GG_G2_G5,glia_glia,1.0,True,1.0,20260819
no_retained_fear_memory,19,Ext1,AUTO_TRI_N0_G1_N4,tripartite,1.0,True,0.01912963850013795,20260819
no_retained_fear_memory,19,Ext1,AUTO_TRI_N3_G2_N5,tripartite,0.5634499431740698,True,0.34286624873731675,20260819
no_retained_fear_memory,19,Ext1,AUTO_TRI_N3_G2_N9,tripartite,0.5634499431740698,True,0.34286624873731675,20260819
no_retained_fear_memory,20,Ext1,AUTO_GG_G0_G1,glia_glia,1.0,True,0.01530371080011036,20260819
no_retained_fear_memory,20,Ext1,AUTO_GG_G1_G3,glia_glia,1.0,True,0.01530371080011036,20260819
no_retained_fear_memory,20,Ext1,AUTO_GG_G2_G5,glia_glia,1.0,True,1.0,20260819
no_retained_fear_memory,20,Ext1,AUTO_TRI_N0_G1_N4,tripartite,1.0,True,0.01530371080011036,20260819
no_retained_fear_memory,20,Ext1,AUTO_TRI_N3_G2_N5,tripartite,0.6589527217914009,True,0.37073269135553966,20260819
no_retained_fear_memory,20,Ext1,AUTO_TRI_N3_G2_N9,tripartite,0.6589527217914009,True,0.37073269135553966,20260819
no_retained_fear_memory,21,Ext1,AUTO_GG_G0_G1,glia_glia,1.0,True,0.012242968640088288,20260819
no_retained_fear_memory,21,Ext1,AUTO_GG_G1_G3,glia_glia,1.0,True,0.012242968640088288,20260819
no_retained_fear_memory,21,Ext1,AUTO_GG_G2_G5,glia_glia,1.0,True,1.0,20260819
no_retained_fear_memory,21,Ext1,AUTO_TRI_N0_G1_N4,tripartite,1.0,True,0.012242968640088288,20260819
no_retained_fear_memory,21,Ext1,AUTO_TRI_N3_G2_N5,tripartite,0.763858398907373,True,0.40280329159197614,20260819
no_retained_fear_memory,21,Ext1,AUTO_TRI_N3_G2_N9,tripartite,0.763858398907373,True,0.40280329159197614,20260819
no_retained_fear_memory,22,Ext1,AUTO_GG_G0_G1,glia_glia,1.0,True,0.00979437491207063,20260819
no_retained_fear_memory,22,Ext1,AUTO_GG_G1_G3,glia_glia,1.0,True,0.00979437491207063,20260819
no_retained_fear_memory,22,Ext1,AUTO_GG_G2_G5,glia_glia,1.0,True,1.0,20260819
no_retained_fear_memory,22,Ext1,AUTO_TRI_N0_G1_N4,tripartite,1.0,True,0.00979437491207063,20260819
no_retained_fear_memory,22,Ext1,AUTO_TRI_N3_G2_N5,tripartite,0.8799539756701181,True,0.44096884217293447,20260819
no_retained_fear_memory,22,Ext1,AUTO_TRI_N3_G2_N9,tripartite,0.8799539756701181,True,0.44096884217293447,20260819
no_retained_fear_memory,23,Ext1,AUTO_GG_G0_G1,glia_glia,1.0,True,0.007835499929656506,20260819
no_retained_fear_memory,23,Ext1,AUTO_GG_G1_G3,glia_glia,1.0,True,0.007835499929656506,20260819
no_retained_fear_memory,23,Ext1,AUTO_GG_G2_G5,glia_glia,1.0,True,1.0,20260819
no_retained_fear_memory,23,Ext1,AUTO_TRI_N0_G1_N4,tripartite,1.0,True,0.007835499929656506,20260819
no_retained_fear_memory,23,Ext1,AUTO_TRI_N3_G2_N5,tripartite,1.0,True,0.487822553419796,20260819
no_retained_fear_memory,23,Ext1,AUTO_TRI_N3_G2_N9,tripartite,1.0,True,0.487822553419796,20260819
no_retained_fear_memory,24,Ext1,AUTO_GG_G0_G1,glia_glia,1.0,True,0.006268399943725205,20260819
no_retained_fear_memory,24,Ext1,AUTO_GG_G1_G3,glia_glia,1.0,True,0.006268399943725205,20260819
no_retained_fear_memory,24,Ext1,AUTO_GG_G2_G5,glia_glia,1.0,True,1.0,20260819
no_retained_fear_memory,24,Ext1,AUTO_TRI_N0_G1_N4,tripartite,1.0,True,0.006268399943725205,20260819
no_retained_fear_memory,24,Ext1,AUTO_TRI_N3_G2_N5,tripartite,1.0,True,0.5460127641758118,20260819
no_retained_fear_memory,24,Ext1,AUTO_TRI_N3_G2_N9,tripartite,1.0,True,0.5460127641758118,20260819
no_retained_fear_memory,25,Ext1,AUTO_GG_G0_G1,glia_glia,1.0,True,0.005014719954980164,20260819
no_retained_fear_memory,25,Ext1,AUTO_GG_G1_G3,glia_glia,1.0,True,0.005014719954980164,20260819
no_retained_fear_memory,25,Ext1,AUTO_GG_G2_G5,glia_glia,1.0,True,1.0,20260819
no_retained_fear_memory,25,Ext1,AUTO_TRI_N0_G1_N4,tripartite,1.0,True,0.005014719954980164,20260819
no_retained_fear_memory,25,Ext1,AUTO_TRI_N3_G2_N5,tripartite,1.0,True,0.6048837632819097,20260819
no_retained_fear_memory,25,Ext1,AUTO_TRI_N3_G2_N9,tripartite,1.0,True,0.6048837632819097,20260819
no_retained_fear_memory,26,Ext1,AUTO_GG_G0_G1,glia_glia,0.9999209420771187,True,0.004011775963984132,20260819
no_retained_fear_memory,26,Ext1,AUTO_GG_G1_G3,glia_glia,0.9999308243174789,True,0.004011775963984132,20260819
no_retained_fear_memory,26,Ext1,AUTO_GG_G2_G5,glia_glia,1.0,True,1.0,20260819
no_retained_fear_memory,26,Ext1,AUTO_TRI_N0_G1_N4,tripartite,0.9999407065578391,True,0.004011775963984132,20260819
no_retained_fear_memory,26,Ext1,AUTO_TRI_N3_G2_N5,tripartite,1.0,True,0.6645919819192015,20260819
no_retained_fear_memory,26,Ext1,AUTO_TRI_N3_G2_N9,tripartite,1.0,True,0.6645919819192015,20260819
no_retained_fear_memory,27,Ext1,AUTO_GG_G0_G1,glia_glia,0.9997776957388137,True,0.0032094207711873056,20260819
no_retained_fear_memory,27,Ext1,AUTO_GG_G1_G3,glia_glia,0.9998054837714621,True,0.0032094207711873056,20260819
no_retained_fear_memory,27,Ext1,AUTO_GG_G2_G5,glia_glia,1.0,True,1.0,20260819
no_retained_fear_memory,27,Ext1,AUTO_TRI_N0_G1_N4,tripartite,0.9998332718041103,True,0.0032094207711873056,20260819
no_retained_fear_memory,27,Ext1,AUTO_TRI_N3_G2_N5,tripartite,1.0,True,0.7252739835859626,20260819
no_retained_fear_memory,27,Ext1,AUTO_TRI_N3_G2_N9,tripartite,1.0,True,0.7252739835859626,20260819
no_retained_fear_memory,28,Ext1,AUTO_GG_G0_G1,glia_glia,0.9995830986681696,True,0.0025675366169498445,20260819
no_retained_fear_memory,28,Ext1,AUTO_GG_G1_G3,glia_glia,0.9996352113346485,True,0.0025675366169498445,20260819
no_retained_fear_memory,28,Ext1,AUTO_GG_G2_G5,glia_glia,1.0,True,1.0,20260819
no_retained_fear_memory,28,Ext1,AUTO_TRI_N0_G1_N4,tripartite,0.9996873240011273,True,0.0025675366169498445,20260819
no_retained_fear_memory,28,Ext1,AUTO_TRI_N3_G2_N5,tripartite,1.0,True,0.787045337551187,20260819
no_retained_fear_memory,28,Ext1,AUTO_TRI_N3_G2_N9,tripartite,1.0,True,0.787045337551187,20260819
no_retained_fear_memory,29,Ext2,AUTO_GG_G0_G1,glia_glia,0.9993474210116544,True,0.002054029293559876,20260819
no_retained_fear_memory,29,Ext2,AUTO_GG_G1_G3,glia_glia,0.9994289933851976,True,0.002054029293559876,20260819
no_retained_fear_memory,29,Ext2,AUTO_GG_G2_G5,glia_glia,1.0,True,1.0,20260819
no_retained_fear_memory,29,Ext2,AUTO_TRI_N0_G1_N4,tripartite,0.9995105657587409,True,0.002054029293559876,20260819
no_retained_fear_memory,29,Ext2,AUTO_TRI_N3_G2_N5,tripartite,1.0,True,0.8499988147901262,20260819
no_retained_fear_memory,29,Ext2,AUTO_TRI_N3_G2_N9,tripartite,1.0,True,0.8499988147901262,20260819
no_retained_fear_memory,30,Ext2,AUTO_GG_G0_G1,glia_glia,0.9990788788864422,True,0.0016432234348479008,20260819
no_retained_fear_memory,30,Ext2,AUTO_GG_G1_G3,glia_glia,0.999194019025637,True,0.0016432234348479008,20260819
no_retained_fear_memory,30,Ext2,AUTO_GG_G2_G5,glia_glia,1.0,True,1.0,20260819
no_retained_fear_memory,30,Ext2,AUTO_TRI_N0_G1_N4,tripartite,0.9993091591648318,True,0.0016432234348479008,20260819
no_retained_fear_memory,30,Ext2,AUTO_TRI_N3_G2_N5,tripartite,1.0,True,0.9142020280017559,20260819
no_retained_fear_memory,30,Ext2,AUTO_TRI_N3_G2_N9,tripartite,1.0,True,0.9142020280017559,20260819
no_retained_fear_memory,31,Ext2,AUTO_GG_G0_G1,glia_glia,0.9987840451862725,True,0.0013145787478783207,20260819
no_retained_fear_memory,31,Ext2,AUTO_GG_G1_G3,glia_glia,0.9989360395379885,True,0.0013145787478783207,20260819
no_retained_fear_memory,31,Ext2,AUTO_GG_G2_G5,glia_glia,1.0,True,1.0,20260819
no_retained_fear_memory,31,Ext2,AUTO_TRI_N0_G1_N4,tripartite,0.9990880338897045,True,0.0013145787478783207,20260819
no_retained_fear_memory,31,Ext2,AUTO_TRI_N3_G2_N5,tripartite,1.0,True,0.979694668099421,20260819
no_retained_fear_memory,31,Ext2,AUTO_TRI_N3_G2_N9,tripartite,1.0,True,0.979694668099421,20260819
no_retained_fear_memory,32,Ext2,AUTO_GG_G0_G1,glia_glia,0.9984681782261368,True,0.0010516629983026566,20260819
no_retained_fear_memory,32,Ext2,AUTO_GG_G1_G3,glia_glia,0.9986596559478697,True,0.0010516629983026566,20260819
no_retained_fear_memory,32,Ext2,AUTO_GG_G2_G5,glia_glia,1.0,True,1.0,20260819
no_retained_fear_memory,32,Ext2,AUTO_TRI_N0_G1_N4,tripartite,0.9988511336696027,True,0.0010516629983026566,20260819
no_retained_fear_memory,32,Ext2,AUTO_TRI_N3_G2_N5,tripartite,1.0,True,1.0,20260819
no_retained_fear_memory,32,Ext2,AUTO_TRI_N3_G2_N9,tripartite,1.0,True,1.0,20260819
no_retained_fear_memory,33,Ext2,AUTO_GG_G0_G1,glia_glia,0.9981354846580281,True,0.0008413303986421253,20260819
no_retained_fear_memory,33,Ext2,AUTO_GG_G1_G3,glia_glia,0.9983685490757745,True,0.0008413303986421253,20260819
no_retained_fear_memory,33,Ext2,AUTO_GG_G2_G5,glia_glia,1.0,True,1.0,20260819
no_retained_fear_memory,33,Ext2,AUTO_TRI_N0_G1_N4,tripartite,0.9986016134935212,True,0.0008413303986421253,20260819
no_retained_fear_memory,33,Ext2,AUTO_TRI_N3_G2_N5,tripartite,1.0,True,1.0,20260819
no_retained_fear_memory,33,Ext2,AUTO_TRI_N3_G2_N9,tripartite,1.0,True,1.0,20260819
no_retained_fear_memory,34,Ext2,AUTO_GG_G0_G1,glia_glia,0.9977893298035413,True,0.0006730643189137003,20260819
no_retained_fear_memory,34,Ext2,AUTO_GG_G1_G3,glia_glia,0.9980656635780986,True,0.0006730643189137003,20260819
no_retained_fear_memory,34,Ext2,AUTO_GG_G2_G5,glia_glia,1.0,True,1.0,20260819
no_retained_fear_memory,34,Ext2,AUTO_TRI_N0_G1_N4,tripartite,0.9983419973526559,True,0.0006730643189137003,20260819
no_retained_fear_memory,34,Ext2,AUTO_TRI_N3_G2_N5,tripartite,1.0,True,1.0,20260819
no_retained_fear_memory,34,Ext2,AUTO_TRI_N3_G2_N9,tripartite,1.0,True,1.0,20260819
no_retained_fear_memory,35,Ext2,AUTO_GG_G0_G1,glia_glia,0.9974324059199517,True,0.0005384514551309603,20260819
no_retained_fear_memory,35,Ext2,AUTO_GG_G1_G3,glia_glia,0.9977533551799578,True,0.0005384514551309603,20260819
no_retained_fear_memory,35,Ext2,AUTO_GG_G2_G5,glia_glia,1.0,True,1.0,20260819
no_retained_fear_memory,35,Ext2,AUTO_TRI_N0_G1_N4,tripartite,0.9980743044399638,True,0.0005384514551309603,20260819
no_retained_fear_memory,35,Ext2,AUTO_TRI_N3_G2_N5,tripartite,1.0,True,1.0,20260819
no_retained_fear_memory,35,Ext2,AUTO_TRI_N3_G2_N9,tripartite,1.0,True,1.0,20260819
no_retained_fear_memory,36,Ext2,AUTO_GG_G0_G1,glia_glia,0.9970668668130801,True,0.00043076116410476823,20260819
no_retained_fear_memory,36,Ext2,AUTO_GG_G1_G3,glia_glia,0.9974335084614451,True,0.00043076116410476823,20260819
no_retained_fear_memory,36,Ext2,AUTO_GG_G2_G5,glia_glia,1.0,True,1.0,20260819
no_retained_fear_memory,36,Ext2,AUTO_TRI_N0_G1_N4,tripartite,0.99780015010981,True,0.00043076116410476823,20260819
no_retained_fear_memory,36,Ext2,AUTO_TRI_N3_G2_N5,tripartite,1.0,True,1.0,20260819
no_retained_fear_memory,36,Ext2,AUTO_TRI_N3_G2_N9,tripartite,1.0,True,1.0,20260819
no_retained_fear_memory,37,Ext2,AUTO_GG_G0_G1,glia_glia,0.9966944355275829,True,0.0003446089312838146,20260819
no_retained_fear_memory,37,Ext2,AUTO_GG_G1_G3,glia_glia,0.9971076310866349,True,0.0003446089312838146,20260819
no_retained_fear_memory,37,Ext2,AUTO_GG_G2_G5,glia_glia,1.0,True,1.0,20260819
no_retained_fear_memory,37,Ext2,AUTO_TRI_N0_G1_N4,tripartite,0.9975208266456871,True,0.0003446089312838146,20260819
no_retained_fear_memory,37,Ext2,AUTO_TRI_N3_G2_N5,tripartite,1.0,True,1.0,20260819
no_retained_fear_memory,37,Ext2,AUTO_TRI_N3_G2_N9,tripartite,1.0,True,1.0,20260819
no_retained_fear_memory,38,Ext2,AUTO_GG_G0_G1,glia_glia,0.996316490499185,True,0.00027568714502705167,20260819
no_retained_fear_memory,38,Ext2,AUTO_GG_G1_G3,glia_glia,0.9967769291867868,True,0.00027568714502705167,20260819
no_retained_fear_memory,38,Ext2,AUTO_GG_G2_G5,glia_glia,1.0,True,1.0,20260819
no_retained_fear_memory,38,Ext2,AUTO_TRI_N0_G1_N4,tripartite,0.9972373678743887,True,0.00027568714502705167,20260819
no_retained_fear_memory,38,Ext2,AUTO_TRI_N3_G2_N5,tripartite,1.0,True,1.0,20260819
no_retained_fear_memory,38,Ext2,AUTO_TRI_N3_G2_N9,tripartite,1.0,True,1.0,20260819
no_retained_fear_memory,39,Ext2,AUTO_GG_G0_G1,glia_glia,0.9959341344764667,True,0.00022054971602164134,20260819
no_retained_fear_memory,39,Ext2,AUTO_GG_G1_G3,glia_glia,0.9964423676669083,True,0.00022054971602164134,20260819
no_retained_fear_memory,39,Ext2,AUTO_GG_G2_G5,glia_glia,1.0,True,1.0,20260819
no_retained_fear_memory,39,Ext2,AUTO_TRI_N0_G1_N4,tripartite,0.99695060085735,True,0.00022054971602164134,20260819
no_retained_fear_memory,39,Ext2,AUTO_TRI_N3_G2_N5,tripartite,1.0,True,1.0,20260819
no_retained_fear_memory,39,Ext2,AUTO_TRI_N3_G2_N9,tripartite,1.0,True,1.0,20260819
no_retained_fear_memory,40,Ext2,AUTO_GG_G0_G1,glia_glia,0.9955482496582921,True,0.0001764397728173131,20260819
no_retained_fear_memory,40,Ext2,AUTO_GG_G1_G3,glia_glia,0.9961047184510056,True,0.0001764397728173131,20260819
no_retained_fear_memory,40,Ext2,AUTO_GG_G2_G5,glia_glia,1.0,True,1.0,20260819
no_retained_fear_memory,40,Ext2,AUTO_TRI_N0_G1_N4,tripartite,0.996661187243719,True,0.0001764397728173131,20260819
no_retained_fear_memory,40,Ext2,AUTO_TRI_N3_G2_N5,tripartite,1.0,True,1.0,20260819
no_retained_fear_memory,40,Ext2,AUTO_TRI_N3_G2_N9,tripartite,1.0,True,1.0,20260819
no_retained_fear_memory,41,Ext2,AUTO_GG_G0_G1,glia_glia,0.9951595418037524,True,0.00014115181825385048,20260819
no_retained_fear_memory,41,Ext2,AUTO_GG_G1_G3,glia_glia,0.9957645990782833,True,0.00014115181825385048,20260819
no_retained_fear_memory,41,Ext2,AUTO_GG_G2_G5,glia_glia,1.0,True,1.0,20260819
no_retained_fear_memory,41,Ext2,AUTO_TRI_N0_G1_N4,tripartite,0.9963696563528143,True,0.00014115181825385048,20260819
no_retained_fear_memory,41,Ext2,AUTO_TRI_N3_G2_N5,tripartite,1.0,True,1.0,20260819
no_retained_fear_memory,41,Ext2,AUTO_TRI_N3_G2_N9,tripartite,1.0,True,1.0,20260819
no_retained_fear_memory,42,Ext2,AUTO_GG_G0_G1,glia_glia,0.9947685755201207,True,0.00011292145460308038,20260819
no_retained_fear_memory,42,Ext2,AUTO_GG_G1_G3,glia_glia,0.9954225035801055,True,0.00011292145460308038,20260819
no_retained_fear_memory,42,Ext2,AUTO_GG_G2_G5,glia_glia,1.0,True,1.0,20260819
no_retained_fear_memory,42,Ext2,AUTO_TRI_N0_G1_N4,tripartite,0.9960764316400904,True,0.00011292145460308038,20260819
no_retained_fear_memory,42,Ext2,AUTO_TRI_N3_G2_N5,tripartite,1.0,True,1.0,20260819
no_retained_fear_memory,42,Ext2,AUTO_TRI_N3_G2_N9,tripartite,1.0,True,1.0,20260819
no_retained_fear_memory,43,Ext2,AUTO_GG_G0_G1,glia_glia,0.9943758024932152,True,9.033716368246431e-05,20260819
no_retained_fear_memory,43,Ext2,AUTO_GG_G1_G3,glia_glia,0.9950788271815633,True,9.033716368246431e-05,20260819
no_retained_fear_memory,43,Ext2,AUTO_GG_G2_G5,glia_glia,1.0,True,1.0,20260819
no_retained_fear_memory,43,Ext2,AUTO_TRI_N0_G1_N4,tripartite,0.9957818518699113,True,9.033716368246431e-05,20260819
no_retained_fear_memory,43,Ext2,AUTO_TRI_N3_G2_N5,tripartite,1.0,True,1.0,20260819
no_retained_fear_memory,43,Ext2,AUTO_TRI_N3_G2_N9,tripartite,1.0,True,1.0,20260819
no_retained_fear_memory,44,Ext2,AUTO_GG_G0_G1,glia_glia,0.9939815840716909,True,7.226973094597146e-05,20260819
no_retained_fear_memory,44,Ext2,AUTO_GG_G1_G3,glia_glia,0.9947338860627295,True,7.226973094597146e-05,20260819
no_retained_fear_memory,44,Ext2,AUTO_GG_G2_G5,glia_glia,1.0,True,1.0,20260819
no_retained_fear_memory,44,Ext2,AUTO_TRI_N0_G1_N4,tripartite,0.9954861880537681,True,7.226973094597146e-05,20260819
no_retained_fear_memory,44,Ext2,AUTO_TRI_N3_G2_N5,tripartite,1.0,True,1.0,20260819
no_retained_fear_memory,44,Ext2,AUTO_TRI_N3_G2_N9,tripartite,1.0,True,1.0,20260819
no_retained_fear_memory,45,Ext2,AUTO_GG_G0_G1,glia_glia,0.9935862093344714,True,5.781578475677717e-05,20260819
no_retained_fear_memory,45,Ext2,AUTO_GG_G1_G3,glia_glia,0.9943879331676625,True,5.781578475677717e-05,20260819
no_retained_fear_memory,45,Ext2,AUTO_GG_G2_G5,glia_glia,1.0,True,1.0,20260819
no_retained_fear_memory,45,Ext2,AUTO_TRI_N0_G1_N4,tripartite,0.9951896570008535,True,5.781578475677717e-05,20260819
no_retained_fear_memory,45,Ext2,AUTO_TRI_N3_G2_N5,tripartite,1.0,True,1.0,20260819
no_retained_fear_memory,45,Ext2,AUTO_TRI_N3_G2_N9,tripartite,1.0,True,1.0,20260819
no_retained_fear_memory,46,Ext2,AUTO_GG_G0_G1,glia_glia,0.9931899095446959,True,4.6252627805421734e-05,20260819
no_retained_fear_memory,46,Ext2,AUTO_GG_G1_G3,glia_glia,0.9940411708516089,True,4.6252627805421734e-05,20260819
no_retained_fear_memory,46,Ext2,AUTO_GG_G2_G5,glia_glia,1.0,True,1.0,20260819
no_retained_fear_memory,46,Ext2,AUTO_TRI_N0_G1_N4,tripartite,0.9948924321585219,True,4.6252627805421734e-05,20260819
no_retained_fear_memory,46,Ext2,AUTO_TRI_N3_G2_N5,tripartite,1.0,True,1.0,20260819
no_retained_fear_memory,46,Ext2,AUTO_TRI_N3_G2_N9,tripartite,1.0,True,1.0,20260819
no_retained_fear_memory,47,Ext2,AUTO_GG_G0_G1,glia_glia,0.9927928697128754,True,3.700210224433739e-05,20260819
no_retained_fear_memory,47,Ext2,AUTO_GG_G1_G3,glia_glia,0.993693760998766,True,3.700210224433739e-05,20260819
no_retained_fear_memory,47,Ext2,AUTO_GG_G2_G5,glia_glia,1.0,True,1.0,20260819
no_retained_fear_memory,47,Ext2,AUTO_TRI_N0_G1_N4,tripartite,0.9945946522846565,True,3.700210224433739e-05,20260819
no_retained_fear_memory,47,Ext2,AUTO_TRI_N3_G2_N5,tripartite,1.0,True,1.0,20260819
no_retained_fear_memory,47,Ext2,AUTO_TRI_N3_G2_N9,tripartite,1.0,True,1.0,20260819
no_retained_fear_memory,48,Ext2,AUTO_GG_G0_G1,glia_glia,0.992395237847419,True,2.960168179546991e-05,20260819
no_retained_fear_memory,48,Ext2,AUTO_GG_G1_G3,glia_glia,0.9933458331164917,True,2.960168179546991e-05,20260819
no_retained_fear_memory,48,Ext2,AUTO_GG_G2_G5,glia_glia,1.0,True,1.0,20260819
no_retained_fear_memory,48,Ext2,AUTO_TRI_N0_G1_N4,tripartite,0.9942964283855642,True,2.960168179546991e-05,20260819
no_retained_fear_memory,48,Ext2,AUTO_TRI_N3_G2_N5,tripartite,1.0,True,1.0,20260819
no_retained_fear_memory,48,Ext2,AUTO_TRI_N3_G2_N9,tripartite,1.0,True,1.0,20260819
no_retained_fear_memory,49,Ext2,AUTO_GG_G0_G1,glia_glia,0.9919971323550539,True,2.368134543637593e-05,20260819
no_retained_fear_memory,49,Ext2,AUTO_GG_G1_G3,glia_glia,0.9929974908106722,True,2.368134543637593e-05,20260819
no_retained_fear_memory,49,Ext2,AUTO_GG_G2_G5,glia_glia,1.0,True,1.0,20260819
no_retained_fear_memory,49,Ext2,AUTO_TRI_N0_G1_N4,tripartite,0.9939978492662904,True,2.368134543637593e-05,20260819
no_retained_fear_memory,49,Ext2,AUTO_TRI_N3_G2_N5,tripartite,1.0,True,1.0,20260819
no_retained_fear_memory,49,Ext2,AUTO_TRI_N3_G2_N9,tripartite,1.0,True,1.0,20260819
no_retained_fear_memory,50,Ext2,AUTO_GG_G0_G1,glia_glia,0.9915986479611618,True,1.8945076349100747e-05,20260819
no_retained_fear_memory,50,Ext2,AUTO_GG_G1_G3,glia_glia,0.9926488169660167,True,1.8945076349100747e-05,20260819
no_retained_fear_memory,50,Ext2,AUTO_GG_G2_G5,glia_glia,1.0,True,1.0,20260819
no_retained_fear_memory,50,Ext2,AUTO_TRI_N0_G1_N4,tripartite,0.9936989859708714,True,1.8945076349100747e-05,20260819
no_retained_fear_memory,50,Ext2,AUTO_TRI_N3_G2_N5,tripartite,1.0,True,1.0,20260819
no_retained_fear_memory,50,Ext2,AUTO_TRI_N3_G2_N9,tripartite,1.0,True,1.0,20260819
no_retained_fear_memory,51,Ext2,AUTO_GG_G0_G1,glia_glia,0.9911998604460481,True,1.5156061079280599e-05,20260819
no_retained_fear_memory,51,Ext2,AUTO_GG_G1_G3,glia_glia,0.9922998778902923,True,1.5156061079280599e-05,20260819
no_retained_fear_memory,51,Ext2,AUTO_GG_G2_G5,glia_glia,1.0,True,1.0,20260819
no_retained_fear_memory,51,Ext2,AUTO_TRI_N0_G1_N4,tripartite,0.9933998953345361,True,1.5156061079280599e-05,20260819
no_retained_fear_memory,51,Ext2,AUTO_TRI_N3_G2_N5,tripartite,1.0,True,1.0,20260819
no_retained_fear_memory,51,Ext2,AUTO_TRI_N3_G2_N9,tripartite,1.0,True,1.0,20260819
no_retained_fear_memory,52,Ext2,AUTO_GG_G0_G1,glia_glia,0.9908008304339572,True,1.2124848863424479e-05,20260819
no_retained_fear_memory,52,Ext2,AUTO_GG_G1_G3,glia_glia,0.9919507266297127,True,1.2124848863424479e-05,20260819
no_retained_fear_memory,52,Ext2,AUTO_GG_G2_G5,glia_glia,1.0,True,1.0,20260819
no_retained_fear_memory,52,Ext2,AUTO_TRI_N0_G1_N4,tripartite,0.9931006228254678,True,1.2124848863424479e-05,20260819
no_retained_fear_memory,52,Ext2,AUTO_TRI_N3_G2_N5,tripartite,1.0,True,1.0,20260819
no_retained_fear_memory,52,Ext2,AUTO_TRI_N3_G2_N9,tripartite,1.0,True,1.0,20260819
no_retained_fear_memory,53,Ext2,AUTO_GG_G0_G1,glia_glia,0.9904016064242844,True,9.699879090739585e-06,20260819
no_retained_fear_memory,53,Ext2,AUTO_GG_G1_G3,glia_glia,0.9916014056212491,True,9.699879090739585e-06,20260819
no_retained_fear_memory,53,Ext2,AUTO_GG_G2_G5,glia_glia,1.0,True,1.0,20260819
no_retained_fear_memory,53,Ext2,AUTO_TRI_N0_G1_N4,tripartite,0.9928012048182133,True,9.699879090739585e-06,20260819
no_retained_fear_memory,53,Ext2,AUTO_TRI_N3_G2_N5,tripartite,1.0,True,1.0,20260819
no_retained_fear_memory,53,Ext2,AUTO_TRI_N3_G2_N9,tripartite,1.0,True,1.0,20260819
no_retained_fear_memory,54,E-Ret,AUTO_GG_G0_G1,glia_glia,0.9904016064242844,True,9.699879090739585e-06,20260819
no_retained_fear_memory,54,E-Ret,AUTO_GG_G1_G3,glia_glia,0.9916014056212491,True,9.699879090739585e-06,20260819
no_retained_fear_memory,54,E-Ret,AUTO_GG_G2_G5,glia_glia,1.0,True,1.0,20260819
no_retained_fear_memory,54,E-Ret,AUTO_TRI_N0_G1_N4,tripartite,0.9928012048182133,True,9.699879090739585e-06,20260819
no_retained_fear_memory,54,E-Ret,AUTO_TRI_N3_G2_N5,tripartite,1.0,True,1.0,20260819
no_retained_fear_memory,54,E-Ret,AUTO_TRI_N3_G2_N9,tripartite,1.0,True,1.0,20260819
no_retained_fear_memory,55,E-Ret,AUTO_GG_G0_G1,glia_glia,0.9904016064242844,True,9.699879090739585e-06,20260819
no_retained_fear_memory,55,E-Ret,AUTO_GG_G1_G3,glia_glia,0.9916014056212491,True,9.699879090739585e-06,20260819
no_retained_fear_memory,55,E-Ret,AUTO_GG_G2_G5,glia_glia,1.0,True,1.0,20260819
no_retained_fear_memory,55,E-Ret,AUTO_TRI_N0_G1_N4,tripartite,0.9928012048182133,True,9.699879090739585e-06,20260819
no_retained_fear_memory,55,E-Ret,AUTO_TRI_N3_G2_N5,tripartite,1.0,True,1.0,20260819
no_retained_fear_memory,55,E-Ret,AUTO_TRI_N3_G2_N9,tripartite,1.0,True,1.0,20260819
no_retained_fear_memory,56,E-Ret,AUTO_GG_G0_G1,glia_glia,0.9904016064242844,True,9.699879090739585e-06,20260819
no_retained_fear_memory,56,E-Ret,AUTO_GG_G1_G3,glia_glia,0.9916014056212491,True,9.699879090739585e-06,20260819
no_retained_fear_memory,56,E-Ret,AUTO_GG_G2_G5,glia_glia,1.0,True,1.0,20260819
no_retained_fear_memory,56,E-Ret,AUTO_TRI_N0_G1_N4,tripartite,0.9928012048182133,True,9.699879090739585e-06,20260819
no_retained_fear_memory,56,E-Ret,AUTO_TRI_N3_G2_N5,tripartite,1.0,True,1.0,20260819
no_retained_fear_memory,56,E-Ret,AUTO_TRI_N3_G2_N9,tripartite,1.0,True,1.0,20260819
no_retained_fear_memory,57,E-Ret,AUTO_GG_G0_G1,glia_glia,0.9904016064242844,True,9.699879090739585e-06,20260819
no_retained_fear_memory,57,E-Ret,AUTO_GG_G1_G3,glia_glia,0.9916014056212491,True,9.699879090739585e-06,20260819
no_retained_fear_memory,57,E-Ret,AUTO_GG_G2_G5,glia_glia,1.0,True,1.0,20260819
no_retained_fear_memory,57,E-Ret,AUTO_TRI_N0_G1_N4,tripartite,0.9928012048182133,True,9.699879090739585e-06,20260819
no_retained_fear_memory,57,E-Ret,AUTO_TRI_N3_G2_N5,tripartite,1.0,True,1.0,20260819
no_retained_fear_memory,57,E-Ret,AUTO_TRI_N3_G2_N9,tripartite,1.0,True,1.0,20260819
no_retained_fear_memory,58,E-Ret,AUTO_GG_G0_G1,glia_glia,0.9904016064242844,True,9.699879090739585e-06,20260819
no_retained_fear_memory,58,E-Ret,AUTO_GG_G1_G3,glia_glia,0.9916014056212491,True,9.699879090739585e-06,20260819
no_retained_fear_memory,58,E-Ret,AUTO_GG_G2_G5,glia_glia,1.0,True,1.0,20260819
no_retained_fear_memory,58,E-Ret,AUTO_TRI_N0_G1_N4,tripartite,0.9928012048182133,True,9.699879090739585e-06,20260819
no_retained_fear_memory,58,E-Ret,AUTO_TRI_N3_G2_N5,tripartite,1.0,True,1.0,20260819
no_retained_fear_memory,58,E-Ret,AUTO_TRI_N3_G2_N9,tripartite,1.0,True,1.0,20260819
no_retained_fear_memory,59,F-Ren,AUTO_GG_G0_G1,glia_glia,0.9904016064242844,True,9.699879090739585e-06,20260819
no_retained_fear_memory,59,F-Ren,AUTO_GG_G1_G3,glia_glia,0.9916014056212491,True,9.699879090739585e-06,20260819
no_retained_fear_memory,59,F-Ren,AUTO_GG_G2_G5,glia_glia,1.0,True,1.0,20260819
no_retained_fear_memory,59,F-Ren,AUTO_TRI_N0_G1_N4,tripartite,0.9928012048182133,True,9.699879090739585e-06,20260819
no_retained_fear_memory,59,F-Ren,AUTO_TRI_N3_G2_N5,tripartite,1.0,True,1.0,20260819
no_retained_fear_memory,59,F-Ren,AUTO_TRI_N3_G2_N9,tripartite,1.0,True,1.0,20260819
no_retained_fear_memory,60,F-Ren,AUTO_GG_G0_G1,glia_glia,0.9904016064242844,True,9.699879090739585e-06,20260819
no_retained_fear_memory,60,F-Ren,AUTO_GG_G1_G3,glia_glia,0.9916014056212491,True,9.699879090739585e-06,20260819
no_retained_fear_memory,60,F-Ren,AUTO_GG_G2_G5,glia_glia,1.0,True,1.0,20260819
no_retained_fear_memory,60,F-Ren,AUTO_TRI_N0_G1_N4,tripartite,0.9928012048182133,True,9.699879090739585e-06,20260819
no_retained_fear_memory,60,F-Ren,AUTO_TRI_N3_G2_N5,tripartite,1.0,True,1.0,20260819
no_retained_fear_memory,60,F-Ren,AUTO_TRI_N3_G2_N9,tripartite,1.0,True,1.0,20260819
no_retained_fear_memory,61,F-Ren,AUTO_GG_G0_G1,glia_glia,0.9904016064242844,True,9.699879090739585e-06,20260819
no_retained_fear_memory,61,F-Ren,AUTO_GG_G1_G3,glia_glia,0.9916014056212491,True,9.699879090739585e-06,20260819
no_retained_fear_memory,61,F-Ren,AUTO_GG_G2_G5,glia_glia,1.0,True,1.0,20260819
no_retained_fear_memory,61,F-Ren,AUTO_TRI_N0_G1_N4,tripartite,0.9928012048182133,True,9.699879090739585e-06,20260819
no_retained_fear_memory,61,F-Ren,AUTO_TRI_N3_G2_N5,tripartite,1.0,True,1.0,20260819
no_retained_fear_memory,61,F-Ren,AUTO_TRI_N3_G2_N9,tripartite,1.0,True,1.0,20260819
no_retained_fear_memory,62,F-Ren,AUTO_GG_G0_G1,glia_glia,0.9904016064242844,True,9.699879090739585e-06,20260819
no_retained_fear_memory,62,F-Ren,AUTO_GG_G1_G3,glia_glia,0.9916014056212491,True,9.699879090739585e-06,20260819
no_retained_fear_memory,62,F-Ren,AUTO_GG_G2_G5,glia_glia,1.0,True,1.0,20260819
no_retained_fear_memory,62,F-Ren,AUTO_TRI_N0_G1_N4,tripartite,0.9928012048182133,True,9.699879090739585e-06,20260819
no_retained_fear_memory,62,F-Ren,AUTO_TRI_N3_G2_N5,tripartite,1.0,True,1.0,20260819
no_retained_fear_memory,62,F-Ren,AUTO_TRI_N3_G2_N9,tripartite,1.0,True,1.0,20260819
no_retained_fear_memory,63,F-Ren,AUTO_GG_G0_G1,glia_glia,0.9904016064242844,True,9.699879090739585e-06,20260819
no_retained_fear_memory,63,F-Ren,AUTO_GG_G1_G3,glia_glia,0.9916014056212491,True,9.699879090739585e-06,20260819
no_retained_fear_memory,63,F-Ren,AUTO_GG_G2_G5,glia_glia,1.0,True,1.0,20260819
no_retained_fear_memory,63,F-Ren,AUTO_TRI_N0_G1_N4,tripartite,0.9928012048182133,True,9.699879090739585e-06,20260819
no_retained_fear_memory,63,F-Ren,AUTO_TRI_N3_G2_N5,tripartite,1.0,True,1.0,20260819
no_retained_fear_memory,63,F-Ren,AUTO_TRI_N3_G2_N9,tripartite,1.0,True,1.0,20260819
no_context_reinstatement,1,F-Con,AUTO_GG_G0_G1,glia_glia,0.9593537143165668,True,0.243639236436246,20260819
no_context_reinstatement,1,F-Con,AUTO_GG_G2_G5,glia_glia,0.0,False,0.0,20260819
no_context_reinstatement,1,F-Con,AUTO_TRI_N0_G1_N4,tripartite,0.0,False,0.002220606289620657,20260819
no_context_reinstatement,1,F-Con,AUTO_TRI_N3_G2_N5,tripartite,0.0,False,0.0,20260819
no_context_reinstatement,1,F-Con,AUTO_TRI_N3_G2_N9,tripartite,0.0,False,0.0,20260819
no_context_reinstatement,2,F-Con,AUTO_GG_G0_G1,glia_glia,1.0,True,0.41665796245549014,20260819
no_context_reinstatement,2,F-Con,AUTO_GG_G2_G5,glia_glia,0.0,False,0.0,20260819
no_context_reinstatement,2,F-Con,AUTO_TRI_N0_G1_N4,tripartite,0.6486806466878341,True,0.0695437243454395,20260819
no_context_reinstatement,2,F-Con,AUTO_TRI_N3_G2_N5,tripartite,0.0,False,0.0,20260819
no_context_reinstatement,2,F-Con,AUTO_TRI_N3_G2_N9,tripartite,0.0,False,0.0,20260819
no_context_reinstatement,3,F-Con,AUTO_GG_G0_G1,glia_glia,1.0,True,0.5789106170665866,20260819
no_context_reinstatement,3,F-Con,AUTO_GG_G2_G5,glia_glia,0.0,False,0.0,20260819
no_context_reinstatement,3,F-Con,AUTO_TRI_N0_G1_N4,tripartite,1.0,True,0.16887590862989102,20260819
no_context_reinstatement,3,F-Con,AUTO_TRI_N3_G2_N5,tripartite,0.0,False,0.0,20260819
no_context_reinstatement,3,F-Con,AUTO_TRI_N3_G2_N9,tripartite,0.0,False,0.0,20260819
no_context_reinstatement,4,Ext1,AUTO_GG_G0_G1,glia_glia,1.0,True,0.54369702695959,20260819
no_context_reinstatement,4,Ext1,AUTO_GG_G2_G5,glia_glia,0.06509535473930901,False,0.1649830810994733,20260819
no_context_reinstatement,4,Ext1,AUTO_TRI_N0_G1_N4,tripartite,1.0,True,0.23723468157945288,20260819
no_context_reinstatement,4,Ext1,AUTO_TRI_N3_G2_N5,tripartite,0.0,False,0.004719964433221858,20260819
no_context_reinstatement,4,Ext1,AUTO_TRI_N3_G2_N9,tripartite,0.0,False,0.004719964433221858,20260819
no_context_reinstatement,5,Ext1,AUTO_GG_G0_G1,glia_glia,1.0,True,0.43495762156767204,20260819
no_context_reinstatement,5,Ext1,AUTO_GG_G2_G5,glia_glia,0.20752652874399613,True,0.31346785408899924,20260819
no_context_reinstatement,5,Ext1,AUTO_TRI_N0_G1_N4,tripartite,1.0,True,0.3049595439894273,20260819
no_context_reinstatement,5,Ext1,AUTO_TRI_N3_G2_N5,tripartite,0.0,False,0.005620449651202916,20260819
no_context_reinstatement,5,Ext1,AUTO_TRI_N3_G2_N9,tripartite,0.0,False,0.005620449651202916,20260819
no_context_reinstatement,6,Ext1,AUTO_GG_G0_G1,glia_glia,1.0,True,0.34796609725413763,20260819
no_context_reinstatement,6,Ext1,AUTO_GG_G2_G5,glia_glia,0.4185060170313903,True,0.44508061751179673,20260819
no_context_reinstatement,6,Ext1,AUTO_TRI_N0_G1_N4,tripartite,1.0,True,0.34796609725413763,20260819
no_context_reinstatement,6,Ext1,AUTO_TRI_N3_G2_N5,tripartite,0.0,False,0.008817450450784057,20260819
no_context_reinstatement,6,Ext1,AUTO_TRI_N3_G2_N9,tripartite,0.0,False,0.008817450450784057,20260819
no_context_reinstatement,7,Ext1,AUTO_GG_G0_G1,glia_glia,1.0,True,0.2783728778033101,20260819
no_context_reinstatement,7,Ext1,AUTO_GG_G2_G5,glia_glia,0.6881377268443506,True,0.5576928828408838,20260819
no_context_reinstatement,7,Ext1,AUTO_TRI_N0_G1_N4,tripartite,1.0,True,0.2783728778033101,20260819
no_context_reinstatement,7,Ext1,AUTO_TRI_N3_G2_N5,tripartite,0.0,False,0.0186069726080006,20260819
no_context_reinstatement,7,Ext1,AUTO_TRI_N3_G2_N9,tripartite,0.0,False,0.0186069726080006,20260819
no_context_reinstatement,8,Ext1,AUTO_GG_G0_G1,glia_glia,1.0,True,0.22269830224264808,20260819
no_context_reinstatement,8,Ext1,AUTO_GG_G2_G5,glia_glia,1.0,True,0.6476757957818747,20260819
no_context_reinstatement,8,Ext1,AUTO_TRI_N0_G1_N4,tripartite,1.0,True,0.22269830224264808,20260819
no_context_reinstatement,8,Ext1,AUTO_TRI_N3_G2_N5,tripartite,0.0,False,0.041000440347599164,20260819
no_context_reinstatement,8,Ext1,AUTO_TRI_N3_G2_N9,tripartite,0.0,False,0.041000440347599164,20260819
no_context_reinstatement,9,Ext1,AUTO_GG_G0_G1,glia_glia,1.0,True,0.17815864179411847,20260819
no_context_reinstatement,9,Ext1,AUTO_GG_G2_G5,glia_glia,1.0,True,0.7135422343447728,20260819
no_context_reinstatement,9,Ext1,AUTO_TRI_N0_G1_N4,tripartite,1.0,True,0.17815864179411847,20260819
no_context_reinstatement,9,Ext1,AUTO_TRI_N3_G2_N5,tripartite,0.010133884436773048,False,0.07956378441827949,20260819
no_context_reinstatement,9,Ext1,AUTO_TRI_N3_G2_N9,tripartite,0.010133884436773048,False,0.07956378441827949,20260819
no_context_reinstatement,10,Ext1,AUTO_GG_G0_G1,glia_glia,1.0,True,0.14252691343529478,20260819
no_context_reinstatement,10,Ext1,AUTO_GG_G2_G5,glia_glia,1.0,True,0.7728452393561569,20260819
no_context_reinstatement,10,Ext1,AUTO_TRI_N0_G1_N4,tripartite,1.0,True,0.14252691343529478,20260819
no_context_reinstatement,10,Ext1,AUTO_TRI_N3_G2_N5,tripartite,0.030469233174460257,False,0.11435806444461172,20260819
no_context_reinstatement,10,Ext1,AUTO_TRI_N3_G2_N9,tripartite,0.030469233174460257,False,0.11435806444461172,20260819
no_context_reinstatement,11,Ext1,AUTO_GG_G0_G1,glia_glia,1.0,True,0.11402153074823583,20260819
no_context_reinstatement,11,Ext1,AUTO_GG_G2_G5,glia_glia,1.0,True,0.8262727160985934,20260819
no_context_reinstatement,11,Ext1,AUTO_TRI_N0_G1_N4,tripartite,1.0,True,0.11402153074823583,20260819
no_context_reinstatement,11,Ext1,AUTO_TRI_N3_G2_N5,tripartite,0.06004627466001505,False,0.1458788379239458,20260819
no_context_reinstatement,11,Ext1,AUTO_TRI_N3_G2_N9,tripartite,0.06004627466001505,False,0.1458788379239458,20260819
no_context_reinstatement,12,Ext1,AUTO_GG_G0_G1,glia_glia,1.0,True,0.09121722459858866,20260819
no_context_reinstatement,12,Ext1,AUTO_GG_G2_G5,glia_glia,1.0,True,0.8744532795454076,20260819
no_context_reinstatement,12,Ext1,AUTO_TRI_N0_G1_N4,tripartite,1.0,True,0.09121722459858866,20260819
no_context_reinstatement,12,Ext1,AUTO_TRI_N3_G2_N5,tripartite,0.0980464558330073,False,0.17460776078645568,20260819
no_context_reinstatement,12,Ext1,AUTO_TRI_N3_G2_N9,tripartite,0.0980464558330073,False,0.17460776078645568,20260819
no_context_reinstatement,13,Ext1,AUTO_GG_G0_G1,glia_glia,1.0,True,0.07297377967887093,20260819
no_context_reinstatement,13,Ext1,AUTO_GG_G2_G5,glia_glia,1.0,True,0.9179663113271912,20260819
no_context_reinstatement,13,Ext1,AUTO_TRI_N0_G1_N4,tripartite,1.0,True,0.07297377967887093,20260819
no_context_reinstatement,13,Ext1,AUTO_TRI_N3_G2_N5,tripartite,0.1437932973406087,False,0.2010294058562832,20260819
no_context_reinstatement,13,Ext1,AUTO_TRI_N3_G2_N9,tripartite,0.1437932973406087,False,0.2010294058562832,20260819
no_context_reinstatement,14,Ext1,AUTO_GG_G0_G1,glia_glia,1.0,True,0.05837902374309675,20260819
no_context_reinstatement,14,Ext1,AUTO_GG_G2_G5,glia_glia,1.0,True,0.9573513667056262,20260819
no_context_reinstatement,14,Ext1,AUTO_TRI_N0_G1_N4,tripartite,1.0,True,0.05837902374309675,20260819
no_context_reinstatement,14,Ext1,AUTO_TRI_N3_G2_N5,tripartite,0.19675805245179293,False,0.22564764689707476,20260819
no_context_reinstatement,14,Ext1,AUTO_TRI_N3_G2_N9,tripartite,0.19675805245179293,False,0.22564764689707476,20260819
no_context_reinstatement,15,Ext1,AUTO_GG_G0_G1,glia_glia,1.0,True,0.04670321899447741,20260819
no_context_reinstatement,15,Ext1,AUTO_GG_G2_G5,glia_glia,1.0,True,0.9931169854806743,20260819
no_context_reinstatement,15,Ext1,AUTO_TRI_N0_G1_N4,tripartite,1.0,True,0.04670321899447741,20260819
no_context_reinstatement,15,Ext1,AUTO_TRI_N3_G2_N5,tripartite,0.25657002300467263,False,0.24900154242142902,20260819
no_context_reinstatement,15,Ext1,AUTO_TRI_N3_G2_N9,tripartite,0.25657002300467263,False,0.24900154242142902,20260819
no_context_reinstatement,16,Ext1,AUTO_GG_G0_G1,glia_glia,1.0,True,0.03736257519558193,20260819
no_context_reinstatement,16,Ext1,AUTO_GG_G2_G5,glia_glia,1.0,True,1.0,20260819
no_context_reinstatement,16,Ext1,AUTO_TRI_N0_G1_N4,tripartite,1.0,True,0.03736257519558193,20260819
no_context_reinstatement,16,Ext1,AUTO_TRI_N3_G2_N5,tripartite,0.3230318004525869,True,0.2716821337955646,20260819
no_context_reinstatement,16,Ext1,AUTO_TRI_N3_G2_N9,tripartite,0.3230318004525869,True,0.2716821337955646,20260819
no_context_reinstatement,17,Ext1,AUTO_GG_G0_G1,glia_glia,1.0,True,0.029890060156465545,20260819
no_context_reinstatement,17,Ext1,AUTO_GG_G2_G5,glia_glia,1.0,True,1.0,20260819
no_context_reinstatement,17,Ext1,AUTO_TRI_N0_G1_N4,tripartite,1.0,True,0.029890060156465545,20260819
no_context_reinstatement,17,Ext1,AUTO_TRI_N3_G2_N5,tripartite,0.3961405169430844,True,0.29435294374437526,20260819
no_context_reinstatement,17,Ext1,AUTO_TRI_N3_G2_N9,tripartite,0.3961405169430844,True,0.29435294374437526,20260819
no_context_reinstatement,18,Ext1,AUTO_GG_G0_G1,glia_glia,1.0,True,0.023912048125172437,20260819
no_context_reinstatement,18,Ext1,AUTO_GG_G2_G5,glia_glia,1.0,True,1.0,20260819
no_context_reinstatement,18,Ext1,AUTO_TRI_N0_G1_N4,tripartite,1.0,True,0.023912048125172437,20260819
no_context_reinstatement,18,Ext1,AUTO_TRI_N3_G2_N5,tripartite,0.4761174304552753,True,0.31777840144336555,20260819
no_context_reinstatement,18,Ext1,AUTO_TRI_N3_G2_N9,tripartite,0.4761174304552753,True,0.31777840144336555,20260819
no_context_reinstatement,19,Ext1,AUTO_GG_G0_G1,glia_glia,1.0,True,0.01912963850013795,20260819
no_context_reinstatement,19,Ext1,AUTO_GG_G2_G5,glia_glia,1.0,True,1.0,20260819
no_context_reinstatement,19,Ext1,AUTO_TRI_N0_G1_N4,tripartite,1.0,True,0.01912963850013795,20260819
no_context_reinstatement,19,Ext1,AUTO_TRI_N3_G2_N5,tripartite,0.5634499431740698,True,0.34286624873731675,20260819
no_context_reinstatement,19,Ext1,AUTO_TRI_N3_G2_N9,tripartite,0.5634499431740698,True,0.34286624873731675,20260819
no_context_reinstatement,20,Ext1,AUTO_GG_G0_G1,glia_glia,1.0,True,0.01530371080011036,20260819
no_context_reinstatement,20,Ext1,AUTO_GG_G2_G5,glia_glia,1.0,True,1.0,20260819
no_context_reinstatement,20,Ext1,AUTO_TRI_N0_G1_N4,tripartite,1.0,True,0.01530371080011036,20260819
no_context_reinstatement,20,Ext1,AUTO_TRI_N3_G2_N5,tripartite,0.6589527217914009,True,0.37073269135553966,20260819
no_context_reinstatement,20,Ext1,AUTO_TRI_N3_G2_N9,tripartite,0.6589527217914009,True,0.37073269135553966,20260819
no_context_reinstatement,21,Ext1,AUTO_GG_G0_G1,glia_glia,1.0,True,0.012242968640088288,20260819
no_context_reinstatement,21,Ext1,AUTO_GG_G2_G5,glia_glia,1.0,True,1.0,20260819
no_context_reinstatement,21,Ext1,AUTO_TRI_N0_G1_N4,tripartite,1.0,True,0.012242968640088288,20260819
no_context_reinstatement,21,Ext1,AUTO_TRI_N3_G2_N5,tripartite,0.763858398907373,True,0.40280329159197614,20260819
no_context_reinstatement,21,Ext1,AUTO_TRI_N3_G2_N9,tripartite,0.763858398907373,True,0.40280329159197614,20260819
no_context_reinstatement,22,Ext1,AUTO_GG_G0_G1,glia_glia,1.0,True,0.00979437491207063,20260819
no_context_reinstatement,22,Ext1,AUTO_GG_G2_G5,glia_glia,1.0,True,1.0,20260819
no_context_reinstatement,22,Ext1,AUTO_TRI_N0_G1_N4,tripartite,1.0,True,0.00979437491207063,20260819
no_context_reinstatement,22,Ext1,AUTO_TRI_N3_G2_N5,tripartite,0.8799539756701181,True,0.44096884217293447,20260819
no_context_reinstatement,22,Ext1,AUTO_TRI_N3_G2_N9,tripartite,0.8799539756701181,True,0.44096884217293447,20260819
no_context_reinstatement,23,Ext1,AUTO_GG_G0_G1,glia_glia,1.0,True,0.007835499929656506,20260819
no_context_reinstatement,23,Ext1,AUTO_GG_G2_G5,glia_glia,1.0,True,1.0,20260819
no_context_reinstatement,23,Ext1,AUTO_TRI_N0_G1_N4,tripartite,1.0,True,0.007835499929656506,20260819
no_context_reinstatement,23,Ext1,AUTO_TRI_N3_G2_N5,tripartite,1.0,True,0.487822553419796,20260819
no_context_reinstatement,23,Ext1,AUTO_TRI_N3_G2_N9,tripartite,1.0,True,0.487822553419796,20260819
no_context_reinstatement,24,Ext1,AUTO_GG_G0_G1,glia_glia,1.0,True,0.006268399943725205,20260819
no_context_reinstatement,24,Ext1,AUTO_GG_G2_G5,glia_glia,1.0,True,1.0,20260819
no_context_reinstatement,24,Ext1,AUTO_TRI_N0_G1_N4,tripartite,1.0,True,0.006268399943725205,20260819
no_context_reinstatement,24,Ext1,AUTO_TRI_N3_G2_N5,tripartite,1.0,True,0.5460127641758118,20260819
no_context_reinstatement,24,Ext1,AUTO_TRI_N3_G2_N9,tripartite,1.0,True,0.5460127641758118,20260819
no_context_reinstatement,25,Ext1,AUTO_GG_G0_G1,glia_glia,1.0,True,0.005014719954980164,20260819
no_context_reinstatement,25,Ext1,AUTO_GG_G2_G5,glia_glia,1.0,True,1.0,20260819
no_context_reinstatement,25,Ext1,AUTO_TRI_N0_G1_N4,tripartite,1.0,True,0.005014719954980164,20260819
no_context_reinstatement,25,Ext1,AUTO_TRI_N3_G2_N5,tripartite,1.0,True,0.6048837632819097,20260819
no_context_reinstatement,25,Ext1,AUTO_TRI_N3_G2_N9,tripartite,1.0,True,0.6048837632819097,20260819
no_context_reinstatement,26,Ext1,AUTO_GG_G0_G1,glia_glia,0.9999209420771187,True,0.004011775963984132,20260819
no_context_reinstatement,26,Ext1,AUTO_GG_G2_G5,glia_glia,1.0,True,1.0,20260819
no_context_reinstatement,26,Ext1,AUTO_TRI_N0_G1_N4,tripartite,0.9999407065578391,True,0.004011775963984132,20260819
no_context_reinstatement,26,Ext1,AUTO_TRI_N3_G2_N5,tripartite,1.0,True,0.6645919819192015,20260819
no_context_reinstatement,26,Ext1,AUTO_TRI_N3_G2_N9,tripartite,1.0,True,0.6645919819192015,20260819
no_context_reinstatement,27,Ext1,AUTO_GG_G0_G1,glia_glia,0.9997776957388137,True,0.0032094207711873056,20260819
no_context_reinstatement,27,Ext1,AUTO_GG_G2_G5,glia_glia,1.0,True,1.0,20260819
no_context_reinstatement,27,Ext1,AUTO_TRI_N0_G1_N4,tripartite,0.9998332718041103,True,0.0032094207711873056,20260819
no_context_reinstatement,27,Ext1,AUTO_TRI_N3_G2_N5,tripartite,1.0,True,0.7252739835859626,20260819
no_context_reinstatement,27,Ext1,AUTO_TRI_N3_G2_N9,tripartite,1.0,True,0.7252739835859626,20260819
no_context_reinstatement,28,Ext1,AUTO_GG_G0_G1,glia_glia,0.9995830986681696,True,0.0025675366169498445,20260819
no_context_reinstatement,28,Ext1,AUTO_GG_G2_G5,glia_glia,1.0,True,1.0,20260819
no_context_reinstatement,28,Ext1,AUTO_TRI_N0_G1_N4,tripartite,0.9996873240011273,True,0.0025675366169498445,20260819
no_context_reinstatement,28,Ext1,AUTO_TRI_N3_G2_N5,tripartite,1.0,True,0.787045337551187,20260819
no_context_reinstatement,28,Ext1,AUTO_TRI_N3_G2_N9,tripartite,1.0,True,0.787045337551187,20260819
no_context_reinstatement,29,Ext2,AUTO_GG_G0_G1,glia_glia,0.9993474210116544,True,0.002054029293559876,20260819
no_context_reinstatement,29,Ext2,AUTO_GG_G2_G5,glia_glia,1.0,True,1.0,20260819
no_context_reinstatement,29,Ext2,AUTO_TRI_N0_G1_N4,tripartite,0.9995105657587409,True,0.002054029293559876,20260819
no_context_reinstatement,29,Ext2,AUTO_TRI_N3_G2_N5,tripartite,1.0,True,0.8499988147901262,20260819
no_context_reinstatement,29,Ext2,AUTO_TRI_N3_G2_N9,tripartite,1.0,True,0.8499988147901262,20260819
no_context_reinstatement,30,Ext2,AUTO_GG_G0_G1,glia_glia,0.9990788788864422,True,0.0016432234348479008,20260819
no_context_reinstatement,30,Ext2,AUTO_GG_G2_G5,glia_glia,1.0,True,1.0,20260819
no_context_reinstatement,30,Ext2,AUTO_TRI_N0_G1_N4,tripartite,0.9993091591648318,True,0.0016432234348479008,20260819
no_context_reinstatement,30,Ext2,AUTO_TRI_N3_G2_N5,tripartite,1.0,True,0.9142020280017559,20260819
no_context_reinstatement,30,Ext2,AUTO_TRI_N3_G2_N9,tripartite,1.0,True,0.9142020280017559,20260819
no_context_reinstatement,31,Ext2,AUTO_GG_G0_G1,glia_glia,0.9987840451862725,True,0.0013145787478783207,20260819
no_context_reinstatement,31,Ext2,AUTO_GG_G2_G5,glia_glia,1.0,True,1.0,20260819
no_context_reinstatement,31,Ext2,AUTO_TRI_N0_G1_N4,tripartite,0.9990880338897045,True,0.0013145787478783207,20260819
no_context_reinstatement,31,Ext2,AUTO_TRI_N3_G2_N5,tripartite,1.0,True,0.979694668099421,20260819
no_context_reinstatement,31,Ext2,AUTO_TRI_N3_G2_N9,tripartite,1.0,True,0.979694668099421,20260819
no_context_reinstatement,32,Ext2,AUTO_GG_G0_G1,glia_glia,0.9984681782261368,True,0.0010516629983026566,20260819
no_context_reinstatement,32,Ext2,AUTO_GG_G2_G5,glia_glia,1.0,True,1.0,20260819
no_context_reinstatement,32,Ext2,AUTO_TRI_N0_G1_N4,tripartite,0.9988511336696027,True,0.0010516629983026566,20260819
no_context_reinstatement,32,Ext2,AUTO_TRI_N3_G2_N5,tripartite,1.0,True,1.0,20260819
no_context_reinstatement,32,Ext2,AUTO_TRI_N3_G2_N9,tripartite,1.0,True,1.0,20260819
no_context_reinstatement,33,Ext2,AUTO_GG_G0_G1,glia_glia,0.9981354846580281,True,0.0008413303986421253,20260819
no_context_reinstatement,33,Ext2,AUTO_GG_G2_G5,glia_glia,1.0,True,1.0,20260819
no_context_reinstatement,33,Ext2,AUTO_TRI_N0_G1_N4,tripartite,0.9986016134935212,True,0.0008413303986421253,20260819
no_context_reinstatement,33,Ext2,AUTO_TRI_N3_G2_N5,tripartite,1.0,True,1.0,20260819
no_context_reinstatement,33,Ext2,AUTO_TRI_N3_G2_N9,tripartite,1.0,True,1.0,20260819
no_context_reinstatement,34,Ext2,AUTO_GG_G0_G1,glia_glia,0.9977893298035413,True,0.0006730643189137003,20260819
no_context_reinstatement,34,Ext2,AUTO_GG_G2_G5,glia_glia,1.0,True,1.0,20260819
no_context_reinstatement,34,Ext2,AUTO_TRI_N0_G1_N4,tripartite,0.9983419973526559,True,0.0006730643189137003,20260819
no_context_reinstatement,34,Ext2,AUTO_TRI_N3_G2_N5,tripartite,1.0,True,1.0,20260819
no_context_reinstatement,34,Ext2,AUTO_TRI_N3_G2_N9,tripartite,1.0,True,1.0,20260819
no_context_reinstatement,35,Ext2,AUTO_GG_G0_G1,glia_glia,0.9974324059199517,True,0.0005384514551309603,20260819
no_context_reinstatement,35,Ext2,AUTO_GG_G2_G5,glia_glia,1.0,True,1.0,20260819
no_context_reinstatement,35,Ext2,AUTO_TRI_N0_G1_N4,tripartite,0.9980743044399638,True,0.0005384514551309603,20260819
no_context_reinstatement,35,Ext2,AUTO_TRI_N3_G2_N5,tripartite,1.0,True,1.0,20260819
no_context_reinstatement,35,Ext2,AUTO_TRI_N3_G2_N9,tripartite,1.0,True,1.0,20260819
no_context_reinstatement,36,Ext2,AUTO_GG_G0_G1,glia_glia,0.9970668668130801,True,0.00043076116410476823,20260819
no_context_reinstatement,36,Ext2,AUTO_GG_G2_G5,glia_glia,1.0,True,1.0,20260819
no_context_reinstatement,36,Ext2,AUTO_TRI_N0_G1_N4,tripartite,0.99780015010981,True,0.00043076116410476823,20260819
no_context_reinstatement,36,Ext2,AUTO_TRI_N3_G2_N5,tripartite,1.0,True,1.0,20260819
no_context_reinstatement,36,Ext2,AUTO_TRI_N3_G2_N9,tripartite,1.0,True,1.0,20260819
no_context_reinstatement,37,Ext2,AUTO_GG_G0_G1,glia_glia,0.9966944355275829,True,0.0003446089312838146,20260819
no_context_reinstatement,37,Ext2,AUTO_GG_G2_G5,glia_glia,1.0,True,1.0,20260819
no_context_reinstatement,37,Ext2,AUTO_TRI_N0_G1_N4,tripartite,0.9975208266456871,True,0.0003446089312838146,20260819
no_context_reinstatement,37,Ext2,AUTO_TRI_N3_G2_N5,tripartite,1.0,True,1.0,20260819
no_context_reinstatement,37,Ext2,AUTO_TRI_N3_G2_N9,tripartite,1.0,True,1.0,20260819
no_context_reinstatement,38,Ext2,AUTO_GG_G0_G1,glia_glia,0.996316490499185,True,0.00027568714502705167,20260819
no_context_reinstatement,38,Ext2,AUTO_GG_G2_G5,glia_glia,1.0,True,1.0,20260819
no_context_reinstatement,38,Ext2,AUTO_TRI_N0_G1_N4,tripartite,0.9972373678743887,True,0.00027568714502705167,20260819
no_context_reinstatement,38,Ext2,AUTO_TRI_N3_G2_N5,tripartite,1.0,True,1.0,20260819
no_context_reinstatement,38,Ext2,AUTO_TRI_N3_G2_N9,tripartite,1.0,True,1.0,20260819
no_context_reinstatement,39,Ext2,AUTO_GG_G0_G1,glia_glia,0.9959341344764667,True,0.00022054971602164134,20260819
no_context_reinstatement,39,Ext2,AUTO_GG_G2_G5,glia_glia,1.0,True,1.0,20260819
no_context_reinstatement,39,Ext2,AUTO_TRI_N0_G1_N4,tripartite,0.99695060085735,True,0.00022054971602164134,20260819
no_context_reinstatement,39,Ext2,AUTO_TRI_N3_G2_N5,tripartite,1.0,True,1.0,20260819
no_context_reinstatement,39,Ext2,AUTO_TRI_N3_G2_N9,tripartite,1.0,True,1.0,20260819
no_context_reinstatement,40,Ext2,AUTO_GG_G0_G1,glia_glia,0.9955482496582921,True,0.0001764397728173131,20260819
no_context_reinstatement,40,Ext2,AUTO_GG_G2_G5,glia_glia,1.0,True,1.0,20260819
no_context_reinstatement,40,Ext2,AUTO_TRI_N0_G1_N4,tripartite,0.996661187243719,True,0.0001764397728173131,20260819
no_context_reinstatement,40,Ext2,AUTO_TRI_N3_G2_N5,tripartite,1.0,True,1.0,20260819
no_context_reinstatement,40,Ext2,AUTO_TRI_N3_G2_N9,tripartite,1.0,True,1.0,20260819
no_context_reinstatement,41,Ext2,AUTO_GG_G0_G1,glia_glia,0.9951595418037524,True,0.00014115181825385048,20260819
no_context_reinstatement,41,Ext2,AUTO_GG_G2_G5,glia_glia,1.0,True,1.0,20260819
no_context_reinstatement,41,Ext2,AUTO_TRI_N0_G1_N4,tripartite,0.9963696563528143,True,0.00014115181825385048,20260819
no_context_reinstatement,41,Ext2,AUTO_TRI_N3_G2_N5,tripartite,1.0,True,1.0,20260819
no_context_reinstatement,41,Ext2,AUTO_TRI_N3_G2_N9,tripartite,1.0,True,1.0,20260819
no_context_reinstatement,42,Ext2,AUTO_GG_G0_G1,glia_glia,0.9947685755201207,True,0.00011292145460308038,20260819
no_context_reinstatement,42,Ext2,AUTO_GG_G2_G5,glia_glia,1.0,True,1.0,20260819
no_context_reinstatement,42,Ext2,AUTO_TRI_N0_G1_N4,tripartite,0.9960764316400904,True,0.00011292145460308038,20260819
no_context_reinstatement,42,Ext2,AUTO_TRI_N3_G2_N5,tripartite,1.0,True,1.0,20260819
no_context_reinstatement,42,Ext2,AUTO_TRI_N3_G2_N9,tripartite,1.0,True,1.0,20260819
no_context_reinstatement,43,Ext2,AUTO_GG_G0_G1,glia_glia,0.9943758024932152,True,9.033716368246431e-05,20260819
no_context_reinstatement,43,Ext2,AUTO_GG_G2_G5,glia_glia,1.0,True,1.0,20260819
no_context_reinstatement,43,Ext2,AUTO_TRI_N0_G1_N4,tripartite,0.9957818518699113,True,9.033716368246431e-05,20260819
no_context_reinstatement,43,Ext2,AUTO_TRI_N3_G2_N5,tripartite,1.0,True,1.0,20260819
no_context_reinstatement,43,Ext2,AUTO_TRI_N3_G2_N9,tripartite,1.0,True,1.0,20260819
no_context_reinstatement,44,Ext2,AUTO_GG_G0_G1,glia_glia,0.9939815840716909,True,7.226973094597146e-05,20260819
no_context_reinstatement,44,Ext2,AUTO_GG_G2_G5,glia_glia,1.0,True,1.0,20260819
no_context_reinstatement,44,Ext2,AUTO_TRI_N0_G1_N4,tripartite,0.9954861880537681,True,7.226973094597146e-05,20260819
no_context_reinstatement,44,Ext2,AUTO_TRI_N3_G2_N5,tripartite,1.0,True,1.0,20260819
no_context_reinstatement,44,Ext2,AUTO_TRI_N3_G2_N9,tripartite,1.0,True,1.0,20260819
no_context_reinstatement,45,Ext2,AUTO_GG_G0_G1,glia_glia,0.9935862093344714,True,5.781578475677717e-05,20260819
no_context_reinstatement,45,Ext2,AUTO_GG_G2_G5,glia_glia,1.0,True,1.0,20260819
no_context_reinstatement,45,Ext2,AUTO_TRI_N0_G1_N4,tripartite,0.9951896570008535,True,5.781578475677717e-05,20260819
no_context_reinstatement,45,Ext2,AUTO_TRI_N3_G2_N5,tripartite,1.0,True,1.0,20260819
no_context_reinstatement,45,Ext2,AUTO_TRI_N3_G2_N9,tripartite,1.0,True,1.0,20260819
no_context_reinstatement,46,Ext2,AUTO_GG_G0_G1,glia_glia,0.9931899095446959,True,4.6252627805421734e-05,20260819
no_context_reinstatement,46,Ext2,AUTO_GG_G2_G5,glia_glia,1.0,True,1.0,20260819
no_context_reinstatement,46,Ext2,AUTO_TRI_N0_G1_N4,tripartite,0.9948924321585219,True,4.6252627805421734e-05,20260819
no_context_reinstatement,46,Ext2,AUTO_TRI_N3_G2_N5,tripartite,1.0,True,1.0,20260819
no_context_reinstatement,46,Ext2,AUTO_TRI_N3_G2_N9,tripartite,1.0,True,1.0,20260819
no_context_reinstatement,47,Ext2,AUTO_GG_G0_G1,glia_glia,0.9927928697128754,True,3.700210224433739e-05,20260819
no_context_reinstatement,47,Ext2,AUTO_GG_G2_G5,glia_glia,1.0,True,1.0,20260819
no_context_reinstatement,47,Ext2,AUTO_TRI_N0_G1_N4,tripartite,0.9945946522846565,True,3.700210224433739e-05,20260819
no_context_reinstatement,47,Ext2,AUTO_TRI_N3_G2_N5,tripartite,1.0,True,1.0,20260819
no_context_reinstatement,47,Ext2,AUTO_TRI_N3_G2_N9,tripartite,1.0,True,1.0,20260819
no_context_reinstatement,48,Ext2,AUTO_GG_G0_G1,glia_glia,0.992395237847419,True,2.960168179546991e-05,20260819
no_context_reinstatement,48,Ext2,AUTO_GG_G2_G5,glia_glia,1.0,True,1.0,20260819
no_context_reinstatement,48,Ext2,AUTO_TRI_N0_G1_N4,tripartite,0.9942964283855642,True,2.960168179546991e-05,20260819
no_context_reinstatement,48,Ext2,AUTO_TRI_N3_G2_N5,tripartite,1.0,True,1.0,20260819
no_context_reinstatement,48,Ext2,AUTO_TRI_N3_G2_N9,tripartite,1.0,True,1.0,20260819
no_context_reinstatement,49,Ext2,AUTO_GG_G0_G1,glia_glia,0.9919971323550539,True,2.368134543637593e-05,20260819
no_context_reinstatement,49,Ext2,AUTO_GG_G2_G5,glia_glia,1.0,True,1.0,20260819
no_context_reinstatement,49,Ext2,AUTO_TRI_N0_G1_N4,tripartite,0.9939978492662904,True,2.368134543637593e-05,20260819
no_context_reinstatement,49,Ext2,AUTO_TRI_N3_G2_N5,tripartite,1.0,True,1.0,20260819
no_context_reinstatement,49,Ext2,AUTO_TRI_N3_G2_N9,tripartite,1.0,True,1.0,20260819
no_context_reinstatement,50,Ext2,AUTO_GG_G0_G1,glia_glia,0.9915986479611618,True,1.8945076349100747e-05,20260819
no_context_reinstatement,50,Ext2,AUTO_GG_G2_G5,glia_glia,1.0,True,1.0,20260819
no_context_reinstatement,50,Ext2,AUTO_TRI_N0_G1_N4,tripartite,0.9936989859708714,True,1.8945076349100747e-05,20260819
no_context_reinstatement,50,Ext2,AUTO_TRI_N3_G2_N5,tripartite,1.0,True,1.0,20260819
no_context_reinstatement,50,Ext2,AUTO_TRI_N3_G2_N9,tripartite,1.0,True,1.0,20260819
no_context_reinstatement,51,Ext2,AUTO_GG_G0_G1,glia_glia,0.9911998604460481,True,1.5156061079280599e-05,20260819
no_context_reinstatement,51,Ext2,AUTO_GG_G2_G5,glia_glia,1.0,True,1.0,20260819
no_context_reinstatement,51,Ext2,AUTO_TRI_N0_G1_N4,tripartite,0.9933998953345361,True,1.5156061079280599e-05,20260819
no_context_reinstatement,51,Ext2,AUTO_TRI_N3_G2_N5,tripartite,1.0,True,1.0,20260819
no_context_reinstatement,51,Ext2,AUTO_TRI_N3_G2_N9,tripartite,1.0,True,1.0,20260819
no_context_reinstatement,52,Ext2,AUTO_GG_G0_G1,glia_glia,0.9908008304339572,True,1.2124848863424479e-05,20260819
no_context_reinstatement,52,Ext2,AUTO_GG_G2_G5,glia_glia,1.0,True,1.0,20260819
no_context_reinstatement,52,Ext2,AUTO_TRI_N0_G1_N4,tripartite,0.9931006228254678,True,1.2124848863424479e-05,20260819
no_context_reinstatement,52,Ext2,AUTO_TRI_N3_G2_N5,tripartite,1.0,True,1.0,20260819
no_context_reinstatement,52,Ext2,AUTO_TRI_N3_G2_N9,tripartite,1.0,True,1.0,20260819
no_context_reinstatement,53,Ext2,AUTO_GG_G0_G1,glia_glia,0.9904016064242844,True,9.699879090739585e-06,20260819
no_context_reinstatement,53,Ext2,AUTO_GG_G2_G5,glia_glia,1.0,True,1.0,20260819
no_context_reinstatement,53,Ext2,AUTO_TRI_N0_G1_N4,tripartite,0.9928012048182133,True,9.699879090739585e-06,20260819
no_context_reinstatement,53,Ext2,AUTO_TRI_N3_G2_N5,tripartite,1.0,True,1.0,20260819
no_context_reinstatement,53,Ext2,AUTO_TRI_N3_G2_N9,tripartite,1.0,True,1.0,20260819
no_context_reinstatement,54,E-Ret,AUTO_GG_G0_G1,glia_glia,0.9904016064242844,True,9.699879090739585e-06,20260819
no_context_reinstatement,54,E-Ret,AUTO_GG_G2_G5,glia_glia,1.0,True,1.0,20260819
no_context_reinstatement,54,E-Ret,AUTO_TRI_N0_G1_N4,tripartite,0.9928012048182133,True,9.699879090739585e-06,20260819
no_context_reinstatement,54,E-Ret,AUTO_TRI_N3_G2_N5,tripartite,1.0,True,1.0,20260819
no_context_reinstatement,54,E-Ret,AUTO_TRI_N3_G2_N9,tripartite,1.0,True,1.0,20260819
no_context_reinstatement,55,E-Ret,AUTO_GG_G0_G1,glia_glia,0.9904016064242844,True,9.699879090739585e-06,20260819
no_context_reinstatement,55,E-Ret,AUTO_GG_G2_G5,glia_glia,1.0,True,1.0,20260819
no_context_reinstatement,55,E-Ret,AUTO_TRI_N0_G1_N4,tripartite,0.9928012048182133,True,9.699879090739585e-06,20260819
no_context_reinstatement,55,E-Ret,AUTO_TRI_N3_G2_N5,tripartite,1.0,True,1.0,20260819
no_context_reinstatement,55,E-Ret,AUTO_TRI_N3_G2_N9,tripartite,1.0,True,1.0,20260819
no_context_reinstatement,56,E-Ret,AUTO_GG_G0_G1,glia_glia,0.9904016064242844,True,9.699879090739585e-06,20260819
no_context_reinstatement,56,E-Ret,AUTO_GG_G2_G5,glia_glia,1.0,True,1.0,20260819
no_context_reinstatement,56,E-Ret,AUTO_TRI_N0_G1_N4,tripartite,0.9928012048182133,True,9.699879090739585e-06,20260819
no_context_reinstatement,56,E-Ret,AUTO_TRI_N3_G2_N5,tripartite,1.0,True,1.0,20260819
no_context_reinstatement,56,E-Ret,AUTO_TRI_N3_G2_N9,tripartite,1.0,True,1.0,20260819
no_context_reinstatement,57,E-Ret,AUTO_GG_G0_G1,glia_glia,0.9904016064242844,True,9.699879090739585e-06,20260819
no_context_reinstatement,57,E-Ret,AUTO_GG_G2_G5,glia_glia,1.0,True,1.0,20260819
no_context_reinstatement,57,E-Ret,AUTO_TRI_N0_G1_N4,tripartite,0.9928012048182133,True,9.699879090739585e-06,20260819
no_context_reinstatement,57,E-Ret,AUTO_TRI_N3_G2_N5,tripartite,1.0,True,1.0,20260819
no_context_reinstatement,57,E-Ret,AUTO_TRI_N3_G2_N9,tripartite,1.0,True,1.0,20260819
no_context_reinstatement,58,E-Ret,AUTO_GG_G0_G1,glia_glia,0.9904016064242844,True,9.699879090739585e-06,20260819
no_context_reinstatement,58,E-Ret,AUTO_GG_G2_G5,glia_glia,1.0,True,1.0,20260819
no_context_reinstatement,58,E-Ret,AUTO_TRI_N0_G1_N4,tripartite,0.9928012048182133,True,9.699879090739585e-06,20260819
no_context_reinstatement,58,E-Ret,AUTO_TRI_N3_G2_N5,tripartite,1.0,True,1.0,20260819
no_context_reinstatement,58,E-Ret,AUTO_TRI_N3_G2_N9,tripartite,1.0,True,1.0,20260819
no_context_reinstatement,59,F-Ren,AUTO_GG_G0_G1,glia_glia,0.9904016064242844,True,9.699879090739585e-06,20260819
no_context_reinstatement,59,F-Ren,AUTO_GG_G2_G5,glia_glia,1.0,True,1.0,20260819
no_context_reinstatement,59,F-Ren,AUTO_TRI_N0_G1_N4,tripartite,0.9928012048182133,True,9.699879090739585e-06,20260819
no_context_reinstatement,59,F-Ren,AUTO_TRI_N3_G2_N5,tripartite,1.0,True,1.0,20260819
no_context_reinstatement,59,F-Ren,AUTO_TRI_N3_G2_N9,tripartite,1.0,True,1.0,20260819
no_context_reinstatement,60,F-Ren,AUTO_GG_G0_G1,glia_glia,0.9904016064242844,True,9.699879090739585e-06,20260819
no_context_reinstatement,60,F-Ren,AUTO_GG_G2_G5,glia_glia,1.0,True,1.0,20260819
no_context_reinstatement,60,F-Ren,AUTO_TRI_N0_G1_N4,tripartite,0.9928012048182133,True,9.699879090739585e-06,20260819
no_context_reinstatement,60,F-Ren,AUTO_TRI_N3_G2_N5,tripartite,1.0,True,1.0,20260819
no_context_reinstatement,60,F-Ren,AUTO_TRI_N3_G2_N9,tripartite,1.0,True,1.0,20260819
no_context_reinstatement,61,F-Ren,AUTO_GG_G0_G1,glia_glia,0.9904016064242844,True,9.699879090739585e-06,20260819
no_context_reinstatement,61,F-Ren,AUTO_GG_G2_G5,glia_glia,1.0,True,1.0,20260819
no_context_reinstatement,61,F-Ren,AUTO_TRI_N0_G1_N4,tripartite,0.9928012048182133,True,9.699879090739585e-06,20260819
no_context_reinstatement,61,F-Ren,AUTO_TRI_N3_G2_N5,tripartite,1.0,True,1.0,20260819
no_context_reinstatement,61,F-Ren,AUTO_TRI_N3_G2_N9,tripartite,1.0,True,1.0,20260819
no_context_reinstatement,62,F-Ren,AUTO_GG_G0_G1,glia_glia,0.9904016064242844,True,9.699879090739585e-06,20260819
no_context_reinstatement,62,F-Ren,AUTO_GG_G2_G5,glia_glia,1.0,True,1.0,20260819
no_context_reinstatement,62,F-Ren,AUTO_TRI_N0_G1_N4,tripartite,0.9928012048182133,True,9.699879090739585e-06,20260819
no_context_reinstatement,62,F-Ren,AUTO_TRI_N3_G2_N5,tripartite,1.0,True,1.0,20260819
no_context_reinstatement,62,F-Ren,AUTO_TRI_N3_G2_N9,tripartite,1.0,True,1.0,20260819
no_context_reinstatement,63,F-Ren,AUTO_GG_G0_G1,glia_glia,0.9904016064242844,True,9.699879090739585e-06,20260819
no_context_reinstatement,63,F-Ren,AUTO_GG_G2_G5,glia_glia,1.0,True,1.0,20260819
no_context_reinstatement,63,F-Ren,AUTO_TRI_N0_G1_N4,tripartite,0.9928012048182133,True,9.699879090739585e-06,20260819
no_context_reinstatement,63,F-Ren,AUTO_TRI_N3_G2_N5,tripartite,1.0,True,1.0,20260819
no_context_reinstatement,63,F-Ren,AUTO_TRI_N3_G2_N9,tripartite,1.0,True,1.0,20260819
frozen_plasticity,1,F-Con,AUTO_GG_G0_G1,glia_glia,0.0,False,0.243639236436246,20260819
frozen_plasticity,1,F-Con,AUTO_GG_G1_G3,glia_glia,0.0,False,0.13064578932941684,20260819
frozen_plasticity,1,F-Con,AUTO_GG_G2_G5,glia_glia,0.0,False,0.0,20260819
frozen_plasticity,1,F-Con,AUTO_TRI_N0_G1_N4,tripartite,0.0,False,0.002220606289620657,20260819
frozen_plasticity,1,F-Con,AUTO_TRI_N3_G2_N5,tripartite,0.0,False,0.0,20260819
frozen_plasticity,1,F-Con,AUTO_TRI_N3_G2_N9,tripartite,0.0,False,0.0,20260819
frozen_plasticity,2,F-Con,AUTO_GG_G0_G1,glia_glia,0.0,False,0.4629145492288674,20260819
frozen_plasticity,2,F-Con,AUTO_GG_G1_G3,glia_glia,0.0,False,0.24822699972589202,20260819
frozen_plasticity,2,F-Con,AUTO_GG_G2_G5,glia_glia,0.0,False,0.0,20260819
frozen_plasticity,2,F-Con,AUTO_TRI_N0_G1_N4,tripartite,0.0,False,0.0042191519502792485,20260819
frozen_plasticity,2,F-Con,AUTO_TRI_N3_G2_N5,tripartite,0.0,False,0.0,20260819
frozen_plasticity,2,F-Con,AUTO_TRI_N3_G2_N9,tripartite,0.0,False,0.0,20260819
frozen_plasticity,3,F-Con,AUTO_GG_G0_G1,glia_glia,0.0,False,0.6602623307422266,20260819
frozen_plasticity,3,F-Con,AUTO_GG_G1_G3,glia_glia,0.0,False,0.3540500890827196,20260819
frozen_plasticity,3,F-Con,AUTO_GG_G2_G5,glia_glia,0.0,False,0.0,20260819
frozen_plasticity,3,F-Con,AUTO_TRI_N0_G1_N4,tripartite,0.0,False,0.00601784304487198,20260819
frozen_plasticity,3,F-Con,AUTO_TRI_N3_G2_N5,tripartite,0.0,False,0.0,20260819
frozen_plasticity,3,F-Con,AUTO_TRI_N3_G2_N9,tripartite,0.0,False,0.0,20260819
frozen_plasticity,4,Ext1,AUTO_GG_G0_G1,glia_glia,0.0,False,0.54369702695959,20260819
frozen_plasticity,4,Ext1,AUTO_GG_G1_G3,glia_glia,0.0,False,0.31864508017444765,20260819
frozen_plasticity,4,Ext1,AUTO_GG_G2_G5,glia_glia,0.0,False,0.1649830810994733,20260819
frozen_plasticity,4,Ext1,AUTO_TRI_N0_G1_N4,tripartite,0.0,False,0.00763666503000544,20260819
frozen_plasticity,4,Ext1,AUTO_TRI_N3_G2_N5,tripartite,0.0,False,0.004719964433221858,20260819
frozen_plasticity,4,Ext1,AUTO_TRI_N3_G2_N9,tripartite,0.0,False,0.004719964433221858,20260819
frozen_plasticity,5,Ext1,AUTO_GG_G0_G1,glia_glia,0.0,False,0.43495762156767204,20260819
frozen_plasticity,5,Ext1,AUTO_GG_G1_G3,glia_glia,0.0,False,0.28678057215700287,20260819
frozen_plasticity,5,Ext1,AUTO_GG_G2_G5,glia_glia,0.0,False,0.31346785408899924,20260819
frozen_plasticity,5,Ext1,AUTO_TRI_N0_G1_N4,tripartite,0.0,False,0.009093604816625554,20260819
frozen_plasticity,5,Ext1,AUTO_TRI_N3_G2_N5,tripartite,0.0,False,0.005620449651202916,20260819
frozen_plasticity,5,Ext1,AUTO_TRI_N3_G2_N9,tripartite,0.0,False,0.005620449651202916,20260819
frozen_plasticity,6,Ext1,AUTO_GG_G0_G1,glia_glia,0.0,False,0.34796609725413763,20260819
frozen_plasticity,6,Ext1,AUTO_GG_G1_G3,glia_glia,0.0,False,0.2581025149413026,20260819
frozen_plasticity,6,Ext1,AUTO_GG_G2_G5,glia_glia,0.0,False,0.44710414977957263,20260819
frozen_plasticity,6,Ext1,AUTO_TRI_N0_G1_N4,tripartite,0.0,False,0.010404850624583656,20260819
frozen_plasticity,6,Ext1,AUTO_TRI_N3_G2_N5,tripartite,0.0,False,0.006430886347385869,20260819
frozen_plasticity,6,Ext1,AUTO_TRI_N3_G2_N9,tripartite,0.0,False,0.006430886347385869,20260819
frozen_plasticity,7,Ext1,AUTO_GG_G0_G1,glia_glia,0.0,False,0.2783728778033101,20260819
frozen_plasticity,7,Ext1,AUTO_GG_G1_G3,glia_glia,0.0,False,0.23229226344717235,20260819
frozen_plasticity,7,Ext1,AUTO_GG_G2_G5,glia_glia,0.0,False,0.5673768159010887,20260819
frozen_plasticity,7,Ext1,AUTO_TRI_N0_G1_N4,tripartite,0.0,False,0.011584971851745948,20260819
frozen_plasticity,7,Ext1,AUTO_TRI_N3_G2_N5,tripartite,0.0,False,0.007160279373950527,20260819
frozen_plasticity,7,Ext1,AUTO_TRI_N3_G2_N9,tripartite,0.0,False,0.007160279373950527,20260819
frozen_plasticity,8,Ext1,AUTO_GG_G0_G1,glia_glia,0.0,False,0.22269830224264808,20260819
frozen_plasticity,8,Ext1,AUTO_GG_G1_G3,glia_glia,0.0,False,0.20906303710245513,20260819
frozen_plasticity,8,Ext1,AUTO_GG_G2_G5,glia_glia,0.0,False,0.6756222154104532,20260819
frozen_plasticity,8,Ext1,AUTO_TRI_N0_G1_N4,tripartite,0.0,False,0.01264708095619201,20260819
frozen_plasticity,8,Ext1,AUTO_TRI_N3_G2_N5,tripartite,0.0,False,0.007816733097858719,20260819
frozen_plasticity,8,Ext1,AUTO_TRI_N3_G2_N9,tripartite,0.0,False,0.007816733097858719,20260819
frozen_plasticity,9,Ext1,AUTO_GG_G0_G1,glia_glia,0.0,False,0.17815864179411847,20260819
frozen_plasticity,9,Ext1,AUTO_GG_G1_G3,glia_glia,0.0,False,0.17815864179411847,20260819
frozen_plasticity,9,Ext1,AUTO_GG_G2_G5,glia_glia,0.0,False,0.7730430749688812,20260819
frozen_plasticity,9,Ext1,AUTO_TRI_N0_G1_N4,tripartite,0.0,False,0.013602979150193466,20260819
frozen_plasticity,9,Ext1,AUTO_TRI_N3_G2_N5,tripartite,0.0,False,0.008407541449376091,20260819
frozen_plasticity,9,Ext1,AUTO_TRI_N3_G2_N9,tripartite,0.0,False,0.008407541449376091,20260819
frozen_plasticity,10,Ext1,AUTO_GG_G0_G1,glia_glia,0.0,False,0.14252691343529478,20260819
frozen_plasticity,10,Ext1,AUTO_GG_G1_G3,glia_glia,0.0,False,0.14252691343529478,20260819
frozen_plasticity,10,Ext1,AUTO_GG_G2_G5,glia_glia,0.0,False,0.8607218485714665,20260819
frozen_plasticity,10,Ext1,AUTO_TRI_N0_G1_N4,tripartite,0.0,False,0.014463287524794777,20260819
frozen_plasticity,10,Ext1,AUTO_TRI_N3_G2_N5,tripartite,0.0,False,0.008939268965741726,20260819
frozen_plasticity,10,Ext1,AUTO_TRI_N3_G2_N9,tripartite,0.0,False,0.008939268965741726,20260819
frozen_plasticity,11,Ext1,AUTO_GG_G0_G1,glia_glia,0.0,False,0.11402153074823583,20260819
frozen_plasticity,11,Ext1,AUTO_GG_G1_G3,glia_glia,0.0,False,0.11402153074823583,20260819
frozen_plasticity,11,Ext1,AUTO_GG_G2_G5,glia_glia,0.0,False,0.9396327448137931,20260819
frozen_plasticity,11,Ext1,AUTO_TRI_N0_G1_N4,tripartite,0.0,False,0.015237565061935956,20260819
frozen_plasticity,11,Ext1,AUTO_TRI_N3_G2_N5,tripartite,0.0,False,0.009417823730470799,20260819
frozen_plasticity,11,Ext1,AUTO_TRI_N3_G2_N9,tripartite,0.0,False,0.009417823730470799,20260819
frozen_plasticity,12,Ext1,AUTO_GG_G0_G1,glia_glia,0.0,False,0.09121722459858866,20260819
frozen_plasticity,12,Ext1,AUTO_GG_G1_G3,glia_glia,0.0,False,0.09121722459858866,20260819
frozen_plasticity,12,Ext1,AUTO_GG_G2_G5,glia_glia,0.0,False,1.0,20260819
frozen_plasticity,12,Ext1,AUTO_TRI_N0_G1_N4,tripartite,0.0,False,0.015934414845363017,20260819
frozen_plasticity,12,Ext1,AUTO_TRI_N3_G2_N5,tripartite,0.0,False,0.009848523018726964,20260819
frozen_plasticity,12,Ext1,AUTO_TRI_N3_G2_N9,tripartite,0.0,False,0.009848523018726964,20260819
frozen_plasticity,13,Ext1,AUTO_GG_G0_G1,glia_glia,0.0,False,0.07297377967887093,20260819
frozen_plasticity,13,Ext1,AUTO_GG_G1_G3,glia_glia,0.0,False,0.07297377967887093,20260819
frozen_plasticity,13,Ext1,AUTO_GG_G2_G5,glia_glia,0.0,False,1.0,20260819
frozen_plasticity,13,Ext1,AUTO_TRI_N0_G1_N4,tripartite,0.0,False,0.016561579650447373,20260819
frozen_plasticity,13,Ext1,AUTO_TRI_N3_G2_N5,tripartite,0.0,False,0.010236152378157512,20260819
frozen_plasticity,13,Ext1,AUTO_TRI_N3_G2_N9,tripartite,0.0,False,0.010236152378157512,20260819
frozen_plasticity,14,Ext1,AUTO_GG_G0_G1,glia_glia,0.0,False,0.05837902374309675,20260819
frozen_plasticity,14,Ext1,AUTO_GG_G1_G3,glia_glia,0.0,False,0.05837902374309675,20260819
frozen_plasticity,14,Ext1,AUTO_GG_G2_G5,glia_glia,0.0,False,1.0,20260819
frozen_plasticity,14,Ext1,AUTO_TRI_N0_G1_N4,tripartite,0.0,False,0.017126027975023293,20260819
frozen_plasticity,14,Ext1,AUTO_TRI_N3_G2_N5,tripartite,0.0,False,0.010585018801645005,20260819
frozen_plasticity,14,Ext1,AUTO_TRI_N3_G2_N9,tripartite,0.0,False,0.010585018801645005,20260819
frozen_plasticity,15,Ext1,AUTO_GG_G0_G1,glia_glia,0.0,False,0.04670321899447741,20260819
frozen_plasticity,15,Ext1,AUTO_GG_G1_G3,glia_glia,0.0,False,0.04670321899447741,20260819
frozen_plasticity,15,Ext1,AUTO_GG_G2_G5,glia_glia,0.0,False,1.0,20260819
frozen_plasticity,15,Ext1,AUTO_TRI_N0_G1_N4,tripartite,0.0,False,0.017634031467141622,20260819
frozen_plasticity,15,Ext1,AUTO_TRI_N3_G2_N5,tripartite,0.0,False,0.01089899858278375,20260819
frozen_plasticity,15,Ext1,AUTO_TRI_N3_G2_N9,tripartite,0.0,False,0.01089899858278375,20260819
frozen_plasticity,16,Ext1,AUTO_GG_G0_G1,glia_glia,0.0,False,0.03736257519558193,20260819
frozen_plasticity,16,Ext1,AUTO_GG_G1_G3,glia_glia,0.0,False,0.03736257519558193,20260819
frozen_plasticity,16,Ext1,AUTO_GG_G2_G5,glia_glia,0.0,False,1.0,20260819
frozen_plasticity,16,Ext1,AUTO_TRI_N0_G1_N4,tripartite,0.0,False,0.018091234610048117,20260819
frozen_plasticity,16,Ext1,AUTO_TRI_N3_G2_N5,tripartite,0.0,False,0.01118158038580862,20260819
frozen_plasticity,16,Ext1,AUTO_TRI_N3_G2_N9,tripartite,0.0,False,0.01118158038580862,20260819
frozen_plasticity,17,Ext1,AUTO_GG_G0_G1,glia_glia,0.0,False,0.029890060156465545,20260819
frozen_plasticity,17,Ext1,AUTO_GG_G1_G3,glia_glia,0.0,False,0.029890060156465545,20260819
frozen_plasticity,17,Ext1,AUTO_GG_G2_G5,glia_glia,0.0,False,1.0,20260819
frozen_plasticity,17,Ext1,AUTO_TRI_N0_G1_N4,tripartite,0.0,False,0.018502717438663965,20260819
frozen_plasticity,17,Ext1,AUTO_TRI_N3_G2_N5,tripartite,0.0,False,0.011435904008531003,20260819
frozen_plasticity,17,Ext1,AUTO_TRI_N3_G2_N9,tripartite,0.0,False,0.011435904008531003,20260819
frozen_plasticity,18,Ext1,AUTO_GG_G0_G1,glia_glia,0.0,False,0.023912048125172437,20260819
frozen_plasticity,18,Ext1,AUTO_GG_G1_G3,glia_glia,0.0,False,0.023912048125172437,20260819
frozen_plasticity,18,Ext1,AUTO_GG_G2_G5,glia_glia,0.0,False,1.0,20260819
frozen_plasticity,18,Ext1,AUTO_TRI_N0_G1_N4,tripartite,0.0,False,0.018873051984418226,20260819
frozen_plasticity,18,Ext1,AUTO_TRI_N3_G2_N5,tripartite,0.0,False,0.011664795268981147,20260819
frozen_plasticity,18,Ext1,AUTO_TRI_N3_G2_N9,tripartite,0.0,False,0.011664795268981147,20260819
frozen_plasticity,19,Ext1,AUTO_GG_G0_G1,glia_glia,0.0,False,0.01912963850013795,20260819
frozen_plasticity,19,Ext1,AUTO_GG_G1_G3,glia_glia,0.0,False,0.01912963850013795,20260819
frozen_plasticity,19,Ext1,AUTO_GG_G2_G5,glia_glia,0.0,False,1.0,20260819
frozen_plasticity,19,Ext1,AUTO_TRI_N0_G1_N4,tripartite,0.0,False,0.01912963850013795,20260819
frozen_plasticity,19,Ext1,AUTO_TRI_N3_G2_N5,tripartite,0.0,False,0.011870797403386276,20260819
frozen_plasticity,19,Ext1,AUTO_TRI_N3_G2_N9,tripartite,0.0,False,0.011870797403386276,20260819
frozen_plasticity,20,Ext1,AUTO_GG_G0_G1,glia_glia,0.0,False,0.01530371080011036,20260819
frozen_plasticity,20,Ext1,AUTO_GG_G1_G3,glia_glia,0.0,False,0.01530371080011036,20260819
frozen_plasticity,20,Ext1,AUTO_GG_G2_G5,glia_glia,0.0,False,1.0,20260819
frozen_plasticity,20,Ext1,AUTO_TRI_N0_G1_N4,tripartite,0.0,False,0.01530371080011036,20260819
frozen_plasticity,20,Ext1,AUTO_TRI_N3_G2_N5,tripartite,0.0,False,0.012056199324350893,20260819
frozen_plasticity,20,Ext1,AUTO_TRI_N3_G2_N9,tripartite,0.0,False,0.012056199324350893,20260819
frozen_plasticity,21,Ext1,AUTO_GG_G0_G1,glia_glia,0.0,False,0.012242968640088288,20260819
frozen_plasticity,21,Ext1,AUTO_GG_G1_G3,glia_glia,0.0,False,0.012242968640088288,20260819
frozen_plasticity,21,Ext1,AUTO_GG_G2_G5,glia_glia,0.0,False,1.0,20260819
frozen_plasticity,21,Ext1,AUTO_TRI_N0_G1_N4,tripartite,0.0,False,0.012242968640088288,20260819
frozen_plasticity,21,Ext1,AUTO_TRI_N3_G2_N5,tripartite,0.0,False,0.01222306105321905,20260819
frozen_plasticity,21,Ext1,AUTO_TRI_N3_G2_N9,tripartite,0.0,False,0.01222306105321905,20260819
frozen_plasticity,22,Ext1,AUTO_GG_G0_G1,glia_glia,0.0,False,0.00979437491207063,20260819
frozen_plasticity,22,Ext1,AUTO_GG_G1_G3,glia_glia,0.0,False,0.00979437491207063,20260819
frozen_plasticity,22,Ext1,AUTO_GG_G2_G5,glia_glia,0.0,False,1.0,20260819
frozen_plasticity,22,Ext1,AUTO_TRI_N0_G1_N4,tripartite,0.0,False,0.00979437491207063,20260819
frozen_plasticity,22,Ext1,AUTO_TRI_N3_G2_N5,tripartite,0.0,False,0.012373236609200389,20260819
frozen_plasticity,22,Ext1,AUTO_TRI_N3_G2_N9,tripartite,0.0,False,0.012373236609200389,20260819
frozen_plasticity,23,Ext1,AUTO_GG_G0_G1,glia_glia,0.0,False,0.007835499929656506,20260819
frozen_plasticity,23,Ext1,AUTO_GG_G1_G3,glia_glia,0.0,False,0.007835499929656506,20260819
frozen_plasticity,23,Ext1,AUTO_GG_G2_G5,glia_glia,0.0,False,1.0,20260819
frozen_plasticity,23,Ext1,AUTO_TRI_N0_G1_N4,tripartite,0.0,False,0.007835499929656506,20260819
frozen_plasticity,23,Ext1,AUTO_TRI_N3_G2_N5,tripartite,0.0,False,0.012508394609583594,20260819
frozen_plasticity,23,Ext1,AUTO_TRI_N3_G2_N9,tripartite,0.0,False,0.012508394609583594,20260819
frozen_plasticity,24,Ext1,AUTO_GG_G0_G1,glia_glia,0.0,False,0.006268399943725205,20260819
frozen_plasticity,24,Ext1,AUTO_GG_G1_G3,glia_glia,0.0,False,0.006268399943725205,20260819
frozen_plasticity,24,Ext1,AUTO_GG_G2_G5,glia_glia,0.0,False,1.0,20260819
frozen_plasticity,24,Ext1,AUTO_TRI_N0_G1_N4,tripartite,0.0,False,0.006268399943725205,20260819
frozen_plasticity,24,Ext1,AUTO_TRI_N3_G2_N5,tripartite,0.0,False,0.012630036809928481,20260819
frozen_plasticity,24,Ext1,AUTO_TRI_N3_G2_N9,tripartite,0.0,False,0.012630036809928481,20260819
frozen_plasticity,25,Ext1,AUTO_GG_G0_G1,glia_glia,0.0,False,0.005014719954980164,20260819
frozen_plasticity,25,Ext1,AUTO_GG_G1_G3,glia_glia,0.0,False,0.005014719954980164,20260819
frozen_plasticity,25,Ext1,AUTO_GG_G2_G5,glia_glia,0.0,False,1.0,20260819
frozen_plasticity,25,Ext1,AUTO_TRI_N0_G1_N4,tripartite,0.0,False,0.005014719954980164,20260819
frozen_plasticity,25,Ext1,AUTO_TRI_N3_G2_N5,tripartite,0.0,False,0.012739514790238878,20260819
frozen_plasticity,25,Ext1,AUTO_TRI_N3_G2_N9,tripartite,0.0,False,0.012739514790238878,20260819
frozen_plasticity,26,Ext1,AUTO_GG_G0_G1,glia_glia,0.0,False,0.004011775963984132,20260819
frozen_plasticity,26,Ext1,AUTO_GG_G1_G3,glia_glia,0.0,False,0.004011775963984132,20260819
frozen_plasticity,26,Ext1,AUTO_GG_G2_G5,glia_glia,0.0,False,1.0,20260819
frozen_plasticity,26,Ext1,AUTO_TRI_N0_G1_N4,tripartite,0.0,False,0.004011775963984132,20260819
frozen_plasticity,26,Ext1,AUTO_TRI_N3_G2_N5,tripartite,0.0,False,0.012838044972518236,20260819
frozen_plasticity,26,Ext1,AUTO_TRI_N3_G2_N9,tripartite,0.0,False,0.012838044972518236,20260819
frozen_plasticity,27,Ext1,AUTO_GG_G0_G1,glia_glia,0.0,False,0.0032094207711873056,20260819
frozen_plasticity,27,Ext1,AUTO_GG_G1_G3,glia_glia,0.0,False,0.0032094207711873056,20260819
frozen_plasticity,27,Ext1,AUTO_GG_G2_G5,glia_glia,0.0,False,1.0,20260819
frozen_plasticity,27,Ext1,AUTO_TRI_N0_G1_N4,tripartite,0.0,False,0.0032094207711873056,20260819
frozen_plasticity,27,Ext1,AUTO_TRI_N3_G2_N5,tripartite,0.0,False,0.012926722136569658,20260819
frozen_plasticity,27,Ext1,AUTO_TRI_N3_G2_N9,tripartite,0.0,False,0.012926722136569658,20260819
frozen_plasticity,28,Ext1,AUTO_GG_G0_G1,glia_glia,0.0,False,0.0025675366169498445,20260819
frozen_plasticity,28,Ext1,AUTO_GG_G1_G3,glia_glia,0.0,False,0.0025675366169498445,20260819
frozen_plasticity,28,Ext1,AUTO_GG_G2_G5,glia_glia,0.0,False,1.0,20260819
frozen_plasticity,28,Ext1,AUTO_TRI_N0_G1_N4,tripartite,0.0,False,0.0025675366169498445,20260819
frozen_plasticity,28,Ext1,AUTO_TRI_N3_G2_N5,tripartite,0.0,False,0.013006531584215938,20260819
frozen_plasticity,28,Ext1,AUTO_TRI_N3_G2_N9,tripartite,0.0,False,0.013006531584215938,20260819
frozen_plasticity,29,Ext2,AUTO_GG_G0_G1,glia_glia,0.0,False,0.002054029293559876,20260819
frozen_plasticity,29,Ext2,AUTO_GG_G1_G3,glia_glia,0.0,False,0.002054029293559876,20260819
frozen_plasticity,29,Ext2,AUTO_GG_G2_G5,glia_glia,0.0,False,1.0,20260819
frozen_plasticity,29,Ext2,AUTO_TRI_N0_G1_N4,tripartite,0.0,False,0.002054029293559876,20260819
frozen_plasticity,29,Ext2,AUTO_TRI_N3_G2_N5,tripartite,0.0,False,0.013078360087097589,20260819
frozen_plasticity,29,Ext2,AUTO_TRI_N3_G2_N9,tripartite,0.0,False,0.013078360087097589,20260819
frozen_plasticity,30,Ext2,AUTO_GG_G0_G1,glia_glia,0.0,False,0.0016432234348479008,20260819
frozen_plasticity,30,Ext2,AUTO_GG_G1_G3,glia_glia,0.0,False,0.0016432234348479008,20260819
frozen_plasticity,30,Ext2,AUTO_GG_G2_G5,glia_glia,0.0,False,1.0,20260819
frozen_plasticity,30,Ext2,AUTO_TRI_N0_G1_N4,tripartite,0.0,False,0.0016432234348479008,20260819
frozen_plasticity,30,Ext2,AUTO_TRI_N3_G2_N5,tripartite,0.0,False,0.013143005739691075,20260819
frozen_plasticity,30,Ext2,AUTO_TRI_N3_G2_N9,tripartite,0.0,False,0.013143005739691075,20260819
frozen_plasticity,31,Ext2,AUTO_GG_G0_G1,glia_glia,0.0,False,0.0013145787478783207,20260819
frozen_plasticity,31,Ext2,AUTO_GG_G1_G3,glia_glia,0.0,False,0.0013145787478783207,20260819
frozen_plasticity,31,Ext2,AUTO_GG_G2_G5,glia_glia,0.0,False,1.0,20260819
frozen_plasticity,31,Ext2,AUTO_TRI_N0_G1_N4,tripartite,0.0,False,0.0013145787478783207,20260819
frozen_plasticity,31,Ext2,AUTO_TRI_N3_G2_N5,tripartite,0.0,False,0.013201186827025212,20260819
frozen_plasticity,31,Ext2,AUTO_TRI_N3_G2_N9,tripartite,0.0,False,0.013201186827025212,20260819
frozen_plasticity,32,Ext2,AUTO_GG_G0_G1,glia_glia,0.0,False,0.0010516629983026566,20260819
frozen_plasticity,32,Ext2,AUTO_GG_G1_G3,glia_glia,0.0,False,0.0010516629983026566,20260819
frozen_plasticity,32,Ext2,AUTO_GG_G2_G5,glia_glia,0.0,False,1.0,20260819
frozen_plasticity,32,Ext2,AUTO_TRI_N0_G1_N4,tripartite,0.0,False,0.0010516629983026566,20260819
frozen_plasticity,32,Ext2,AUTO_TRI_N3_G2_N5,tripartite,0.0,False,0.013253549805625936,20260819
frozen_plasticity,32,Ext2,AUTO_TRI_N3_G2_N9,tripartite,0.0,False,0.013253549805625936,20260819
frozen_plasticity,33,Ext2,AUTO_GG_G0_G1,glia_glia,0.0,False,0.0008413303986421253,20260819
frozen_plasticity,33,Ext2,AUTO_GG_G1_G3,glia_glia,0.0,False,0.0008413303986421253,20260819
frozen_plasticity,33,Ext2,AUTO_GG_G2_G5,glia_glia,0.0,False,1.0,20260819
frozen_plasticity,33,Ext2,AUTO_TRI_N0_G1_N4,tripartite,0.0,False,0.0008413303986421253,20260819
frozen_plasticity,33,Ext2,AUTO_TRI_N3_G2_N5,tripartite,0.0,False,0.013300676486366587,20260819
frozen_plasticity,33,Ext2,AUTO_TRI_N3_G2_N9,tripartite,0.0,False,0.013300676486366587,20260819
frozen_plasticity,34,Ext2,AUTO_GG_G0_G1,glia_glia,0.0,False,0.0006730643189137003,20260819
frozen_plasticity,34,Ext2,AUTO_GG_G1_G3,glia_glia,0.0,False,0.0006730643189137003,20260819
frozen_plasticity,34,Ext2,AUTO_GG_G2_G5,glia_glia,0.0,False,1.0,20260819
frozen_plasticity,34,Ext2,AUTO_TRI_N0_G1_N4,tripartite,0.0,False,0.0006730643189137003,20260819
frozen_plasticity,34,Ext2,AUTO_TRI_N3_G2_N5,tripartite,0.0,False,0.013343090499033173,20260819
frozen_plasticity,34,Ext2,AUTO_TRI_N3_G2_N9,tripartite,0.0,False,0.013343090499033173,20260819
frozen_plasticity,35,Ext2,AUTO_GG_G0_G1,glia_glia,0.0,False,0.0005384514551309603,20260819
frozen_plasticity,35,Ext2,AUTO_GG_G1_G3,glia_glia,0.0,False,0.0005384514551309603,20260819
frozen_plasticity,35,Ext2,AUTO_GG_G2_G5,glia_glia,0.0,False,1.0,20260819
frozen_plasticity,35,Ext2,AUTO_TRI_N0_G1_N4,tripartite,0.0,False,0.0005384514551309603,20260819
frozen_plasticity,35,Ext2,AUTO_TRI_N3_G2_N5,tripartite,0.0,False,0.013381263110433101,20260819
frozen_plasticity,35,Ext2,AUTO_TRI_N3_G2_N9,tripartite,0.0,False,0.013381263110433101,20260819
frozen_plasticity,36,Ext2,AUTO_GG_G0_G1,glia_glia,0.0,False,0.00043076116410476823,20260819
frozen_plasticity,36,Ext2,AUTO_GG_G1_G3,glia_glia,0.0,False,0.00043076116410476823,20260819
frozen_plasticity,36,Ext2,AUTO_GG_G2_G5,glia_glia,0.0,False,1.0,20260819
frozen_plasticity,36,Ext2,AUTO_TRI_N0_G1_N4,tripartite,0.0,False,0.00043076116410476823,20260819
frozen_plasticity,36,Ext2,AUTO_TRI_N3_G2_N5,tripartite,0.0,False,0.013415618460693036,20260819
frozen_plasticity,36,Ext2,AUTO_TRI_N3_G2_N9,tripartite,0.0,False,0.013415618460693036,20260819
frozen_plasticity,37,Ext2,AUTO_GG_G0_G1,glia_glia,0.0,False,0.0003446089312838146,20260819
frozen_plasticity,37,Ext2,AUTO_GG_G1_G3,glia_glia,0.0,False,0.0003446089312838146,20260819
frozen_plasticity,37,Ext2,AUTO_GG_G2_G5,glia_glia,0.0,False,1.0,20260819
frozen_plasticity,37,Ext2,AUTO_TRI_N0_G1_N4,tripartite,0.0,False,0.0003446089312838146,20260819
frozen_plasticity,37,Ext2,AUTO_TRI_N3_G2_N5,tripartite,0.0,False,0.013446538275926978,20260819
frozen_plasticity,37,Ext2,AUTO_TRI_N3_G2_N9,tripartite,0.0,False,0.013446538275926978,20260819
frozen_plasticity,38,Ext2,AUTO_GG_G0_G1,glia_glia,0.0,False,0.00027568714502705167,20260819
frozen_plasticity,38,Ext2,AUTO_GG_G1_G3,glia_glia,0.0,False,0.00027568714502705167,20260819
frozen_plasticity,38,Ext2,AUTO_GG_G2_G5,glia_glia,0.0,False,1.0,20260819
frozen_plasticity,38,Ext2,AUTO_TRI_N0_G1_N4,tripartite,0.0,False,0.00027568714502705167,20260819
frozen_plasticity,38,Ext2,AUTO_TRI_N3_G2_N5,tripartite,0.0,False,0.013474366109637526,20260819
frozen_plasticity,38,Ext2,AUTO_TRI_N3_G2_N9,tripartite,0.0,False,0.013474366109637526,20260819
frozen_plasticity,39,Ext2,AUTO_GG_G0_G1,glia_glia,0.0,False,0.00022054971602164134,20260819
frozen_plasticity,39,Ext2,AUTO_GG_G1_G3,glia_glia,0.0,False,0.00022054971602164134,20260819
frozen_plasticity,39,Ext2,AUTO_GG_G2_G5,glia_glia,0.0,False,1.0,20260819
frozen_plasticity,39,Ext2,AUTO_TRI_N0_G1_N4,tripartite,0.0,False,0.00022054971602164134,20260819
frozen_plasticity,39,Ext2,AUTO_TRI_N3_G2_N5,tripartite,0.0,False,0.013499411159977019,20260819
frozen_plasticity,39,Ext2,AUTO_TRI_N3_G2_N9,tripartite,0.0,False,0.013499411159977019,20260819
frozen_plasticity,40,Ext2,AUTO_GG_G0_G1,glia_glia,0.0,False,0.0001764397728173131,20260819
frozen_plasticity,40,Ext2,AUTO_GG_G1_G3,glia_glia,0.0,False,0.0001764397728173131,20260819
frozen_plasticity,40,Ext2,AUTO_GG_G2_G5,glia_glia,0.0,False,1.0,20260819
frozen_plasticity,40,Ext2,AUTO_TRI_N0_G1_N4,tripartite,0.0,False,0.0001764397728173131,20260819
frozen_plasticity,40,Ext2,AUTO_TRI_N3_G2_N5,tripartite,0.0,False,0.013521951705282562,20260819
frozen_plasticity,40,Ext2,AUTO_TRI_N3_G2_N9,tripartite,0.0,False,0.013521951705282562,20260819
frozen_plasticity,41,Ext2,AUTO_GG_G0_G1,glia_glia,0.0,False,0.00014115181825385048,20260819
frozen_plasticity,41,Ext2,AUTO_GG_G1_G3,glia_glia,0.0,False,0.00014115181825385048,20260819
frozen_plasticity,41,Ext2,AUTO_GG_G2_G5,glia_glia,0.0,False,1.0,20260819
frozen_plasticity,41,Ext2,AUTO_TRI_N0_G1_N4,tripartite,0.0,False,0.00014115181825385048,20260819
frozen_plasticity,41,Ext2,AUTO_TRI_N3_G2_N5,tripartite,0.0,False,0.013542238196057552,20260819
frozen_plasticity,41,Ext2,AUTO_TRI_N3_G2_N9,tripartite,0.0,False,0.013542238196057552,20260819
frozen_plasticity,42,Ext2,AUTO_GG_G0_G1,glia_glia,0.0,False,0.00011292145460308038,20260819
frozen_plasticity,42,Ext2,AUTO_GG_G1_G3,glia_glia,0.0,False,0.00011292145460308038,20260819
frozen_plasticity,42,Ext2,AUTO_GG_G2_G5,glia_glia,0.0,False,1.0,20260819
frozen_plasticity,42,Ext2,AUTO_TRI_N0_G1_N4,tripartite,0.0,False,0.00011292145460308038,20260819
frozen_plasticity,42,Ext2,AUTO_TRI_N3_G2_N5,tripartite,0.0,False,0.013560496037755042,20260819
frozen_plasticity,42,Ext2,AUTO_TRI_N3_G2_N9,tripartite,0.0,False,0.013560496037755042,20260819
frozen_plasticity,43,Ext2,AUTO_GG_G0_G1,glia_glia,0.0,False,9.033716368246431e-05,20260819
frozen_plasticity,43,Ext2,AUTO_GG_G1_G3,glia_glia,0.0,False,9.033716368246431e-05,20260819
frozen_plasticity,43,Ext2,AUTO_GG_G2_G5,glia_glia,0.0,False,1.0,20260819
frozen_plasticity,43,Ext2,AUTO_TRI_N0_G1_N4,tripartite,0.0,False,9.033716368246431e-05,20260819
frozen_plasticity,43,Ext2,AUTO_TRI_N3_G2_N5,tripartite,0.0,False,0.013576928095282784,20260819
frozen_plasticity,43,Ext2,AUTO_TRI_N3_G2_N9,tripartite,0.0,False,0.013576928095282784,20260819
frozen_plasticity,44,Ext2,AUTO_GG_G0_G1,glia_glia,0.0,False,7.226973094597146e-05,20260819
frozen_plasticity,44,Ext2,AUTO_GG_G1_G3,glia_glia,0.0,False,7.226973094597146e-05,20260819
frozen_plasticity,44,Ext2,AUTO_GG_G2_G5,glia_glia,0.0,False,1.0,20260819
frozen_plasticity,44,Ext2,AUTO_TRI_N0_G1_N4,tripartite,0.0,False,7.226973094597146e-05,20260819
frozen_plasticity,44,Ext2,AUTO_TRI_N3_G2_N5,tripartite,0.0,False,0.01359171694705775,20260819
frozen_plasticity,44,Ext2,AUTO_TRI_N3_G2_N9,tripartite,0.0,False,0.01359171694705775,20260819
frozen_plasticity,45,Ext2,AUTO_GG_G0_G1,glia_glia,0.0,False,5.781578475677717e-05,20260819
frozen_plasticity,45,Ext2,AUTO_GG_G1_G3,glia_glia,0.0,False,5.781578475677717e-05,20260819
frozen_plasticity,45,Ext2,AUTO_GG_G2_G5,glia_glia,0.0,False,1.0,20260819
frozen_plasticity,45,Ext2,AUTO_TRI_N0_G1_N4,tripartite,0.0,False,5.781578475677717e-05,20260819
frozen_plasticity,45,Ext2,AUTO_TRI_N3_G2_N5,tripartite,0.0,False,0.01360502691365522,20260819
frozen_plasticity,45,Ext2,AUTO_TRI_N3_G2_N9,tripartite,0.0,False,0.01360502691365522,20260819
frozen_plasticity,46,Ext2,AUTO_GG_G0_G1,glia_glia,0.0,False,4.6252627805421734e-05,20260819
frozen_plasticity,46,Ext2,AUTO_GG_G1_G3,glia_glia,0.0,False,4.6252627805421734e-05,20260819
frozen_plasticity,46,Ext2,AUTO_GG_G2_G5,glia_glia,0.0,False,1.0,20260819
frozen_plasticity,46,Ext2,AUTO_TRI_N0_G1_N4,tripartite,0.0,False,4.6252627805421734e-05,20260819
frozen_plasticity,46,Ext2,AUTO_TRI_N3_G2_N5,tripartite,0.0,False,0.013617005883592943,20260819
frozen_plasticity,46,Ext2,AUTO_TRI_N3_G2_N9,tripartite,0.0,False,0.013617005883592943,20260819
frozen_plasticity,47,Ext2,AUTO_GG_G0_G1,glia_glia,0.0,False,3.700210224433739e-05,20260819
frozen_plasticity,47,Ext2,AUTO_GG_G1_G3,glia_glia,0.0,False,3.700210224433739e-05,20260819
frozen_plasticity,47,Ext2,AUTO_GG_G2_G5,glia_glia,0.0,False,1.0,20260819
frozen_plasticity,47,Ext2,AUTO_TRI_N0_G1_N4,tripartite,0.0,False,3.700210224433739e-05,20260819
frozen_plasticity,47,Ext2,AUTO_TRI_N3_G2_N5,tripartite,0.0,False,0.013627786956536894,20260819
frozen_plasticity,47,Ext2,AUTO_TRI_N3_G2_N9,tripartite,0.0,False,0.013627786956536894,20260819
frozen_plasticity,48,Ext2,AUTO_GG_G0_G1,glia_glia,0.0,False,2.960168179546991e-05,20260819
frozen_plasticity,48,Ext2,AUTO_GG_G1_G3,glia_glia,0.0,False,2.960168179546991e-05,20260819
frozen_plasticity,48,Ext2,AUTO_GG_G2_G5,glia_glia,0.0,False,1.0,20260819
frozen_plasticity,48,Ext2,AUTO_TRI_N0_G1_N4,tripartite,0.0,False,2.960168179546991e-05,20260819
frozen_plasticity,48,Ext2,AUTO_TRI_N3_G2_N5,tripartite,0.0,False,0.01363748992218645,20260819
frozen_plasticity,48,Ext2,AUTO_TRI_N3_G2_N9,tripartite,0.0,False,0.01363748992218645,20260819
frozen_plasticity,49,Ext2,AUTO_GG_G0_G1,glia_glia,0.0,False,2.368134543637593e-05,20260819
frozen_plasticity,49,Ext2,AUTO_GG_G1_G3,glia_glia,0.0,False,2.368134543637593e-05,20260819
frozen_plasticity,49,Ext2,AUTO_GG_G2_G5,glia_glia,0.0,False,1.0,20260819
frozen_plasticity,49,Ext2,AUTO_TRI_N0_G1_N4,tripartite,0.0,False,2.368134543637593e-05,20260819
frozen_plasticity,49,Ext2,AUTO_TRI_N3_G2_N5,tripartite,0.0,False,0.013646222591271049,20260819
frozen_plasticity,49,Ext2,AUTO_TRI_N3_G2_N9,tripartite,0.0,False,0.013646222591271049,20260819
frozen_plasticity,50,Ext2,AUTO_GG_G0_G1,glia_glia,0.0,False,1.8945076349100747e-05,20260819
frozen_plasticity,50,Ext2,AUTO_GG_G1_G3,glia_glia,0.0,False,1.8945076349100747e-05,20260819
frozen_plasticity,50,Ext2,AUTO_GG_G2_G5,glia_glia,0.0,False,1.0,20260819
frozen_plasticity,50,Ext2,AUTO_TRI_N0_G1_N4,tripartite,0.0,False,1.8945076349100747e-05,20260819
frozen_plasticity,50,Ext2,AUTO_TRI_N3_G2_N5,tripartite,0.0,False,0.01365408199344719,20260819
frozen_plasticity,50,Ext2,AUTO_TRI_N3_G2_N9,tripartite,0.0,False,0.01365408199344719,20260819
frozen_plasticity,51,Ext2,AUTO_GG_G0_G1,glia_glia,0.0,False,1.5156061079280599e-05,20260819
frozen_plasticity,51,Ext2,AUTO_GG_G1_G3,glia_glia,0.0,False,1.5156061079280599e-05,20260819
frozen_plasticity,51,Ext2,AUTO_GG_G2_G5,glia_glia,0.0,False,1.0,20260819
frozen_plasticity,51,Ext2,AUTO_TRI_N0_G1_N4,tripartite,0.0,False,1.5156061079280599e-05,20260819
frozen_plasticity,51,Ext2,AUTO_TRI_N3_G2_N5,tripartite,0.0,False,0.013661155455405716,20260819
frozen_plasticity,51,Ext2,AUTO_TRI_N3_G2_N9,tripartite,0.0,False,0.013661155455405716,20260819
frozen_plasticity,52,Ext2,AUTO_GG_G0_G1,glia_glia,0.0,False,1.2124848863424479e-05,20260819
frozen_plasticity,52,Ext2,AUTO_GG_G1_G3,glia_glia,0.0,False,1.2124848863424479e-05,20260819
frozen_plasticity,52,Ext2,AUTO_GG_G2_G5,glia_glia,0.0,False,1.0,20260819
frozen_plasticity,52,Ext2,AUTO_TRI_N0_G1_N4,tripartite,0.0,False,1.2124848863424479e-05,20260819
frozen_plasticity,52,Ext2,AUTO_TRI_N3_G2_N5,tripartite,0.0,False,0.013667521571168389,20260819
frozen_plasticity,52,Ext2,AUTO_TRI_N3_G2_N9,tripartite,0.0,False,0.013667521571168389,20260819
frozen_plasticity,53,Ext2,AUTO_GG_G0_G1,glia_glia,0.0,False,9.699879090739585e-06,20260819
frozen_plasticity,53,Ext2,AUTO_GG_G1_G3,glia_glia,0.0,False,9.699879090739585e-06,20260819
frozen_plasticity,53,Ext2,AUTO_GG_G2_G5,glia_glia,0.0,False,1.0,20260819
frozen_plasticity,53,Ext2,AUTO_TRI_N0_G1_N4,tripartite,0.0,False,9.699879090739585e-06,20260819
frozen_plasticity,53,Ext2,AUTO_TRI_N3_G2_N5,tripartite,0.0,False,0.013673251075354794,20260819
frozen_plasticity,53,Ext2,AUTO_TRI_N3_G2_N9,tripartite,0.0,False,0.013673251075354794,20260819
frozen_plasticity,54,E-Ret,AUTO_GG_G0_G1,glia_glia,0.0,False,9.699879090739585e-06,20260819
frozen_plasticity,54,E-Ret,AUTO_GG_G1_G3,glia_glia,0.0,False,9.699879090739585e-06,20260819
frozen_plasticity,54,E-Ret,AUTO_GG_G2_G5,glia_glia,0.0,False,1.0,20260819
frozen_plasticity,54,E-Ret,AUTO_TRI_N0_G1_N4,tripartite,0.0,False,9.699879090739585e-06,20260819
frozen_plasticity,54,E-Ret,AUTO_TRI_N3_G2_N5,tripartite,0.0,False,0.013673251075354794,20260819
frozen_plasticity,54,E-Ret,AUTO_TRI_N3_G2_N9,tripartite,0.0,False,0.013673251075354794,20260819
frozen_plasticity,55,E-Ret,AUTO_GG_G0_G1,glia_glia,0.0,False,9.699879090739585e-06,20260819
frozen_plasticity,55,E-Ret,AUTO_GG_G1_G3,glia_glia,0.0,False,9.699879090739585e-06,20260819
frozen_plasticity,55,E-Ret,AUTO_GG_G2_G5,glia_glia,0.0,False,1.0,20260819
frozen_plasticity,55,E-Ret,AUTO_TRI_N0_G1_N4,tripartite,0.0,False,9.699879090739585e-06,20260819
frozen_plasticity,55,E-Ret,AUTO_TRI_N3_G2_N5,tripartite,0.0,False,0.013673251075354794,20260819
frozen_plasticity,55,E-Ret,AUTO_TRI_N3_G2_N9,tripartite,0.0,False,0.013673251075354794,20260819
frozen_plasticity,56,E-Ret,AUTO_GG_G0_G1,glia_glia,0.0,False,9.699879090739585e-06,20260819
frozen_plasticity,56,E-Ret,AUTO_GG_G1_G3,glia_glia,0.0,False,9.699879090739585e-06,20260819
frozen_plasticity,56,E-Ret,AUTO_GG_G2_G5,glia_glia,0.0,False,1.0,20260819
frozen_plasticity,56,E-Ret,AUTO_TRI_N0_G1_N4,tripartite,0.0,False,9.699879090739585e-06,20260819
frozen_plasticity,56,E-Ret,AUTO_TRI_N3_G2_N5,tripartite,0.0,False,0.013673251075354794,20260819
frozen_plasticity,56,E-Ret,AUTO_TRI_N3_G2_N9,tripartite,0.0,False,0.013673251075354794,20260819
frozen_plasticity,57,E-Ret,AUTO_GG_G0_G1,glia_glia,0.0,False,9.699879090739585e-06,20260819
frozen_plasticity,57,E-Ret,AUTO_GG_G1_G3,glia_glia,0.0,False,9.699879090739585e-06,20260819
frozen_plasticity,57,E-Ret,AUTO_GG_G2_G5,glia_glia,0.0,False,1.0,20260819
frozen_plasticity,57,E-Ret,AUTO_TRI_N0_G1_N4,tripartite,0.0,False,9.699879090739585e-06,20260819
frozen_plasticity,57,E-Ret,AUTO_TRI_N3_G2_N5,tripartite,0.0,False,0.013673251075354794,20260819
frozen_plasticity,57,E-Ret,AUTO_TRI_N3_G2_N9,tripartite,0.0,False,0.013673251075354794,20260819
frozen_plasticity,58,E-Ret,AUTO_GG_G0_G1,glia_glia,0.0,False,9.699879090739585e-06,20260819
frozen_plasticity,58,E-Ret,AUTO_GG_G1_G3,glia_glia,0.0,False,9.699879090739585e-06,20260819
frozen_plasticity,58,E-Ret,AUTO_GG_G2_G5,glia_glia,0.0,False,1.0,20260819
frozen_plasticity,58,E-Ret,AUTO_TRI_N0_G1_N4,tripartite,0.0,False,9.699879090739585e-06,20260819
frozen_plasticity,58,E-Ret,AUTO_TRI_N3_G2_N5,tripartite,0.0,False,0.013673251075354794,20260819
frozen_plasticity,58,E-Ret,AUTO_TRI_N3_G2_N9,tripartite,0.0,False,0.013673251075354794,20260819
frozen_plasticity,59,F-Ren,AUTO_GG_G0_G1,glia_glia,0.0,False,9.699879090739585e-06,20260819
frozen_plasticity,59,F-Ren,AUTO_GG_G1_G3,glia_glia,0.0,False,9.699879090739585e-06,20260819
frozen_plasticity,59,F-Ren,AUTO_GG_G2_G5,glia_glia,0.0,False,1.0,20260819
frozen_plasticity,59,F-Ren,AUTO_TRI_N0_G1_N4,tripartite,0.0,False,9.699879090739585e-06,20260819
frozen_plasticity,59,F-Ren,AUTO_TRI_N3_G2_N5,tripartite,0.0,False,0.013673251075354794,20260819
frozen_plasticity,59,F-Ren,AUTO_TRI_N3_G2_N9,tripartite,0.0,False,0.013673251075354794,20260819
frozen_plasticity,60,F-Ren,AUTO_GG_G0_G1,glia_glia,0.0,False,9.699879090739585e-06,20260819
frozen_plasticity,60,F-Ren,AUTO_GG_G1_G3,glia_glia,0.0,False,9.699879090739585e-06,20260819
frozen_plasticity,60,F-Ren,AUTO_GG_G2_G5,glia_glia,0.0,False,1.0,20260819
frozen_plasticity,60,F-Ren,AUTO_TRI_N0_G1_N4,tripartite,0.0,False,9.699879090739585e-06,20260819
frozen_plasticity,60,F-Ren,AUTO_TRI_N3_G2_N5,tripartite,0.0,False,0.013673251075354794,20260819
frozen_plasticity,60,F-Ren,AUTO_TRI_N3_G2_N9,tripartite,0.0,False,0.013673251075354794,20260819
frozen_plasticity,61,F-Ren,AUTO_GG_G0_G1,glia_glia,0.0,False,9.699879090739585e-06,20260819
frozen_plasticity,61,F-Ren,AUTO_GG_G1_G3,glia_glia,0.0,False,9.699879090739585e-06,20260819
frozen_plasticity,61,F-Ren,AUTO_GG_G2_G5,glia_glia,0.0,False,1.0,20260819
frozen_plasticity,61,F-Ren,AUTO_TRI_N0_G1_N4,tripartite,0.0,False,9.699879090739585e-06,20260819
frozen_plasticity,61,F-Ren,AUTO_TRI_N3_G2_N5,tripartite,0.0,False,0.013673251075354794,20260819
frozen_plasticity,61,F-Ren,AUTO_TRI_N3_G2_N9,tripartite,0.0,False,0.013673251075354794,20260819
frozen_plasticity,62,F-Ren,AUTO_GG_G0_G1,glia_glia,0.0,False,9.699879090739585e-06,20260819
frozen_plasticity,62,F-Ren,AUTO_GG_G1_G3,glia_glia,0.0,False,9.699879090739585e-06,20260819
frozen_plasticity,62,F-Ren,AUTO_GG_G2_G5,glia_glia,0.0,False,1.0,20260819
frozen_plasticity,62,F-Ren,AUTO_TRI_N0_G1_N4,tripartite,0.0,False,9.699879090739585e-06,20260819
frozen_plasticity,62,F-Ren,AUTO_TRI_N3_G2_N5,tripartite,0.0,False,0.013673251075354794,20260819
frozen_plasticity,62,F-Ren,AUTO_TRI_N3_G2_N9,tripartite,0.0,False,0.013673251075354794,20260819
frozen_plasticity,63,F-Ren,AUTO_GG_G0_G1,glia_glia,0.0,False,9.699879090739585e-06,20260819
frozen_plasticity,63,F-Ren,AUTO_GG_G1_G3,glia_glia,0.0,False,9.699879090739585e-06,20260819
frozen_plasticity,63,F-Ren,AUTO_GG_G2_G5,glia_glia,0.0,False,1.0,20260819
frozen_plasticity,63,F-Ren,AUTO_TRI_N0_G1_N4,tripartite,0.0,False,9.699879090739585e-06,20260819
frozen_plasticity,63,F-Ren,AUTO_TRI_N3_G2_N5,tripartite,0.0,False,0.013673251075354794,20260819
frozen_plasticity,63,F-Ren,AUTO_TRI_N3_G2_N9,tripartite,0.0,False,0.013673251075354794,20260819
no_tripartite,1,F-Con,AUTO_GG_G0_G1,glia_glia,0.9593537143165668,True,0.243639236436246,20260819
no_tripartite,1,F-Con,AUTO_GG_G1_G3,glia_glia,0.404086960657421,True,0.13064578932941684,20260819
no_tripartite,1,F-Con,AUTO_GG_G2_G5,glia_glia,0.0,False,0.0,20260819
no_tripartite,2,F-Con,AUTO_GG_G0_G1,glia_glia,1.0,True,0.41680761926038906,20260819
no_tripartite,2,F-Con,AUTO_GG_G1_G3,glia_glia,1.0,True,0.24793464773718882,20260819
no_tripartite,2,F-Con,AUTO_GG_G2_G5,glia_glia,0.0,False,0.0,20260819
no_tripartite,3,F-Con,AUTO_GG_G0_G1,glia_glia,1.0,True,0.5703992103453742,20260819
no_tripartite,3,F-Con,AUTO_GG_G1_G3,glia_glia,1.0,True,0.35215224223651304,20260819
no_tripartite,3,F-Con,AUTO_GG_G2_G5,glia_glia,0.0,False,0.0,20260819
no_tripartite,4,Ext1,AUTO_GG_G0_G1,glia_glia,1.0,True,0.5138974464009732,20260819
no_tripartite,4,Ext1,AUTO_GG_G1_G3,glia_glia,1.0,True,0.3169832449595021,20260819
no_tripartite,4,Ext1,AUTO_GG_G2_G5,glia_glia,0.06509535473930901,False,0.1649830810994733,20260819
no_tripartite,5,Ext1,AUTO_GG_G0_G1,glia_glia,1.0,True,0.43495762156767204,20260819
no_tripartite,5,Ext1,AUTO_GG_G1_G3,glia_glia,1.0,True,0.2853311474101922,20260819
no_tripartite,5,Ext1,AUTO_GG_G2_G5,glia_glia,0.20752652874399613,True,0.31346785408899924,20260819
no_tripartite,6,Ext1,AUTO_GG_G0_G1,glia_glia,1.0,True,0.34796609725413763,20260819
no_tripartite,6,Ext1,AUTO_GG_G1_G3,glia_glia,1.0,True,0.25684425961581336,20260819
no_tripartite,6,Ext1,AUTO_GG_G2_G5,glia_glia,0.4185060170313903,True,0.44508061751179673,20260819
no_tripartite,7,Ext1,AUTO_GG_G0_G1,glia_glia,1.0,True,0.2783728778033101,20260819
no_tripartite,7,Ext1,AUTO_GG_G1_G3,glia_glia,1.0,True,0.23120606060087243,20260819
no_tripartite,7,Ext1,AUTO_GG_G2_G5,glia_glia,0.6881377268443506,True,0.5576928828408838,20260819
no_tripartite,8,Ext1,AUTO_GG_G0_G1,glia_glia,1.0,True,0.22269830224264808,20260819
no_tripartite,8,Ext1,AUTO_GG_G1_G3,glia_glia,1.0,True,0.20813168148742558,20260819
no_tripartite,8,Ext1,AUTO_GG_G2_G5,glia_glia,1.0,True,0.6476757957818747,20260819
no_tripartite,9,Ext1,AUTO_GG_G0_G1,glia_glia,1.0,True,0.17815864179411847,20260819
no_tripartite,9,Ext1,AUTO_GG_G1_G3,glia_glia,1.0,True,0.17815864179411847,20260819
no_tripartite,9,Ext1,AUTO_GG_G2_G5,glia_glia,1.0,True,0.7135422343447728,20260819
no_tripartite,10,Ext1,AUTO_GG_G0_G1,glia_glia,1.0,True,0.14252691343529478,20260819
no_tripartite,10,Ext1,AUTO_GG_G1_G3,glia_glia,1.0,True,0.14252691343529478,20260819
no_tripartite,10,Ext1,AUTO_GG_G2_G5,glia_glia,1.0,True,0.772822029051381,20260819
no_tripartite,11,Ext1,AUTO_GG_G0_G1,glia_glia,1.0,True,0.11402153074823583,20260819
no_tripartite,11,Ext1,AUTO_GG_G1_G3,glia_glia,1.0,True,0.11402153074823583,20260819
no_tripartite,11,Ext1,AUTO_GG_G2_G5,glia_glia,1.0,True,0.8261738442873283,20260819
no_tripartite,12,Ext1,AUTO_GG_G0_G1,glia_glia,1.0,True,0.09121722459858866,20260819
no_tripartite,12,Ext1,AUTO_GG_G1_G3,glia_glia,1.0,True,0.09121722459858866,20260819
no_tripartite,12,Ext1,AUTO_GG_G2_G5,glia_glia,1.0,True,0.874190477999681,20260819
no_tripartite,13,Ext1,AUTO_GG_G0_G1,glia_glia,1.0,True,0.07297377967887093,20260819
no_tripartite,13,Ext1,AUTO_GG_G1_G3,glia_glia,1.0,True,0.07297377967887093,20260819
no_tripartite,13,Ext1,AUTO_GG_G2_G5,glia_glia,1.0,True,0.9174054483407983,20260819
no_tripartite,14,Ext1,AUTO_GG_G0_G1,glia_glia,1.0,True,0.05837902374309675,20260819
no_tripartite,14,Ext1,AUTO_GG_G1_G3,glia_glia,1.0,True,0.05837902374309675,20260819
no_tripartite,14,Ext1,AUTO_GG_G2_G5,glia_glia,1.0,True,0.956298921647804,20260819
no_tripartite,15,Ext1,AUTO_GG_G0_G1,glia_glia,1.0,True,0.04670321899447741,20260819
no_tripartite,15,Ext1,AUTO_GG_G1_G3,glia_glia,1.0,True,0.04670321899447741,20260819
no_tripartite,15,Ext1,AUTO_GG_G2_G5,glia_glia,1.0,True,0.9913030476241091,20260819
no_tripartite,16,Ext1,AUTO_GG_G0_G1,glia_glia,1.0,True,0.03736257519558193,20260819
no_tripartite,16,Ext1,AUTO_GG_G1_G3,glia_glia,1.0,True,0.03736257519558193,20260819
no_tripartite,16,Ext1,AUTO_GG_G2_G5,glia_glia,1.0,True,1.0,20260819
no_tripartite,17,Ext1,AUTO_GG_G0_G1,glia_glia,1.0,True,0.029890060156465545,20260819
no_tripartite,17,Ext1,AUTO_GG_G1_G3,glia_glia,1.0,True,0.029890060156465545,20260819
no_tripartite,17,Ext1,AUTO_GG_G2_G5,glia_glia,1.0,True,1.0,20260819
no_tripartite,18,Ext1,AUTO_GG_G0_G1,glia_glia,1.0,True,0.023912048125172437,20260819
no_tripartite,18,Ext1,AUTO_GG_G1_G3,glia_glia,1.0,True,0.023912048125172437,20260819
no_tripartite,18,Ext1,AUTO_GG_G2_G5,glia_glia,1.0,True,1.0,20260819
no_tripartite,19,Ext1,AUTO_GG_G0_G1,glia_glia,1.0,True,0.01912963850013795,20260819
no_tripartite,19,Ext1,AUTO_GG_G1_G3,glia_glia,1.0,True,0.01912963850013795,20260819
no_tripartite,19,Ext1,AUTO_GG_G2_G5,glia_glia,1.0,True,1.0,20260819
no_tripartite,20,Ext1,AUTO_GG_G0_G1,glia_glia,1.0,True,0.01530371080011036,20260819
no_tripartite,20,Ext1,AUTO_GG_G1_G3,glia_glia,1.0,True,0.01530371080011036,20260819
no_tripartite,20,Ext1,AUTO_GG_G2_G5,glia_glia,1.0,True,1.0,20260819
no_tripartite,21,Ext1,AUTO_GG_G0_G1,glia_glia,1.0,True,0.012242968640088288,20260819
no_tripartite,21,Ext1,AUTO_GG_G1_G3,glia_glia,1.0,True,0.012242968640088288,20260819
no_tripartite,21,Ext1,AUTO_GG_G2_G5,glia_glia,1.0,True,1.0,20260819
no_tripartite,22,Ext1,AUTO_GG_G0_G1,glia_glia,1.0,True,0.00979437491207063,20260819
no_tripartite,22,Ext1,AUTO_GG_G1_G3,glia_glia,1.0,True,0.00979437491207063,20260819
no_tripartite,22,Ext1,AUTO_GG_G2_G5,glia_glia,1.0,True,1.0,20260819
no_tripartite,23,Ext1,AUTO_GG_G0_G1,glia_glia,1.0,True,0.007835499929656506,20260819
no_tripartite,23,Ext1,AUTO_GG_G1_G3,glia_glia,1.0,True,0.007835499929656506,20260819
no_tripartite,23,Ext1,AUTO_GG_G2_G5,glia_glia,1.0,True,1.0,20260819
no_tripartite,24,Ext1,AUTO_GG_G0_G1,glia_glia,1.0,True,0.006268399943725205,20260819
no_tripartite,24,Ext1,AUTO_GG_G1_G3,glia_glia,1.0,True,0.006268399943725205,20260819
no_tripartite,24,Ext1,AUTO_GG_G2_G5,glia_glia,1.0,True,1.0,20260819
no_tripartite,25,Ext1,AUTO_GG_G0_G1,glia_glia,1.0,True,0.005014719954980164,20260819
no_tripartite,25,Ext1,AUTO_GG_G1_G3,glia_glia,1.0,True,0.005014719954980164,20260819
no_tripartite,25,Ext1,AUTO_GG_G2_G5,glia_glia,1.0,True,1.0,20260819
no_tripartite,26,Ext1,AUTO_GG_G0_G1,glia_glia,0.9999209420771187,True,0.004011775963984132,20260819
no_tripartite,26,Ext1,AUTO_GG_G1_G3,glia_glia,0.9999308243174789,True,0.004011775963984132,20260819
no_tripartite,26,Ext1,AUTO_GG_G2_G5,glia_glia,1.0,True,1.0,20260819
no_tripartite,27,Ext1,AUTO_GG_G0_G1,glia_glia,0.9997776957388137,True,0.0032094207711873056,20260819
no_tripartite,27,Ext1,AUTO_GG_G1_G3,glia_glia,0.9998054837714621,True,0.0032094207711873056,20260819
no_tripartite,27,Ext1,AUTO_GG_G2_G5,glia_glia,1.0,True,1.0,20260819
no_tripartite,28,Ext1,AUTO_GG_G0_G1,glia_glia,0.9995830986681696,True,0.0025675366169498445,20260819
no_tripartite,28,Ext1,AUTO_GG_G1_G3,glia_glia,0.9996352113346485,True,0.0025675366169498445,20260819
no_tripartite,28,Ext1,AUTO_GG_G2_G5,glia_glia,1.0,True,1.0,20260819
no_tripartite,29,Ext2,AUTO_GG_G0_G1,glia_glia,0.9993474210116544,True,0.002054029293559876,20260819
no_tripartite,29,Ext2,AUTO_GG_G1_G3,glia_glia,0.9994289933851976,True,0.002054029293559876,20260819
no_tripartite,29,Ext2,AUTO_GG_G2_G5,glia_glia,1.0,True,1.0,20260819
no_tripartite,30,Ext2,AUTO_GG_G0_G1,glia_glia,0.9990788788864422,True,0.0016432234348479008,20260819
no_tripartite,30,Ext2,AUTO_GG_G1_G3,glia_glia,0.999194019025637,True,0.0016432234348479008,20260819
no_tripartite,30,Ext2,AUTO_GG_G2_G5,glia_glia,1.0,True,1.0,20260819
no_tripartite,31,Ext2,AUTO_GG_G0_G1,glia_glia,0.9987840451862725,True,0.0013145787478783207,20260819
no_tripartite,31,Ext2,AUTO_GG_G1_G3,glia_glia,0.9989360395379885,True,0.0013145787478783207,20260819
no_tripartite,31,Ext2,AUTO_GG_G2_G5,glia_glia,1.0,True,1.0,20260819
no_tripartite,32,Ext2,AUTO_GG_G0_G1,glia_glia,0.9984681782261368,True,0.0010516629983026566,20260819
no_tripartite,32,Ext2,AUTO_GG_G1_G3,glia_glia,0.9986596559478697,True,0.0010516629983026566,20260819
no_tripartite,32,Ext2,AUTO_GG_G2_G5,glia_glia,1.0,True,1.0,20260819
no_tripartite,33,Ext2,AUTO_GG_G0_G1,glia_glia,0.9981354846580281,True,0.0008413303986421253,20260819
no_tripartite,33,Ext2,AUTO_GG_G1_G3,glia_glia,0.9983685490757745,True,0.0008413303986421253,20260819
no_tripartite,33,Ext2,AUTO_GG_G2_G5,glia_glia,1.0,True,1.0,20260819
no_tripartite,34,Ext2,AUTO_GG_G0_G1,glia_glia,0.9977893298035413,True,0.0006730643189137003,20260819
no_tripartite,34,Ext2,AUTO_GG_G1_G3,glia_glia,0.9980656635780986,True,0.0006730643189137003,20260819
no_tripartite,34,Ext2,AUTO_GG_G2_G5,glia_glia,1.0,True,1.0,20260819
no_tripartite,35,Ext2,AUTO_GG_G0_G1,glia_glia,0.9974324059199517,True,0.0005384514551309603,20260819
no_tripartite,35,Ext2,AUTO_GG_G1_G3,glia_glia,0.9977533551799578,True,0.0005384514551309603,20260819
no_tripartite,35,Ext2,AUTO_GG_G2_G5,glia_glia,1.0,True,1.0,20260819
no_tripartite,36,Ext2,AUTO_GG_G0_G1,glia_glia,0.9970668668130801,True,0.00043076116410476823,20260819
no_tripartite,36,Ext2,AUTO_GG_G1_G3,glia_glia,0.9974335084614451,True,0.00043076116410476823,20260819
no_tripartite,36,Ext2,AUTO_GG_G2_G5,glia_glia,1.0,True,1.0,20260819
no_tripartite,37,Ext2,AUTO_GG_G0_G1,glia_glia,0.9966944355275829,True,0.0003446089312838146,20260819
no_tripartite,37,Ext2,AUTO_GG_G1_G3,glia_glia,0.9971076310866349,True,0.0003446089312838146,20260819
no_tripartite,37,Ext2,AUTO_GG_G2_G5,glia_glia,1.0,True,1.0,20260819
no_tripartite,38,Ext2,AUTO_GG_G0_G1,glia_glia,0.996316490499185,True,0.00027568714502705167,20260819
no_tripartite,38,Ext2,AUTO_GG_G1_G3,glia_glia,0.9967769291867868,True,0.00027568714502705167,20260819
no_tripartite,38,Ext2,AUTO_GG_G2_G5,glia_glia,1.0,True,1.0,20260819
no_tripartite,39,Ext2,AUTO_GG_G0_G1,glia_glia,0.9959341344764667,True,0.00022054971602164134,20260819
no_tripartite,39,Ext2,AUTO_GG_G1_G3,glia_glia,0.9964423676669083,True,0.00022054971602164134,20260819
no_tripartite,39,Ext2,AUTO_GG_G2_G5,glia_glia,1.0,True,1.0,20260819
no_tripartite,40,Ext2,AUTO_GG_G0_G1,glia_glia,0.9955482496582921,True,0.0001764397728173131,20260819
no_tripartite,40,Ext2,AUTO_GG_G1_G3,glia_glia,0.9961047184510056,True,0.0001764397728173131,20260819
no_tripartite,40,Ext2,AUTO_GG_G2_G5,glia_glia,1.0,True,1.0,20260819
no_tripartite,41,Ext2,AUTO_GG_G0_G1,glia_glia,0.9951595418037524,True,0.00014115181825385048,20260819
no_tripartite,41,Ext2,AUTO_GG_G1_G3,glia_glia,0.9957645990782833,True,0.00014115181825385048,20260819
no_tripartite,41,Ext2,AUTO_GG_G2_G5,glia_glia,1.0,True,1.0,20260819
no_tripartite,42,Ext2,AUTO_GG_G0_G1,glia_glia,0.9947685755201207,True,0.00011292145460308038,20260819
no_tripartite,42,Ext2,AUTO_GG_G1_G3,glia_glia,0.9954225035801055,True,0.00011292145460308038,20260819
no_tripartite,42,Ext2,AUTO_GG_G2_G5,glia_glia,1.0,True,1.0,20260819
no_tripartite,43,Ext2,AUTO_GG_G0_G1,glia_glia,0.9943758024932152,True,9.033716368246431e-05,20260819
no_tripartite,43,Ext2,AUTO_GG_G1_G3,glia_glia,0.9950788271815633,True,9.033716368246431e-05,20260819
no_tripartite,43,Ext2,AUTO_GG_G2_G5,glia_glia,1.0,True,1.0,20260819
no_tripartite,44,Ext2,AUTO_GG_G0_G1,glia_glia,0.9939815840716909,True,7.226973094597146e-05,20260819
no_tripartite,44,Ext2,AUTO_GG_G1_G3,glia_glia,0.9947338860627295,True,7.226973094597146e-05,20260819
no_tripartite,44,Ext2,AUTO_GG_G2_G5,glia_glia,1.0,True,1.0,20260819
no_tripartite,45,Ext2,AUTO_GG_G0_G1,glia_glia,0.9935862093344714,True,5.781578475677717e-05,20260819
no_tripartite,45,Ext2,AUTO_GG_G1_G3,glia_glia,0.9943879331676625,True,5.781578475677717e-05,20260819
no_tripartite,45,Ext2,AUTO_GG_G2_G5,glia_glia,1.0,True,1.0,20260819
no_tripartite,46,Ext2,AUTO_GG_G0_G1,glia_glia,0.9931899095446959,True,4.6252627805421734e-05,20260819
no_tripartite,46,Ext2,AUTO_GG_G1_G3,glia_glia,0.9940411708516089,True,4.6252627805421734e-05,20260819
no_tripartite,46,Ext2,AUTO_GG_G2_G5,glia_glia,1.0,True,1.0,20260819
no_tripartite,47,Ext2,AUTO_GG_G0_G1,glia_glia,0.9927928697128754,True,3.700210224433739e-05,20260819
no_tripartite,47,Ext2,AUTO_GG_G1_G3,glia_glia,0.993693760998766,True,3.700210224433739e-05,20260819
no_tripartite,47,Ext2,AUTO_GG_G2_G5,glia_glia,1.0,True,1.0,20260819
no_tripartite,48,Ext2,AUTO_GG_G0_G1,glia_glia,0.992395237847419,True,2.960168179546991e-05,20260819
no_tripartite,48,Ext2,AUTO_GG_G1_G3,glia_glia,0.9933458331164917,True,2.960168179546991e-05,20260819
no_tripartite,48,Ext2,AUTO_GG_G2_G5,glia_glia,1.0,True,1.0,20260819
no_tripartite,49,Ext2,AUTO_GG_G0_G1,glia_glia,0.9919971323550539,True,2.368134543637593e-05,20260819
no_tripartite,49,Ext2,AUTO_GG_G1_G3,glia_glia,0.9929974908106722,True,2.368134543637593e-05,20260819
no_tripartite,49,Ext2,AUTO_GG_G2_G5,glia_glia,1.0,True,1.0,20260819
no_tripartite,50,Ext2,AUTO_GG_G0_G1,glia_glia,0.9915986479611618,True,1.8945076349100747e-05,20260819
no_tripartite,50,Ext2,AUTO_GG_G1_G3,glia_glia,0.9926488169660167,True,1.8945076349100747e-05,20260819
no_tripartite,50,Ext2,AUTO_GG_G2_G5,glia_glia,1.0,True,1.0,20260819
no_tripartite,51,Ext2,AUTO_GG_G0_G1,glia_glia,0.9911998604460481,True,1.5156061079280599e-05,20260819
no_tripartite,51,Ext2,AUTO_GG_G1_G3,glia_glia,0.9922998778902923,True,1.5156061079280599e-05,20260819
no_tripartite,51,Ext2,AUTO_GG_G2_G5,glia_glia,1.0,True,1.0,20260819
no_tripartite,52,Ext2,AUTO_GG_G0_G1,glia_glia,0.9908008304339572,True,1.2124848863424479e-05,20260819
no_tripartite,52,Ext2,AUTO_GG_G1_G3,glia_glia,0.9919507266297127,True,1.2124848863424479e-05,20260819
no_tripartite,52,Ext2,AUTO_GG_G2_G5,glia_glia,1.0,True,1.0,20260819
no_tripartite,53,Ext2,AUTO_GG_G0_G1,glia_glia,0.9904016064242844,True,9.699879090739585e-06,20260819
no_tripartite,53,Ext2,AUTO_GG_G1_G3,glia_glia,0.9916014056212491,True,9.699879090739585e-06,20260819
no_tripartite,53,Ext2,AUTO_GG_G2_G5,glia_glia,1.0,True,1.0,20260819
no_tripartite,54,E-Ret,AUTO_GG_G0_G1,glia_glia,0.9904016064242844,True,9.699879090739585e-06,20260819
no_tripartite,54,E-Ret,AUTO_GG_G1_G3,glia_glia,0.9916014056212491,True,9.699879090739585e-06,20260819
no_tripartite,54,E-Ret,AUTO_GG_G2_G5,glia_glia,1.0,True,1.0,20260819
no_tripartite,55,E-Ret,AUTO_GG_G0_G1,glia_glia,0.9904016064242844,True,9.699879090739585e-06,20260819
no_tripartite,55,E-Ret,AUTO_GG_G1_G3,glia_glia,0.9916014056212491,True,9.699879090739585e-06,20260819
no_tripartite,55,E-Ret,AUTO_GG_G2_G5,glia_glia,1.0,True,1.0,20260819
no_tripartite,56,E-Ret,AUTO_GG_G0_G1,glia_glia,0.9904016064242844,True,9.699879090739585e-06,20260819
no_tripartite,56,E-Ret,AUTO_GG_G1_G3,glia_glia,0.9916014056212491,True,9.699879090739585e-06,20260819
no_tripartite,56,E-Ret,AUTO_GG_G2_G5,glia_glia,1.0,True,1.0,20260819
no_tripartite,57,E-Ret,AUTO_GG_G0_G1,glia_glia,0.9904016064242844,True,9.699879090739585e-06,20260819
no_tripartite,57,E-Ret,AUTO_GG_G1_G3,glia_glia,0.9916014056212491,True,9.699879090739585e-06,20260819
no_tripartite,57,E-Ret,AUTO_GG_G2_G5,glia_glia,1.0,True,1.0,20260819
no_tripartite,58,E-Ret,AUTO_GG_G0_G1,glia_glia,0.9904016064242844,True,9.699879090739585e-06,20260819
no_tripartite,58,E-Ret,AUTO_GG_G1_G3,glia_glia,0.9916014056212491,True,9.699879090739585e-06,20260819
no_tripartite,58,E-Ret,AUTO_GG_G2_G5,glia_glia,1.0,True,1.0,20260819
no_tripartite,59,F-Ren,AUTO_GG_G0_G1,glia_glia,0.9904016064242844,True,9.699879090739585e-06,20260819
no_tripartite,59,F-Ren,AUTO_GG_G1_G3,glia_glia,0.9916014056212491,True,9.699879090739585e-06,20260819
no_tripartite,59,F-Ren,AUTO_GG_G2_G5,glia_glia,1.0,True,1.0,20260819
no_tripartite,60,F-Ren,AUTO_GG_G0_G1,glia_glia,0.9904016064242844,True,9.699879090739585e-06,20260819
no_tripartite,60,F-Ren,AUTO_GG_G1_G3,glia_glia,0.9916014056212491,True,9.699879090739585e-06,20260819
no_tripartite,60,F-Ren,AUTO_GG_G2_G5,glia_glia,1.0,True,1.0,20260819
no_tripartite,61,F-Ren,AUTO_GG_G0_G1,glia_glia,0.9904016064242844,True,9.699879090739585e-06,20260819
no_tripartite,61,F-Ren,AUTO_GG_G1_G3,glia_glia,0.9916014056212491,True,9.699879090739585e-06,20260819
no_tripartite,61,F-Ren,AUTO_GG_G2_G5,glia_glia,1.0,True,1.0,20260819
no_tripartite,62,F-Ren,AUTO_GG_G0_G1,glia_glia,0.9904016064242844,True,9.699879090739585e-06,20260819
no_tripartite,62,F-Ren,AUTO_GG_G1_G3,glia_glia,0.9916014056212491,True,9.699879090739585e-06,20260819
no_tripartite,62,F-Ren,AUTO_GG_G2_G5,glia_glia,1.0,True,1.0,20260819
no_tripartite,63,F-Ren,AUTO_GG_G0_G1,glia_glia,0.9904016064242844,True,9.699879090739585e-06,20260819
no_tripartite,63,F-Ren,AUTO_GG_G1_G3,glia_glia,0.9916014056212491,True,9.699879090739585e-06,20260819
no_tripartite,63,F-Ren,AUTO_GG_G2_G5,glia_glia,1.0,True,1.0,20260819
no_glia_glia,1,F-Con,AUTO_TRI_N0_G1_N4,tripartite,0.0,False,0.002220606289620657,20260819
no_glia_glia,1,F-Con,AUTO_TRI_N3_G2_N5,tripartite,0.0,False,0.0,20260819
no_glia_glia,1,F-Con,AUTO_TRI_N3_G2_N9,tripartite,0.0,False,0.0,20260819
no_glia_glia,2,F-Con,AUTO_TRI_N0_G1_N4,tripartite,0.0,False,0.0042191519502792485,20260819
no_glia_glia,2,F-Con,AUTO_TRI_N3_G2_N5,tripartite,0.0,False,0.0,20260819
no_glia_glia,2,F-Con,AUTO_TRI_N3_G2_N9,tripartite,0.0,False,0.0,20260819
no_glia_glia,3,F-Con,AUTO_TRI_N0_G1_N4,tripartite,0.0,False,0.00601784304487198,20260819
no_glia_glia,3,F-Con,AUTO_TRI_N3_G2_N5,tripartite,0.0,False,0.0,20260819
no_glia_glia,3,F-Con,AUTO_TRI_N3_G2_N9,tripartite,0.0,False,0.0,20260819
no_glia_glia,4,Ext1,AUTO_TRI_N0_G1_N4,tripartite,0.0,False,0.00763666503000544,20260819
no_glia_glia,4,Ext1,AUTO_TRI_N3_G2_N5,tripartite,0.0,False,0.004719964433221858,20260819
no_glia_glia,4,Ext1,AUTO_TRI_N3_G2_N9,tripartite,0.0,False,0.004719964433221858,20260819
no_glia_glia,5,Ext1,AUTO_TRI_N0_G1_N4,tripartite,0.0,False,0.009093604816625554,20260819
no_glia_glia,5,Ext1,AUTO_TRI_N3_G2_N5,tripartite,0.0,False,0.005620449651202916,20260819
no_glia_glia,5,Ext1,AUTO_TRI_N3_G2_N9,tripartite,0.0,False,0.005620449651202916,20260819
no_glia_glia,6,Ext1,AUTO_TRI_N0_G1_N4,tripartite,0.0,False,0.010404850624583656,20260819
no_glia_glia,6,Ext1,AUTO_TRI_N3_G2_N5,tripartite,0.0,False,0.006430886347385869,20260819
no_glia_glia,6,Ext1,AUTO_TRI_N3_G2_N9,tripartite,0.0,False,0.006430886347385869,20260819
no_glia_glia,7,Ext1,AUTO_TRI_N0_G1_N4,tripartite,0.0,False,0.011584971851745948,20260819
no_glia_glia,7,Ext1,AUTO_TRI_N3_G2_N5,tripartite,0.0,False,0.007160279373950527,20260819
no_glia_glia,7,Ext1,AUTO_TRI_N3_G2_N9,tripartite,0.0,False,0.007160279373950527,20260819
no_glia_glia,8,Ext1,AUTO_TRI_N0_G1_N4,tripartite,0.0,False,0.01264708095619201,20260819
no_glia_glia,8,Ext1,AUTO_TRI_N3_G2_N5,tripartite,0.0,False,0.007816733097858719,20260819
no_glia_glia,8,Ext1,AUTO_TRI_N3_G2_N9,tripartite,0.0,False,0.007816733097858719,20260819
no_glia_glia,9,Ext1,AUTO_TRI_N0_G1_N4,tripartite,0.0,False,0.013602979150193466,20260819
no_glia_glia,9,Ext1,AUTO_TRI_N3_G2_N5,tripartite,0.0,False,0.008407541449376091,20260819
no_glia_glia,9,Ext1,AUTO_TRI_N3_G2_N9,tripartite,0.0,False,0.008407541449376091,20260819
no_glia_glia,10,Ext1,AUTO_TRI_N0_G1_N4,tripartite,0.0,False,0.014463287524794777,20260819
no_glia_glia,10,Ext1,AUTO_TRI_N3_G2_N5,tripartite,0.0,False,0.008939268965741726,20260819
no_glia_glia,10,Ext1,AUTO_TRI_N3_G2_N9,tripartite,0.0,False,0.008939268965741726,20260819
no_glia_glia,11,Ext1,AUTO_TRI_N0_G1_N4,tripartite,0.0,False,0.015237565061935956,20260819
no_glia_glia,11,Ext1,AUTO_TRI_N3_G2_N5,tripartite,0.0,False,0.009417823730470799,20260819
no_glia_glia,11,Ext1,AUTO_TRI_N3_G2_N9,tripartite,0.0,False,0.009417823730470799,20260819
no_glia_glia,12,Ext1,AUTO_TRI_N0_G1_N4,tripartite,0.0,False,0.015934414845363017,20260819
no_glia_glia,12,Ext1,AUTO_TRI_N3_G2_N5,tripartite,0.0,False,0.009848523018726964,20260819
no_glia_glia,12,Ext1,AUTO_TRI_N3_G2_N9,tripartite,0.0,False,0.009848523018726964,20260819
no_glia_glia,13,Ext1,AUTO_TRI_N0_G1_N4,tripartite,0.0,False,0.016561579650447373,20260819
no_glia_glia,13,Ext1,AUTO_TRI_N3_G2_N5,tripartite,0.0,False,0.010236152378157512,20260819
no_glia_glia,13,Ext1,AUTO_TRI_N3_G2_N9,tripartite,0.0,False,0.010236152378157512,20260819
no_glia_glia,14,Ext1,AUTO_TRI_N0_G1_N4,tripartite,0.0,False,0.017126027975023293,20260819
no_glia_glia,14,Ext1,AUTO_TRI_N3_G2_N5,tripartite,0.0,False,0.010585018801645005,20260819
no_glia_glia,14,Ext1,AUTO_TRI_N3_G2_N9,tripartite,0.0,False,0.010585018801645005,20260819
no_glia_glia,15,Ext1,AUTO_TRI_N0_G1_N4,tripartite,0.0,False,0.017634031467141622,20260819
no_glia_glia,15,Ext1,AUTO_TRI_N3_G2_N5,tripartite,0.0,False,0.01089899858278375,20260819
no_glia_glia,15,Ext1,AUTO_TRI_N3_G2_N9,tripartite,0.0,False,0.01089899858278375,20260819
no_glia_glia,16,Ext1,AUTO_TRI_N0_G1_N4,tripartite,0.0,False,0.018091234610048117,20260819
no_glia_glia,16,Ext1,AUTO_TRI_N3_G2_N5,tripartite,0.0,False,0.01118158038580862,20260819
no_glia_glia,16,Ext1,AUTO_TRI_N3_G2_N9,tripartite,0.0,False,0.01118158038580862,20260819
no_glia_glia,17,Ext1,AUTO_TRI_N0_G1_N4,tripartite,0.0,False,0.018502717438663965,20260819
no_glia_glia,17,Ext1,AUTO_TRI_N3_G2_N5,tripartite,0.0,False,0.011435904008531003,20260819
no_glia_glia,17,Ext1,AUTO_TRI_N3_G2_N9,tripartite,0.0,False,0.011435904008531003,20260819
no_glia_glia,18,Ext1,AUTO_TRI_N0_G1_N4,tripartite,0.0,False,0.018873051984418226,20260819
no_glia_glia,18,Ext1,AUTO_TRI_N3_G2_N5,tripartite,0.0,False,0.011664795268981147,20260819
no_glia_glia,18,Ext1,AUTO_TRI_N3_G2_N9,tripartite,0.0,False,0.011664795268981147,20260819
no_glia_glia,19,Ext1,AUTO_TRI_N0_G1_N4,tripartite,0.0,False,0.01912963850013795,20260819
no_glia_glia,19,Ext1,AUTO_TRI_N3_G2_N5,tripartite,0.0,False,0.011870797403386276,20260819
no_glia_glia,19,Ext1,AUTO_TRI_N3_G2_N9,tripartite,0.0,False,0.011870797403386276,20260819
no_glia_glia,20,Ext1,AUTO_TRI_N0_G1_N4,tripartite,0.0,False,0.01530371080011036,20260819
no_glia_glia,20,Ext1,AUTO_TRI_N3_G2_N5,tripartite,0.0,False,0.012056199324350893,20260819
no_glia_glia,20,Ext1,AUTO_TRI_N3_G2_N9,tripartite,0.0,False,0.012056199324350893,20260819
no_glia_glia,21,Ext1,AUTO_TRI_N0_G1_N4,tripartite,0.0,False,0.012242968640088288,20260819
no_glia_glia,21,Ext1,AUTO_TRI_N3_G2_N5,tripartite,0.0,False,0.01222306105321905,20260819
no_glia_glia,21,Ext1,AUTO_TRI_N3_G2_N9,tripartite,0.0,False,0.01222306105321905,20260819
no_glia_glia,22,Ext1,AUTO_TRI_N0_G1_N4,tripartite,0.0,False,0.00979437491207063,20260819
no_glia_glia,22,Ext1,AUTO_TRI_N3_G2_N5,tripartite,0.0,False,0.012373236609200389,20260819
no_glia_glia,22,Ext1,AUTO_TRI_N3_G2_N9,tripartite,0.0,False,0.012373236609200389,20260819
no_glia_glia,23,Ext1,AUTO_TRI_N0_G1_N4,tripartite,0.0,False,0.007835499929656506,20260819
no_glia_glia,23,Ext1,AUTO_TRI_N3_G2_N5,tripartite,0.0,False,0.012508394609583594,20260819
no_glia_glia,23,Ext1,AUTO_TRI_N3_G2_N9,tripartite,0.0,False,0.012508394609583594,20260819
no_glia_glia,24,Ext1,AUTO_TRI_N0_G1_N4,tripartite,0.0,False,0.006268399943725205,20260819
no_glia_glia,24,Ext1,AUTO_TRI_N3_G2_N5,tripartite,0.0,False,0.012630036809928481,20260819
no_glia_glia,24,Ext1,AUTO_TRI_N3_G2_N9,tripartite,0.0,False,0.012630036809928481,20260819
no_glia_glia,25,Ext1,AUTO_TRI_N0_G1_N4,tripartite,0.0,False,0.005014719954980164,20260819
no_glia_glia,25,Ext1,AUTO_TRI_N3_G2_N5,tripartite,0.0,False,0.012739514790238878,20260819
no_glia_glia,25,Ext1,AUTO_TRI_N3_G2_N9,tripartite,0.0,False,0.012739514790238878,20260819
no_glia_glia,26,Ext1,AUTO_TRI_N0_G1_N4,tripartite,0.0,False,0.004011775963984132,20260819
no_glia_glia,26,Ext1,AUTO_TRI_N3_G2_N5,tripartite,0.0,False,0.012838044972518236,20260819
no_glia_glia,26,Ext1,AUTO_TRI_N3_G2_N9,tripartite,0.0,False,0.012838044972518236,20260819
no_glia_glia,27,Ext1,AUTO_TRI_N0_G1_N4,tripartite,0.0,False,0.0032094207711873056,20260819
no_glia_glia,27,Ext1,AUTO_TRI_N3_G2_N5,tripartite,0.0,False,0.012926722136569658,20260819
no_glia_glia,27,Ext1,AUTO_TRI_N3_G2_N9,tripartite,0.0,False,0.012926722136569658,20260819
no_glia_glia,28,Ext1,AUTO_TRI_N0_G1_N4,tripartite,0.0,False,0.0025675366169498445,20260819
no_glia_glia,28,Ext1,AUTO_TRI_N3_G2_N5,tripartite,0.0,False,0.013006531584215938,20260819
no_glia_glia,28,Ext1,AUTO_TRI_N3_G2_N9,tripartite,0.0,False,0.013006531584215938,20260819
no_glia_glia,29,Ext2,AUTO_TRI_N0_G1_N4,tripartite,0.0,False,0.002054029293559876,20260819
no_glia_glia,29,Ext2,AUTO_TRI_N3_G2_N5,tripartite,0.0,False,0.013078360087097589,20260819
no_glia_glia,29,Ext2,AUTO_TRI_N3_G2_N9,tripartite,0.0,False,0.013078360087097589,20260819
no_glia_glia,30,Ext2,AUTO_TRI_N0_G1_N4,tripartite,0.0,False,0.0016432234348479008,20260819
no_glia_glia,30,Ext2,AUTO_TRI_N3_G2_N5,tripartite,0.0,False,0.013143005739691075,20260819
no_glia_glia,30,Ext2,AUTO_TRI_N3_G2_N9,tripartite,0.0,False,0.013143005739691075,20260819
no_glia_glia,31,Ext2,AUTO_TRI_N0_G1_N4,tripartite,0.0,False,0.0013145787478783207,20260819
no_glia_glia,31,Ext2,AUTO_TRI_N3_G2_N5,tripartite,0.0,False,0.013201186827025212,20260819
no_glia_glia,31,Ext2,AUTO_TRI_N3_G2_N9,tripartite,0.0,False,0.013201186827025212,20260819
no_glia_glia,32,Ext2,AUTO_TRI_N0_G1_N4,tripartite,0.0,False,0.0010516629983026566,20260819
no_glia_glia,32,Ext2,AUTO_TRI_N3_G2_N5,tripartite,0.0,False,0.013253549805625936,20260819
no_glia_glia,32,Ext2,AUTO_TRI_N3_G2_N9,tripartite,0.0,False,0.013253549805625936,20260819
no_glia_glia,33,Ext2,AUTO_TRI_N0_G1_N4,tripartite,0.0,False,0.0008413303986421253,20260819
no_glia_glia,33,Ext2,AUTO_TRI_N3_G2_N5,tripartite,0.0,False,0.013300676486366587,20260819
no_glia_glia,33,Ext2,AUTO_TRI_N3_G2_N9,tripartite,0.0,False,0.013300676486366587,20260819
no_glia_glia,34,Ext2,AUTO_TRI_N0_G1_N4,tripartite,0.0,False,0.0006730643189137003,20260819
no_glia_glia,34,Ext2,AUTO_TRI_N3_G2_N5,tripartite,0.0,False,0.013343090499033173,20260819
no_glia_glia,34,Ext2,AUTO_TRI_N3_G2_N9,tripartite,0.0,False,0.013343090499033173,20260819
no_glia_glia,35,Ext2,AUTO_TRI_N0_G1_N4,tripartite,0.0,False,0.0005384514551309603,20260819
no_glia_glia,35,Ext2,AUTO_TRI_N3_G2_N5,tripartite,0.0,False,0.013381263110433101,20260819
no_glia_glia,35,Ext2,AUTO_TRI_N3_G2_N9,tripartite,0.0,False,0.013381263110433101,20260819
no_glia_glia,36,Ext2,AUTO_TRI_N0_G1_N4,tripartite,0.0,False,0.00043076116410476823,20260819
no_glia_glia,36,Ext2,AUTO_TRI_N3_G2_N5,tripartite,0.0,False,0.013415618460693036,20260819
no_glia_glia,36,Ext2,AUTO_TRI_N3_G2_N9,tripartite,0.0,False,0.013415618460693036,20260819
no_glia_glia,37,Ext2,AUTO_TRI_N0_G1_N4,tripartite,0.0,False,0.0003446089312838146,20260819
no_glia_glia,37,Ext2,AUTO_TRI_N3_G2_N5,tripartite,0.0,False,0.013446538275926978,20260819
no_glia_glia,37,Ext2,AUTO_TRI_N3_G2_N9,tripartite,0.0,False,0.013446538275926978,20260819
no_glia_glia,38,Ext2,AUTO_TRI_N0_G1_N4,tripartite,0.0,False,0.00027568714502705167,20260819
no_glia_glia,38,Ext2,AUTO_TRI_N3_G2_N5,tripartite,0.0,False,0.013474366109637526,20260819
no_glia_glia,38,Ext2,AUTO_TRI_N3_G2_N9,tripartite,0.0,False,0.013474366109637526,20260819
no_glia_glia,39,Ext2,AUTO_TRI_N0_G1_N4,tripartite,0.0,False,0.00022054971602164134,20260819
no_glia_glia,39,Ext2,AUTO_TRI_N3_G2_N5,tripartite,0.0,False,0.013499411159977019,20260819
no_glia_glia,39,Ext2,AUTO_TRI_N3_G2_N9,tripartite,0.0,False,0.013499411159977019,20260819
no_glia_glia,40,Ext2,AUTO_TRI_N0_G1_N4,tripartite,0.0,False,0.0001764397728173131,20260819
no_glia_glia,40,Ext2,AUTO_TRI_N3_G2_N5,tripartite,0.0,False,0.013521951705282562,20260819
no_glia_glia,40,Ext2,AUTO_TRI_N3_G2_N9,tripartite,0.0,False,0.013521951705282562,20260819
no_glia_glia,41,Ext2,AUTO_TRI_N0_G1_N4,tripartite,0.0,False,0.00014115181825385048,20260819
no_glia_glia,41,Ext2,AUTO_TRI_N3_G2_N5,tripartite,0.0,False,0.013542238196057552,20260819
no_glia_glia,41,Ext2,AUTO_TRI_N3_G2_N9,tripartite,0.0,False,0.013542238196057552,20260819
no_glia_glia,42,Ext2,AUTO_TRI_N0_G1_N4,tripartite,0.0,False,0.00011292145460308038,20260819
no_glia_glia,42,Ext2,AUTO_TRI_N3_G2_N5,tripartite,0.0,False,0.013560496037755042,20260819
no_glia_glia,42,Ext2,AUTO_TRI_N3_G2_N9,tripartite,0.0,False,0.013560496037755042,20260819
no_glia_glia,43,Ext2,AUTO_TRI_N0_G1_N4,tripartite,0.0,False,9.033716368246431e-05,20260819
no_glia_glia,43,Ext2,AUTO_TRI_N3_G2_N5,tripartite,0.0,False,0.013576928095282784,20260819
no_glia_glia,43,Ext2,AUTO_TRI_N3_G2_N9,tripartite,0.0,False,0.013576928095282784,20260819
no_glia_glia,44,Ext2,AUTO_TRI_N0_G1_N4,tripartite,0.0,False,7.226973094597146e-05,20260819
no_glia_glia,44,Ext2,AUTO_TRI_N3_G2_N5,tripartite,0.0,False,0.01359171694705775,20260819
no_glia_glia,44,Ext2,AUTO_TRI_N3_G2_N9,tripartite,0.0,False,0.01359171694705775,20260819
no_glia_glia,45,Ext2,AUTO_TRI_N0_G1_N4,tripartite,0.0,False,5.781578475677717e-05,20260819
no_glia_glia,45,Ext2,AUTO_TRI_N3_G2_N5,tripartite,0.0,False,0.01360502691365522,20260819
no_glia_glia,45,Ext2,AUTO_TRI_N3_G2_N9,tripartite,0.0,False,0.01360502691365522,20260819
no_glia_glia,46,Ext2,AUTO_TRI_N0_G1_N4,tripartite,0.0,False,4.6252627805421734e-05,20260819
no_glia_glia,46,Ext2,AUTO_TRI_N3_G2_N5,tripartite,0.0,False,0.013617005883592943,20260819
no_glia_glia,46,Ext2,AUTO_TRI_N3_G2_N9,tripartite,0.0,False,0.013617005883592943,20260819
no_glia_glia,47,Ext2,AUTO_TRI_N0_G1_N4,tripartite,0.0,False,3.700210224433739e-05,20260819
no_glia_glia,47,Ext2,AUTO_TRI_N3_G2_N5,tripartite,0.0,False,0.013627786956536894,20260819
no_glia_glia,47,Ext2,AUTO_TRI_N3_G2_N9,tripartite,0.0,False,0.013627786956536894,20260819
no_glia_glia,48,Ext2,AUTO_TRI_N0_G1_N4,tripartite,0.0,False,2.960168179546991e-05,20260819
no_glia_glia,48,Ext2,AUTO_TRI_N3_G2_N5,tripartite,0.0,False,0.01363748992218645,20260819
no_glia_glia,48,Ext2,AUTO_TRI_N3_G2_N9,tripartite,0.0,False,0.01363748992218645,20260819
no_glia_glia,49,Ext2,AUTO_TRI_N0_G1_N4,tripartite,0.0,False,2.368134543637593e-05,20260819
no_glia_glia,49,Ext2,AUTO_TRI_N3_G2_N5,tripartite,0.0,False,0.013646222591271049,20260819
no_glia_glia,49,Ext2,AUTO_TRI_N3_G2_N9,tripartite,0.0,False,0.013646222591271049,20260819
no_glia_glia,50,Ext2,AUTO_TRI_N0_G1_N4,tripartite,0.0,False,1.8945076349100747e-05,20260819
no_glia_glia,50,Ext2,AUTO_TRI_N3_G2_N5,tripartite,0.0,False,0.01365408199344719,20260819
no_glia_glia,50,Ext2,AUTO_TRI_N3_G2_N9,tripartite,0.0,False,0.01365408199344719,20260819
no_glia_glia,51,Ext2,AUTO_TRI_N0_G1_N4,tripartite,0.0,False,1.5156061079280599e-05,20260819
no_glia_glia,51,Ext2,AUTO_TRI_N3_G2_N5,tripartite,0.0,False,0.013661155455405716,20260819
no_glia_glia,51,Ext2,AUTO_TRI_N3_G2_N9,tripartite,0.0,False,0.013661155455405716,20260819
no_glia_glia,52,Ext2,AUTO_TRI_N0_G1_N4,tripartite,0.0,False,1.2124848863424479e-05,20260819
no_glia_glia,52,Ext2,AUTO_TRI_N3_G2_N5,tripartite,0.0,False,0.013667521571168389,20260819
no_glia_glia,52,Ext2,AUTO_TRI_N3_G2_N9,tripartite,0.0,False,0.013667521571168389,20260819
no_glia_glia,53,Ext2,AUTO_TRI_N0_G1_N4,tripartite,0.0,False,9.699879090739585e-06,20260819
no_glia_glia,53,Ext2,AUTO_TRI_N3_G2_N5,tripartite,0.0,False,0.013673251075354794,20260819
no_glia_glia,53,Ext2,AUTO_TRI_N3_G2_N9,tripartite,0.0,False,0.013673251075354794,20260819
no_glia_glia,54,E-Ret,AUTO_TRI_N0_G1_N4,tripartite,0.0,False,9.699879090739585e-06,20260819
no_glia_glia,54,E-Ret,AUTO_TRI_N3_G2_N5,tripartite,0.0,False,0.013673251075354794,20260819
no_glia_glia,54,E-Ret,AUTO_TRI_N3_G2_N9,tripartite,0.0,False,0.013673251075354794,20260819
no_glia_glia,55,E-Ret,AUTO_TRI_N0_G1_N4,tripartite,0.0,False,9.699879090739585e-06,20260819
no_glia_glia,55,E-Ret,AUTO_TRI_N3_G2_N5,tripartite,0.0,False,0.013673251075354794,20260819
no_glia_glia,55,E-Ret,AUTO_TRI_N3_G2_N9,tripartite,0.0,False,0.013673251075354794,20260819
no_glia_glia,56,E-Ret,AUTO_TRI_N0_G1_N4,tripartite,0.0,False,9.699879090739585e-06,20260819
no_glia_glia,56,E-Ret,AUTO_TRI_N3_G2_N5,tripartite,0.0,False,0.013673251075354794,20260819
no_glia_glia,56,E-Ret,AUTO_TRI_N3_G2_N9,tripartite,0.0,False,0.013673251075354794,20260819
no_glia_glia,57,E-Ret,AUTO_TRI_N0_G1_N4,tripartite,0.0,False,9.699879090739585e-06,20260819
no_glia_glia,57,E-Ret,AUTO_TRI_N3_G2_N5,tripartite,0.0,False,0.013673251075354794,20260819
no_glia_glia,57,E-Ret,AUTO_TRI_N3_G2_N9,tripartite,0.0,False,0.013673251075354794,20260819
no_glia_glia,58,E-Ret,AUTO_TRI_N0_G1_N4,tripartite,0.0,False,9.699879090739585e-06,20260819
no_glia_glia,58,E-Ret,AUTO_TRI_N3_G2_N5,tripartite,0.0,False,0.013673251075354794,20260819
no_glia_glia,58,E-Ret,AUTO_TRI_N3_G2_N9,tripartite,0.0,False,0.013673251075354794,20260819
no_glia_glia,59,F-Ren,AUTO_TRI_N0_G1_N4,tripartite,0.0,False,9.699879090739585e-06,20260819
no_glia_glia,59,F-Ren,AUTO_TRI_N3_G2_N5,tripartite,0.0,False,0.013673251075354794,20260819
no_glia_glia,59,F-Ren,AUTO_TRI_N3_G2_N9,tripartite,0.0,False,0.013673251075354794,20260819
no_glia_glia,60,F-Ren,AUTO_TRI_N0_G1_N4,tripartite,0.0,False,9.699879090739585e-06,20260819
no_glia_glia,60,F-Ren,AUTO_TRI_N3_G2_N5,tripartite,0.0,False,0.013673251075354794,20260819
no_glia_glia,60,F-Ren,AUTO_TRI_N3_G2_N9,tripartite,0.0,False,0.013673251075354794,20260819
no_glia_glia,61,F-Ren,AUTO_TRI_N0_G1_N4,tripartite,0.0,False,9.699879090739585e-06,20260819
no_glia_glia,61,F-Ren,AUTO_TRI_N3_G2_N5,tripartite,0.0,False,0.013673251075354794,20260819
no_glia_glia,61,F-Ren,AUTO_TRI_N3_G2_N9,tripartite,0.0,False,0.013673251075354794,20260819
no_glia_glia,62,F-Ren,AUTO_TRI_N0_G1_N4,tripartite,0.0,False,9.699879090739585e-06,20260819
no_glia_glia,62,F-Ren,AUTO_TRI_N3_G2_N5,tripartite,0.0,False,0.013673251075354794,20260819
no_glia_glia,62,F-Ren,AUTO_TRI_N3_G2_N9,tripartite,0.0,False,0.013673251075354794,20260819
no_glia_glia,63,F-Ren,AUTO_TRI_N0_G1_N4,tripartite,0.0,False,9.699879090739585e-06,20260819
no_glia_glia,63,F-Ren,AUTO_TRI_N3_G2_N5,tripartite,0.0,False,0.013673251075354794,20260819
no_glia_glia,63,F-Ren,AUTO_TRI_N3_G2_N9,tripartite,0.0,False,0.013673251075354794,20260819
calex_like,1,F-Con,AUTO_GG_G0_G1,glia_glia,0.9593537143165668,True,0.243639236436246,20260819
calex_like,1,F-Con,AUTO_GG_G1_G3,glia_glia,0.404086960657421,True,0.13064578932941684,20260819
calex_like,1,F-Con,AUTO_GG_G2_G5,glia_glia,0.0,False,0.0,20260819
calex_like,1,F-Con,AUTO_TRI_N0_G1_N4,tripartite,0.0,False,0.002220606289620657,20260819
calex_like,1,F-Con,AUTO_TRI_N3_G2_N5,tripartite,0.0,False,0.0,20260819
calex_like,1,F-Con,AUTO_TRI_N3_G2_N9,tripartite,0.0,False,0.0,20260819
calex_like,2,F-Con,AUTO_GG_G0_G1,glia_glia,1.0,True,0.41680761926038906,20260819
calex_like,2,F-Con,AUTO_GG_G1_G3,glia_glia,1.0,True,0.24793464773718882,20260819
calex_like,2,F-Con,AUTO_GG_G2_G5,glia_glia,0.0,False,0.0,20260819
calex_like,2,F-Con,AUTO_TRI_N0_G1_N4,tripartite,0.6563894360681201,True,0.07031074888877795,20260819
calex_like,2,F-Con,AUTO_TRI_N3_G2_N5,tripartite,0.0,False,0.0,20260819
calex_like,2,F-Con,AUTO_TRI_N3_G2_N9,tripartite,0.0,False,0.0,20260819
calex_like,3,F-Con,AUTO_GG_G0_G1,glia_glia,1.0,True,0.5864300569054746,20260819
calex_like,3,F-Con,AUTO_GG_G1_G3,glia_glia,1.0,True,0.35373935863584377,20260819
calex_like,3,F-Con,AUTO_GG_G2_G5,glia_glia,0.0,False,0.0,20260819
calex_like,3,F-Con,AUTO_TRI_N0_G1_N4,tripartite,1.0,True,0.19682409813996554,20260819
calex_like,3,F-Con,AUTO_TRI_N3_G2_N5,tripartite,0.0,False,0.0,20260819
calex_like,3,F-Con,AUTO_TRI_N3_G2_N9,tripartite,0.0,False,0.0,20260819
calex_like,4,Ext1,AUTO_GG_G0_G1,glia_glia,1.0,True,0.54369702695959,20260819
calex_like,4,Ext1,AUTO_GG_G1_G3,glia_glia,1.0,True,0.32089190053215866,20260819
calex_like,4,Ext1,AUTO_GG_G2_G5,glia_glia,0.06509535473930901,False,0.1649830810994733,20260819
calex_like,4,Ext1,AUTO_TRI_N0_G1_N4,tripartite,1.0,True,0.2628926401086236,20260819
calex_like,4,Ext1,AUTO_TRI_N3_G2_N5,tripartite,0.0,False,0.004719964433221858,20260819
calex_like,4,Ext1,AUTO_TRI_N3_G2_N9,tripartite,0.0,False,0.004719964433221858,20260819
calex_like,5,Ext1,AUTO_GG_G0_G1,glia_glia,1.0,True,0.43495762156767204,20260819
calex_like,5,Ext1,AUTO_GG_G1_G3,glia_glia,1.0,True,0.2915123230945291,20260819
calex_like,5,Ext1,AUTO_GG_G2_G5,glia_glia,0.20752652874399613,True,0.31346785408899924,20260819
calex_like,5,Ext1,AUTO_TRI_N0_G1_N4,tripartite,1.0,True,0.3282493454057862,20260819
calex_like,5,Ext1,AUTO_TRI_N3_G2_N5,tripartite,0.0,False,0.005620449651202916,20260819
calex_like,5,Ext1,AUTO_TRI_N3_G2_N9,tripartite,0.0,False,0.005620449651202916,20260819
calex_like,6,Ext1,AUTO_GG_G0_G1,glia_glia,1.0,True,0.34796609725413763,20260819
calex_like,6,Ext1,AUTO_GG_G1_G3,glia_glia,1.0,True,0.2652552556075489,20260819
calex_like,6,Ext1,AUTO_GG_G2_G5,glia_glia,0.4185060170313903,True,0.44508061751179673,20260819
calex_like,6,Ext1,AUTO_TRI_N0_G1_N4,tripartite,1.0,True,0.34796609725413763,20260819
calex_like,6,Ext1,AUTO_TRI_N3_G2_N5,tripartite,0.0,False,0.008817450450784057,20260819
calex_like,6,Ext1,AUTO_TRI_N3_G2_N9,tripartite,0.0,False,0.008817450450784057,20260819
calex_like,7,Ext1,AUTO_GG_G0_G1,glia_glia,1.0,True,0.2783728778033101,20260819
calex_like,7,Ext1,AUTO_GG_G1_G3,glia_glia,1.0,True,0.24180961225465242,20260819
calex_like,7,Ext1,AUTO_GG_G2_G5,glia_glia,0.6881377268443506,True,0.5576928828408838,20260819
calex_like,7,Ext1,AUTO_TRI_N0_G1_N4,tripartite,1.0,True,0.2783728778033101,20260819
calex_like,7,Ext1,AUTO_TRI_N3_G2_N5,tripartite,0.0,False,0.0186069726080006,20260819
calex_like,7,Ext1,AUTO_TRI_N3_G2_N9,tripartite,0.0,False,0.0186069726080006,20260819
calex_like,8,Ext1,AUTO_GG_G0_G1,glia_glia,1.0,True,0.22269830224264808,20260819
calex_like,8,Ext1,AUTO_GG_G1_G3,glia_glia,1.0,True,0.22089514956414327,20260819
calex_like,8,Ext1,AUTO_GG_G2_G5,glia_glia,1.0,True,0.6476757957818747,20260819
calex_like,8,Ext1,AUTO_TRI_N0_G1_N4,tripartite,1.0,True,0.22269830224264808,20260819
calex_like,8,Ext1,AUTO_TRI_N3_G2_N5,tripartite,0.0,False,0.041000440347599164,20260819
calex_like,8,Ext1,AUTO_TRI_N3_G2_N9,tripartite,0.0,False,0.041000440347599164,20260819
calex_like,9,Ext1,AUTO_GG_G0_G1,glia_glia,1.0,True,0.17815864179411847,20260819
calex_like,9,Ext1,AUTO_GG_G1_G3,glia_glia,1.0,True,0.17815864179411847,20260819
calex_like,9,Ext1,AUTO_GG_G2_G5,glia_glia,1.0,True,0.7135422343447728,20260819
calex_like,9,Ext1,AUTO_TRI_N0_G1_N4,tripartite,1.0,True,0.17815864179411847,20260819
calex_like,9,Ext1,AUTO_TRI_N3_G2_N5,tripartite,0.010133884436773048,False,0.07956378441827949,20260819
calex_like,9,Ext1,AUTO_TRI_N3_G2_N9,tripartite,0.010133884436773048,False,0.07956378441827949,20260819
calex_like,10,Ext1,AUTO_GG_G0_G1,glia_glia,1.0,True,0.14252691343529478,20260819
calex_like,10,Ext1,AUTO_GG_G1_G3,glia_glia,1.0,True,0.14252691343529478,20260819
calex_like,10,Ext1,AUTO_GG_G2_G5,glia_glia,1.0,True,0.7728452393561569,20260819
calex_like,10,Ext1,AUTO_TRI_N0_G1_N4,tripartite,1.0,True,0.14252691343529478,20260819
calex_like,10,Ext1,AUTO_TRI_N3_G2_N5,tripartite,0.030469233174460257,False,0.11435806444461172,20260819
calex_like,10,Ext1,AUTO_TRI_N3_G2_N9,tripartite,0.030469233174460257,False,0.11435806444461172,20260819
calex_like,11,Ext1,AUTO_GG_G0_G1,glia_glia,1.0,True,0.11402153074823583,20260819
calex_like,11,Ext1,AUTO_GG_G1_G3,glia_glia,1.0,True,0.11402153074823583,20260819
calex_like,11,Ext1,AUTO_GG_G2_G5,glia_glia,1.0,True,0.8262727160985934,20260819
calex_like,11,Ext1,AUTO_TRI_N0_G1_N4,tripartite,1.0,True,0.11402153074823583,20260819
calex_like,11,Ext1,AUTO_TRI_N3_G2_N5,tripartite,0.06004627466001505,False,0.1458788379239458,20260819
calex_like,11,Ext1,AUTO_TRI_N3_G2_N9,tripartite,0.06004627466001505,False,0.1458788379239458,20260819
calex_like,12,Ext1,AUTO_GG_G0_G1,glia_glia,1.0,True,0.09121722459858866,20260819
calex_like,12,Ext1,AUTO_GG_G1_G3,glia_glia,1.0,True,0.09121722459858866,20260819
calex_like,12,Ext1,AUTO_GG_G2_G5,glia_glia,1.0,True,0.8744532795454076,20260819
calex_like,12,Ext1,AUTO_TRI_N0_G1_N4,tripartite,1.0,True,0.09121722459858866,20260819
calex_like,12,Ext1,AUTO_TRI_N3_G2_N5,tripartite,0.0980464558330073,False,0.17460776078645568,20260819
calex_like,12,Ext1,AUTO_TRI_N3_G2_N9,tripartite,0.0980464558330073,False,0.17460776078645568,20260819
calex_like,13,Ext1,AUTO_GG_G0_G1,glia_glia,1.0,True,0.07297377967887093,20260819
calex_like,13,Ext1,AUTO_GG_G1_G3,glia_glia,1.0,True,0.07297377967887093,20260819
calex_like,13,Ext1,AUTO_GG_G2_G5,glia_glia,1.0,True,0.9179663113271912,20260819
calex_like,13,Ext1,AUTO_TRI_N0_G1_N4,tripartite,1.0,True,0.07297377967887093,20260819
calex_like,13,Ext1,AUTO_TRI_N3_G2_N5,tripartite,0.1437932973406087,False,0.2010294058562832,20260819
calex_like,13,Ext1,AUTO_TRI_N3_G2_N9,tripartite,0.1437932973406087,False,0.2010294058562832,20260819
calex_like,14,Ext1,AUTO_GG_G0_G1,glia_glia,1.0,True,0.05837902374309675,20260819
calex_like,14,Ext1,AUTO_GG_G1_G3,glia_glia,1.0,True,0.05837902374309675,20260819
calex_like,14,Ext1,AUTO_GG_G2_G5,glia_glia,1.0,True,0.9573513667056262,20260819
calex_like,14,Ext1,AUTO_TRI_N0_G1_N4,tripartite,1.0,True,0.05837902374309675,20260819
calex_like,14,Ext1,AUTO_TRI_N3_G2_N5,tripartite,0.19675805245179293,False,0.22564764689707476,20260819
calex_like,14,Ext1,AUTO_TRI_N3_G2_N9,tripartite,0.19675805245179293,False,0.22564764689707476,20260819
calex_like,15,Ext1,AUTO_GG_G0_G1,glia_glia,1.0,True,0.04670321899447741,20260819
calex_like,15,Ext1,AUTO_GG_G1_G3,glia_glia,1.0,True,0.04670321899447741,20260819
calex_like,15,Ext1,AUTO_GG_G2_G5,glia_glia,1.0,True,0.9931169854806743,20260819
calex_like,15,Ext1,AUTO_TRI_N0_G1_N4,tripartite,1.0,True,0.04670321899447741,20260819
calex_like,15,Ext1,AUTO_TRI_N3_G2_N5,tripartite,0.25657002300467263,False,0.24900154242142902,20260819
calex_like,15,Ext1,AUTO_TRI_N3_G2_N9,tripartite,0.25657002300467263,False,0.24900154242142902,20260819
calex_like,16,Ext1,AUTO_GG_G0_G1,glia_glia,1.0,True,0.03736257519558193,20260819
calex_like,16,Ext1,AUTO_GG_G1_G3,glia_glia,1.0,True,0.03736257519558193,20260819
calex_like,16,Ext1,AUTO_GG_G2_G5,glia_glia,1.0,True,1.0,20260819
calex_like,16,Ext1,AUTO_TRI_N0_G1_N4,tripartite,1.0,True,0.03736257519558193,20260819
calex_like,16,Ext1,AUTO_TRI_N3_G2_N5,tripartite,0.3230318004525869,True,0.2716821337955646,20260819
calex_like,16,Ext1,AUTO_TRI_N3_G2_N9,tripartite,0.3230318004525869,True,0.2716821337955646,20260819
calex_like,17,Ext1,AUTO_GG_G0_G1,glia_glia,1.0,True,0.029890060156465545,20260819
calex_like,17,Ext1,AUTO_GG_G1_G3,glia_glia,1.0,True,0.029890060156465545,20260819
calex_like,17,Ext1,AUTO_GG_G2_G5,glia_glia,1.0,True,1.0,20260819
calex_like,17,Ext1,AUTO_TRI_N0_G1_N4,tripartite,1.0,True,0.029890060156465545,20260819
calex_like,17,Ext1,AUTO_TRI_N3_G2_N5,tripartite,0.3961405169430844,True,0.29435294374437526,20260819
calex_like,17,Ext1,AUTO_TRI_N3_G2_N9,tripartite,0.3961405169430844,True,0.29435294374437526,20260819
calex_like,18,Ext1,AUTO_GG_G0_G1,glia_glia,1.0,True,0.023912048125172437,20260819
calex_like,18,Ext1,AUTO_GG_G1_G3,glia_glia,1.0,True,0.023912048125172437,20260819
calex_like,18,Ext1,AUTO_GG_G2_G5,glia_glia,1.0,True,1.0,20260819
calex_like,18,Ext1,AUTO_TRI_N0_G1_N4,tripartite,1.0,True,0.023912048125172437,20260819
calex_like,18,Ext1,AUTO_TRI_N3_G2_N5,tripartite,0.4761174304552753,True,0.31777840144336555,20260819
calex_like,18,Ext1,AUTO_TRI_N3_G2_N9,tripartite,0.4761174304552753,True,0.31777840144336555,20260819
calex_like,19,Ext1,AUTO_GG_G0_G1,glia_glia,1.0,True,0.01912963850013795,20260819
calex_like,19,Ext1,AUTO_GG_G1_G3,glia_glia,1.0,True,0.01912963850013795,20260819
calex_like,19,Ext1,AUTO_GG_G2_G5,glia_glia,1.0,True,1.0,20260819
calex_like,19,Ext1,AUTO_TRI_N0_G1_N4,tripartite,1.0,True,0.01912963850013795,20260819
calex_like,19,Ext1,AUTO_TRI_N3_G2_N5,tripartite,0.5634499431740698,True,0.34286624873731675,20260819
calex_like,19,Ext1,AUTO_TRI_N3_G2_N9,tripartite,0.5634499431740698,True,0.34286624873731675,20260819
calex_like,20,Ext1,AUTO_GG_G0_G1,glia_glia,1.0,True,0.01530371080011036,20260819
calex_like,20,Ext1,AUTO_GG_G1_G3,glia_glia,1.0,True,0.01530371080011036,20260819
calex_like,20,Ext1,AUTO_GG_G2_G5,glia_glia,1.0,True,1.0,20260819
calex_like,20,Ext1,AUTO_TRI_N0_G1_N4,tripartite,1.0,True,0.01530371080011036,20260819
calex_like,20,Ext1,AUTO_TRI_N3_G2_N5,tripartite,0.6589527217914009,True,0.37073269135553966,20260819
calex_like,20,Ext1,AUTO_TRI_N3_G2_N9,tripartite,0.6589527217914009,True,0.37073269135553966,20260819
calex_like,21,Ext1,AUTO_GG_G0_G1,glia_glia,1.0,True,0.012242968640088288,20260819
calex_like,21,Ext1,AUTO_GG_G1_G3,glia_glia,1.0,True,0.012242968640088288,20260819
calex_like,21,Ext1,AUTO_GG_G2_G5,glia_glia,1.0,True,1.0,20260819
calex_like,21,Ext1,AUTO_TRI_N0_G1_N4,tripartite,1.0,True,0.012242968640088288,20260819
calex_like,21,Ext1,AUTO_TRI_N3_G2_N5,tripartite,0.763858398907373,True,0.40280329159197614,20260819
calex_like,21,Ext1,AUTO_TRI_N3_G2_N9,tripartite,0.763858398907373,True,0.40280329159197614,20260819
calex_like,22,Ext1,AUTO_GG_G0_G1,glia_glia,1.0,True,0.00979437491207063,20260819
calex_like,22,Ext1,AUTO_GG_G1_G3,glia_glia,1.0,True,0.00979437491207063,20260819
calex_like,22,Ext1,AUTO_GG_G2_G5,glia_glia,1.0,True,1.0,20260819
calex_like,22,Ext1,AUTO_TRI_N0_G1_N4,tripartite,1.0,True,0.00979437491207063,20260819
calex_like,22,Ext1,AUTO_TRI_N3_G2_N5,tripartite,0.8799539756701181,True,0.44096884217293447,20260819
calex_like,22,Ext1,AUTO_TRI_N3_G2_N9,tripartite,0.8799539756701181,True,0.44096884217293447,20260819
calex_like,23,Ext1,AUTO_GG_G0_G1,glia_glia,1.0,True,0.007835499929656506,20260819
calex_like,23,Ext1,AUTO_GG_G1_G3,glia_glia,1.0,True,0.007835499929656506,20260819
calex_like,23,Ext1,AUTO_GG_G2_G5,glia_glia,1.0,True,1.0,20260819
calex_like,23,Ext1,AUTO_TRI_N0_G1_N4,tripartite,1.0,True,0.007835499929656506,20260819
calex_like,23,Ext1,AUTO_TRI_N3_G2_N5,tripartite,1.0,True,0.487822553419796,20260819
calex_like,23,Ext1,AUTO_TRI_N3_G2_N9,tripartite,1.0,True,0.487822553419796,20260819
calex_like,24,Ext1,AUTO_GG_G0_G1,glia_glia,1.0,True,0.006268399943725205,20260819
calex_like,24,Ext1,AUTO_GG_G1_G3,glia_glia,1.0,True,0.006268399943725205,20260819
calex_like,24,Ext1,AUTO_GG_G2_G5,glia_glia,1.0,True,1.0,20260819
calex_like,24,Ext1,AUTO_TRI_N0_G1_N4,tripartite,1.0,True,0.006268399943725205,20260819
calex_like,24,Ext1,AUTO_TRI_N3_G2_N5,tripartite,1.0,True,0.5460127641758118,20260819
calex_like,24,Ext1,AUTO_TRI_N3_G2_N9,tripartite,1.0,True,0.5460127641758118,20260819
calex_like,25,Ext1,AUTO_GG_G0_G1,glia_glia,1.0,True,0.005014719954980164,20260819
calex_like,25,Ext1,AUTO_GG_G1_G3,glia_glia,1.0,True,0.005014719954980164,20260819
calex_like,25,Ext1,AUTO_GG_G2_G5,glia_glia,1.0,True,1.0,20260819
calex_like,25,Ext1,AUTO_TRI_N0_G1_N4,tripartite,1.0,True,0.005014719954980164,20260819
calex_like,25,Ext1,AUTO_TRI_N3_G2_N5,tripartite,1.0,True,0.6048837632819097,20260819
calex_like,25,Ext1,AUTO_TRI_N3_G2_N9,tripartite,1.0,True,0.6048837632819097,20260819
calex_like,26,Ext1,AUTO_GG_G0_G1,glia_glia,0.9999209420771187,True,0.004011775963984132,20260819
calex_like,26,Ext1,AUTO_GG_G1_G3,glia_glia,0.9999308243174789,True,0.004011775963984132,20260819
calex_like,26,Ext1,AUTO_GG_G2_G5,glia_glia,1.0,True,1.0,20260819
calex_like,26,Ext1,AUTO_TRI_N0_G1_N4,tripartite,0.9999407065578391,True,0.004011775963984132,20260819
calex_like,26,Ext1,AUTO_TRI_N3_G2_N5,tripartite,1.0,True,0.6645919819192015,20260819
calex_like,26,Ext1,AUTO_TRI_N3_G2_N9,tripartite,1.0,True,0.6645919819192015,20260819
calex_like,27,Ext1,AUTO_GG_G0_G1,glia_glia,0.9997776957388137,True,0.0032094207711873056,20260819
calex_like,27,Ext1,AUTO_GG_G1_G3,glia_glia,0.9998054837714621,True,0.0032094207711873056,20260819
calex_like,27,Ext1,AUTO_GG_G2_G5,glia_glia,1.0,True,1.0,20260819
calex_like,27,Ext1,AUTO_TRI_N0_G1_N4,tripartite,0.9998332718041103,True,0.0032094207711873056,20260819
calex_like,27,Ext1,AUTO_TRI_N3_G2_N5,tripartite,1.0,True,0.7252739835859626,20260819
calex_like,27,Ext1,AUTO_TRI_N3_G2_N9,tripartite,1.0,True,0.7252739835859626,20260819
calex_like,28,Ext1,AUTO_GG_G0_G1,glia_glia,0.9995830986681696,True,0.0025675366169498445,20260819
calex_like,28,Ext1,AUTO_GG_G1_G3,glia_glia,0.9996352113346485,True,0.0025675366169498445,20260819
calex_like,28,Ext1,AUTO_GG_G2_G5,glia_glia,1.0,True,1.0,20260819
calex_like,28,Ext1,AUTO_TRI_N0_G1_N4,tripartite,0.9996873240011273,True,0.0025675366169498445,20260819
calex_like,28,Ext1,AUTO_TRI_N3_G2_N5,tripartite,1.0,True,0.787045337551187,20260819
calex_like,28,Ext1,AUTO_TRI_N3_G2_N9,tripartite,1.0,True,0.787045337551187,20260819
calex_like,29,Ext2,AUTO_GG_G0_G1,glia_glia,0.9993474210116544,True,0.002054029293559876,20260819
calex_like,29,Ext2,AUTO_GG_G1_G3,glia_glia,0.9994289933851976,True,0.002054029293559876,20260819
calex_like,29,Ext2,AUTO_GG_G2_G5,glia_glia,1.0,True,1.0,20260819
calex_like,29,Ext2,AUTO_TRI_N0_G1_N4,tripartite,0.9995105657587409,True,0.002054029293559876,20260819
calex_like,29,Ext2,AUTO_TRI_N3_G2_N5,tripartite,1.0,True,0.8499988147901262,20260819
calex_like,29,Ext2,AUTO_TRI_N3_G2_N9,tripartite,1.0,True,0.8499988147901262,20260819
calex_like,30,Ext2,AUTO_GG_G0_G1,glia_glia,0.9990788788864422,True,0.0016432234348479008,20260819
calex_like,30,Ext2,AUTO_GG_G1_G3,glia_glia,0.999194019025637,True,0.0016432234348479008,20260819
calex_like,30,Ext2,AUTO_GG_G2_G5,glia_glia,1.0,True,1.0,20260819
calex_like,30,Ext2,AUTO_TRI_N0_G1_N4,tripartite,0.9993091591648318,True,0.0016432234348479008,20260819
calex_like,30,Ext2,AUTO_TRI_N3_G2_N5,tripartite,1.0,True,0.9142020280017559,20260819
calex_like,30,Ext2,AUTO_TRI_N3_G2_N9,tripartite,1.0,True,0.9142020280017559,20260819
calex_like,31,Ext2,AUTO_GG_G0_G1,glia_glia,0.9987840451862725,True,0.0013145787478783207,20260819
calex_like,31,Ext2,AUTO_GG_G1_G3,glia_glia,0.9989360395379885,True,0.0013145787478783207,20260819
calex_like,31,Ext2,AUTO_GG_G2_G5,glia_glia,1.0,True,1.0,20260819
calex_like,31,Ext2,AUTO_TRI_N0_G1_N4,tripartite,0.9990880338897045,True,0.0013145787478783207,20260819
calex_like,31,Ext2,AUTO_TRI_N3_G2_N5,tripartite,1.0,True,0.979694668099421,20260819
calex_like,31,Ext2,AUTO_TRI_N3_G2_N9,tripartite,1.0,True,0.979694668099421,20260819
calex_like,32,Ext2,AUTO_GG_G0_G1,glia_glia,0.9984681782261368,True,0.0010516629983026566,20260819
calex_like,32,Ext2,AUTO_GG_G1_G3,glia_glia,0.9986596559478697,True,0.0010516629983026566,20260819
calex_like,32,Ext2,AUTO_GG_G2_G5,glia_glia,1.0,True,1.0,20260819
calex_like,32,Ext2,AUTO_TRI_N0_G1_N4,tripartite,0.9988511336696027,True,0.0010516629983026566,20260819
calex_like,32,Ext2,AUTO_TRI_N3_G2_N5,tripartite,1.0,True,1.0,20260819
calex_like,32,Ext2,AUTO_TRI_N3_G2_N9,tripartite,1.0,True,1.0,20260819
calex_like,33,Ext2,AUTO_GG_G0_G1,glia_glia,0.9981354846580281,True,0.0008413303986421253,20260819
calex_like,33,Ext2,AUTO_GG_G1_G3,glia_glia,0.9983685490757745,True,0.0008413303986421253,20260819
calex_like,33,Ext2,AUTO_GG_G2_G5,glia_glia,1.0,True,1.0,20260819
calex_like,33,Ext2,AUTO_TRI_N0_G1_N4,tripartite,0.9986016134935212,True,0.0008413303986421253,20260819
calex_like,33,Ext2,AUTO_TRI_N3_G2_N5,tripartite,1.0,True,1.0,20260819
calex_like,33,Ext2,AUTO_TRI_N3_G2_N9,tripartite,1.0,True,1.0,20260819
calex_like,34,Ext2,AUTO_GG_G0_G1,glia_glia,0.9977893298035413,True,0.0006730643189137003,20260819
calex_like,34,Ext2,AUTO_GG_G1_G3,glia_glia,0.9980656635780986,True,0.0006730643189137003,20260819
calex_like,34,Ext2,AUTO_GG_G2_G5,glia_glia,1.0,True,1.0,20260819
calex_like,34,Ext2,AUTO_TRI_N0_G1_N4,tripartite,0.9983419973526559,True,0.0006730643189137003,20260819
calex_like,34,Ext2,AUTO_TRI_N3_G2_N5,tripartite,1.0,True,1.0,20260819
calex_like,34,Ext2,AUTO_TRI_N3_G2_N9,tripartite,1.0,True,1.0,20260819
calex_like,35,Ext2,AUTO_GG_G0_G1,glia_glia,0.9974324059199517,True,0.0005384514551309603,20260819
calex_like,35,Ext2,AUTO_GG_G1_G3,glia_glia,0.9977533551799578,True,0.0005384514551309603,20260819
calex_like,35,Ext2,AUTO_GG_G2_G5,glia_glia,1.0,True,1.0,20260819
calex_like,35,Ext2,AUTO_TRI_N0_G1_N4,tripartite,0.9980743044399638,True,0.0005384514551309603,20260819
calex_like,35,Ext2,AUTO_TRI_N3_G2_N5,tripartite,1.0,True,1.0,20260819
calex_like,35,Ext2,AUTO_TRI_N3_G2_N9,tripartite,1.0,True,1.0,20260819
calex_like,36,Ext2,AUTO_GG_G0_G1,glia_glia,0.9970668668130801,True,0.00043076116410476823,20260819
calex_like,36,Ext2,AUTO_GG_G1_G3,glia_glia,0.9974335084614451,True,0.00043076116410476823,20260819
calex_like,36,Ext2,AUTO_GG_G2_G5,glia_glia,1.0,True,1.0,20260819
calex_like,36,Ext2,AUTO_TRI_N0_G1_N4,tripartite,0.99780015010981,True,0.00043076116410476823,20260819
calex_like,36,Ext2,AUTO_TRI_N3_G2_N5,tripartite,1.0,True,1.0,20260819
calex_like,36,Ext2,AUTO_TRI_N3_G2_N9,tripartite,1.0,True,1.0,20260819
calex_like,37,Ext2,AUTO_GG_G0_G1,glia_glia,0.9966944355275829,True,0.0003446089312838146,20260819
calex_like,37,Ext2,AUTO_GG_G1_G3,glia_glia,0.9971076310866349,True,0.0003446089312838146,20260819
calex_like,37,Ext2,AUTO_GG_G2_G5,glia_glia,1.0,True,1.0,20260819
calex_like,37,Ext2,AUTO_TRI_N0_G1_N4,tripartite,0.9975208266456871,True,0.0003446089312838146,20260819
calex_like,37,Ext2,AUTO_TRI_N3_G2_N5,tripartite,1.0,True,1.0,20260819
calex_like,37,Ext2,AUTO_TRI_N3_G2_N9,tripartite,1.0,True,1.0,20260819
calex_like,38,Ext2,AUTO_GG_G0_G1,glia_glia,0.996316490499185,True,0.00027568714502705167,20260819
calex_like,38,Ext2,AUTO_GG_G1_G3,glia_glia,0.9967769291867868,True,0.00027568714502705167,20260819
calex_like,38,Ext2,AUTO_GG_G2_G5,glia_glia,1.0,True,1.0,20260819
calex_like,38,Ext2,AUTO_TRI_N0_G1_N4,tripartite,0.9972373678743887,True,0.00027568714502705167,20260819
calex_like,38,Ext2,AUTO_TRI_N3_G2_N5,tripartite,1.0,True,1.0,20260819
calex_like,38,Ext2,AUTO_TRI_N3_G2_N9,tripartite,1.0,True,1.0,20260819
calex_like,39,Ext2,AUTO_GG_G0_G1,glia_glia,0.9959341344764667,True,0.00022054971602164134,20260819
calex_like,39,Ext2,AUTO_GG_G1_G3,glia_glia,0.9964423676669083,True,0.00022054971602164134,20260819
calex_like,39,Ext2,AUTO_GG_G2_G5,glia_glia,1.0,True,1.0,20260819
calex_like,39,Ext2,AUTO_TRI_N0_G1_N4,tripartite,0.99695060085735,True,0.00022054971602164134,20260819
calex_like,39,Ext2,AUTO_TRI_N3_G2_N5,tripartite,1.0,True,1.0,20260819
calex_like,39,Ext2,AUTO_TRI_N3_G2_N9,tripartite,1.0,True,1.0,20260819
calex_like,40,Ext2,AUTO_GG_G0_G1,glia_glia,0.9955482496582921,True,0.0001764397728173131,20260819
calex_like,40,Ext2,AUTO_GG_G1_G3,glia_glia,0.9961047184510056,True,0.0001764397728173131,20260819
calex_like,40,Ext2,AUTO_GG_G2_G5,glia_glia,1.0,True,1.0,20260819
calex_like,40,Ext2,AUTO_TRI_N0_G1_N4,tripartite,0.996661187243719,True,0.0001764397728173131,20260819
calex_like,40,Ext2,AUTO_TRI_N3_G2_N5,tripartite,1.0,True,1.0,20260819
calex_like,40,Ext2,AUTO_TRI_N3_G2_N9,tripartite,1.0,True,1.0,20260819
calex_like,41,Ext2,AUTO_GG_G0_G1,glia_glia,0.9951595418037524,True,0.00014115181825385048,20260819
calex_like,41,Ext2,AUTO_GG_G1_G3,glia_glia,0.9957645990782833,True,0.00014115181825385048,20260819
calex_like,41,Ext2,AUTO_GG_G2_G5,glia_glia,1.0,True,1.0,20260819
calex_like,41,Ext2,AUTO_TRI_N0_G1_N4,tripartite,0.9963696563528143,True,0.00014115181825385048,20260819
calex_like,41,Ext2,AUTO_TRI_N3_G2_N5,tripartite,1.0,True,1.0,20260819
calex_like,41,Ext2,AUTO_TRI_N3_G2_N9,tripartite,1.0,True,1.0,20260819
calex_like,42,Ext2,AUTO_GG_G0_G1,glia_glia,0.9947685755201207,True,0.00011292145460308038,20260819
calex_like,42,Ext2,AUTO_GG_G1_G3,glia_glia,0.9954225035801055,True,0.00011292145460308038,20260819
calex_like,42,Ext2,AUTO_GG_G2_G5,glia_glia,1.0,True,1.0,20260819
calex_like,42,Ext2,AUTO_TRI_N0_G1_N4,tripartite,0.9960764316400904,True,0.00011292145460308038,20260819
calex_like,42,Ext2,AUTO_TRI_N3_G2_N5,tripartite,1.0,True,1.0,20260819
calex_like,42,Ext2,AUTO_TRI_N3_G2_N9,tripartite,1.0,True,1.0,20260819
calex_like,43,Ext2,AUTO_GG_G0_G1,glia_glia,0.9943758024932152,True,9.033716368246431e-05,20260819
calex_like,43,Ext2,AUTO_GG_G1_G3,glia_glia,0.9950788271815633,True,9.033716368246431e-05,20260819
calex_like,43,Ext2,AUTO_GG_G2_G5,glia_glia,1.0,True,1.0,20260819
calex_like,43,Ext2,AUTO_TRI_N0_G1_N4,tripartite,0.9957818518699113,True,9.033716368246431e-05,20260819
calex_like,43,Ext2,AUTO_TRI_N3_G2_N5,tripartite,1.0,True,1.0,20260819
calex_like,43,Ext2,AUTO_TRI_N3_G2_N9,tripartite,1.0,True,1.0,20260819
calex_like,44,Ext2,AUTO_GG_G0_G1,glia_glia,0.9939815840716909,True,7.226973094597146e-05,20260819
calex_like,44,Ext2,AUTO_GG_G1_G3,glia_glia,0.9947338860627295,True,7.226973094597146e-05,20260819
calex_like,44,Ext2,AUTO_GG_G2_G5,glia_glia,1.0,True,1.0,20260819
calex_like,44,Ext2,AUTO_TRI_N0_G1_N4,tripartite,0.9954861880537681,True,7.226973094597146e-05,20260819
calex_like,44,Ext2,AUTO_TRI_N3_G2_N5,tripartite,1.0,True,1.0,20260819
calex_like,44,Ext2,AUTO_TRI_N3_G2_N9,tripartite,1.0,True,1.0,20260819
calex_like,45,Ext2,AUTO_GG_G0_G1,glia_glia,0.9935862093344714,True,5.781578475677717e-05,20260819
calex_like,45,Ext2,AUTO_GG_G1_G3,glia_glia,0.9943879331676625,True,5.781578475677717e-05,20260819
calex_like,45,Ext2,AUTO_GG_G2_G5,glia_glia,1.0,True,1.0,20260819
calex_like,45,Ext2,AUTO_TRI_N0_G1_N4,tripartite,0.9951896570008535,True,5.781578475677717e-05,20260819
calex_like,45,Ext2,AUTO_TRI_N3_G2_N5,tripartite,1.0,True,1.0,20260819
calex_like,45,Ext2,AUTO_TRI_N3_G2_N9,tripartite,1.0,True,1.0,20260819
calex_like,46,Ext2,AUTO_GG_G0_G1,glia_glia,0.9931899095446959,True,4.6252627805421734e-05,20260819
calex_like,46,Ext2,AUTO_GG_G1_G3,glia_glia,0.9940411708516089,True,4.6252627805421734e-05,20260819
calex_like,46,Ext2,AUTO_GG_G2_G5,glia_glia,1.0,True,1.0,20260819
calex_like,46,Ext2,AUTO_TRI_N0_G1_N4,tripartite,0.9948924321585219,True,4.6252627805421734e-05,20260819
calex_like,46,Ext2,AUTO_TRI_N3_G2_N5,tripartite,1.0,True,1.0,20260819
calex_like,46,Ext2,AUTO_TRI_N3_G2_N9,tripartite,1.0,True,1.0,20260819
calex_like,47,Ext2,AUTO_GG_G0_G1,glia_glia,0.9927928697128754,True,3.700210224433739e-05,20260819
calex_like,47,Ext2,AUTO_GG_G1_G3,glia_glia,0.993693760998766,True,3.700210224433739e-05,20260819
calex_like,47,Ext2,AUTO_GG_G2_G5,glia_glia,1.0,True,1.0,20260819
calex_like,47,Ext2,AUTO_TRI_N0_G1_N4,tripartite,0.9945946522846565,True,3.700210224433739e-05,20260819
calex_like,47,Ext2,AUTO_TRI_N3_G2_N5,tripartite,1.0,True,1.0,20260819
calex_like,47,Ext2,AUTO_TRI_N3_G2_N9,tripartite,1.0,True,1.0,20260819
calex_like,48,Ext2,AUTO_GG_G0_G1,glia_glia,0.992395237847419,True,2.960168179546991e-05,20260819
calex_like,48,Ext2,AUTO_GG_G1_G3,glia_glia,0.9933458331164917,True,2.960168179546991e-05,20260819
calex_like,48,Ext2,AUTO_GG_G2_G5,glia_glia,1.0,True,1.0,20260819
calex_like,48,Ext2,AUTO_TRI_N0_G1_N4,tripartite,0.9942964283855642,True,2.960168179546991e-05,20260819
calex_like,48,Ext2,AUTO_TRI_N3_G2_N5,tripartite,1.0,True,1.0,20260819
calex_like,48,Ext2,AUTO_TRI_N3_G2_N9,tripartite,1.0,True,1.0,20260819
calex_like,49,Ext2,AUTO_GG_G0_G1,glia_glia,0.9919971323550539,True,2.368134543637593e-05,20260819
calex_like,49,Ext2,AUTO_GG_G1_G3,glia_glia,0.9929974908106722,True,2.368134543637593e-05,20260819
calex_like,49,Ext2,AUTO_GG_G2_G5,glia_glia,1.0,True,1.0,20260819
calex_like,49,Ext2,AUTO_TRI_N0_G1_N4,tripartite,0.9939978492662904,True,2.368134543637593e-05,20260819
calex_like,49,Ext2,AUTO_TRI_N3_G2_N5,tripartite,1.0,True,1.0,20260819
calex_like,49,Ext2,AUTO_TRI_N3_G2_N9,tripartite,1.0,True,1.0,20260819
calex_like,50,Ext2,AUTO_GG_G0_G1,glia_glia,0.9915986479611618,True,1.8945076349100747e-05,20260819
calex_like,50,Ext2,AUTO_GG_G1_G3,glia_glia,0.9926488169660167,True,1.8945076349100747e-05,20260819
calex_like,50,Ext2,AUTO_GG_G2_G5,glia_glia,1.0,True,1.0,20260819
calex_like,50,Ext2,AUTO_TRI_N0_G1_N4,tripartite,0.9936989859708714,True,1.8945076349100747e-05,20260819
calex_like,50,Ext2,AUTO_TRI_N3_G2_N5,tripartite,1.0,True,1.0,20260819
calex_like,50,Ext2,AUTO_TRI_N3_G2_N9,tripartite,1.0,True,1.0,20260819
calex_like,51,Ext2,AUTO_GG_G0_G1,glia_glia,0.9911998604460481,True,1.5156061079280599e-05,20260819
calex_like,51,Ext2,AUTO_GG_G1_G3,glia_glia,0.9922998778902923,True,1.5156061079280599e-05,20260819
calex_like,51,Ext2,AUTO_GG_G2_G5,glia_glia,1.0,True,1.0,20260819
calex_like,51,Ext2,AUTO_TRI_N0_G1_N4,tripartite,0.9933998953345361,True,1.5156061079280599e-05,20260819
calex_like,51,Ext2,AUTO_TRI_N3_G2_N5,tripartite,1.0,True,1.0,20260819
calex_like,51,Ext2,AUTO_TRI_N3_G2_N9,tripartite,1.0,True,1.0,20260819
calex_like,52,Ext2,AUTO_GG_G0_G1,glia_glia,0.9908008304339572,True,1.2124848863424479e-05,20260819
calex_like,52,Ext2,AUTO_GG_G1_G3,glia_glia,0.9919507266297127,True,1.2124848863424479e-05,20260819
calex_like,52,Ext2,AUTO_GG_G2_G5,glia_glia,1.0,True,1.0,20260819
calex_like,52,Ext2,AUTO_TRI_N0_G1_N4,tripartite,0.9931006228254678,True,1.2124848863424479e-05,20260819
calex_like,52,Ext2,AUTO_TRI_N3_G2_N5,tripartite,1.0,True,1.0,20260819
calex_like,52,Ext2,AUTO_TRI_N3_G2_N9,tripartite,1.0,True,1.0,20260819
calex_like,53,Ext2,AUTO_GG_G0_G1,glia_glia,0.9904016064242844,True,9.699879090739585e-06,20260819
calex_like,53,Ext2,AUTO_GG_G1_G3,glia_glia,0.9916014056212491,True,9.699879090739585e-06,20260819
calex_like,53,Ext2,AUTO_GG_G2_G5,glia_glia,1.0,True,1.0,20260819
calex_like,53,Ext2,AUTO_TRI_N0_G1_N4,tripartite,0.9928012048182133,True,9.699879090739585e-06,20260819
calex_like,53,Ext2,AUTO_TRI_N3_G2_N5,tripartite,1.0,True,1.0,20260819
calex_like,53,Ext2,AUTO_TRI_N3_G2_N9,tripartite,1.0,True,1.0,20260819
calex_like,54,E-Ret,AUTO_GG_G0_G1,glia_glia,0.9904016064242844,True,9.699879090739585e-06,20260819
calex_like,54,E-Ret,AUTO_GG_G1_G3,glia_glia,0.9916014056212491,True,9.699879090739585e-06,20260819
calex_like,54,E-Ret,AUTO_GG_G2_G5,glia_glia,1.0,True,1.0,20260819
calex_like,54,E-Ret,AUTO_TRI_N0_G1_N4,tripartite,0.9928012048182133,True,9.699879090739585e-06,20260819
calex_like,54,E-Ret,AUTO_TRI_N3_G2_N5,tripartite,1.0,True,1.0,20260819
calex_like,54,E-Ret,AUTO_TRI_N3_G2_N9,tripartite,1.0,True,1.0,20260819
calex_like,55,E-Ret,AUTO_GG_G0_G1,glia_glia,0.9904016064242844,True,9.699879090739585e-06,20260819
calex_like,55,E-Ret,AUTO_GG_G1_G3,glia_glia,0.9916014056212491,True,9.699879090739585e-06,20260819
calex_like,55,E-Ret,AUTO_GG_G2_G5,glia_glia,1.0,True,1.0,20260819
calex_like,55,E-Ret,AUTO_TRI_N0_G1_N4,tripartite,0.9928012048182133,True,9.699879090739585e-06,20260819
calex_like,55,E-Ret,AUTO_TRI_N3_G2_N5,tripartite,1.0,True,1.0,20260819
calex_like,55,E-Ret,AUTO_TRI_N3_G2_N9,tripartite,1.0,True,1.0,20260819
calex_like,56,E-Ret,AUTO_GG_G0_G1,glia_glia,0.9904016064242844,True,9.699879090739585e-06,20260819
calex_like,56,E-Ret,AUTO_GG_G1_G3,glia_glia,0.9916014056212491,True,9.699879090739585e-06,20260819
calex_like,56,E-Ret,AUTO_GG_G2_G5,glia_glia,1.0,True,1.0,20260819
calex_like,56,E-Ret,AUTO_TRI_N0_G1_N4,tripartite,0.9928012048182133,True,9.699879090739585e-06,20260819
calex_like,56,E-Ret,AUTO_TRI_N3_G2_N5,tripartite,1.0,True,1.0,20260819
calex_like,56,E-Ret,AUTO_TRI_N3_G2_N9,tripartite,1.0,True,1.0,20260819
calex_like,57,E-Ret,AUTO_GG_G0_G1,glia_glia,0.9904016064242844,True,9.699879090739585e-06,20260819
calex_like,57,E-Ret,AUTO_GG_G1_G3,glia_glia,0.9916014056212491,True,9.699879090739585e-06,20260819
calex_like,57,E-Ret,AUTO_GG_G2_G5,glia_glia,1.0,True,1.0,20260819
calex_like,57,E-Ret,AUTO_TRI_N0_G1_N4,tripartite,0.9928012048182133,True,9.699879090739585e-06,20260819
calex_like,57,E-Ret,AUTO_TRI_N3_G2_N5,tripartite,1.0,True,1.0,20260819
calex_like,57,E-Ret,AUTO_TRI_N3_G2_N9,tripartite,1.0,True,1.0,20260819
calex_like,58,E-Ret,AUTO_GG_G0_G1,glia_glia,0.9904016064242844,True,9.699879090739585e-06,20260819
calex_like,58,E-Ret,AUTO_GG_G1_G3,glia_glia,0.9916014056212491,True,9.699879090739585e-06,20260819
calex_like,58,E-Ret,AUTO_GG_G2_G5,glia_glia,1.0,True,1.0,20260819
calex_like,58,E-Ret,AUTO_TRI_N0_G1_N4,tripartite,0.9928012048182133,True,9.699879090739585e-06,20260819
calex_like,58,E-Ret,AUTO_TRI_N3_G2_N5,tripartite,1.0,True,1.0,20260819
calex_like,58,E-Ret,AUTO_TRI_N3_G2_N9,tripartite,1.0,True,1.0,20260819
calex_like,59,F-Ren,AUTO_GG_G0_G1,glia_glia,0.9904016064242844,True,9.699879090739585e-06,20260819
calex_like,59,F-Ren,AUTO_GG_G1_G3,glia_glia,0.9916014056212491,True,9.699879090739585e-06,20260819
calex_like,59,F-Ren,AUTO_GG_G2_G5,glia_glia,1.0,True,1.0,20260819
calex_like,59,F-Ren,AUTO_TRI_N0_G1_N4,tripartite,0.9928012048182133,True,9.699879090739585e-06,20260819
calex_like,59,F-Ren,AUTO_TRI_N3_G2_N5,tripartite,1.0,True,1.0,20260819
calex_like,59,F-Ren,AUTO_TRI_N3_G2_N9,tripartite,1.0,True,1.0,20260819
calex_like,60,F-Ren,AUTO_GG_G0_G1,glia_glia,0.9904016064242844,True,9.699879090739585e-06,20260819
calex_like,60,F-Ren,AUTO_GG_G1_G3,glia_glia,0.9916014056212491,True,9.699879090739585e-06,20260819
calex_like,60,F-Ren,AUTO_GG_G2_G5,glia_glia,1.0,True,1.0,20260819
calex_like,60,F-Ren,AUTO_TRI_N0_G1_N4,tripartite,0.9928012048182133,True,9.699879090739585e-06,20260819
calex_like,60,F-Ren,AUTO_TRI_N3_G2_N5,tripartite,1.0,True,1.0,20260819
calex_like,60,F-Ren,AUTO_TRI_N3_G2_N9,tripartite,1.0,True,1.0,20260819
calex_like,61,F-Ren,AUTO_GG_G0_G1,glia_glia,0.9904016064242844,True,9.699879090739585e-06,20260819
calex_like,61,F-Ren,AUTO_GG_G1_G3,glia_glia,0.9916014056212491,True,9.699879090739585e-06,20260819
calex_like,61,F-Ren,AUTO_GG_G2_G5,glia_glia,1.0,True,1.0,20260819
calex_like,61,F-Ren,AUTO_TRI_N0_G1_N4,tripartite,0.9928012048182133,True,9.699879090739585e-06,20260819
calex_like,61,F-Ren,AUTO_TRI_N3_G2_N5,tripartite,1.0,True,1.0,20260819
calex_like,61,F-Ren,AUTO_TRI_N3_G2_N9,tripartite,1.0,True,1.0,20260819
calex_like,62,F-Ren,AUTO_GG_G0_G1,glia_glia,0.9904016064242844,True,9.699879090739585e-06,20260819
calex_like,62,F-Ren,AUTO_GG_G1_G3,glia_glia,0.9916014056212491,True,9.699879090739585e-06,20260819
calex_like,62,F-Ren,AUTO_GG_G2_G5,glia_glia,1.0,True,1.0,20260819
calex_like,62,F-Ren,AUTO_TRI_N0_G1_N4,tripartite,0.9928012048182133,True,9.699879090739585e-06,20260819
calex_like,62,F-Ren,AUTO_TRI_N3_G2_N5,tripartite,1.0,True,1.0,20260819
calex_like,62,F-Ren,AUTO_TRI_N3_G2_N9,tripartite,1.0,True,1.0,20260819
calex_like,63,F-Ren,AUTO_GG_G0_G1,glia_glia,0.9904016064242844,True,9.699879090739585e-06,20260819
calex_like,63,F-Ren,AUTO_GG_G1_G3,glia_glia,0.9916014056212491,True,9.699879090739585e-06,20260819
calex_like,63,F-Ren,AUTO_GG_G2_G5,glia_glia,1.0,True,1.0,20260819
calex_like,63,F-Ren,AUTO_TRI_N0_G1_N4,tripartite,0.9928012048182133,True,9.699879090739585e-06,20260819
calex_like,63,F-Ren,AUTO_TRI_N3_G2_N5,tripartite,1.0,True,1.0,20260819
calex_like,63,F-Ren,AUTO_TRI_N3_G2_N9,tripartite,1.0,True,1.0,20260819
hm3dq_like,1,F-Con,AUTO_GG_G0_G1,glia_glia,0.9593537143165668,True,0.243639236436246,20260819
hm3dq_like,1,F-Con,AUTO_GG_G1_G3,glia_glia,0.404086960657421,True,0.13064578932941684,20260819
hm3dq_like,1,F-Con,AUTO_GG_G2_G5,glia_glia,0.0,False,0.0,20260819
hm3dq_like,1,F-Con,AUTO_TRI_N0_G1_N4,tripartite,0.0,False,0.002220606289620657,20260819
hm3dq_like,1,F-Con,AUTO_TRI_N3_G2_N5,tripartite,0.0,False,0.0,20260819
hm3dq_like,1,F-Con,AUTO_TRI_N3_G2_N9,tripartite,0.0,False,0.0,20260819
hm3dq_like,2,F-Con,AUTO_GG_G0_G1,glia_glia,1.0,True,0.41680761926038906,20260819
hm3dq_like,2,F-Con,AUTO_GG_G1_G3,glia_glia,1.0,True,0.24793464773718882,20260819
hm3dq_like,2,F-Con,AUTO_GG_G2_G5,glia_glia,0.0,False,0.0,20260819
hm3dq_like,2,F-Con,AUTO_TRI_N0_G1_N4,tripartite,0.6563894360681201,True,0.07031074888877795,20260819
hm3dq_like,2,F-Con,AUTO_TRI_N3_G2_N5,tripartite,0.0,False,0.0,20260819
hm3dq_like,2,F-Con,AUTO_TRI_N3_G2_N9,tripartite,0.0,False,0.0,20260819
hm3dq_like,3,F-Con,AUTO_GG_G0_G1,glia_glia,1.0,True,0.5864300569054746,20260819
hm3dq_like,3,F-Con,AUTO_GG_G1_G3,glia_glia,1.0,True,0.35373935863584377,20260819
hm3dq_like,3,F-Con,AUTO_GG_G2_G5,glia_glia,0.0,False,0.0,20260819
hm3dq_like,3,F-Con,AUTO_TRI_N0_G1_N4,tripartite,1.0,True,0.19682409813996554,20260819
hm3dq_like,3,F-Con,AUTO_TRI_N3_G2_N5,tripartite,0.0,False,0.0,20260819
hm3dq_like,3,F-Con,AUTO_TRI_N3_G2_N9,tripartite,0.0,False,0.0,20260819
hm3dq_like,4,Ext1,AUTO_GG_G0_G1,glia_glia,1.0,True,0.5365751059194069,20260819
hm3dq_like,4,Ext1,AUTO_GG_G1_G3,glia_glia,1.0,True,0.31912149363017617,20260819
hm3dq_like,4,Ext1,AUTO_GG_G2_G5,glia_glia,0.029292909632689053,False,0.1649830810994733,20260819
hm3dq_like,4,Ext1,AUTO_TRI_N0_G1_N4,tripartite,1.0,True,0.20361773325041602,20260819
hm3dq_like,4,Ext1,AUTO_TRI_N3_G2_N5,tripartite,0.0,False,0.003724737147165165,20260819
hm3dq_like,4,Ext1,AUTO_TRI_N3_G2_N9,tripartite,0.0,False,0.003724737147165165,20260819
hm3dq_like,5,Ext1,AUTO_GG_G0_G1,glia_glia,1.0,True,0.43495762156767204,20260819
hm3dq_like,5,Ext1,AUTO_GG_G1_G3,glia_glia,1.0,True,0.287971531900157,20260819
hm3dq_like,5,Ext1,AUTO_GG_G2_G5,glia_glia,0.09338693793479827,False,0.31346785408899924,20260819
hm3dq_like,5,Ext1,AUTO_TRI_N0_G1_N4,tripartite,1.0,True,0.20994351399805372,20260819
hm3dq_like,5,Ext1,AUTO_TRI_N3_G2_N5,tripartite,0.0,False,0.0037295178076952006,20260819
hm3dq_like,5,Ext1,AUTO_TRI_N3_G2_N9,tripartite,0.0,False,0.0037295178076952006,20260819
hm3dq_like,6,Ext1,AUTO_GG_G0_G1,glia_glia,1.0,True,0.34796609725413763,20260819
hm3dq_like,6,Ext1,AUTO_GG_G1_G3,glia_glia,1.0,True,0.25994228168506717,20260819
hm3dq_like,6,Ext1,AUTO_GG_G2_G5,glia_glia,0.18880197303938562,False,0.44710414977957263,20260819
hm3dq_like,6,Ext1,AUTO_TRI_N0_G1_N4,tripartite,1.0,True,0.21583430498485195,20260819
hm3dq_like,6,Ext1,AUTO_TRI_N3_G2_N5,tripartite,0.0,False,0.0037338204021722323,20260819
hm3dq_like,6,Ext1,AUTO_TRI_N3_G2_N9,tripartite,0.0,False,0.0037338204021722323,20260819
hm3dq_like,7,Ext1,AUTO_GG_G0_G1,glia_glia,1.0,True,0.2783728778033101,20260819
hm3dq_like,7,Ext1,AUTO_GG_G1_G3,glia_glia,1.0,True,0.23472129596699615,20260819
hm3dq_like,7,Ext1,AUTO_GG_G2_G5,glia_glia,0.3124059142662033,True,0.5673768159010887,20260819
hm3dq_like,7,Ext1,AUTO_TRI_N0_G1_N4,tripartite,1.0,True,0.2213205760849225,20260819
hm3dq_like,7,Ext1,AUTO_TRI_N3_G2_N5,tripartite,0.0,False,0.003737692737201561,20260819
hm3dq_like,7,Ext1,AUTO_TRI_N3_G2_N9,tripartite,0.0,False,0.003737692737201561,20260819
hm3dq_like,8,Ext1,AUTO_GG_G0_G1,glia_glia,1.0,True,0.22269830224264808,20260819
hm3dq_like,8,Ext1,AUTO_GG_G1_G3,glia_glia,1.0,True,0.2120273964828068,20260819
hm3dq_like,8,Ext1,AUTO_GG_G2_G5,glia_glia,0.46115920945321753,True,0.6746807261312606,20260819
hm3dq_like,8,Ext1,AUTO_TRI_N0_G1_N4,tripartite,1.0,True,0.22269830224264808,20260819
hm3dq_like,8,Ext1,AUTO_TRI_N3_G2_N5,tripartite,0.0,False,0.0048518393362532945,20260819
hm3dq_like,8,Ext1,AUTO_TRI_N3_G2_N9,tripartite,0.0,False,0.0048518393362532945,20260819
hm3dq_like,9,Ext1,AUTO_GG_G0_G1,glia_glia,1.0,True,0.17815864179411847,20260819
hm3dq_like,9,Ext1,AUTO_GG_G1_G3,glia_glia,1.0,True,0.17815864179411847,20260819
hm3dq_like,9,Ext1,AUTO_GG_G2_G5,glia_glia,0.6322906439127107,True,0.7701607870271708,20260819
hm3dq_like,9,Ext1,AUTO_TRI_N0_G1_N4,tripartite,1.0,True,0.17815864179411847,20260819
hm3dq_like,9,Ext1,AUTO_TRI_N3_G2_N5,tripartite,0.0,False,0.007145679482829759,20260819
hm3dq_like,9,Ext1,AUTO_TRI_N3_G2_N9,tripartite,0.0,False,0.007145679482829759,20260819
hm3dq_like,10,Ext1,AUTO_GG_G0_G1,glia_glia,1.0,True,0.14252691343529478,20260819
hm3dq_like,10,Ext1,AUTO_GG_G1_G3,glia_glia,1.0,True,0.14252691343529478,20260819
hm3dq_like,10,Ext1,AUTO_GG_G2_G5,glia_glia,0.8231544641684472,True,0.8543522997578086,20260819
hm3dq_like,10,Ext1,AUTO_TRI_N0_G1_N4,tripartite,1.0,True,0.14252691343529478,20260819
hm3dq_like,10,Ext1,AUTO_TRI_N3_G2_N5,tripartite,0.0,False,0.011267957661389928,20260819
hm3dq_like,10,Ext1,AUTO_TRI_N3_G2_N9,tripartite,0.0,False,0.011267957661389928,20260819
hm3dq_like,11,Ext1,AUTO_GG_G0_G1,glia_glia,1.0,True,0.11402153074823583,20260819
hm3dq_like,11,Ext1,AUTO_GG_G1_G3,glia_glia,1.0,True,0.11402153074823583,20260819
hm3dq_like,11,Ext1,AUTO_GG_G2_G5,glia_glia,1.0,True,0.9276243101274845,20260819
hm3dq_like,11,Ext1,AUTO_TRI_N0_G1_N4,tripartite,1.0,True,0.11402153074823583,20260819
hm3dq_like,11,Ext1,AUTO_TRI_N3_G2_N5,tripartite,0.0,False,0.017940095897749628,20260819
hm3dq_like,11,Ext1,AUTO_TRI_N3_G2_N9,tripartite,0.0,False,0.017940095897749628,20260819
hm3dq_like,12,Ext1,AUTO_GG_G0_G1,glia_glia,1.0,True,0.09121722459858866,20260819
hm3dq_like,12,Ext1,AUTO_GG_G1_G3,glia_glia,1.0,True,0.09121722459858866,20260819
hm3dq_like,12,Ext1,AUTO_GG_G2_G5,glia_glia,1.0,True,0.9907876852307675,20260819
hm3dq_like,12,Ext1,AUTO_TRI_N0_G1_N4,tripartite,1.0,True,0.09121722459858866,20260819
hm3dq_like,12,Ext1,AUTO_TRI_N3_G2_N5,tripartite,0.0,False,0.027248783927692734,20260819
hm3dq_like,12,Ext1,AUTO_TRI_N3_G2_N9,tripartite,0.0,False,0.027248783927692734,20260819
hm3dq_like,13,Ext1,AUTO_GG_G0_G1,glia_glia,1.0,True,0.07297377967887093,20260819
hm3dq_like,13,Ext1,AUTO_GG_G1_G3,glia_glia,1.0,True,0.07297377967887093,20260819
hm3dq_like,13,Ext1,AUTO_GG_G2_G5,glia_glia,1.0,True,1.0,20260819
hm3dq_like,13,Ext1,AUTO_TRI_N0_G1_N4,tripartite,1.0,True,0.07297377967887093,20260819
hm3dq_like,13,Ext1,AUTO_TRI_N3_G2_N5,tripartite,0.0,False,0.03562660315464153,20260819
hm3dq_like,13,Ext1,AUTO_TRI_N3_G2_N9,tripartite,0.0,False,0.03562660315464153,20260819
hm3dq_like,14,Ext1,AUTO_GG_G0_G1,glia_glia,1.0,True,0.05837902374309675,20260819
hm3dq_like,14,Ext1,AUTO_GG_G1_G3,glia_glia,1.0,True,0.05837902374309675,20260819
hm3dq_like,14,Ext1,AUTO_GG_G2_G5,glia_glia,1.0,True,1.0,20260819
hm3dq_like,14,Ext1,AUTO_TRI_N0_G1_N4,tripartite,1.0,True,0.05837902374309675,20260819
hm3dq_like,14,Ext1,AUTO_TRI_N3_G2_N5,tripartite,0.0,False,0.04316664045889544,20260819
hm3dq_like,14,Ext1,AUTO_TRI_N3_G2_N9,tripartite,0.0,False,0.04316664045889544,20260819
hm3dq_like,15,Ext1,AUTO_GG_G0_G1,glia_glia,1.0,True,0.04670321899447741,20260819
hm3dq_like,15,Ext1,AUTO_GG_G1_G3,glia_glia,1.0,True,0.04670321899447741,20260819
hm3dq_like,15,Ext1,AUTO_GG_G2_G5,glia_glia,1.0,True,1.0,20260819
hm3dq_like,15,Ext1,AUTO_TRI_N0_G1_N4,tripartite,1.0,True,0.04670321899447741,20260819
hm3dq_like,15,Ext1,AUTO_TRI_N3_G2_N5,tripartite,0.0006534418095531098,False,0.049952674032723965,20260819
hm3dq_like,15,Ext1,AUTO_TRI_N3_G2_N9,tripartite,0.0006534418095531098,False,0.049952674032723965,20260819
hm3dq_like,16,Ext1,AUTO_GG_G0_G1,glia_glia,1.0,True,0.03736257519558193,20260819
hm3dq_like,16,Ext1,AUTO_GG_G1_G3,glia_glia,1.0,True,0.03736257519558193,20260819
hm3dq_like,16,Ext1,AUTO_GG_G2_G5,glia_glia,1.0,True,1.0,20260819
hm3dq_like,16,Ext1,AUTO_TRI_N0_G1_N4,tripartite,1.0,True,0.03736257519558193,20260819
hm3dq_like,16,Ext1,AUTO_TRI_N3_G2_N5,tripartite,0.0021129206689477916,False,0.05606192310096762,20260819
hm3dq_like,16,Ext1,AUTO_TRI_N3_G2_N9,tripartite,0.0021129206689477916,False,0.05606192310096762,20260819
hm3dq_like,17,Ext1,AUTO_GG_G0_G1,glia_glia,1.0,True,0.029890060156465545,20260819
hm3dq_like,17,Ext1,AUTO_GG_G1_G3,glia_glia,1.0,True,0.029890060156465545,20260819
hm3dq_like,17,Ext1,AUTO_GG_G2_G5,glia_glia,1.0,True,1.0,20260819
hm3dq_like,17,Ext1,AUTO_TRI_N0_G1_N4,tripartite,1.0,True,0.029890060156465545,20260819
hm3dq_like,17,Ext1,AUTO_TRI_N3_G2_N5,tripartite,0.004298381072643434,False,0.06156440226610586,20260819
hm3dq_like,17,Ext1,AUTO_TRI_N3_G2_N9,tripartite,0.004298381072643434,False,0.06156440226610586,20260819
hm3dq_like,18,Ext1,AUTO_GG_G0_G1,glia_glia,1.0,True,0.023912048125172437,20260819
hm3dq_like,18,Ext1,AUTO_GG_G1_G3,glia_glia,1.0,True,0.023912048125172437,20260819
hm3dq_like,18,Ext1,AUTO_GG_G2_G5,glia_glia,1.0,True,1.0,20260819
hm3dq_like,18,Ext1,AUTO_TRI_N0_G1_N4,tripartite,1.0,True,0.023912048125172437,20260819
hm3dq_like,18,Ext1,AUTO_TRI_N3_G2_N5,tripartite,0.007138065521181419,False,0.06652300514566488,20260819
hm3dq_like,18,Ext1,AUTO_TRI_N3_G2_N9,tripartite,0.007138065521181419,False,0.06652300514566488,20260819
hm3dq_like,19,Ext1,AUTO_GG_G0_G1,glia_glia,1.0,True,0.01912963850013795,20260819
hm3dq_like,19,Ext1,AUTO_GG_G1_G3,glia_glia,1.0,True,0.01912963850013795,20260819
hm3dq_like,19,Ext1,AUTO_GG_G2_G5,glia_glia,1.0,True,1.0,20260819
hm3dq_like,19,Ext1,AUTO_TRI_N0_G1_N4,tripartite,1.0,True,0.01912963850013795,20260819
hm3dq_like,19,Ext1,AUTO_TRI_N3_G2_N5,tripartite,0.010567671001852285,False,0.07099423201619584,20260819
hm3dq_like,19,Ext1,AUTO_TRI_N3_G2_N9,tripartite,0.010567671001852285,False,0.07099423201619584,20260819
hm3dq_like,20,Ext1,AUTO_GG_G0_G1,glia_glia,1.0,True,0.01530371080011036,20260819
hm3dq_like,20,Ext1,AUTO_GG_G1_G3,glia_glia,1.0,True,0.01530371080011036,20260819
hm3dq_like,20,Ext1,AUTO_GG_G2_G5,glia_glia,1.0,True,1.0,20260819
hm3dq_like,20,Ext1,AUTO_TRI_N0_G1_N4,tripartite,1.0,True,0.01530371080011036,20260819
hm3dq_like,20,Ext1,AUTO_TRI_N3_G2_N5,tripartite,0.014529591731489197,False,0.07502884362542263,20260819
hm3dq_like,20,Ext1,AUTO_TRI_N3_G2_N9,tripartite,0.014529591731489197,False,0.07502884362542263,20260819
hm3dq_like,21,Ext1,AUTO_GG_G0_G1,glia_glia,1.0,True,0.012242968640088288,20260819
hm3dq_like,21,Ext1,AUTO_GG_G1_G3,glia_glia,1.0,True,0.012242968640088288,20260819
hm3dq_like,21,Ext1,AUTO_GG_G2_G5,glia_glia,1.0,True,1.0,20260819
hm3dq_like,21,Ext1,AUTO_TRI_N0_G1_N4,tripartite,1.0,True,0.012242968640088288,20260819
hm3dq_like,21,Ext1,AUTO_TRI_N3_G2_N5,tripartite,0.01897223934207215,False,0.07867244815957714,20260819
hm3dq_like,21,Ext1,AUTO_TRI_N3_G2_N9,tripartite,0.01897223934207215,False,0.07867244815957714,20260819
hm3dq_like,22,Ext1,AUTO_GG_G0_G1,glia_glia,1.0,True,0.00979437491207063,20260819
hm3dq_like,22,Ext1,AUTO_GG_G1_G3,glia_glia,1.0,True,0.00979437491207063,20260819
hm3dq_like,22,Ext1,AUTO_GG_G2_G5,glia_glia,1.0,True,1.0,20260819
hm3dq_like,22,Ext1,AUTO_TRI_N0_G1_N4,tripartite,1.0,True,0.00979437491207063,20260819
hm3dq_like,22,Ext1,AUTO_TRI_N3_G2_N5,tripartite,0.023849432556456055,False,0.08196602793441768,20260819
hm3dq_like,22,Ext1,AUTO_TRI_N3_G2_N9,tripartite,0.023849432556456055,False,0.08196602793441768,20260819
hm3dq_like,23,Ext1,AUTO_GG_G0_G1,glia_glia,1.0,True,0.007835499929656506,20260819
hm3dq_like,23,Ext1,AUTO_GG_G1_G3,glia_glia,1.0,True,0.007835499929656506,20260819
hm3dq_like,23,Ext1,AUTO_GG_G2_G5,glia_glia,1.0,True,1.0,20260819
hm3dq_like,23,Ext1,AUTO_TRI_N0_G1_N4,tripartite,1.0,True,0.007835499929656506,20260819
hm3dq_like,23,Ext1,AUTO_TRI_N3_G2_N5,tripartite,0.029119849203474744,False,0.08494641188811783,20260819
hm3dq_like,23,Ext1,AUTO_TRI_N3_G2_N9,tripartite,0.029119849203474744,False,0.08494641188811783,20260819
hm3dq_like,24,Ext1,AUTO_GG_G0_G1,glia_glia,1.0,True,0.006268399943725205,20260819
hm3dq_like,24,Ext1,AUTO_GG_G1_G3,glia_glia,1.0,True,0.006268399943725205,20260819
hm3dq_like,24,Ext1,AUTO_GG_G2_G5,glia_glia,1.0,True,1.0,20260819
hm3dq_like,24,Ext1,AUTO_TRI_N0_G1_N4,tripartite,1.0,True,0.006268399943725205,20260819
hm3dq_like,24,Ext1,AUTO_TRI_N3_G2_N5,tripartite,0.03474653415531671,False,0.08764669943658002,20260819
hm3dq_like,24,Ext1,AUTO_TRI_N3_G2_N9,tripartite,0.03474653415531671,False,0.08764669943658002,20260819
hm3dq_like,25,Ext1,AUTO_GG_G0_G1,glia_glia,1.0,True,0.005014719954980164,20260819
hm3dq_like,25,Ext1,AUTO_GG_G1_G3,glia_glia,1.0,True,0.005014719954980164,20260819
hm3dq_like,25,Ext1,AUTO_GG_G2_G5,glia_glia,1.0,True,1.0,20260819
hm3dq_like,25,Ext1,AUTO_TRI_N0_G1_N4,tripartite,1.0,True,0.005014719954980164,20260819
hm3dq_like,25,Ext1,AUTO_TRI_N3_G2_N5,tripartite,0.04069645743569307,False,0.0900966407361859,20260819
hm3dq_like,25,Ext1,AUTO_TRI_N3_G2_N9,tripartite,0.04069645743569307,False,0.0900966407361859,20260819
hm3dq_like,26,Ext1,AUTO_GG_G0_G1,glia_glia,0.9999209420771187,True,0.004011775963984132,20260819
hm3dq_like,26,Ext1,AUTO_GG_G1_G3,glia_glia,0.9999308243174789,True,0.004011775963984132,20260819
hm3dq_like,26,Ext1,AUTO_GG_G2_G5,glia_glia,1.0,True,1.0,20260819
hm3dq_like,26,Ext1,AUTO_TRI_N0_G1_N4,tripartite,0.9999407065578391,True,0.004011775963984132,20260819
hm3dq_like,26,Ext1,AUTO_TRI_N3_G2_N5,tripartite,0.04694011734764183,False,0.09232297790405607,20260819
hm3dq_like,26,Ext1,AUTO_TRI_N3_G2_N9,tripartite,0.04694011734764183,False,0.09232297790405607,20260819
hm3dq_like,27,Ext1,AUTO_GG_G0_G1,glia_glia,0.9997776957388137,True,0.0032094207711873056,20260819
hm3dq_like,27,Ext1,AUTO_GG_G1_G3,glia_glia,0.9998054837714621,True,0.0032094207711873056,20260819
hm3dq_like,27,Ext1,AUTO_GG_G2_G5,glia_glia,1.0,True,1.0,20260819
hm3dq_like,27,Ext1,AUTO_TRI_N0_G1_N4,tripartite,0.9998332718041103,True,0.0032094207711873056,20260819
hm3dq_like,27,Ext1,AUTO_TRI_N3_G2_N5,tripartite,0.05345118400897215,False,0.09434975128230519,20260819
hm3dq_like,27,Ext1,AUTO_TRI_N3_G2_N9,tripartite,0.05345118400897215,False,0.09434975128230519,20260819
hm3dq_like,28,Ext1,AUTO_GG_G0_G1,glia_glia,0.9995830986681696,True,0.0025675366169498445,20260819
hm3dq_like,28,Ext1,AUTO_GG_G1_G3,glia_glia,0.9996352113346485,True,0.0025675366169498445,20260819
hm3dq_like,28,Ext1,AUTO_GG_G2_G5,glia_glia,1.0,True,1.0,20260819
hm3dq_like,28,Ext1,AUTO_TRI_N0_G1_N4,tripartite,0.9996873240011273,True,0.0025675366169498445,20260819
hm3dq_like,28,Ext1,AUTO_TRI_N3_G2_N5,tripartite,0.060206179166197804,False,0.09619857440595635,20260819
hm3dq_like,28,Ext1,AUTO_TRI_N3_G2_N9,tripartite,0.060206179166197804,False,0.09619857440595635,20260819
hm3dq_like,29,Ext2,AUTO_GG_G0_G1,glia_glia,0.9993474210116544,True,0.002054029293559876,20260819
hm3dq_like,29,Ext2,AUTO_GG_G1_G3,glia_glia,0.9994289933851976,True,0.002054029293559876,20260819
hm3dq_like,29,Ext2,AUTO_GG_G2_G5,glia_glia,1.0,True,1.0,20260819
hm3dq_like,29,Ext2,AUTO_TRI_N0_G1_N4,tripartite,0.9995105657587409,True,0.002054029293559876,20260819
hm3dq_like,29,Ext2,AUTO_TRI_N3_G2_N5,tripartite,0.06718418858943463,False,0.09788888094596168,20260819
hm3dq_like,29,Ext2,AUTO_TRI_N3_G2_N9,tripartite,0.06718418858943463,False,0.09788888094596168,20260819
hm3dq_like,30,Ext2,AUTO_GG_G0_G1,glia_glia,0.9990788788864422,True,0.0016432234348479008,20260819
hm3dq_like,30,Ext2,AUTO_GG_G1_G3,glia_glia,0.999194019025637,True,0.0016432234348479008,20260819
hm3dq_like,30,Ext2,AUTO_GG_G2_G5,glia_glia,1.0,True,1.0,20260819
hm3dq_like,30,Ext2,AUTO_TRI_N0_G1_N4,tripartite,0.9993091591648318,True,0.0016432234348479008,20260819
hm3dq_like,30,Ext2,AUTO_TRI_N3_G2_N5,tripartite,0.0743666037361749,False,0.09943814654870603,20260819
hm3dq_like,30,Ext2,AUTO_TRI_N3_G2_N9,tripartite,0.0743666037361749,False,0.09943814654870603,20260819
hm3dq_like,31,Ext2,AUTO_GG_G0_G1,glia_glia,0.9987840451862725,True,0.0013145787478783207,20260819
hm3dq_like,31,Ext2,AUTO_GG_G1_G3,glia_glia,0.9989360395379885,True,0.0013145787478783207,20260819
hm3dq_like,31,Ext2,AUTO_GG_G2_G5,glia_glia,1.0,True,1.0,20260819
hm3dq_like,31,Ext2,AUTO_TRI_N0_G1_N4,tripartite,0.9990880338897045,True,0.0013145787478783207,20260819
hm3dq_like,31,Ext2,AUTO_TRI_N3_G2_N5,tripartite,0.08173688971589511,False,0.1008620881796254,20260819
hm3dq_like,31,Ext2,AUTO_TRI_N3_G2_N9,tripartite,0.08173688971589511,False,0.1008620881796254,20260819
hm3dq_like,32,Ext2,AUTO_GG_G0_G1,glia_glia,0.9984681782261368,True,0.0010516629983026566,20260819
hm3dq_like,32,Ext2,AUTO_GG_G1_G3,glia_glia,0.9986596559478697,True,0.0010516629983026566,20260819
hm3dq_like,32,Ext2,AUTO_GG_G2_G5,glia_glia,1.0,True,1.0,20260819
hm3dq_like,32,Ext2,AUTO_TRI_N0_G1_N4,tripartite,0.9988511336696027,True,0.0010516629983026566,20260819
hm3dq_like,32,Ext2,AUTO_TRI_N3_G2_N5,tripartite,0.08928037689454926,False,0.10217484329852941,20260819
hm3dq_like,32,Ext2,AUTO_TRI_N3_G2_N9,tripartite,0.08928037689454926,False,0.10217484329852941,20260819
hm3dq_like,33,Ext2,AUTO_GG_G0_G1,glia_glia,0.9981354846580281,True,0.0008413303986421253,20260819
hm3dq_like,33,Ext2,AUTO_GG_G1_G3,glia_glia,0.9983685490757745,True,0.0008413303986421253,20260819
hm3dq_like,33,Ext2,AUTO_GG_G2_G5,glia_glia,1.0,True,1.0,20260819
hm3dq_like,33,Ext2,AUTO_TRI_N0_G1_N4,tripartite,0.9986016134935212,True,0.0008413303986421253,20260819
hm3dq_like,33,Ext2,AUTO_TRI_N3_G2_N5,tripartite,0.0969840737522057,False,0.1033891309449357,20260819
hm3dq_like,33,Ext2,AUTO_TRI_N3_G2_N9,tripartite,0.0969840737522057,False,0.1033891309449357,20260819
hm3dq_like,34,Ext2,AUTO_GG_G0_G1,glia_glia,0.9977893298035413,True,0.0006730643189137003,20260819
hm3dq_like,34,Ext2,AUTO_GG_G1_G3,glia_glia,0.9980656635780986,True,0.0006730643189137003,20260819
hm3dq_like,34,Ext2,AUTO_GG_G2_G5,glia_glia,1.0,True,1.0,20260819
hm3dq_like,34,Ext2,AUTO_TRI_N0_G1_N4,tripartite,0.9983419973526559,True,0.0006730643189137003,20260819
hm3dq_like,34,Ext2,AUTO_TRI_N3_G2_N5,tripartite,0.10483649885206048,False,0.10451639659016905,20260819
hm3dq_like,34,Ext2,AUTO_TRI_N3_G2_N9,tripartite,0.10483649885206048,False,0.10451639659016905,20260819
hm3dq_like,35,Ext2,AUTO_GG_G0_G1,glia_glia,0.9974324059199517,True,0.0005384514551309603,20260819
hm3dq_like,35,Ext2,AUTO_GG_G1_G3,glia_glia,0.9977533551799578,True,0.0005384514551309603,20260819
hm3dq_like,35,Ext2,AUTO_GG_G2_G5,glia_glia,1.0,True,1.0,20260819
hm3dq_like,35,Ext2,AUTO_TRI_N0_G1_N4,tripartite,0.9980743044399638,True,0.0005384514551309603,20260819
hm3dq_like,35,Ext2,AUTO_TRI_N3_G2_N5,tripartite,0.11282752999807227,False,0.1055669424162005,20260819
hm3dq_like,35,Ext2,AUTO_TRI_N3_G2_N9,tripartite,0.11282752999807227,False,0.1055669424162005,20260819
hm3dq_like,36,Ext2,AUTO_GG_G0_G1,glia_glia,0.9970668668130801,True,0.00043076116410476823,20260819
hm3dq_like,36,Ext2,AUTO_GG_G1_G3,glia_glia,0.9974335084614451,True,0.00043076116410476823,20260819
hm3dq_like,36,Ext2,AUTO_GG_G2_G5,glia_glia,1.0,True,1.0,20260819
hm3dq_like,36,Ext2,AUTO_TRI_N0_G1_N4,tripartite,0.99780015010981,True,0.00043076116410476823,20260819
hm3dq_like,36,Ext2,AUTO_TRI_N3_G2_N5,tripartite,0.12094826885441934,False,0.10655004450644004,20260819
hm3dq_like,36,Ext2,AUTO_TRI_N3_G2_N9,tripartite,0.12094826885441934,False,0.10655004450644004,20260819
hm3dq_like,37,Ext2,AUTO_GG_G0_G1,glia_glia,0.9966944355275829,True,0.0003446089312838146,20260819
hm3dq_like,37,Ext2,AUTO_GG_G1_G3,glia_glia,0.9971076310866349,True,0.0003446089312838146,20260819
hm3dq_like,37,Ext2,AUTO_GG_G2_G5,glia_glia,1.0,True,1.0,20260819
hm3dq_like,37,Ext2,AUTO_TRI_N0_G1_N4,tripartite,0.9975208266456871,True,0.0003446089312838146,20260819
hm3dq_like,37,Ext2,AUTO_TRI_N3_G2_N5,tripartite,0.1291909194754478,False,0.10747405827843012,20260819
hm3dq_like,37,Ext2,AUTO_TRI_N3_G2_N9,tripartite,0.1291909194754478,False,0.10747405827843012,20260819
hm3dq_like,38,Ext2,AUTO_GG_G0_G1,glia_glia,0.996316490499185,True,0.00027568714502705167,20260819
hm3dq_like,38,Ext2,AUTO_GG_G1_G3,glia_glia,0.9967769291867868,True,0.00027568714502705167,20260819
hm3dq_like,38,Ext2,AUTO_GG_G2_G5,glia_glia,1.0,True,1.0,20260819
hm3dq_like,38,Ext2,AUTO_TRI_N0_G1_N4,tripartite,0.9972373678743887,True,0.00027568714502705167,20260819
hm3dq_like,38,Ext2,AUTO_TRI_N3_G2_N5,tripartite,0.1375486793520354,False,0.10834651335032655,20260819
hm3dq_like,38,Ext2,AUTO_TRI_N3_G2_N9,tripartite,0.1375486793520354,False,0.10834651335032655,20260819
hm3dq_like,39,Ext2,AUTO_GG_G0_G1,glia_glia,0.9959341344764667,True,0.00022054971602164134,20260819
hm3dq_like,39,Ext2,AUTO_GG_G1_G3,glia_glia,0.9964423676669083,True,0.00022054971602164134,20260819
hm3dq_like,39,Ext2,AUTO_GG_G2_G5,glia_glia,1.0,True,1.0,20260819
hm3dq_like,39,Ext2,AUTO_TRI_N0_G1_N4,tripartite,0.99695060085735,True,0.00022054971602164134,20260819
hm3dq_like,39,Ext2,AUTO_TRI_N3_G2_N5,tripartite,0.1460156417213367,False,0.10917419891018028,20260819
hm3dq_like,39,Ext2,AUTO_TRI_N3_G2_N9,tripartite,0.1460156417213367,False,0.10917419891018028,20260819
hm3dq_like,40,Ext2,AUTO_GG_G0_G1,glia_glia,0.9955482496582921,True,0.0001764397728173131,20260819
hm3dq_like,40,Ext2,AUTO_GG_G1_G3,glia_glia,0.9961047184510056,True,0.0001764397728173131,20260819
hm3dq_like,40,Ext2,AUTO_GG_G2_G5,glia_glia,1.0,True,1.0,20260819
hm3dq_like,40,Ext2,AUTO_TRI_N0_G1_N4,tripartite,0.996661187243719,True,0.0001764397728173131,20260819
hm3dq_like,40,Ext2,AUTO_TRI_N3_G2_N5,tripartite,0.15458670801347446,False,0.10996324054755222,20260819
hm3dq_like,40,Ext2,AUTO_TRI_N3_G2_N9,tripartite,0.15458670801347446,False,0.10996324054755222,20260819
hm3dq_like,41,Ext2,AUTO_GG_G0_G1,glia_glia,0.9951595418037524,True,0.00014115181825385048,20260819
hm3dq_like,41,Ext2,AUTO_GG_G1_G3,glia_glia,0.9957645990782833,True,0.00014115181825385048,20260819
hm3dq_like,41,Ext2,AUTO_GG_G2_G5,glia_glia,1.0,True,1.0,20260819
hm3dq_like,41,Ext2,AUTO_TRI_N0_G1_N4,tripartite,0.9963696563528143,True,0.00014115181825385048,20260819
hm3dq_like,41,Ext2,AUTO_TRI_N3_G2_N5,tripartite,0.16325750942245337,False,0.11071916940932439,20260819
hm3dq_like,41,Ext2,AUTO_TRI_N3_G2_N9,tripartite,0.16325750942245337,False,0.11071916940932439,20260819
hm3dq_like,42,Ext2,AUTO_GG_G0_G1,glia_glia,0.9947685755201207,True,0.00011292145460308038,20260819
hm3dq_like,42,Ext2,AUTO_GG_G1_G3,glia_glia,0.9954225035801055,True,0.00011292145460308038,20260819
hm3dq_like,42,Ext2,AUTO_GG_G2_G5,glia_glia,1.0,True,1.0,20260819
hm3dq_like,42,Ext2,AUTO_TRI_N0_G1_N4,tripartite,0.9960764316400904,True,0.00011292145460308038,20260819
hm3dq_like,42,Ext2,AUTO_TRI_N3_G2_N5,tripartite,0.17202433669077608,False,0.11144698445435053,20260819
hm3dq_like,42,Ext2,AUTO_TRI_N3_G2_N9,tripartite,0.17202433669077608,False,0.11144698445435053,20260819
hm3dq_like,43,Ext2,AUTO_GG_G0_G1,glia_glia,0.9943758024932152,True,9.033716368246431e-05,20260819
hm3dq_like,43,Ext2,AUTO_GG_G1_G3,glia_glia,0.9950788271815633,True,9.033716368246431e-05,20260819
hm3dq_like,43,Ext2,AUTO_GG_G2_G5,glia_glia,1.0,True,1.0,20260819
hm3dq_like,43,Ext2,AUTO_TRI_N0_G1_N4,tripartite,0.9957818518699113,True,9.033716368246431e-05,20260819
hm3dq_like,43,Ext2,AUTO_TRI_N3_G2_N5,tripartite,0.18088407728915595,False,0.11215120850359345,20260819
hm3dq_like,43,Ext2,AUTO_TRI_N3_G2_N9,tripartite,0.18088407728915595,False,0.11215120850359345,20260819
hm3dq_like,44,Ext2,AUTO_GG_G0_G1,glia_glia,0.9939815840716909,True,7.226973094597146e-05,20260819
hm3dq_like,44,Ext2,AUTO_GG_G1_G3,glia_glia,0.9947338860627295,True,7.226973094597146e-05,20260819
hm3dq_like,44,Ext2,AUTO_GG_G2_G5,glia_glia,1.0,True,1.0,20260819
hm3dq_like,44,Ext2,AUTO_TRI_N0_G1_N4,tripartite,0.9954861880537681,True,7.226973094597146e-05,20260819
hm3dq_like,44,Ext2,AUTO_TRI_N3_G2_N5,tripartite,0.18983415925542418,False,0.11283593871258854,20260819
hm3dq_like,44,Ext2,AUTO_TRI_N3_G2_N9,tripartite,0.18983415925542418,False,0.11283593871258854,20260819
hm3dq_like,45,Ext2,AUTO_GG_G0_G1,glia_glia,0.9935862093344714,True,5.781578475677717e-05,20260819
hm3dq_like,45,Ext2,AUTO_GG_G1_G3,glia_glia,0.9943879331676625,True,5.781578475677717e-05,20260819
hm3dq_like,45,Ext2,AUTO_GG_G2_G5,glia_glia,1.0,True,1.0,20260819
hm3dq_like,45,Ext2,AUTO_TRI_N0_G1_N4,tripartite,0.9951896570008535,True,5.781578475677717e-05,20260819
hm3dq_like,45,Ext2,AUTO_TRI_N3_G2_N5,tripartite,0.19887250103117943,False,0.11350489203052576,20260819
hm3dq_like,45,Ext2,AUTO_TRI_N3_G2_N9,tripartite,0.19887250103117943,False,0.11350489203052576,20260819
hm3dq_like,46,Ext2,AUTO_GG_G0_G1,glia_glia,0.9931899095446959,True,4.6252627805421734e-05,20260819
hm3dq_like,46,Ext2,AUTO_GG_G1_G3,glia_glia,0.9940411708516089,True,4.6252627805421734e-05,20260819
hm3dq_like,46,Ext2,AUTO_GG_G2_G5,glia_glia,1.0,True,1.0,20260819
hm3dq_like,46,Ext2,AUTO_TRI_N0_G1_N4,tripartite,0.9948924321585219,True,4.6252627805421734e-05,20260819
hm3dq_like,46,Ext2,AUTO_TRI_N3_G2_N5,tripartite,0.20799746670178007,False,0.11416144615415567,20260819
hm3dq_like,46,Ext2,AUTO_TRI_N3_G2_N9,tripartite,0.20799746670178007,False,0.11416144615415567,20260819
hm3dq_like,47,Ext2,AUTO_GG_G0_G1,glia_glia,0.9927928697128754,True,3.700210224433739e-05,20260819
hm3dq_like,47,Ext2,AUTO_GG_G1_G3,glia_glia,0.993693760998766,True,3.700210224433739e-05,20260819
hm3dq_like,47,Ext2,AUTO_GG_G2_G5,glia_glia,1.0,True,1.0,20260819
hm3dq_like,47,Ext2,AUTO_TRI_N0_G1_N4,tripartite,0.9945946522846565,True,3.700210224433739e-05,20260819
hm3dq_like,47,Ext2,AUTO_TRI_N3_G2_N5,tripartite,0.21720782610568926,False,0.11480867643439101,20260819
hm3dq_like,47,Ext2,AUTO_TRI_N3_G2_N9,tripartite,0.21720782610568926,False,0.11480867643439101,20260819
hm3dq_like,48,Ext2,AUTO_GG_G0_G1,glia_glia,0.992395237847419,True,2.960168179546991e-05,20260819
hm3dq_like,48,Ext2,AUTO_GG_G1_G3,glia_glia,0.9933458331164917,True,2.960168179546991e-05,20260819
hm3dq_like,48,Ext2,AUTO_GG_G2_G5,glia_glia,1.0,True,1.0,20260819
hm3dq_like,48,Ext2,AUTO_TRI_N0_G1_N4,tripartite,0.9942964283855642,True,2.960168179546991e-05,20260819
hm3dq_like,48,Ext2,AUTO_TRI_N3_G2_N5,tripartite,0.22650271933362998,False,0.11544938914828076,20260819
hm3dq_like,48,Ext2,AUTO_TRI_N3_G2_N9,tripartite,0.22650271933362998,False,0.11544938914828076,20260819
hm3dq_like,49,Ext2,AUTO_GG_G0_G1,glia_glia,0.9919971323550539,True,2.368134543637593e-05,20260819
hm3dq_like,49,Ext2,AUTO_GG_G1_G3,glia_glia,0.9929974908106722,True,2.368134543637593e-05,20260819
hm3dq_like,49,Ext2,AUTO_GG_G2_G5,glia_glia,1.0,True,1.0,20260819
hm3dq_like,49,Ext2,AUTO_TRI_N0_G1_N4,tripartite,0.9939978492662904,True,2.368134543637593e-05,20260819
hm3dq_like,49,Ext2,AUTO_TRI_N3_G2_N5,tripartite,0.23588162518709846,False,0.1160861515084318,20260819
hm3dq_like,49,Ext2,AUTO_TRI_N3_G2_N9,tripartite,0.23588162518709846,False,0.1160861515084318,20260819
hm3dq_like,50,Ext2,AUTO_GG_G0_G1,glia_glia,0.9915986479611618,True,1.8945076349100747e-05,20260819
hm3dq_like,50,Ext2,AUTO_GG_G1_G3,glia_glia,0.9926488169660167,True,1.8945076349100747e-05,20260819
hm3dq_like,50,Ext2,AUTO_GG_G2_G5,glia_glia,1.0,True,1.0,20260819
hm3dq_like,50,Ext2,AUTO_TRI_N0_G1_N4,tripartite,0.9936989859708714,True,1.8945076349100747e-05,20260819
hm3dq_like,50,Ext2,AUTO_TRI_N3_G2_N5,tripartite,0.2453443332100606,False,0.11672131874546703,20260819
hm3dq_like,50,Ext2,AUTO_TRI_N3_G2_N9,tripartite,0.2453443332100606,False,0.11672131874546703,20260819
hm3dq_like,51,Ext2,AUTO_GG_G0_G1,glia_glia,0.9911998604460481,True,1.5156061079280599e-05,20260819
hm3dq_like,51,Ext2,AUTO_GG_G1_G3,glia_glia,0.9922998778902923,True,1.5156061079280599e-05,20260819
hm3dq_like,51,Ext2,AUTO_GG_G2_G5,glia_glia,1.0,True,1.0,20260819
hm3dq_like,51,Ext2,AUTO_TRI_N0_G1_N4,tripartite,0.9933998953345361,True,1.5156061079280599e-05,20260819
hm3dq_like,51,Ext2,AUTO_TRI_N3_G2_N5,tripartite,0.25489091894760585,False,0.11735705856631501,20260819
hm3dq_like,51,Ext2,AUTO_TRI_N3_G2_N9,tripartite,0.25489091894760585,False,0.11735705856631501,20260819
hm3dq_like,52,Ext2,AUTO_GG_G0_G1,glia_glia,0.9908008304339572,True,1.2124848863424479e-05,20260819
hm3dq_like,52,Ext2,AUTO_GG_G1_G3,glia_glia,0.9919507266297127,True,1.2124848863424479e-05,20260819
hm3dq_like,52,Ext2,AUTO_GG_G2_G5,glia_glia,1.0,True,1.0,20260819
hm3dq_like,52,Ext2,AUTO_TRI_N0_G1_N4,tripartite,0.9931006228254678,True,1.2124848863424479e-05,20260819
hm3dq_like,52,Ext2,AUTO_TRI_N3_G2_N5,tripartite,0.264521722121394,False,0.11799537326164854,20260819
hm3dq_like,52,Ext2,AUTO_TRI_N3_G2_N9,tripartite,0.264521722121394,False,0.11799537326164854,20260819
hm3dq_like,53,Ext2,AUTO_GG_G0_G1,glia_glia,0.9904016064242844,True,9.699879090739585e-06,20260819
hm3dq_like,53,Ext2,AUTO_GG_G1_G3,glia_glia,0.9916014056212491,True,9.699879090739585e-06,20260819
hm3dq_like,53,Ext2,AUTO_GG_G2_G5,glia_glia,1.0,True,1.0,20260819
hm3dq_like,53,Ext2,AUTO_TRI_N0_G1_N4,tripartite,0.9928012048182133,True,9.699879090739585e-06,20260819
hm3dq_like,53,Ext2,AUTO_TRI_N3_G2_N5,tripartite,0.2742373274442968,False,0.1186381197093026,20260819
hm3dq_like,53,Ext2,AUTO_TRI_N3_G2_N9,tripartite,0.2742373274442968,False,0.1186381197093026,20260819
hm3dq_like,54,E-Ret,AUTO_GG_G0_G1,glia_glia,0.9904016064242844,True,9.699879090739585e-06,20260819
hm3dq_like,54,E-Ret,AUTO_GG_G1_G3,glia_glia,0.9916014056212491,True,9.699879090739585e-06,20260819
hm3dq_like,54,E-Ret,AUTO_GG_G2_G5,glia_glia,1.0,True,1.0,20260819
hm3dq_like,54,E-Ret,AUTO_TRI_N0_G1_N4,tripartite,0.9928012048182133,True,9.699879090739585e-06,20260819
hm3dq_like,54,E-Ret,AUTO_TRI_N3_G2_N5,tripartite,0.2742373274442968,False,0.1186381197093026,20260819
hm3dq_like,54,E-Ret,AUTO_TRI_N3_G2_N9,tripartite,0.2742373274442968,False,0.1186381197093026,20260819
hm3dq_like,55,E-Ret,AUTO_GG_G0_G1,glia_glia,0.9904016064242844,True,9.699879090739585e-06,20260819
hm3dq_like,55,E-Ret,AUTO_GG_G1_G3,glia_glia,0.9916014056212491,True,9.699879090739585e-06,20260819
hm3dq_like,55,E-Ret,AUTO_GG_G2_G5,glia_glia,1.0,True,1.0,20260819
hm3dq_like,55,E-Ret,AUTO_TRI_N0_G1_N4,tripartite,0.9928012048182133,True,9.699879090739585e-06,20260819
hm3dq_like,55,E-Ret,AUTO_TRI_N3_G2_N5,tripartite,0.2742373274442968,False,0.1186381197093026,20260819
hm3dq_like,55,E-Ret,AUTO_TRI_N3_G2_N9,tripartite,0.2742373274442968,False,0.1186381197093026,20260819
hm3dq_like,56,E-Ret,AUTO_GG_G0_G1,glia_glia,0.9904016064242844,True,9.699879090739585e-06,20260819
hm3dq_like,56,E-Ret,AUTO_GG_G1_G3,glia_glia,0.9916014056212491,True,9.699879090739585e-06,20260819
hm3dq_like,56,E-Ret,AUTO_GG_G2_G5,glia_glia,1.0,True,1.0,20260819
hm3dq_like,56,E-Ret,AUTO_TRI_N0_G1_N4,tripartite,0.9928012048182133,True,9.699879090739585e-06,20260819
hm3dq_like,56,E-Ret,AUTO_TRI_N3_G2_N5,tripartite,0.2742373274442968,False,0.1186381197093026,20260819
hm3dq_like,56,E-Ret,AUTO_TRI_N3_G2_N9,tripartite,0.2742373274442968,False,0.1186381197093026,20260819
hm3dq_like,57,E-Ret,AUTO_GG_G0_G1,glia_glia,0.9904016064242844,True,9.699879090739585e-06,20260819
hm3dq_like,57,E-Ret,AUTO_GG_G1_G3,glia_glia,0.9916014056212491,True,9.699879090739585e-06,20260819
hm3dq_like,57,E-Ret,AUTO_GG_G2_G5,glia_glia,1.0,True,1.0,20260819
hm3dq_like,57,E-Ret,AUTO_TRI_N0_G1_N4,tripartite,0.9928012048182133,True,9.699879090739585e-06,20260819
hm3dq_like,57,E-Ret,AUTO_TRI_N3_G2_N5,tripartite,0.2742373274442968,False,0.1186381197093026,20260819
hm3dq_like,57,E-Ret,AUTO_TRI_N3_G2_N9,tripartite,0.2742373274442968,False,0.1186381197093026,20260819
hm3dq_like,58,E-Ret,AUTO_GG_G0_G1,glia_glia,0.9904016064242844,True,9.699879090739585e-06,20260819
hm3dq_like,58,E-Ret,AUTO_GG_G1_G3,glia_glia,0.9916014056212491,True,9.699879090739585e-06,20260819
hm3dq_like,58,E-Ret,AUTO_GG_G2_G5,glia_glia,1.0,True,1.0,20260819
hm3dq_like,58,E-Ret,AUTO_TRI_N0_G1_N4,tripartite,0.9928012048182133,True,9.699879090739585e-06,20260819
hm3dq_like,58,E-Ret,AUTO_TRI_N3_G2_N5,tripartite,0.2742373274442968,False,0.1186381197093026,20260819
hm3dq_like,58,E-Ret,AUTO_TRI_N3_G2_N9,tripartite,0.2742373274442968,False,0.1186381197093026,20260819
hm3dq_like,59,F-Ren,AUTO_GG_G0_G1,glia_glia,0.9904016064242844,True,9.699879090739585e-06,20260819
hm3dq_like,59,F-Ren,AUTO_GG_G1_G3,glia_glia,0.9916014056212491,True,9.699879090739585e-06,20260819
hm3dq_like,59,F-Ren,AUTO_GG_G2_G5,glia_glia,1.0,True,1.0,20260819
hm3dq_like,59,F-Ren,AUTO_TRI_N0_G1_N4,tripartite,0.9928012048182133,True,9.699879090739585e-06,20260819
hm3dq_like,59,F-Ren,AUTO_TRI_N3_G2_N5,tripartite,0.2742373274442968,False,0.1186381197093026,20260819
hm3dq_like,59,F-Ren,AUTO_TRI_N3_G2_N9,tripartite,0.2742373274442968,False,0.1186381197093026,20260819
hm3dq_like,60,F-Ren,AUTO_GG_G0_G1,glia_glia,0.9904016064242844,True,9.699879090739585e-06,20260819
hm3dq_like,60,F-Ren,AUTO_GG_G1_G3,glia_glia,0.9916014056212491,True,9.699879090739585e-06,20260819
hm3dq_like,60,F-Ren,AUTO_GG_G2_G5,glia_glia,1.0,True,1.0,20260819
hm3dq_like,60,F-Ren,AUTO_TRI_N0_G1_N4,tripartite,0.9928012048182133,True,9.699879090739585e-06,20260819
hm3dq_like,60,F-Ren,AUTO_TRI_N3_G2_N5,tripartite,0.2742373274442968,False,0.1186381197093026,20260819
hm3dq_like,60,F-Ren,AUTO_TRI_N3_G2_N9,tripartite,0.2742373274442968,False,0.1186381197093026,20260819
hm3dq_like,61,F-Ren,AUTO_GG_G0_G1,glia_glia,0.9904016064242844,True,9.699879090739585e-06,20260819
hm3dq_like,61,F-Ren,AUTO_GG_G1_G3,glia_glia,0.9916014056212491,True,9.699879090739585e-06,20260819
hm3dq_like,61,F-Ren,AUTO_GG_G2_G5,glia_glia,1.0,True,1.0,20260819
hm3dq_like,61,F-Ren,AUTO_TRI_N0_G1_N4,tripartite,0.9928012048182133,True,9.699879090739585e-06,20260819
hm3dq_like,61,F-Ren,AUTO_TRI_N3_G2_N5,tripartite,0.2742373274442968,False,0.1186381197093026,20260819
hm3dq_like,61,F-Ren,AUTO_TRI_N3_G2_N9,tripartite,0.2742373274442968,False,0.1186381197093026,20260819
hm3dq_like,62,F-Ren,AUTO_GG_G0_G1,glia_glia,0.9904016064242844,True,9.699879090739585e-06,20260819
hm3dq_like,62,F-Ren,AUTO_GG_G1_G3,glia_glia,0.9916014056212491,True,9.699879090739585e-06,20260819
hm3dq_like,62,F-Ren,AUTO_GG_G2_G5,glia_glia,1.0,True,1.0,20260819
hm3dq_like,62,F-Ren,AUTO_TRI_N0_G1_N4,tripartite,0.9928012048182133,True,9.699879090739585e-06,20260819
hm3dq_like,62,F-Ren,AUTO_TRI_N3_G2_N5,tripartite,0.2742373274442968,False,0.1186381197093026,20260819
hm3dq_like,62,F-Ren,AUTO_TRI_N3_G2_N9,tripartite,0.2742373274442968,False,0.1186381197093026,20260819
hm3dq_like,63,F-Ren,AUTO_GG_G0_G1,glia_glia,0.9904016064242844,True,9.699879090739585e-06,20260819
hm3dq_like,63,F-Ren,AUTO_GG_G1_G3,glia_glia,0.9916014056212491,True,9.699879090739585e-06,20260819
hm3dq_like,63,F-Ren,AUTO_GG_G2_G5,glia_glia,1.0,True,1.0,20260819
hm3dq_like,63,F-Ren,AUTO_TRI_N0_G1_N4,tripartite,0.9928012048182133,True,9.699879090739585e-06,20260819
hm3dq_like,63,F-Ren,AUTO_TRI_N3_G2_N5,tripartite,0.2742373274442968,False,0.1186381197093026,20260819
hm3dq_like,63,F-Ren,AUTO_TRI_N3_G2_N9,tripartite,0.2742373274442968,False,0.1186381197093026,20260819
hm4di_like,1,F-Con,AUTO_GG_G0_G1,glia_glia,0.9593537143165668,True,0.243639236436246,20260819
hm4di_like,1,F-Con,AUTO_GG_G1_G3,glia_glia,0.404086960657421,True,0.13064578932941684,20260819
hm4di_like,1,F-Con,AUTO_GG_G2_G5,glia_glia,0.0,False,0.0,20260819
hm4di_like,1,F-Con,AUTO_TRI_N0_G1_N4,tripartite,0.0,False,0.002220606289620657,20260819
hm4di_like,1,F-Con,AUTO_TRI_N3_G2_N5,tripartite,0.0,False,0.0,20260819
hm4di_like,1,F-Con,AUTO_TRI_N3_G2_N9,tripartite,0.0,False,0.0,20260819
hm4di_like,2,F-Con,AUTO_GG_G0_G1,glia_glia,1.0,True,0.41680761926038906,20260819
hm4di_like,2,F-Con,AUTO_GG_G1_G3,glia_glia,1.0,True,0.24793464773718882,20260819
hm4di_like,2,F-Con,AUTO_GG_G2_G5,glia_glia,0.0,False,0.0,20260819
hm4di_like,2,F-Con,AUTO_TRI_N0_G1_N4,tripartite,0.6563894360681201,True,0.07031074888877795,20260819
hm4di_like,2,F-Con,AUTO_TRI_N3_G2_N5,tripartite,0.0,False,0.0,20260819
hm4di_like,2,F-Con,AUTO_TRI_N3_G2_N9,tripartite,0.0,False,0.0,20260819
hm4di_like,3,F-Con,AUTO_GG_G0_G1,glia_glia,1.0,True,0.5864300569054746,20260819
hm4di_like,3,F-Con,AUTO_GG_G1_G3,glia_glia,1.0,True,0.35373935863584377,20260819
hm4di_like,3,F-Con,AUTO_GG_G2_G5,glia_glia,0.0,False,0.0,20260819
hm4di_like,3,F-Con,AUTO_TRI_N0_G1_N4,tripartite,1.0,True,0.19682409813996554,20260819
hm4di_like,3,F-Con,AUTO_TRI_N3_G2_N5,tripartite,0.0,False,0.0,20260819
hm4di_like,3,F-Con,AUTO_TRI_N3_G2_N9,tripartite,0.0,False,0.0,20260819
hm4di_like,4,Ext1,AUTO_GG_G0_G1,glia_glia,1.0,True,0.54369702695959,20260819
hm4di_like,4,Ext1,AUTO_GG_G1_G3,glia_glia,1.0,True,0.3220658003180253,20260819
hm4di_like,4,Ext1,AUTO_GG_G2_G5,glia_glia,0.03482467537497648,False,0.1649830810994733,20260819
hm4di_like,4,Ext1,AUTO_TRI_N0_G1_N4,tripartite,1.0,True,0.29983399762190466,20260819
hm4di_like,4,Ext1,AUTO_TRI_N3_G2_N5,tripartite,0.0,False,0.005489720485692601,20260819
hm4di_like,4,Ext1,AUTO_TRI_N3_G2_N9,tripartite,0.0,False,0.005489720485692601,20260819
hm4di_like,5,Ext1,AUTO_GG_G0_G1,glia_glia,1.0,True,0.43495762156767204,20260819
hm4di_like,5,Ext1,AUTO_GG_G1_G3,glia_glia,1.0,True,0.29394807276003687,20260819
hm4di_like,5,Ext1,AUTO_GG_G2_G5,glia_glia,0.11102242278497346,False,0.31346785408899924,20260819
hm4di_like,5,Ext1,AUTO_TRI_N0_G1_N4,tripartite,1.0,True,0.40430485927373805,20260819
hm4di_like,5,Ext1,AUTO_TRI_N3_G2_N5,tripartite,0.0,False,0.007082986150897328,20260819
hm4di_like,5,Ext1,AUTO_TRI_N3_G2_N9,tripartite,0.0,False,0.007082986150897328,20260819
hm4di_like,6,Ext1,AUTO_GG_G0_G1,glia_glia,1.0,True,0.34796609725413763,20260819
hm4di_like,6,Ext1,AUTO_GG_G1_G3,glia_glia,1.0,True,0.2690398920335704,20260819
hm4di_like,6,Ext1,AUTO_GG_G2_G5,glia_glia,0.2244559350264889,True,0.44710414977957263,20260819
hm4di_like,6,Ext1,AUTO_TRI_N0_G1_N4,tripartite,1.0,True,0.34796609725413763,20260819
hm4di_like,6,Ext1,AUTO_TRI_N3_G2_N5,tripartite,0.0,False,0.008516925249581583,20260819
hm4di_like,6,Ext1,AUTO_TRI_N3_G2_N9,tripartite,0.0,False,0.008516925249581583,20260819
hm4di_like,7,Ext1,AUTO_GG_G0_G1,glia_glia,1.0,True,0.2783728778033101,20260819
hm4di_like,7,Ext1,AUTO_GG_G1_G3,glia_glia,1.0,True,0.24702679233482627,20260819
hm4di_like,7,Ext1,AUTO_GG_G2_G5,glia_glia,0.3712118104366506,True,0.5666955479330101,20260819
hm4di_like,7,Ext1,AUTO_TRI_N0_G1_N4,tripartite,1.0,True,0.2783728778033101,20260819
hm4di_like,7,Ext1,AUTO_TRI_N3_G2_N5,tripartite,0.0,False,0.010610031506694893,20260819
hm4di_like,7,Ext1,AUTO_TRI_N3_G2_N9,tripartite,0.0,False,0.010610031506694893,20260819
hm4di_like,8,Ext1,AUTO_GG_G0_G1,glia_glia,1.0,True,0.22269830224264808,20260819
hm4di_like,8,Ext1,AUTO_GG_G1_G3,glia_glia,1.0,True,0.22269830224264808,20260819
hm4di_like,8,Ext1,AUTO_GG_G2_G5,glia_glia,0.5476329441791133,True,0.6731618781445754,20260819
hm4di_like,8,Ext1,AUTO_TRI_N0_G1_N4,tripartite,1.0,True,0.22269830224264808,20260819
hm4di_like,8,Ext1,AUTO_TRI_N3_G2_N5,tripartite,0.0,False,0.013868468556848937,20260819
hm4di_like,8,Ext1,AUTO_TRI_N3_G2_N9,tripartite,0.0,False,0.013868468556848937,20260819
hm4di_like,9,Ext1,AUTO_GG_G0_G1,glia_glia,1.0,True,0.17815864179411847,20260819
hm4di_like,9,Ext1,AUTO_GG_G1_G3,glia_glia,1.0,True,0.17815864179411847,20260819
hm4di_like,9,Ext1,AUTO_GG_G2_G5,glia_glia,0.750165220043961,True,0.7668727586723199,20260819
hm4di_like,9,Ext1,AUTO_TRI_N0_G1_N4,tripartite,1.0,True,0.17815864179411847,20260819
hm4di_like,9,Ext1,AUTO_TRI_N3_G2_N5,tripartite,0.0,False,0.019291108687337015,20260819
hm4di_like,9,Ext1,AUTO_TRI_N3_G2_N9,tripartite,0.0,False,0.019291108687337015,20260819
hm4di_like,10,Ext1,AUTO_GG_G0_G1,glia_glia,1.0,True,0.14252691343529478,20260819
hm4di_like,10,Ext1,AUTO_GG_G1_G3,glia_glia,1.0,True,0.14252691343529478,20260819
hm4di_like,10,Ext1,AUTO_GG_G2_G5,glia_glia,0.9752843354649741,True,0.8479351883901134,20260819
hm4di_like,10,Ext1,AUTO_TRI_N0_G1_N4,tripartite,1.0,True,0.14252691343529478,20260819
hm4di_like,10,Ext1,AUTO_TRI_N3_G2_N5,tripartite,0.0,False,0.028051325356535928,20260819
hm4di_like,10,Ext1,AUTO_TRI_N3_G2_N9,tripartite,0.0,False,0.028051325356535928,20260819
hm4di_like,11,Ext1,AUTO_GG_G0_G1,glia_glia,1.0,True,0.11402153074823583,20260819
hm4di_like,11,Ext1,AUTO_GG_G1_G3,glia_glia,1.0,True,0.11402153074823583,20260819
hm4di_like,11,Ext1,AUTO_GG_G2_G5,glia_glia,1.0,True,0.9163526192261273,20260819
hm4di_like,11,Ext1,AUTO_TRI_N0_G1_N4,tripartite,1.0,True,0.11402153074823583,20260819
hm4di_like,11,Ext1,AUTO_TRI_N3_G2_N5,tripartite,0.0,False,0.0413297701315667,20260819
hm4di_like,11,Ext1,AUTO_TRI_N3_G2_N9,tripartite,0.0,False,0.0413297701315667,20260819
hm4di_like,12,Ext1,AUTO_GG_G0_G1,glia_glia,1.0,True,0.09121722459858866,20260819
hm4di_like,12,Ext1,AUTO_GG_G1_G3,glia_glia,1.0,True,0.09121722459858866,20260819
hm4di_like,12,Ext1,AUTO_GG_G2_G5,glia_glia,1.0,True,0.9773751269143564,20260819
hm4di_like,12,Ext1,AUTO_TRI_N0_G1_N4,tripartite,1.0,True,0.09121722459858866,20260819
hm4di_like,12,Ext1,AUTO_TRI_N3_G2_N5,tripartite,0.0013863242880154188,False,0.0538383886235701,20260819
hm4di_like,12,Ext1,AUTO_TRI_N3_G2_N9,tripartite,0.0013863242880154188,False,0.0538383886235701,20260819
hm4di_like,13,Ext1,AUTO_GG_G0_G1,glia_glia,1.0,True,0.07297377967887093,20260819
hm4di_like,13,Ext1,AUTO_GG_G1_G3,glia_glia,1.0,True,0.07297377967887093,20260819
hm4di_like,13,Ext1,AUTO_GG_G2_G5,glia_glia,1.0,True,1.0,20260819
hm4di_like,13,Ext1,AUTO_TRI_N0_G1_N4,tripartite,1.0,True,0.07297377967887093,20260819
hm4di_like,13,Ext1,AUTO_TRI_N3_G2_N5,tripartite,0.004541866245517803,False,0.0651178803397528,20260819
hm4di_like,13,Ext1,AUTO_TRI_N3_G2_N9,tripartite,0.004541866245517803,False,0.0651178803397528,20260819
hm4di_like,14,Ext1,AUTO_GG_G0_G1,glia_glia,1.0,True,0.05837902374309675,20260819
hm4di_like,14,Ext1,AUTO_GG_G1_G3,glia_glia,1.0,True,0.05837902374309675,20260819
hm4di_like,14,Ext1,AUTO_GG_G2_G5,glia_glia,1.0,True,1.0,20260819
hm4di_like,14,Ext1,AUTO_TRI_N0_G1_N4,tripartite,1.0,True,0.05837902374309675,20260819
hm4di_like,14,Ext1,AUTO_TRI_N3_G2_N5,tripartite,0.009297812310637381,False,0.07532111603298863,20260819
hm4di_like,14,Ext1,AUTO_TRI_N3_G2_N9,tripartite,0.009297812310637381,False,0.07532111603298863,20260819
hm4di_like,15,Ext1,AUTO_GG_G0_G1,glia_glia,1.0,True,0.04670321899447741,20260819
hm4di_like,15,Ext1,AUTO_GG_G1_G3,glia_glia,1.0,True,0.04670321899447741,20260819
hm4di_like,15,Ext1,AUTO_GG_G2_G5,glia_glia,1.0,True,1.0,20260819
hm4di_like,15,Ext1,AUTO_TRI_N0_G1_N4,tripartite,1.0,True,0.04670321899447741,20260819
hm4di_like,15,Ext1,AUTO_TRI_N3_G2_N5,tripartite,0.015506952908130815,False,0.08458583002076268,20260819
hm4di_like,15,Ext1,AUTO_TRI_N3_G2_N9,tripartite,0.015506952908130815,False,0.08458583002076268,20260819
hm4di_like,16,Ext1,AUTO_GG_G0_G1,glia_glia,1.0,True,0.03736257519558193,20260819
hm4di_like,16,Ext1,AUTO_GG_G1_G3,glia_glia,1.0,True,0.03736257519558193,20260819
hm4di_like,16,Ext1,AUTO_GG_G2_G5,glia_glia,1.0,True,1.0,20260819
hm4di_like,16,Ext1,AUTO_TRI_N0_G1_N4,tripartite,1.0,True,0.03736257519558193,20260819
hm4di_like,16,Ext1,AUTO_TRI_N3_G2_N5,tripartite,0.023041622573175206,False,0.09303662406089681,20260819
hm4di_like,16,Ext1,AUTO_TRI_N3_G2_N9,tripartite,0.023041622573175206,False,0.09303662406089681,20260819
hm4di_like,17,Ext1,AUTO_GG_G0_G1,glia_glia,1.0,True,0.029890060156465545,20260819
hm4di_like,17,Ext1,AUTO_GG_G1_G3,glia_glia,1.0,True,0.029890060156465545,20260819
hm4di_like,17,Ext1,AUTO_GG_G2_G5,glia_glia,1.0,True,1.0,20260819
hm4di_like,17,Ext1,AUTO_TRI_N0_G1_N4,tripartite,1.0,True,0.029890060156465545,20260819
hm4di_like,17,Ext1,AUTO_TRI_N3_G2_N5,tripartite,0.03179192523400377,False,0.10078678535667568,20260819
hm4di_like,17,Ext1,AUTO_TRI_N3_G2_N9,tripartite,0.03179192523400377,False,0.10078678535667568,20260819
hm4di_like,18,Ext1,AUTO_GG_G0_G1,glia_glia,1.0,True,0.023912048125172437,20260819
hm4di_like,18,Ext1,AUTO_GG_G1_G3,glia_glia,1.0,True,0.023912048125172437,20260819
hm4di_like,18,Ext1,AUTO_GG_G2_G5,glia_glia,1.0,True,1.0,20260819
hm4di_like,18,Ext1,AUTO_TRI_N0_G1_N4,tripartite,1.0,True,0.023912048125172437,20260819
hm4di_like,18,Ext1,AUTO_TRI_N3_G2_N5,tripartite,0.04166421672014213,False,0.10793992647605026,20260819
hm4di_like,18,Ext1,AUTO_TRI_N3_G2_N9,tripartite,0.04166421672014213,False,0.10793992647605026,20260819
hm4di_like,19,Ext1,AUTO_GG_G0_G1,glia_glia,1.0,True,0.01912963850013795,20260819
hm4di_like,19,Ext1,AUTO_GG_G1_G3,glia_glia,1.0,True,0.01912963850013795,20260819
hm4di_like,19,Ext1,AUTO_GG_G2_G5,glia_glia,1.0,True,1.0,20260819
hm4di_like,19,Ext1,AUTO_TRI_N0_G1_N4,tripartite,1.0,True,0.01912963850013795,20260819
hm4di_like,19,Ext1,AUTO_TRI_N3_G2_N5,tripartite,0.052579819966010896,False,0.11459146888048918,20260819
hm4di_like,19,Ext1,AUTO_TRI_N3_G2_N9,tripartite,0.052579819966010896,False,0.11459146888048918,20260819
hm4di_like,20,Ext1,AUTO_GG_G0_G1,glia_glia,1.0,True,0.01530371080011036,20260819
hm4di_like,20,Ext1,AUTO_GG_G1_G3,glia_glia,1.0,True,0.01530371080011036,20260819
hm4di_like,20,Ext1,AUTO_GG_G2_G5,glia_glia,1.0,True,1.0,20260819
hm4di_like,20,Ext1,AUTO_TRI_N0_G1_N4,tripartite,1.0,True,0.01530371080011036,20260819
hm4di_like,20,Ext1,AUTO_TRI_N3_G2_N5,tripartite,0.06447395296696182,False,0.12082999930941492,20260819
hm4di_like,20,Ext1,AUTO_TRI_N3_G2_N9,tripartite,0.06447395296696182,False,0.12082999930941492,20260819
hm4di_like,21,Ext1,AUTO_GG_G0_G1,glia_glia,1.0,True,0.012242968640088288,20260819
hm4di_like,21,Ext1,AUTO_GG_G1_G3,glia_glia,1.0,True,0.012242968640088288,20260819
hm4di_like,21,Ext1,AUTO_GG_G2_G5,glia_glia,1.0,True,1.0,20260819
hm4di_like,21,Ext1,AUTO_TRI_N0_G1_N4,tripartite,1.0,True,0.012242968640088288,20260819
hm4di_like,21,Ext1,AUTO_TRI_N3_G2_N5,tripartite,0.07729485475594247,False,0.1267385322433129,20260819
hm4di_like,21,Ext1,AUTO_TRI_N3_G2_N9,tripartite,0.07729485475594247,False,0.1267385322433129,20260819
hm4di_like,22,Ext1,AUTO_GG_G0_G1,glia_glia,1.0,True,0.00979437491207063,20260819
hm4di_like,22,Ext1,AUTO_GG_G1_G3,glia_glia,1.0,True,0.00979437491207063,20260819
hm4di_like,22,Ext1,AUTO_GG_G2_G5,glia_glia,1.0,True,1.0,20260819
hm4di_like,22,Ext1,AUTO_TRI_N0_G1_N4,tripartite,1.0,True,0.00979437491207063,20260819
hm4di_like,22,Ext1,AUTO_TRI_N3_G2_N5,tripartite,0.09100310025136929,False,0.13239571403551645,20260819
hm4di_like,22,Ext1,AUTO_TRI_N3_G2_N9,tripartite,0.09100310025136929,False,0.13239571403551645,20260819
hm4di_like,23,Ext1,AUTO_GG_G0_G1,glia_glia,1.0,True,0.007835499929656506,20260819
hm4di_like,23,Ext1,AUTO_GG_G1_G3,glia_glia,1.0,True,0.007835499929656506,20260819
hm4di_like,23,Ext1,AUTO_GG_G2_G5,glia_glia,1.0,True,1.0,20260819
hm4di_like,23,Ext1,AUTO_TRI_N0_G1_N4,tripartite,1.0,True,0.007835499929656506,20260819
hm4di_like,23,Ext1,AUTO_TRI_N3_G2_N5,tripartite,0.10556895516549186,False,0.13786332749017075,20260819
hm4di_like,23,Ext1,AUTO_TRI_N3_G2_N9,tripartite,0.10556895516549186,False,0.13786332749017075,20260819
hm4di_like,24,Ext1,AUTO_GG_G0_G1,glia_glia,1.0,True,0.006268399943725205,20260819
hm4di_like,24,Ext1,AUTO_GG_G1_G3,glia_glia,1.0,True,0.006268399943725205,20260819
hm4di_like,24,Ext1,AUTO_GG_G2_G5,glia_glia,1.0,True,1.0,20260819
hm4di_like,24,Ext1,AUTO_TRI_N0_G1_N4,tripartite,1.0,True,0.006268399943725205,20260819
hm4di_like,24,Ext1,AUTO_TRI_N3_G2_N5,tripartite,0.12097027509453631,False,0.14318976124532554,20260819
hm4di_like,24,Ext1,AUTO_TRI_N3_G2_N9,tripartite,0.12097027509453631,False,0.14318976124532554,20260819
hm4di_like,25,Ext1,AUTO_GG_G0_G1,glia_glia,1.0,True,0.005014719954980164,20260819
hm4di_like,25,Ext1,AUTO_GG_G1_G3,glia_glia,1.0,True,0.005014719954980164,20260819
hm4di_like,25,Ext1,AUTO_GG_G2_G5,glia_glia,1.0,True,1.0,20260819
hm4di_like,25,Ext1,AUTO_TRI_N0_G1_N4,tripartite,1.0,True,0.005014719954980164,20260819
hm4di_like,25,Ext1,AUTO_TRI_N3_G2_N5,tripartite,0.1371950462364556,False,0.14843960206168794,20260819
hm4di_like,25,Ext1,AUTO_TRI_N3_G2_N9,tripartite,0.1371950462364556,False,0.14843960206168794,20260819
hm4di_like,26,Ext1,AUTO_GG_G0_G1,glia_glia,0.9999209420771187,True,0.004011775963984132,20260819
hm4di_like,26,Ext1,AUTO_GG_G1_G3,glia_glia,0.9999308243174789,True,0.004011775963984132,20260819
hm4di_like,26,Ext1,AUTO_GG_G2_G5,glia_glia,1.0,True,1.0,20260819
hm4di_like,26,Ext1,AUTO_TRI_N0_G1_N4,tripartite,0.9999407065578391,True,0.004011775963984132,20260819
hm4di_like,26,Ext1,AUTO_TRI_N3_G2_N5,tripartite,0.15424112775386398,False,0.15367579415750313,20260819
hm4di_like,26,Ext1,AUTO_TRI_N3_G2_N9,tripartite,0.15424112775386398,False,0.15367579415750313,20260819
hm4di_like,27,Ext1,AUTO_GG_G0_G1,glia_glia,0.9997776957388137,True,0.0032094207711873056,20260819
hm4di_like,27,Ext1,AUTO_GG_G1_G3,glia_glia,0.9998054837714621,True,0.0032094207711873056,20260819
hm4di_like,27,Ext1,AUTO_GG_G2_G5,glia_glia,1.0,True,1.0,20260819
hm4di_like,27,Ext1,AUTO_TRI_N0_G1_N4,tripartite,0.9998332718041103,True,0.0032094207711873056,20260819
hm4di_like,27,Ext1,AUTO_TRI_N3_G2_N5,tripartite,0.1721161508769319,False,0.1589606384903927,20260819
hm4di_like,27,Ext1,AUTO_TRI_N3_G2_N9,tripartite,0.1721161508769319,False,0.1589606384903927,20260819
hm4di_like,28,Ext1,AUTO_GG_G0_G1,glia_glia,0.9995830986681696,True,0.0025675366169498445,20260819
hm4di_like,28,Ext1,AUTO_GG_G1_G3,glia_glia,0.9996352113346485,True,0.0025675366169498445,20260819
hm4di_like,28,Ext1,AUTO_GG_G2_G5,glia_glia,1.0,True,1.0,20260819
hm4di_like,28,Ext1,AUTO_TRI_N0_G1_N4,tripartite,0.9996873240011273,True,0.0025675366169498445,20260819
hm4di_like,28,Ext1,AUTO_TRI_N3_G2_N5,tripartite,0.19083758626825978,False,0.1643568654968083,20260819
hm4di_like,28,Ext1,AUTO_TRI_N3_G2_N9,tripartite,0.19083758626825978,False,0.1643568654968083,20260819
hm4di_like,29,Ext2,AUTO_GG_G0_G1,glia_glia,0.9993474210116544,True,0.002054029293559876,20260819
hm4di_like,29,Ext2,AUTO_GG_G1_G3,glia_glia,0.9994289933851976,True,0.002054029293559876,20260819
hm4di_like,29,Ext2,AUTO_GG_G2_G5,glia_glia,1.0,True,1.0,20260819
hm4di_like,29,Ext2,AUTO_TRI_N0_G1_N4,tripartite,0.9995105657587409,True,0.002054029293559876,20260819
hm4di_like,29,Ext2,AUTO_TRI_N3_G2_N5,tripartite,0.21043299703374999,False,0.16992881866177437,20260819
hm4di_like,29,Ext2,AUTO_TRI_N3_G2_N9,tripartite,0.21043299703374999,False,0.16992881866177437,20260819
hm4di_like,30,Ext2,AUTO_GG_G0_G1,glia_glia,0.9990788788864422,True,0.0016432234348479008,20260819
hm4di_like,30,Ext2,AUTO_GG_G1_G3,glia_glia,0.999194019025637,True,0.0016432234348479008,20260819
hm4di_like,30,Ext2,AUTO_GG_G2_G5,glia_glia,1.0,True,1.0,20260819
hm4di_like,30,Ext2,AUTO_TRI_N0_G1_N4,tripartite,0.9993091591648318,True,0.0016432234348479008,20260819
hm4di_like,30,Ext2,AUTO_TRI_N3_G2_N5,tripartite,0.23094050197268584,False,0.1757437948804678,20260819
hm4di_like,30,Ext2,AUTO_TRI_N3_G2_N9,tripartite,0.23094050197268584,False,0.1757437948804678,20260819
hm4di_like,31,Ext2,AUTO_GG_G0_G1,glia_glia,0.9987840451862725,True,0.0013145787478783207,20260819
hm4di_like,31,Ext2,AUTO_GG_G1_G3,glia_glia,0.9989360395379885,True,0.0013145787478783207,20260819
hm4di_like,31,Ext2,AUTO_GG_G2_G5,glia_glia,1.0,True,1.0,20260819
hm4di_like,31,Ext2,AUTO_TRI_N0_G1_N4,tripartite,0.9990880338897045,True,0.0013145787478783207,20260819
hm4di_like,31,Ext2,AUTO_TRI_N3_G2_N5,tripartite,0.2524094828165325,False,0.18187359998686575,20260819
hm4di_like,31,Ext2,AUTO_TRI_N3_G2_N9,tripartite,0.2524094828165325,False,0.18187359998686575,20260819
hm4di_like,32,Ext2,AUTO_GG_G0_G1,glia_glia,0.9984681782261368,True,0.0010516629983026566,20260819
hm4di_like,32,Ext2,AUTO_GG_G1_G3,glia_glia,0.9986596559478697,True,0.0010516629983026566,20260819
hm4di_like,32,Ext2,AUTO_GG_G2_G5,glia_glia,1.0,True,1.0,20260819
hm4di_like,32,Ext2,AUTO_TRI_N0_G1_N4,tripartite,0.9988511336696027,True,0.0010516629983026566,20260819
hm4di_like,32,Ext2,AUTO_TRI_N3_G2_N5,tripartite,0.2749015811305502,False,0.18839639547354087,20260819
hm4di_like,32,Ext2,AUTO_TRI_N3_G2_N9,tripartite,0.2749015811305502,False,0.18839639547354087,20260819
hm4di_like,33,Ext2,AUTO_GG_G0_G1,glia_glia,0.9981354846580281,True,0.0008413303986421253,20260819
hm4di_like,33,Ext2,AUTO_GG_G1_G3,glia_glia,0.9983685490757745,True,0.0008413303986421253,20260819
hm4di_like,33,Ext2,AUTO_GG_G2_G5,glia_glia,1.0,True,1.0,20260819
hm4di_like,33,Ext2,AUTO_TRI_N0_G1_N4,tripartite,0.9986016134935212,True,0.0008413303986421253,20260819
hm4di_like,33,Ext2,AUTO_TRI_N3_G2_N5,tripartite,0.2984920463936746,False,0.19539893739783162,20260819
hm4di_like,33,Ext2,AUTO_TRI_N3_G2_N9,tripartite,0.2984920463936746,False,0.19539893739783162,20260819
hm4di_like,34,Ext2,AUTO_GG_G0_G1,glia_glia,0.9977893298035413,True,0.0006730643189137003,20260819
hm4di_like,34,Ext2,AUTO_GG_G1_G3,glia_glia,0.9980656635780986,True,0.0006730643189137003,20260819
hm4di_like,34,Ext2,AUTO_GG_G2_G5,glia_glia,1.0,True,1.0,20260819
hm4di_like,34,Ext2,AUTO_TRI_N0_G1_N4,tripartite,0.9983419973526559,True,0.0006730643189137003,20260819
hm4di_like,34,Ext2,AUTO_TRI_N3_G2_N5,tripartite,0.3232715181676128,True,0.2029793438794716,20260819
hm4di_like,34,Ext2,AUTO_TRI_N3_G2_N9,tripartite,0.3232715181676128,True,0.2029793438794716,20260819
hm4di_like,35,Ext2,AUTO_GG_G0_G1,glia_glia,0.9974324059199517,True,0.0005384514551309603,20260819
hm4di_like,35,Ext2,AUTO_GG_G1_G3,glia_glia,0.9977533551799578,True,0.0005384514551309603,20260819
hm4di_like,35,Ext2,AUTO_GG_G2_G5,glia_glia,1.0,True,1.0,20260819
hm4di_like,35,Ext2,AUTO_TRI_N0_G1_N4,tripartite,0.9980743044399638,True,0.0005384514551309603,20260819
hm4di_like,35,Ext2,AUTO_TRI_N3_G2_N5,tripartite,0.34934835458925473,True,0.21125057813686318,20260819
hm4di_like,35,Ext2,AUTO_TRI_N3_G2_N9,tripartite,0.34934835458925473,True,0.21125057813686318,20260819
hm4di_like,36,Ext2,AUTO_GG_G0_G1,glia_glia,0.9970668668130801,True,0.00043076116410476823,20260819
hm4di_like,36,Ext2,AUTO_GG_G1_G3,glia_glia,0.9974335084614451,True,0.00043076116410476823,20260819
hm4di_like,36,Ext2,AUTO_GG_G2_G5,glia_glia,1.0,True,1.0,20260819
hm4di_like,36,Ext2,AUTO_TRI_N0_G1_N4,tripartite,0.99780015010981,True,0.00043076116410476823,20260819
hm4di_like,36,Ext2,AUTO_TRI_N3_G2_N5,tripartite,0.3768516601639701,True,0.22034490681839133,20260819
hm4di_like,36,Ext2,AUTO_TRI_N3_G2_N9,tripartite,0.3768516601639701,True,0.22034490681839133,20260819
hm4di_like,37,Ext2,AUTO_GG_G0_G1,glia_glia,0.9966944355275829,True,0.0003446089312838146,20260819
hm4di_like,37,Ext2,AUTO_GG_G1_G3,glia_glia,0.9971076310866349,True,0.0003446089312838146,20260819
hm4di_like,37,Ext2,AUTO_GG_G2_G5,glia_glia,1.0,True,1.0,20260819
hm4di_like,37,Ext2,AUTO_TRI_N0_G1_N4,tripartite,0.9975208266456871,True,0.0003446089312838146,20260819
hm4di_like,37,Ext2,AUTO_TRI_N3_G2_N5,tripartite,0.4059352232118883,True,0.23041969941505144,20260819
hm4di_like,37,Ext2,AUTO_TRI_N3_G2_N9,tripartite,0.4059352232118883,True,0.23041969941505144,20260819
hm4di_like,38,Ext2,AUTO_GG_G0_G1,glia_glia,0.996316490499185,True,0.00027568714502705167,20260819
hm4di_like,38,Ext2,AUTO_GG_G1_G3,glia_glia,0.9967769291867868,True,0.00027568714502705167,20260819
hm4di_like,38,Ext2,AUTO_GG_G2_G5,glia_glia,1.0,True,1.0,20260819
hm4di_like,38,Ext2,AUTO_TRI_N0_G1_N4,tripartite,0.9972373678743887,True,0.00027568714502705167,20260819
hm4di_like,38,Ext2,AUTO_TRI_N3_G2_N5,tripartite,0.43678265519947057,True,0.24166509077446607,20260819
hm4di_like,38,Ext2,AUTO_TRI_N3_G2_N9,tripartite,0.43678265519947057,True,0.24166509077446607,20260819
hm4di_like,39,Ext2,AUTO_GG_G0_G1,glia_glia,0.9959341344764667,True,0.00022054971602164134,20260819
hm4di_like,39,Ext2,AUTO_GG_G1_G3,glia_glia,0.9964423676669083,True,0.00022054971602164134,20260819
hm4di_like,39,Ext2,AUTO_GG_G2_G5,glia_glia,1.0,True,1.0,20260819
hm4di_like,39,Ext2,AUTO_TRI_N0_G1_N4,tripartite,0.99695060085735,True,0.00022054971602164134,20260819
hm4di_like,39,Ext2,AUTO_TRI_N3_G2_N5,tripartite,0.46961414261683276,True,0.25431426174455896,20260819
hm4di_like,39,Ext2,AUTO_TRI_N3_G2_N9,tripartite,0.46961414261683276,True,0.25431426174455896,20260819
hm4di_like,40,Ext2,AUTO_GG_G0_G1,glia_glia,0.9955482496582921,True,0.0001764397728173131,20260819
hm4di_like,40,Ext2,AUTO_GG_G1_G3,glia_glia,0.9961047184510056,True,0.0001764397728173131,20260819
hm4di_like,40,Ext2,AUTO_GG_G2_G5,glia_glia,1.0,True,1.0,20260819
hm4di_like,40,Ext2,AUTO_TRI_N0_G1_N4,tripartite,0.996661187243719,True,0.0001764397728173131,20260819
hm4di_like,40,Ext2,AUTO_TRI_N3_G2_N5,tripartite,0.5046953956441532,True,0.26865744460924035,20260819
hm4di_like,40,Ext2,AUTO_TRI_N3_G2_N9,tripartite,0.5046953956441532,True,0.26865744460924035,20260819
hm4di_like,41,Ext2,AUTO_GG_G0_G1,glia_glia,0.9951595418037524,True,0.00014115181825385048,20260819
hm4di_like,41,Ext2,AUTO_GG_G1_G3,glia_glia,0.9957645990782833,True,0.00014115181825385048,20260819
hm4di_like,41,Ext2,AUTO_GG_G2_G5,glia_glia,1.0,True,1.0,20260819
hm4di_like,41,Ext2,AUTO_TRI_N0_G1_N4,tripartite,0.9963696563528143,True,0.00014115181825385048,20260819
hm4di_like,41,Ext2,AUTO_TRI_N3_G2_N5,tripartite,0.5423496355575336,True,0.28506129630464827,20260819
hm4di_like,41,Ext2,AUTO_TRI_N3_G2_N9,tripartite,0.5423496355575336,True,0.28506129630464827,20260819
hm4di_like,42,Ext2,AUTO_GG_G0_G1,glia_glia,0.9947685755201207,True,0.00011292145460308038,20260819
hm4di_like,42,Ext2,AUTO_GG_G1_G3,glia_glia,0.9954225035801055,True,0.00011292145460308038,20260819
hm4di_like,42,Ext2,AUTO_GG_G2_G5,glia_glia,1.0,True,1.0,20260819
hm4di_like,42,Ext2,AUTO_TRI_N0_G1_N4,tripartite,0.9960764316400904,True,0.00011292145460308038,20260819
hm4di_like,42,Ext2,AUTO_TRI_N3_G2_N5,tripartite,0.582973849875134,True,0.3039961070220824,20260819
hm4di_like,42,Ext2,AUTO_TRI_N3_G2_N9,tripartite,0.582973849875134,True,0.3039961070220824,20260819
hm4di_like,43,Ext2,AUTO_GG_G0_G1,glia_glia,0.9943758024932152,True,9.033716368246431e-05,20260819
hm4di_like,43,Ext2,AUTO_GG_G1_G3,glia_glia,0.9950788271815633,True,9.033716368246431e-05,20260819
hm4di_like,43,Ext2,AUTO_GG_G2_G5,glia_glia,1.0,True,1.0,20260819
hm4di_like,43,Ext2,AUTO_TRI_N0_G1_N4,tripartite,0.9957818518699113,True,9.033716368246431e-05,20260819
hm4di_like,43,Ext2,AUTO_TRI_N3_G2_N5,tripartite,0.6270611307188623,True,0.32607458321397736,20260819
hm4di_like,43,Ext2,AUTO_TRI_N3_G2_N9,tripartite,0.6270611307188623,True,0.32607458321397736,20260819
hm4di_like,44,Ext2,AUTO_GG_G0_G1,glia_glia,0.9939815840716909,True,7.226973094597146e-05,20260819
hm4di_like,44,Ext2,AUTO_GG_G1_G3,glia_glia,0.9947338860627295,True,7.226973094597146e-05,20260819
hm4di_like,44,Ext2,AUTO_GG_G2_G5,glia_glia,1.0,True,1.0,20260819
hm4di_like,44,Ext2,AUTO_TRI_N0_G1_N4,tripartite,0.9954861880537681,True,7.226973094597146e-05,20260819
hm4di_like,44,Ext2,AUTO_TRI_N3_G2_N5,tripartite,0.6752318034594236,True,0.3521078892727012,20260819
hm4di_like,44,Ext2,AUTO_TRI_N3_G2_N9,tripartite,0.6752318034594236,True,0.3521078892727012,20260819
hm4di_like,45,Ext2,AUTO_GG_G0_G1,glia_glia,0.9935862093344714,True,5.781578475677717e-05,20260819
hm4di_like,45,Ext2,AUTO_GG_G1_G3,glia_glia,0.9943879331676625,True,5.781578475677717e-05,20260819
hm4di_like,45,Ext2,AUTO_GG_G2_G5,glia_glia,1.0,True,1.0,20260819
hm4di_like,45,Ext2,AUTO_TRI_N0_G1_N4,tripartite,0.9951896570008535,True,5.781578475677717e-05,20260819
hm4di_like,45,Ext2,AUTO_TRI_N3_G2_N5,tripartite,0.7282773973683256,True,0.3831875206169261,20260819
hm4di_like,45,Ext2,AUTO_TRI_N3_G2_N9,tripartite,0.7282773973683256,True,0.3831875206169261,20260819
hm4di_like,46,Ext2,AUTO_GG_G0_G1,glia_glia,0.9931899095446959,True,4.6252627805421734e-05,20260819
hm4di_like,46,Ext2,AUTO_GG_G1_G3,glia_glia,0.9940411708516089,True,4.6252627805421734e-05,20260819
hm4di_like,46,Ext2,AUTO_GG_G2_G5,glia_glia,1.0,True,1.0,20260819
hm4di_like,46,Ext2,AUTO_TRI_N0_G1_N4,tripartite,0.9948924321585219,True,4.6252627805421734e-05,20260819
hm4di_like,46,Ext2,AUTO_TRI_N3_G2_N5,tripartite,0.7872234730114349,True,0.4208055231896546,20260819
hm4di_like,46,Ext2,AUTO_TRI_N3_G2_N9,tripartite,0.7872234730114349,True,0.4208055231896546,20260819
hm4di_like,47,Ext2,AUTO_GG_G0_G1,glia_glia,0.9927928697128754,True,3.700210224433739e-05,20260819
hm4di_like,47,Ext2,AUTO_GG_G1_G3,glia_glia,0.993693760998766,True,3.700210224433739e-05,20260819
hm4di_like,47,Ext2,AUTO_GG_G2_G5,glia_glia,1.0,True,1.0,20260819
hm4di_like,47,Ext2,AUTO_TRI_N0_G1_N4,tripartite,0.9945946522846565,True,3.700210224433739e-05,20260819
hm4di_like,47,Ext2,AUTO_TRI_N3_G2_N5,tripartite,0.8534199284265188,True,0.4670296820298049,20260819
hm4di_like,47,Ext2,AUTO_TRI_N3_G2_N9,tripartite,0.8534199284265188,True,0.4670296820298049,20260819
hm4di_like,48,Ext2,AUTO_GG_G0_G1,glia_glia,0.992395237847419,True,2.960168179546991e-05,20260819
hm4di_like,48,Ext2,AUTO_GG_G1_G3,glia_glia,0.9933458331164917,True,2.960168179546991e-05,20260819
hm4di_like,48,Ext2,AUTO_GG_G2_G5,glia_glia,1.0,True,1.0,20260819
hm4di_like,48,Ext2,AUTO_TRI_N0_G1_N4,tripartite,0.9942964283855642,True,2.960168179546991e-05,20260819
hm4di_like,48,Ext2,AUTO_TRI_N3_G2_N5,tripartite,0.9286699172670219,True,0.5247496884684761,20260819
hm4di_like,48,Ext2,AUTO_TRI_N3_G2_N9,tripartite,0.9286699172670219,True,0.5247496884684761,20260819
hm4di_like,49,Ext2,AUTO_GG_G0_G1,glia_glia,0.9919971323550539,True,2.368134543637593e-05,20260819
hm4di_like,49,Ext2,AUTO_GG_G1_G3,glia_glia,0.9929974908106722,True,2.368134543637593e-05,20260819
hm4di_like,49,Ext2,AUTO_GG_G2_G5,glia_glia,1.0,True,1.0,20260819
hm4di_like,49,Ext2,AUTO_TRI_N0_G1_N4,tripartite,0.9939978492662904,True,2.368134543637593e-05,20260819
hm4di_like,49,Ext2,AUTO_TRI_N3_G2_N5,tripartite,1.0,True,0.5979862713677317,20260819
hm4di_like,49,Ext2,AUTO_TRI_N3_G2_N9,tripartite,1.0,True,0.5979862713677317,20260819
hm4di_like,50,Ext2,AUTO_GG_G0_G1,glia_glia,0.9915986479611618,True,1.8945076349100747e-05,20260819
hm4di_like,50,Ext2,AUTO_GG_G1_G3,glia_glia,0.9926488169660167,True,1.8945076349100747e-05,20260819
hm4di_like,50,Ext2,AUTO_GG_G2_G5,glia_glia,1.0,True,1.0,20260819
hm4di_like,50,Ext2,AUTO_TRI_N0_G1_N4,tripartite,0.9936989859708714,True,1.8945076349100747e-05,20260819
hm4di_like,50,Ext2,AUTO_TRI_N3_G2_N5,tripartite,1.0,True,0.6893012633024284,20260819
hm4di_like,50,Ext2,AUTO_TRI_N3_G2_N9,tripartite,1.0,True,0.6893012633024284,20260819
hm4di_like,51,Ext2,AUTO_GG_G0_G1,glia_glia,0.9911998604460481,True,1.5156061079280599e-05,20260819
hm4di_like,51,Ext2,AUTO_GG_G1_G3,glia_glia,0.9922998778902923,True,1.5156061079280599e-05,20260819
hm4di_like,51,Ext2,AUTO_GG_G2_G5,glia_glia,1.0,True,1.0,20260819
hm4di_like,51,Ext2,AUTO_TRI_N0_G1_N4,tripartite,0.9933998953345361,True,1.5156061079280599e-05,20260819
hm4di_like,51,Ext2,AUTO_TRI_N3_G2_N5,tripartite,1.0,True,0.7878361219555996,20260819
hm4di_like,51,Ext2,AUTO_TRI_N3_G2_N9,tripartite,1.0,True,0.7878361219555996,20260819
hm4di_like,52,Ext2,AUTO_GG_G0_G1,glia_glia,0.9908008304339572,True,1.2124848863424479e-05,20260819
hm4di_like,52,Ext2,AUTO_GG_G1_G3,glia_glia,0.9919507266297127,True,1.2124848863424479e-05,20260819
hm4di_like,52,Ext2,AUTO_GG_G2_G5,glia_glia,1.0,True,1.0,20260819
hm4di_like,52,Ext2,AUTO_TRI_N0_G1_N4,tripartite,0.9931006228254678,True,1.2124848863424479e-05,20260819
hm4di_like,52,Ext2,AUTO_TRI_N3_G2_N5,tripartite,1.0,True,0.89380653293516,20260819
hm4di_like,52,Ext2,AUTO_TRI_N3_G2_N9,tripartite,1.0,True,0.89380653293516,20260819
hm4di_like,53,Ext2,AUTO_GG_G0_G1,glia_glia,0.9904016064242844,True,9.699879090739585e-06,20260819
hm4di_like,53,Ext2,AUTO_GG_G1_G3,glia_glia,0.9916014056212491,True,9.699879090739585e-06,20260819
hm4di_like,53,Ext2,AUTO_GG_G2_G5,glia_glia,1.0,True,1.0,20260819
hm4di_like,53,Ext2,AUTO_TRI_N0_G1_N4,tripartite,0.9928012048182133,True,9.699879090739585e-06,20260819
hm4di_like,53,Ext2,AUTO_TRI_N3_G2_N5,tripartite,1.0,True,1.0,20260819
hm4di_like,53,Ext2,AUTO_TRI_N3_G2_N9,tripartite,1.0,True,1.0,20260819
hm4di_like,54,E-Ret,AUTO_GG_G0_G1,glia_glia,0.9904016064242844,True,9.699879090739585e-06,20260819
hm4di_like,54,E-Ret,AUTO_GG_G1_G3,glia_glia,0.9916014056212491,True,9.699879090739585e-06,20260819
hm4di_like,54,E-Ret,AUTO_GG_G2_G5,glia_glia,1.0,True,1.0,20260819
hm4di_like,54,E-Ret,AUTO_TRI_N0_G1_N4,tripartite,0.9928012048182133,True,9.699879090739585e-06,20260819
hm4di_like,54,E-Ret,AUTO_TRI_N3_G2_N5,tripartite,1.0,True,1.0,20260819
hm4di_like,54,E-Ret,AUTO_TRI_N3_G2_N9,tripartite,1.0,True,1.0,20260819
hm4di_like,55,E-Ret,AUTO_GG_G0_G1,glia_glia,0.9904016064242844,True,9.699879090739585e-06,20260819
hm4di_like,55,E-Ret,AUTO_GG_G1_G3,glia_glia,0.9916014056212491,True,9.699879090739585e-06,20260819
hm4di_like,55,E-Ret,AUTO_GG_G2_G5,glia_glia,1.0,True,1.0,20260819
hm4di_like,55,E-Ret,AUTO_TRI_N0_G1_N4,tripartite,0.9928012048182133,True,9.699879090739585e-06,20260819
hm4di_like,55,E-Ret,AUTO_TRI_N3_G2_N5,tripartite,1.0,True,1.0,20260819
hm4di_like,55,E-Ret,AUTO_TRI_N3_G2_N9,tripartite,1.0,True,1.0,20260819
hm4di_like,56,E-Ret,AUTO_GG_G0_G1,glia_glia,0.9904016064242844,True,9.699879090739585e-06,20260819
hm4di_like,56,E-Ret,AUTO_GG_G1_G3,glia_glia,0.9916014056212491,True,9.699879090739585e-06,20260819
hm4di_like,56,E-Ret,AUTO_GG_G2_G5,glia_glia,1.0,True,1.0,20260819
hm4di_like,56,E-Ret,AUTO_TRI_N0_G1_N4,tripartite,0.9928012048182133,True,9.699879090739585e-06,20260819
hm4di_like,56,E-Ret,AUTO_TRI_N3_G2_N5,tripartite,1.0,True,1.0,20260819
hm4di_like,56,E-Ret,AUTO_TRI_N3_G2_N9,tripartite,1.0,True,1.0,20260819
hm4di_like,57,E-Ret,AUTO_GG_G0_G1,glia_glia,0.9904016064242844,True,9.699879090739585e-06,20260819
hm4di_like,57,E-Ret,AUTO_GG_G1_G3,glia_glia,0.9916014056212491,True,9.699879090739585e-06,20260819
hm4di_like,57,E-Ret,AUTO_GG_G2_G5,glia_glia,1.0,True,1.0,20260819
hm4di_like,57,E-Ret,AUTO_TRI_N0_G1_N4,tripartite,0.9928012048182133,True,9.699879090739585e-06,20260819
hm4di_like,57,E-Ret,AUTO_TRI_N3_G2_N5,tripartite,1.0,True,1.0,20260819
hm4di_like,57,E-Ret,AUTO_TRI_N3_G2_N9,tripartite,1.0,True,1.0,20260819
hm4di_like,58,E-Ret,AUTO_GG_G0_G1,glia_glia,0.9904016064242844,True,9.699879090739585e-06,20260819
hm4di_like,58,E-Ret,AUTO_GG_G1_G3,glia_glia,0.9916014056212491,True,9.699879090739585e-06,20260819
hm4di_like,58,E-Ret,AUTO_GG_G2_G5,glia_glia,1.0,True,1.0,20260819
hm4di_like,58,E-Ret,AUTO_TRI_N0_G1_N4,tripartite,0.9928012048182133,True,9.699879090739585e-06,20260819
hm4di_like,58,E-Ret,AUTO_TRI_N3_G2_N5,tripartite,1.0,True,1.0,20260819
hm4di_like,58,E-Ret,AUTO_TRI_N3_G2_N9,tripartite,1.0,True,1.0,20260819
hm4di_like,59,F-Ren,AUTO_GG_G0_G1,glia_glia,0.9904016064242844,True,9.699879090739585e-06,20260819
hm4di_like,59,F-Ren,AUTO_GG_G1_G3,glia_glia,0.9916014056212491,True,9.699879090739585e-06,20260819
hm4di_like,59,F-Ren,AUTO_GG_G2_G5,glia_glia,1.0,True,1.0,20260819
hm4di_like,59,F-Ren,AUTO_TRI_N0_G1_N4,tripartite,0.9928012048182133,True,9.699879090739585e-06,20260819
hm4di_like,59,F-Ren,AUTO_TRI_N3_G2_N5,tripartite,1.0,True,1.0,20260819
hm4di_like,59,F-Ren,AUTO_TRI_N3_G2_N9,tripartite,1.0,True,1.0,20260819
hm4di_like,60,F-Ren,AUTO_GG_G0_G1,glia_glia,0.9904016064242844,True,9.699879090739585e-06,20260819
hm4di_like,60,F-Ren,AUTO_GG_G1_G3,glia_glia,0.9916014056212491,True,9.699879090739585e-06,20260819
hm4di_like,60,F-Ren,AUTO_GG_G2_G5,glia_glia,1.0,True,1.0,20260819
hm4di_like,60,F-Ren,AUTO_TRI_N0_G1_N4,tripartite,0.9928012048182133,True,9.699879090739585e-06,20260819
hm4di_like,60,F-Ren,AUTO_TRI_N3_G2_N5,tripartite,1.0,True,1.0,20260819
hm4di_like,60,F-Ren,AUTO_TRI_N3_G2_N9,tripartite,1.0,True,1.0,20260819
hm4di_like,61,F-Ren,AUTO_GG_G0_G1,glia_glia,0.9904016064242844,True,9.699879090739585e-06,20260819
hm4di_like,61,F-Ren,AUTO_GG_G1_G3,glia_glia,0.9916014056212491,True,9.699879090739585e-06,20260819
hm4di_like,61,F-Ren,AUTO_GG_G2_G5,glia_glia,1.0,True,1.0,20260819
hm4di_like,61,F-Ren,AUTO_TRI_N0_G1_N4,tripartite,0.9928012048182133,True,9.699879090739585e-06,20260819
hm4di_like,61,F-Ren,AUTO_TRI_N3_G2_N5,tripartite,1.0,True,1.0,20260819
hm4di_like,61,F-Ren,AUTO_TRI_N3_G2_N9,tripartite,1.0,True,1.0,20260819
hm4di_like,62,F-Ren,AUTO_GG_G0_G1,glia_glia,0.9904016064242844,True,9.699879090739585e-06,20260819
hm4di_like,62,F-Ren,AUTO_GG_G1_G3,glia_glia,0.9916014056212491,True,9.699879090739585e-06,20260819
hm4di_like,62,F-Ren,AUTO_GG_G2_G5,glia_glia,1.0,True,1.0,20260819
hm4di_like,62,F-Ren,AUTO_TRI_N0_G1_N4,tripartite,0.9928012048182133,True,9.699879090739585e-06,20260819
hm4di_like,62,F-Ren,AUTO_TRI_N3_G2_N5,tripartite,1.0,True,1.0,20260819
hm4di_like,62,F-Ren,AUTO_TRI_N3_G2_N9,tripartite,1.0,True,1.0,20260819
hm4di_like,63,F-Ren,AUTO_GG_G0_G1,glia_glia,0.9904016064242844,True,9.699879090739585e-06,20260819
hm4di_like,63,F-Ren,AUTO_GG_G1_G3,glia_glia,0.9916014056212491,True,9.699879090739585e-06,20260819
hm4di_like,63,F-Ren,AUTO_GG_G2_G5,glia_glia,1.0,True,1.0,20260819
hm4di_like,63,F-Ren,AUTO_TRI_N0_G1_N4,tripartite,0.9928012048182133,True,9.699879090739585e-06,20260819
hm4di_like,63,F-Ren,AUTO_TRI_N3_G2_N5,tripartite,1.0,True,1.0,20260819
hm4di_like,63,F-Ren,AUTO_TRI_N3_G2_N9,tripartite,1.0,True,1.0,20260819
