agent,trial,stage,analysis_stage,day,stage_index,context,plasticity,P_FREEZE_NODE,P_SUPPRESS_NODE,fear_route_drive,suppression_route_drive,freeze_score,suppression_score,route_conflict,P_N4,P_N5,P_N6,P_N7,P_G0,P_G1,P_G2,P_G3,P_G4,P_G5,astro_fear_proxy,fear_responsive_weight,ext_responsive_weight,fear_memory_storage,extinction_memory_storage,fear_expression_gate,extinction_expression_gate,fear_assembly_min_strength,extinction_assembly_min_strength,seed
full_biological,0,Pre-Con,Pre-Con,0,1,A,False,0.0,0.0,0.0,0.0,0.0,0.0,0.0,0.0,0.0,0.0,0.0,0.0,0.00653119496947252,0.004036710768538954,0.3842523215571083,0.0,0.0,0.00653119496947252,,,0.0,0.0,,,0.0,0.0,20260817
full_biological,1,F-Con,F-Con,1,1,A,True,0.08328698219138453,0.0,0.7998359770879381,0.0,0.9523716522139278,0.0,0.0,0.7998359770879381,0.0,0.27872687616858605,0.0,0.7165859895183705,0.00653119496947252,0.004036710768538954,0.3842523215571083,0.4215770703060906,0.0,0.00653119496947252,0.28,0.22,0.0,0.0,1.0,0.0,0.0,0.0,20260817
full_biological,2,F-Con,F-Con,1,2,A,True,0.08328698219138453,0.0,0.7998359770879381,0.0,0.9523716522139278,0.0,0.0,0.7998359770879381,0.0,0.27872687616858605,0.0,0.5809773719640225,0.20091824478858633,0.004036710768538954,0.38339246276680483,0.4215770703060906,0.0,0.20091824478858633,0.3196005221444273,0.22,0.0,0.0,1.1414304362300973,0.0,0.0,0.0,20260817
full_biological,3,F-Con,F-Con,1,3,A,True,0.08474756609711354,0.0,0.8103155951462515,0.0,0.9529586423813382,0.0,0.0,0.8103155951462515,0.0,0.2834107344521434,0.0,0.6214799987386012,0.39277771805901573,0.004036710768538954,0.3841122813893348,0.4286546895842237,0.0,0.39277771805901573,1.92421809064276,0.22,0.6563894360681201,0.0,1.35,0.0,0.6563894360681201,0.0,20260817
full_biological,4,Ext1,E-Ext,2,1,B,True,0.0064821341191168,0.0,0.07222303399805885,0.0,0.6435669347462848,0.0,0.0,0.07222303399805885,0.0,0.02895662110742303,0.0,0.08599868374783626,0.2522086817136901,0.004036710768538954,0.007430816940880166,0.045494616034054136,0.48524435617492145,0.2522086817136901,2.1957125324889537,0.22,1.0,0.0,1.0,1.0,1.0,0.0,20260817
full_biological,5,Ext1,E-Ext,2,2,B,True,0.006993752464845904,0.0,0.07797393901431282,0.0,0.6609420662376364,0.0,0.0,0.07797393901431282,0.0,0.031214578674507387,0.0,0.0921878846491803,0.2695469685530145,0.004036710768538954,0.007969448869371568,0.0490566990025082,0.48524435617492145,0.2695469685530145,2.284905064146642,0.22,1.0,0.0,1.0,1.0,1.0,0.0,20260817
full_biological,6,Ext1,E-Ext,2,3,B,True,0.007515919018287964,0.0,0.08385113431742086,0.0,0.6770316217089857,0.0,0.0,0.08385113431742086,0.0,0.03351494416619172,0.0,0.0984181706005787,0.2868782236809258,0.011056016955004211,0.008512249477860893,0.05268783805066746,0.4792927906814628,0.2868782236809258,2.3731366162978116,0.22,1.0,0.0,1.0,1.0,1.0,0.0,20260817
full_biological,7,Ext1,E-Ext,2,4,B,True,0.008048262231552972,0.0,0.08985092421415719,0.0,0.6919544451294791,0.0,0.0,0.08985092421415719,0.0,0.03585583279889493,0.0,0.10468072149433713,0.3041731252977954,0.03138608000674985,0.009058477081936411,0.05638517349440564,0.4621186090596081,0.3041731252977954,2.4605000593375754,0.22,1.0,0.0,1.0,1.0,1.0,0.0,20260817
full_biological,8,Ext1,E-Ext,2,5,B,True,0.008590350363750887,0.0,0.09596892227241993,0.0,0.7058151279609455,0.0,0.0,0.09596892227241993,0.0,0.03823510326060875,0.0,0.11096626866119574,0.32140164937773963,0.07133577941293712,0.009607348632223796,0.06014543461643074,0.42868294477964497,0.32140164937773963,2.547065517915506,0.22,1.0,0.0,1.0,1.0,1.0,0.0,20260817
full_biological,9,Ext1,Ext1,2,6,B,True,0.009141680910343397,0.0,0.1021999258881019,0.0,0.7187059012149114,0.0,0.0,0.1021999258881019,0.0,0.04065031456377244,0.0,0.11726503669778174,0.3385329968151699,0.1254805532512948,0.0101580341927041,0.06396486982599803,0.3842177004149573,0.3385329968151699,2.632882323188338,0.22,1.0,0.0,1.0,1.0,1.0,0.0,20260817
full_biological,10,Ext1,Ext1,2,7,B,True,0.009652940557351775,0.0,0.1079859164005369,0.0,0.7297040085102661,0.0,0.0,0.1079859164005369,0.0,0.042885820908620365,0.0,0.12302215428350274,0.35407180071110883,0.1257372307887064,0.010661958291117567,0.067502245662452,0.38428596601723913,0.35407180071110883,2.7106526865051674,0.22937187801858083,1.0,0.010133884436773048,0.9973038624577653,1.0,1.0,0.010133884436773048,20260817
full_biological,11,Ext1,Ext1,2,8,B,True,0.010101502124933104,0.0,0.11306858915688489,0.0,0.7386792403306028,0.0,0.0,0.11306858915688489,0.0,0.044843875951134704,0.0,0.1280073979350674,0.36743328177031026,0.12634288212880954,0.011098789974838746,0.07060227214346348,0.38444706081780045,0.36743328177031026,2.7775786575387693,0.25010761448239494,1.0,0.030469233174460257,0.9913898890629849,1.0,1.0,0.030469233174460257,20260817
full_biological,12,Ext1,Ext1,2,9,B,True,0.01047127531645975,0.0,0.11726290603933343,0.0,0.7456488563806934,0.0,0.0,0.11726290603933343,0.0,0.0464556855072612,0.0,0.1320710885502576,0.37825911108865096,0.12740237251442482,0.011455201005380167,0.07315529182767277,0.3847289266372748,0.37825911108865096,2.831900061279928,0.2827783492345102,1.0,0.06004627466001505,0.982212968624904,1.0,1.0,0.06004627466001505,20260817
full_biological,13,Ext1,Ext1,2,10,B,True,0.010749557527564568,0.0,0.1204220725526961,0.0,0.750657753241153,0.0,0.0,0.1204220725526961,0.0,0.04766731166319227,0.0,0.13510214296160145,0.3862949662154371,0.1290659445543326,0.011721240316495771,0.07507514053116471,0.3851716462833068,0.3862949662154371,2.8723057771025613,0.3276340387827559,1.0,0.0980464558330073,0.9698866861932864,1.0,1.0,0.0980464558330073,20260817
full_biological,14,Ext1,Ext1,2,11,B,True,0.010927306703273687,0.0,0.1224411318222135,0.0,0.7537569484323792,0.0,0.0,0.1224411318222135,0.0,0.04844060114504134,0.0,0.1370260354402662,0.3913780643819897,0.131532887136529,0.011890191241964675,0.07630074796628383,0.38582848973868844,0.3913780643819897,2.8979104932518083,0.38476893158318193,1.0,0.1437932973406087,0.9546270539225337,1.0,1.0,0.1437932973406087,20260817
full_biological,15,Ext1,Ext1,2,12,B,True,0.010998974205505552,0.0,0.12325546653117492,0.0,0.7549852335734087,0.0,0.0,0.12325546653117492,0.0,0.04875225031212593,0.0,0.13779906687197926,0.3934166340549609,0.13505488298253454,0.011958096273765755,0.07679475808484626,0.386766927781208,0.3934166340549609,2.9081905055884185,0.4542756255221113,1.0,0.19675805245179293,0.9366983846204319,1.0,1.0,0.19675805245179293,20260817
full_biological,16,Ext1,Ext1,2,13,B,True,0.010961985352787473,0.0,0.12283515539493983,0.0,0.7543527999037791,0.0,0.0,0.12283515539493983,0.0,0.04859141254770172,0.0,0.13740028327618792,0.39236527380735714,0.13994336945964253,0.011923064711925013,0.07653980144778116,0.38807079858344234,0.39236527380735714,2.902887908591954,0.5363977412140669,1.0,0.25657002300467263,0.9163646961561217,1.0,1.0,0.25657002300467263,20260817
full_biological,17,Ext1,Ext1,2,14,B,True,0.01081601356834716,0.003351063808639476,0.1211768411571933,0.003351063808639476,0.7365123939453181,0.020367753478264892,0.003351063808639476,0.1211768411571933,0.0024642137582522317,0.04795648223096605,0.0015755786689986007,0.13582254564978866,0.3881999322621996,0.14658536273049155,0.011784495988899139,0.07553342625493542,0.3898448706331918,0.3881999322621996,2.8818970017367733,0.6316915876250407,1.0,0.3230318004525869,0.8938490050088921,1.0,1.0,0.3230318004525869,20260817
full_biological,18,Ext1,Ext1,2,15,B,True,0.010562205881687547,0.005484438324155239,0.11829493639318522,0.005484438324155239,0.7222822568308445,0.03348674601805378,0.005484438324155239,0.11829493639318522,0.004035100779417489,0.04685172296666562,0.002579114295379159,0.13306406597958975,0.3808953600516226,0.15547280021596424,0.011542337154052548,0.07378275614482799,0.3922232630707944,0.3808953600516226,2.8451466305438733,0.7412109348990858,1.0,0.3961405169430844,0.8693011704535656,1.0,1.0,0.3961405169430844,20260817
full_biological,19,Ext1,Ext1,2,16,B,True,0.010011856542571307,0.008740743903677406,0.11205234336941883,0.008740743903677406,0.6968728896852727,0.05436019702035971,0.008740743903677406,0.11205234336941883,0.006436011110974915,0.04445280289142961,0.004111597177784532,0.12701598625815552,0.3647831250355654,0.16725202187731678,0.01101188229195489,0.06998299335167635,0.39538372053181403,0.3647831250355654,2.7642961320105757,0.8667372971830231,1.0,0.4761174304552753,0.842773210978834,1.0,1.0,0.4761174304552753,20260817
full_biological,20,Ext1,Ext1,2,17,B,True,0.009388112245207636,0.013681108952076304,0.1049878753210467,0.013681108952076304,0.6616786248554225,0.0862242171319789,0.013681108952076304,0.1049878753210467,0.01008592461750557,0.041728347372608,0.006438301031353788,0.12005003967447467,0.346064275124688,0.18280313968221942,0.010401735457965756,0.06567045063013466,0.3995708278156475,0.346064275124688,2.670574997577674,1.0110930581043471,1.0,0.5634499431740698,0.8141996943834372,1.0,1.0,0.5634499431740698,20260817
full_biological,21,Ext1,Ext1,2,18,B,True,0.008733075932697454,0.021159285516966886,0.09758112966499533,0.021159285516966886,0.614721396269118,0.13329488582168728,0.021159285516966886,0.09758112966499533,0.015627647256165167,0.038860787887459836,0.009964040374423333,0.1126059120983549,0.3258741178405919,0.20336432168232493,0.009750634246029304,0.061134668206823894,0.40513321990504536,0.3258741178405919,2.5694869905447852,1.1786005981642198,1.0,0.6589527217914009,0.7833801800441418,1.0,1.0,0.6589527217914009,20260817
full_biological,22,Ext1,Ext1,2,19,B,True,0.008044383176041059,0.0324809888052614,0.08980717574623831,0.0324809888052614,0.5533809319640148,0.20014391619392582,0.0324809888052614,0.08980717574623831,0.024056627729832747,0.035838791046322926,0.015310695749747305,0.10463541139715199,0.3040484557192745,0.230723175706341,0.009054522819796402,0.0563582486361307,0.41258305133984796,0.3040484557192745,2.459872218154448,1.375795663997672,1.0,0.763858398907373,0.7499610421202585,1.0,1.0,0.763858398907373,20260817
full_biological,23,Ext1,Ext1,2,20,B,True,0.007317994014373275,0.049645949920405275,0.08162248915169545,0.049645949920405275,0.4765763592750089,0.2898721456759776,0.049645949920405275,0.08162248915169545,0.03692654023498343,0.03264349316361004,0.02343712549738819,0.09606684351947176,0.2803519185419695,0.26750175136516174,0.008307324111953793,0.05131199230416428,0.42269025574147845,0.2803519185419695,2.340004686204563,1.612582861209127,1.0,0.8799539756701181,0.7134160628672447,1.0,1.0,0.8799539756701181,20260817
full_biological,24,Ext1,Ext1,2,21,B,True,0.006564640612843453,0.0738387856314453,0.07314995213208975,0.0738387856314453,0.3911997749543332,0.3948835984166139,0.07314995213208975,0.07314995213208975,0.05525446006406187,0.029321024146400143,0.03493254086714492,0.08700249543719463,0.2550288484244635,0.3146249002882216,0.007518137104392044,0.046069344961165215,0.43580788995246644,0.2550288484244635,2.210293978120637,1.887837047224029,1.0,1.0,0.6751707389534213,1.0,1.0,1.0,20260817
full_biological,25,Ext1,Ext1,2,22,B,True,0.006249557173886422,0.08017272044980983,0.06961119652196834,0.08017272044980983,0.36679186325530355,0.4224421211715844,0.06961119652196834,0.06961119652196834,0.06008992602783925,0.0279288451733275,0.037950269354529054,0.08315718571967187,0.24420875441492323,0.3337419868343502,0.007183720412551303,0.04387392341888041,0.44118745720389807,0.24420875441492323,2.1541740372718836,1.9937432307999774,1.0,1.0,0.661525860475637,1.0,1.0,1.0,20260817
full_biological,26,Ext1,Ext1,2,23,B,True,0.005939224915429087,0.08686633591353465,0.06612856785213006,0.08686633591353465,0.3426441142322787,0.45009652699953234,0.06612856785213006,0.06612856785213006,0.0652168830313703,0.026556168022958793,0.041143034049493266,0.0793383488553791,0.23341832186065667,0.3535193969573022,0.006851821981002617,0.0417100364907419,0.4467904863388122,0.23341832186065667,2.0976934028546057,2.100888449173076,1.0,1.0,0.6482713299014378,1.0,1.0,1.0,20260817
full_biological,27,Ext1,Ext1,2,24,B,True,0.005633868211614046,0.09393837108653869,0.06270445077728404,0.09393837108653869,0.31887485229797785,0.47771065425206327,0.06270445077728404,0.06270445077728404,0.07065268482142584,0.025204054454882052,0.044520405568615584,0.07554342127337299,0.22268268204000016,0.3739447054667095,0.00652222773842384,0.03957932438064804,0.4526192527200616,0.22268268204000016,2.040872232940164,2.2095574070929467,0.9999209420771187,1.0,0.6353600255053232,1.0,0.9999209420771187,1.0,20260817
full_biological,28,Ext1,Ext1,2,25,B,True,0.005334821389433753,0.10140699566283728,0.059353656833426416,0.10140699566283728,0.2956438729174335,0.5051138975787327,0.059353656833426416,0.059353656833426416,0.07641465694927474,0.02387849192327307,0.04809176440281715,0.0717926877350292,0.21205129360193237,0.3949963303641781,0.006196685552358942,0.037491183418479235,0.4586739944718797,0.21205129360193237,1.9839154711992175,2.3199986501264522,0.9997776957388137,1.0,0.6227546420311411,1.0,0.9997776957388137,1.0,20260817
full_biological,29,Ext2,Ext2,3,1,B,True,0.005043297541399427,0.10928898877653037,0.05608959879182496,0.10928898877653037,0.2731034401196127,0.5321342895113452,0.05608959879182496,0.05608959879182496,0.08251948958423538,0.022584952631016675,0.05186591223299453,0.06810496359679288,0.20157210173883838,0.4166412088060523,0.005876812913037559,0.03545418630770336,0.4649522179591124,0.20157210173883838,1.9270260999296946,2.4324225143431604,0.9995830986681696,1.0,0.6104265237212284,1.0,0.9995830986681696,1.0,20260817
full_biological,30,Ext2,Ext2,3,2,B,True,0.004760375260500216,0.11759880950961488,0.05292414992991723,0.11759880950961488,0.2513937200522705,0.5586032507936144,0.05292414992991723,0.05292414992991723,0.0889825311224669,0.02132833052573846,0.05585062784787054,0.06449734871670625,0.1912907339638792,0.43883263144306567,0.005564076233973349,0.03347598501184501,0.47144800240850676,0.1912907339638792,1.8704029355146672,2.5469978429180293,0.9993474210116544,1.0,0.5983547478338828,1.0,0.9993474210116544,1.0,20260817
full_biological,31,Ext2,Ext2,3,3,B,True,0.004486998947186849,0.12634756048989115,0.04986765555392347,0.12634756048989115,0.2306389738260517,0.5843601703974786,0.04986765555392347,0.04986765555392347,0.09581697747123785,0.020112938330885566,0.06005216706062144,0.06098523331782412,0.1812499969346254,0.4615083614642371,0.005259791846279991,0.031563308308239946,0.47815132998127,0.1812499969346254,1.8142403467491102,2.6638476909631956,0.9990788788864422,1.0,0.5865253778110798,1.0,0.9990788788864422,1.0,20260817
full_biological,32,Ext2,Ext2,3,4,B,True,0.004223978746402568,0.13554186138307056,0.046928940132694,0.13554186138307056,0.21094426690132886,0.6092568573474838,0.046928940132694,0.046928940132694,0.10303296296747333,0.018942503042050363,0.06447471326972376,0.0575822817058715,0.17148938695541585,0.4845892069304564,0.004965125097983186,0.029721956896538004,0.485047480788276,0.17148938695541585,1.7587276694103924,2.7830442959409463,0.9987840451862725,1.0,0.5749308197631201,1.0,0.9987840451862725,1.0,20260817
full_biological,33,Ext2,Ext2,3,5,B,True,0.004080481355379306,0.13844534080979798,0.04532647153669689,0.13844534080979798,0.2025566627959023,0.6186898133328121,0.04532647153669689,0.04532647153669689,0.10531888599336503,0.018303493530922754,0.06587281496264441,0.05570736714527267,0.16613872500682833,0.49172013521799024,0.0048028616589610605,0.028716893399293508,0.4871938170571956,0.16613872500682833,1.7278123951106699,2.8200000000000003,0.9984681782261368,1.0,0.5714285714285714,1.0,0.9984681782261368,1.0,20260817
full_biological,34,Ext2,Ext2,3,6,B,True,0.003990328651939157,0.13844534080979798,0.04432001223454052,0.13844534080979798,0.19895379433497096,0.6214850690100011,0.04432001223454052,0.04432001223454052,0.10531888599336503,0.01790187170952806,0.06587281496264441,0.05451852089814434,0.16277623929627047,0.49172013521799024,0.004700017049295952,0.028085290427976473,0.4871938170571956,0.16277623929627047,1.7081654779163762,2.8200000000000003,0.9981354846580281,1.0,0.5714285714285714,1.0,0.9981354846580281,1.0,20260817
full_biological,35,Ext2,Ext2,3,7,B,True,0.0039057007918976705,0.13844534080979798,0.04337544025722939,0.13844534080979798,0.1955427261980593,0.624131517993186,0.04337544025722939,0.04337544025722939,0.10531888599336503,0.017524748773040444,0.06587281496264441,0.053398851900515576,0.15961157332601428,0.49172013521799024,0.004603177287461778,0.02749227579395419,0.4871938170571956,0.15961157332601428,1.6895424944327668,2.8200000000000003,0.9977893298035413,1.0,0.5714285714285714,1.0,0.9977893298035413,1.0,20260817
full_biological,36,Ext2,Ext2,3,8,B,True,0.0038262546543297304,0.13844534080979798,0.042488887454636304,0.13844534080979798,0.19231464399342285,0.6266359988552518,0.042488887454636304,0.042488887454636304,0.10531888599336503,0.017170616620529655,0.06587281496264441,0.05234448507293703,0.15663344007987634,0.49172013521799024,0.00451200366652643,0.026935466952612064,0.4871938170571956,0.15663344007987634,1.671895792201632,2.8200000000000003,0.9974324059199517,1.0,0.5714285714285714,1.0,0.9974324059199517,1.0,20260817
full_biological,37,Ext2,Ext2,3,9,B,True,0.0037516657512665086,0.13844534080979798,0.041656699016851095,0.13844534080979798,0.1892608494208397,0.6290052601004362,0.041656699016851095,0.041656699016851095,0.10531888599336503,0.016838047269012835,0.06587281496264441,0.05135168263290774,0.15383106776445815,0.49172013521799024,0.004426169868717913,0.02641260887765917,0.4871938170571956,0.15383106776445815,1.6551789156305745,2.8200000000000003,0.9970668668130801,1.0,0.5714285714285714,1.0,0.9970668668130801,1.0,20260817
full_biological,38,Ext2,Ext2,3,10,B,True,0.0036816279378476535,0.13844534080979798,0.04087542956611978,0.13844534080979798,0.18637281592645752,0.6312459169849779,0.04087542956611978,0.04087542956611978,0.10531888599336503,0.016525691925117436,0.06587281496264441,0.050416858768169946,0.15119420219202695,0.49172013521799024,0.0043453631638274755,0.025921572412189953,0.4871938170571956,0.15119420219202695,1.639346749861447,2.8200000000000003,0.9966944355275829,1.0,0.5714285714285714,1.0,0.9966944355275829,1.0,20260817
full_biological,39,Ext2,Ext2,3,11,B,True,0.003615852922317697,0.13844534080979798,0.0401418370876131,0.13844534080979798,0.18364223132270255,0.6333644184508121,0.0401418370876131,0.0401418370876131,0.10531888599336503,0.016232279125895643,0.06587281496264441,0.049536588347115613,0.1487131027301644,0.49172013521799024,0.004269285101228363,0.025460351175814244,0.4871938170571956,0.1487131027301644,1.6243556231565413,2.8200000000000003,0.996316490499185,1.0,0.5714285714285714,1.0,0.996316490499185,1.0,20260817
full_biological,40,Ext2,Ext2,3,12,B,True,0.0035540696393661086,0.13844534080979798,0.039452875402927856,0.13844534080979798,0.18106102972596846,0.6353670223469796,0.039452875402927856,0.039452875402927856,0.10531888599336503,0.015956612234244716,0.06587281496264441,0.04870761113593823,0.14637853337079187,0.49172013521799024,0.00419765182146513,0.02502705747557954,0.4871938170571956,0.14637853337079187,1.610163376359557,2.8200000000000003,0.9959341344764667,1.0,0.5714285714285714,1.0,0.9959341344764667,1.0,20260817
full_biological,41,Ext2,Ext2,3,13,B,True,0.0034960235345524726,0.13844534080979798,0.03880568571361942,0.13844534080979798,0.17862141475053775,0.6372597774348145,0.03880568571361942,0.03880568571361942,0.10531888599336503,0.015697566504577543,0.06587281496264441,0.04792683265846502,0.1441817501575732,0.49172013521799024,0.004130194084624087,0.024619917558377225,0.4871938170571956,0.1441817501575732,1.5967294061815547,2.8200000000000003,0.9955482496582921,1.0,0.5714285714285714,1.0,0.9955482496582921,1.0,20260817
full_biological,42,Ext2,Ext2,3,14,B,True,0.0034414757955494313,0.13844534080979798,0.03819758760776715,0.13844534080979798,0.1763158755597311,0.6390485109347931,0.03819758760776715,0.03819758760776715,0.10531888599336503,0.01545408588102426,0.06587281496264441,0.047191322575998396,0.14211448595944878,0.49172013521799024,0.0040666570904469975,0.024237266458509543,0.4871938170571956,0.14211448595944878,1.5840146876594519,2.8200000000000003,0.9951595418037524,1.0,0.5714285714285714,1.0,0.9951595418037524,1.0,20260817
full_biological,43,Ext2,Ext2,3,15,B,True,0.00339020255677136,0.13844534080979798,0.03762606982041239,0.13844534080979798,0.17413719709918735,0.6407388205871277,0.03762606982041239,0.03762606982041239,0.10531888599336503,0.015225179649603904,0.06587281496264441,0.046498311263977896,0.14016893337632316,0.49172013521799024,0.0040068001479088644,0.02387754262986408,0.4871938170571956,0.14016893337632316,1.5719817800425884,2.8200000000000003,0.9947685755201207,1.0,0.5714285714285714,1.0,0.9947685755201207,1.0,20260817
full_biological,44,Ext2,Ext2,3,16,B,True,0.0033419940969764417,0.13844534080979798,0.037088780961004875,0.13844534080979798,0.17207846561040005,0.6423360703741358,0.037088780961004875,0.037088780961004875,0.10531888599336503,0.015009919034571828,0.06587281496264441,0.045845185106679315,0.13833772640064826,0.49172013521799024,0.003950396238619922,0.02353928250305859,0.4871938170571956,0.13833772640064826,1.560594819509924,2.8200000000000003,0.9943758024932152,1.0,0.5714285714285714,1.0,0.9943758024932152,1.0,20260817
full_biological,45,Ext2,Ext2,3,17,B,True,0.0032966540441085046,0.13844534080979798,0.036583520361926136,0.13844534080979798,0.17013307033566152,0.6438453891974724,0.036583520361926136,0.036583520361926136,0.10531888599336503,0.014807433805226866,0.06587281496264441,0.045229480910368824,0.13661392132789932,0.49172013521799024,0.0038972315080595403,0.023221115070399034,0.4871938170571956,0.13661392132789932,1.549819501451721,2.8200000000000003,0.9939815840716909,1.0,0.5714285714285714,1.0,0.9939815840716909,1.0,20260817
full_biological,46,Ext2,Ext2,3,18,B,True,0.0032539985975760244,0.13844534080979798,0.03610822915731415,0.13844534080979798,0.16829470217087977,0.6452716719233317,0.03610822915731415,0.03610822915731415,0.10531888599336503,0.014616908941174622,0.06587281496264441,0.04464887974148152,0.13499097730349416,0.49172013521799024,0.0038471047106056304,0.022921756572841567,0.4871938170571956,0.13499097730349416,1.539623054523022,2.8200000000000003,0.9935862093344714,1.0,0.5714285714285714,1.0,0.9935862093344714,1.0,20260817
full_biological,47,Ext2,Ext2,3,19,B,True,0.003213855775102026,0.13844534080979798,0.035660981667440805,0.13844534080979798,0.1665573498943818,0.6466195823082983,0.035660981667440805,0.035660981667440805,0.10531888599336503,0.014437581390083887,0.06587281496264441,0.04410120042346569,0.1334627368085946,0.49172013521799024,0.0037998266280874736,0.02264000534129651,0.4871938170571956,0.1334627368085946,1.5299742082596777,2.8200000000000003,0.9931899095446959,1.0,0.5714285714285714,1.0,0.9931899095446959,1.0,20260817
full_biological,48,Ext2,Ext2,3,20,B,True,0.0031760646889261723,0.13844534080979798,0.03523997713823279,0.13844534080979798,0.16491529449301384,0.6478935574013958,0.03523997713823279,0.03523997713823279,0.10531888599336503,0.01426873694132813,0.06587281496264441,0.043584392869239666,0.1320234063185362,0.49172013521799024,0.003755219476753077,0.022374736827993624,0.4871938170571956,0.1320234063185362,1.5208431557163746,2.8200000000000003,0.9927928697128754,1.0,0.5714285714285714,1.0,0.9927928697128754,1.0,20260817
full_biological,49,Ext2,L-Ext,3,21,B,True,0.003140474854380959,0.13844534080979798,0.03484353186623679,0.13844534080979798,0.16336310201780077,0.6490978130869635,0.03484353186623679,0.03484353186623679,0.10531888599336503,0.014109707230815283,0.06587281496264441,0.04309653138214814,0.13066753731221104,0.49172013521799024,0.0037131163137855117,0.022124898851020647,0.4871938170571956,0.13066753731221104,1.5122015123210868,2.8200000000000003,0.992395237847419,1.0,0.5714285714285714,1.0,0.992395237847419,1.0,20260817
full_biological,50,Ext2,L-Ext,3,22,B,True,0.0031069455325362094,0.13844534080979798,0.03447007172491168,0.13844534080979798,0.1618956153270132,0.6502363504907307,0.03447007172491168,0.03447007172491168,0.10531888599336503,0.013959866886199213,0.06587281496264441,0.04263580802407503,0.1293900077660586,0.49172013521799024,0.003673360451585044,0.021889507065638192,0.4871938170571956,0.1293900077660586,1.5040222719270568,2.8200000000000003,0.9919971323550539,1.0,0.5714285714285714,1.0,0.9919971323550539,1.0,20260817
full_biological,51,Ext2,L-Ext,3,23,B,True,0.0030753451076233063,0.13844534080979798,0.03411812509745504,0.13844534080979798,0.16050794501225185,0.6513129630197377,0.03411812509745504,0.03411812509745504,0.10531888599336503,0.01381863081707757,0.06587281496264441,0.04220052612280781,0.12818600423039755,0.49172013521799024,0.003635804885788651,0.02166764066885274,0.4871938170571956,0.12818600423039755,1.4962797608706098,2.8200000000000003,0.9915986479611618,1.0,0.5714285714285714,1.0,0.9915986479611618,1.0,20260817
full_biological,52,Ext2,L-Ext,3,24,B,True,0.0030455504992107363,0.13844534080979798,0.03378631621355077,0.13844534080979798,0.15919545975101046,0.6523312438472214,0.03378631621355077,0.03378631621355077,0.10531888599336503,0.013685451651349267,0.06587281496264441,0.041789093970166113,0.12705100455700916,0.49172013521799024,0.0036003117412464515,0.021458438338427643,0.4871938170571956,0.12705100455700916,1.4889495907021792,2.8200000000000003,0.9911998604460481,1.0,0.5714285714285714,1.0,0.9911998604460481,1.0,20260817
full_biological,53,Ext2,L-Ext,3,25,B,True,0.003017446608582275,0.13844534080979798,0.033473358881802695,0.13844534080979798,0.15795377628550727,0.6532945936874546,0.033473358881802695,0.033473358881802695,0.10531888599336503,0.013559817316401102,0.06587281496264441,0.041400018746504896,0.12598076132385552,0.49172013521799024,0.0035667517388345313,0.021261094403651315,0.4871938170571956,0.12598076132385552,1.4820086101422405,2.8200000000000003,0.9908008304339572,1.0,0.5714285714285714,1.0,0.9908008304339572,1.0,20260817
full_biological,54,E-Ret,E-Ret,4,1,B,False,0.002990925798392441,0.13844534080979798,0.03317805060566037,0.13844534080979798,0.15677874919094048,0.6542062287339613,0.03317805060566037,0.03317805060566037,0.10531888599336503,0.01344124876197128,0.06587281496264441,0.0410319006949474,0.12497128598449414,0.49172013521799024,0.003535003684952808,0.021074855242379953,0.4871938170571956,0.12497128598449414,1.4754348567182507,2.8200000000000003,0.9904016064242844,1.0,0.5714285714285714,1.0,0.9904016064242844,1.0,20260817
full_biological,55,E-Ret,E-Ret,4,2,B,False,0.002990925798392441,0.13844534080979798,0.03317805060566037,0.13844534080979798,0.15677874919094048,0.6542062287339613,0.03317805060566037,0.03317805060566037,0.10531888599336503,0.01344124876197128,0.06587281496264441,0.0410319006949474,0.12497128598449414,0.49172013521799024,0.003535003684952808,0.021074855242379953,0.4871938170571956,0.12497128598449414,1.4754348567182507,2.8200000000000003,0.9904016064242844,1.0,0.5714285714285714,1.0,0.9904016064242844,1.0,20260817
full_biological,56,E-Ret,E-Ret,4,3,B,False,0.002990925798392441,0.13844534080979798,0.03317805060566037,0.13844534080979798,0.15677874919094048,0.6542062287339613,0.03317805060566037,0.03317805060566037,0.10531888599336503,0.01344124876197128,0.06587281496264441,0.0410319006949474,0.12497128598449414,0.49172013521799024,0.003535003684952808,0.021074855242379953,0.4871938170571956,0.12497128598449414,1.4754348567182507,2.8200000000000003,0.9904016064242844,1.0,0.5714285714285714,1.0,0.9904016064242844,1.0,20260817
full_biological,57,E-Ret,E-Ret,4,4,B,False,0.002990925798392441,0.13844534080979798,0.03317805060566037,0.13844534080979798,0.15677874919094048,0.6542062287339613,0.03317805060566037,0.03317805060566037,0.10531888599336503,0.01344124876197128,0.06587281496264441,0.0410319006949474,0.12497128598449414,0.49172013521799024,0.003535003684952808,0.021074855242379953,0.4871938170571956,0.12497128598449414,1.4754348567182507,2.8200000000000003,0.9904016064242844,1.0,0.5714285714285714,1.0,0.9904016064242844,1.0,20260817
full_biological,58,E-Ret,E-Ret,4,5,B,False,0.002990925798392441,0.13844534080979798,0.03317805060566037,0.13844534080979798,0.15677874919094048,0.6542062287339613,0.03317805060566037,0.03317805060566037,0.10531888599336503,0.01344124876197128,0.06587281496264441,0.0410319006949474,0.12497128598449414,0.49172013521799024,0.003535003684952808,0.021074855242379953,0.4871938170571956,0.12497128598449414,1.4754348567182507,2.8200000000000003,0.9904016064242844,1.0,0.5714285714285714,1.0,0.9904016064242844,1.0,20260817
full_biological,59,F-Ren,F-Ren,5,1,A,False,0.01466572460233706,0.0,0.16512109074047288,0.0,0.8049932366505912,0.0,0.0,0.16512109074047288,0.0,0.06459232681376814,0.0,0.17338912946676055,0.4978171629852228,0.39033817861529113,0.3880758151876531,0.1019555990075437,0.12490910631891254,0.4978171629852228,3.4,2.8200000000000003,0.9904016064242844,1.0,1.3470604919674372,0.0,0.9904016064242844,1.0,20260817
full_biological,60,F-Ren,F-Ren,5,2,A,False,0.01466572460233706,0.0,0.16512109074047288,0.0,0.8049932366505912,0.0,0.0,0.16512109074047288,0.0,0.06459232681376814,0.0,0.17338912946676055,0.4978171629852228,0.39033817861529113,0.3880758151876531,0.1019555990075437,0.12490910631891254,0.4978171629852228,3.4,2.8200000000000003,0.9904016064242844,1.0,1.3470604919674372,0.0,0.9904016064242844,1.0,20260817
full_biological,61,F-Ren,F-Ren,5,3,A,False,0.01466572460233706,0.0,0.16512109074047288,0.0,0.8049932366505912,0.0,0.0,0.16512109074047288,0.0,0.06459232681376814,0.0,0.17338912946676055,0.4978171629852228,0.39033817861529113,0.3880758151876531,0.1019555990075437,0.12490910631891254,0.4978171629852228,3.4,2.8200000000000003,0.9904016064242844,1.0,1.3470604919674372,0.0,0.9904016064242844,1.0,20260817
full_biological,62,F-Ren,F-Ren,5,4,A,False,0.01466572460233706,0.0,0.16512109074047288,0.0,0.8049932366505912,0.0,0.0,0.16512109074047288,0.0,0.06459232681376814,0.0,0.17338912946676055,0.4978171629852228,0.39033817861529113,0.3880758151876531,0.1019555990075437,0.12490910631891254,0.4978171629852228,3.4,2.8200000000000003,0.9904016064242844,1.0,1.3470604919674372,0.0,0.9904016064242844,1.0,20260817
full_biological,63,F-Ren,F-Ren,5,5,A,False,0.01466572460233706,0.0,0.16512109074047288,0.0,0.8049932366505912,0.0,0.0,0.16512109074047288,0.0,0.06459232681376814,0.0,0.17338912946676055,0.4978171629852228,0.39033817861529113,0.3880758151876531,0.1019555990075437,0.12490910631891254,0.4978171629852228,3.4,2.8200000000000003,0.9904016064242844,1.0,1.3470604919674372,0.0,0.9904016064242844,1.0,20260817
no_retained_fear_memory,0,Pre-Con,Pre-Con,0,1,A,False,0.0,0.0,0.0,0.0,0.0,0.0,0.0,0.0,0.0,0.0,0.0,0.0,0.00653119496947252,0.004036710768538954,0.3842523215571083,0.0,0.0,0.00653119496947252,,,0.0,0.0,,,0.0,0.0,20260817
no_retained_fear_memory,1,F-Con,F-Con,1,1,A,True,0.08328698219138453,0.0,0.7998359770879381,0.0,0.9523716522139278,0.0,0.0,0.7998359770879381,0.0,0.27872687616858605,0.0,0.7165859895183705,0.00653119496947252,0.004036710768538954,0.3842523215571083,0.4215770703060906,0.0,0.00653119496947252,0.28,0.22,0.0,0.0,1.0,0.0,0.0,0.0,20260817
no_retained_fear_memory,2,F-Con,F-Con,1,2,A,True,0.08328698219138453,0.0,0.7998359770879381,0.0,0.9523716522139278,0.0,0.0,0.7998359770879381,0.0,0.27872687616858605,0.0,0.5809773719640225,0.20091824478858633,0.004036710768538954,0.38339246276680483,0.4215770703060906,0.0,0.20091824478858633,0.3196005221444273,0.22,0.0,0.0,1.1414304362300973,0.0,0.0,0.0,20260817
no_retained_fear_memory,3,F-Con,F-Con,1,3,A,True,0.08388097634562164,0.0,0.8040925882673495,0.0,0.9526118336353276,0.0,0.0,0.8040925882673495,0.0,0.2806344441455867,0.0,0.5769088475743472,0.2284730601636541,0.004036710768538954,0.3796972215616657,0.42445855327323456,0.0,0.2284730601636541,0.5649124928911603,0.22,0.6563894360681201,0.0,1.35,0.0,0.6563894360681201,0.0,20260817
no_retained_fear_memory,4,Ext1,E-Ext,2,1,B,True,0.0006912680725136289,0.0,0.007646099214551061,0.0,0.16047691921474133,0.0,0.0,0.007646099214551061,0.0,0.0031188113872023804,0.0,0.009864015970586282,0.02991207090062521,0.004036710768538954,0.0008477523966452462,0.004883391940176618,0.48524435617492145,0.02991207090062521,0.7028815433666277,0.22,1.0,0.0,1.0,1.0,1.0,0.0,20260817
no_retained_fear_memory,5,Ext1,E-Ext,2,2,B,True,0.0006683971537245759,0.0,0.007392913148445035,0.0,0.15599195443607367,0.0,0.0,0.007392913148445035,0.0,0.0030157419049383627,0.0,0.009540389186402291,0.028934440641725366,0.004036710768538954,0.0008199215808669759,0.004721942747113905,0.48524435617492145,0.028934440641725366,0.6911037013486027,0.22,1.0,0.0,1.0,1.0,1.0,0.0,20260817
no_retained_fear_memory,6,Ext1,E-Ext,2,3,B,True,0.0006462479389763853,0.0,0.007147730308156297,0.0,0.15160285047528108,0.0,0.0,0.007147730308156297,0.0,0.0029159171511872195,0.0,0.009226797224463675,0.027986879374886166,0.011056016955004211,0.0007929548416116586,0.004565580329809693,0.4792927906814628,0.027986879374886166,0.6795064606683022,0.22,1.0,0.0,1.0,1.0,1.0,0.0,20260817
no_retained_fear_memory,7,Ext1,E-Ext,2,4,B,True,0.0006248270407195333,0.0,0.00691062255563879,0.0,0.1473146630582952,0.0,0.0,0.00691062255563879,0.0,0.0028193676700387638,0.0,0.008923350786243138,0.027069745054259464,0.03138608000674985,0.0007668615913324188,0.004414352127128041,0.4621186090596081,0.027069745054259464,0.668102431563856,0.22,1.0,0.0,1.0,1.0,1.0,0.0,20260817
no_retained_fear_memory,8,Ext1,E-Ext,2,5,B,True,0.0006041381107503296,0.0,0.0066816290123665745,0.0,0.1431318733670696,0.0,0.0,0.0066816290123665745,0.0,0.002726110644098112,0.0,0.008630118249993178,0.02618326720897997,0.07133577941293712,0.0007416476054797009,0.004268284658591415,0.42868294477964497,0.02618326720897997,0.656903328362815,0.22,1.0,0.0,1.0,1.0,1.0,0.0,20260817
no_retained_fear_memory,9,Ext1,Ext1,2,6,B,True,0.0005841819685094007,0.0,0.006460757488774949,0.0,0.13905837610021501,0.0,0.0,0.006460757488774949,0.0,0.0026361504675581626,0.0,0.00834712736734082,0.025327551902743703,0.1254805532512948,0.0007173151691542686,0.004127384424855607,0.3842177004149573,0.025327551902743703,0.6459199280796931,0.22,1.0,0.0,1.0,1.0,1.0,0.0,20260817
no_retained_fear_memory,10,Ext1,Ext1,2,7,B,True,0.0005619257442375236,0.0,0.006214442010162857,0.0,0.13446969691414343,0.0,0.0,0.006214442010162857,0.0,0.0025358145248352004,0.0,0.008031352491432662,0.024372472672959056,0.1257372307887064,0.0006901649142271927,0.0039702370914661556,0.38428596601723913,0.024372472672959056,0.6334495539958953,0.22937187801858083,1.0,0.010133884436773048,0.9973038624577653,1.0,1.0,0.010133884436773048,20260817
no_retained_fear_memory,11,Ext1,Ext1,2,8,B,True,0.0005368942738827043,0.0,0.00593742853189505,0.0,0.1292503459955884,0.0,0.0,0.00593742853189505,0.0,0.0024229580419983243,0.0,0.007675991049754817,0.02329737071242902,0.12634288212880954,0.0006596123394095442,0.0037934849266734183,0.38444706081780045,0.02329737071242902,0.6191286926732665,0.25010761448239494,1.0,0.030469233174460257,0.9913898890629849,1.0,1.0,0.030469233174460257,20260817
no_retained_fear_memory,12,Ext1,Ext1,2,9,B,True,0.0005092110744853162,0.0,0.005631089595516059,0.0,0.12340467092570584,0.0,0.0,0.005631089595516059,0.0,0.002298134770403193,0.0,0.007282723958595942,0.022107231177586933,0.12740237251442482,0.0006258024192886047,0.003597996913217716,0.3847289266372748,0.022107231177586933,0.6029004900924015,0.2827783492345102,1.0,0.06004627466001505,0.982212968624904,1.0,1.0,0.06004627466001505,20260817
no_retained_fear_memory,13,Ext1,Ext1,2,10,B,True,0.00047923582689268773,0.0,0.005299411037883006,0.0,0.11698631210571839,0.0,0.0,0.005299411037883006,0.0,0.0021629633568460704,0.0,0.00685658782989873,0.02081719546435015,0.1290659445543326,0.000589168619502955,0.003386309767832163,0.3851716462833068,0.02081719546435015,0.584828117505766,0.3276340387827559,1.0,0.0980464558330073,0.9698866861932864,1.0,1.0,0.0980464558330073,20260817
no_retained_fear_memory,14,Ext1,Ext1,2,11,B,True,0.0004474855322811333,0.0,0.00494811854491406,0.0,0.110085109346005,0.0,0.0,0.00494811854491406,0.0,0.0020197723816383073,0.0,0.0064048674759538664,0.019449226914771828,0.131532887136529,0.0005503376045006589,0.0031620717322331515,0.38582848973868844,0.019449226914771828,0.5650637638977603,0.38476893158318193,1.0,0.1437932973406087,0.9546270539225337,1.0,1.0,0.1437932973406087,20260817
no_retained_fear_memory,15,Ext1,Ext1,2,12,B,True,0.00041455588212224725,0.0,0.004583806845617544,0.0,0.10281326719115998,0.0,0.0,0.004583806845617544,0.0,0.0018712462043453115,0.0,0.005935987882466663,0.018028770033255506,0.13505488298253454,0.0005100339218765412,0.0029294877133451136,0.386766927781208,0.018028770033255506,0.5438162432401625,0.4542756255221113,1.0,0.19675805245179293,0.9366983846204319,1.0,1.0,0.19675805245179293,20260817
no_retained_fear_memory,16,Ext1,Ext1,2,13,B,True,0.0003810510165955794,0.0,0.004213162121243674,0.0,0.09529203339245716,0.0,0.0,0.004213162121243674,0.0,0.0017201084160646252,0.0,0.005458520341102407,0.016581748301466328,0.13994336945964253,0.0004689945325748352,0.0026928234381925487,0.38807079858344234,0.016581748301466328,0.5213196142798787,0.5363977412140669,1.0,0.25657002300467263,0.9163646961561217,1.0,1.0,0.25657002300467263,20260817
no_retained_fear_memory,17,Ext1,Ext1,2,14,B,True,0.00034752823700834323,0.003351063808639476,0.003842350284468554,0.003351063808639476,0.08141708664874234,0.07100702233638262,0.003351063808639476,0.003842350284468554,0.0024642137582522317,0.0015688725015137184,0.0015755786689986007,0.004980395984097568,0.015132182715662598,0.14658536273049155,0.00042790120341881105,0.0024560149862757896,0.3898448706331918,0.015132182715662598,0.497805182552516,0.6316915876250407,1.0,0.3230318004525869,0.8938490050088921,1.0,1.0,0.3230318004525869,20260817
no_retained_fear_memory,18,Ext1,Ext1,2,15,B,True,0.00031446092426290484,0.005484438324155239,0.0034766070220113576,0.005484438324155239,0.07100761426621702,0.112016364956649,0.0034766070220113576,0.0034766070220113576,0.004035100779417489,0.0014196744261417704,0.002579114295379159,0.004508374109302558,0.0137005760815866,0.15547280021596424,0.0003873348286056825,0.002222406717019121,0.3922232630707944,0.0137005760815866,0.47347847860512726,0.7412109348990858,1.0,0.3961405169430844,0.8693011704535656,1.0,1.0,0.3961405169430844,20260817
no_retained_fear_memory,19,Ext1,Ext1,2,16,B,True,0.000282219438783593,0.008740743903677406,0.003120026975437118,0.008740743903677406,0.06016160042645301,0.16854249860750714,0.003120026975437118,0.003120026975437118,0.006436011110974915,0.0012741862135087212,0.004111597177784532,0.004047763902623241,0.012303061319670069,0.16725202187731678,0.0003477515491527303,0.0019946160858437256,0.39538372053181403,0.012303061319670069,0.4485017074890206,0.8667372971830231,1.0,0.4761174304552753,0.842773210978834,1.0,1.0,0.4761174304552753,20260817
no_retained_fear_memory,20,Ext1,Ext1,2,17,B,True,0.00025106728191737204,0.013681108952076304,0.002775521824196492,0.013681108952076304,0.0491620166849023,0.2423295326689262,0.002775521824196492,0.002775521824196492,0.01008592461750557,0.0011335983248328407,0.006438301031353788,0.0036023626823640685,0.010951204616117935,0.18280313968221942,0.00030947748897025855,0.0017745062191663052,0.3995708278156475,0.010951204616117935,0.4229811542103164,1.0110930581043471,1.0,0.5634499431740698,0.8141996943834372,1.0,1.0,0.5634499431740698,20260817
no_retained_fear_memory,21,Ext1,Ext1,2,18,B,True,0.00022116878114697425,0.021159285516966886,0.0024449058073294783,0.021159285516966886,0.03843938200336085,0.33267124502979384,0.0024449058073294783,0.0024449058073294783,0.015627647256165167,0.0009986540450493964,0.009964040374423333,0.003174558900217132,0.00965230860488318,0.20336432168232493,0.0002727176488329697,0.0015632399128762131,0.40513321990504536,0.00965230860488318,0.39695840533980703,1.1786005981642198,1.0,0.6589527217914009,0.7833801800441418,1.0,1.0,0.6589527217914009,20260817
no_retained_fear_memory,22,Ext1,Ext1,2,19,B,True,0.0001926049991758383,0.0324809888052614,0.0021290721040504446,0.0324809888052614,0.028535992037834156,0.43534328225173113,0.0021290721040504446,0.0021290721040504446,0.024056627729832747,0.0008697210312221815,0.015310695749747305,0.0027655538398717594,0.008410077331497155,0.230723175706341,0.00023757499330353973,0.0013613917872565828,0.41258305133984796,0.008410077331497155,0.37040422190573175,1.375795663997672,1.0,0.763858398907373,0.7499610421202585,1.0,1.0,0.763858398907373,20260817
no_retained_fear_memory,23,Ext1,Ext1,2,20,B,True,0.00016539624926537044,0.049645949920405275,0.0018282421350881428,0.049645949920405275,0.01998642561367503,0.5427317673414074,0.0018282421350881428,0.0018282421350881428,0.03692654023498343,0.0007468927505778211,0.02343712549738819,0.0023756795270057267,0.007225575639108164,0.26750175136516174,0.00020407779430429944,0.0011691071967592226,0.42269025574147845,0.007225575639108164,0.3432147900892736,1.612582861209127,1.0,0.8799539756701181,0.7134160628672447,1.0,1.0,0.8799539756701181,20260817
no_retained_fear_memory,24,Ext1,Ext1,2,21,B,True,0.00014042018949711466,0.0738387856314453,0.001552115608434157,0.0738387856314453,0.01345093583425225,0.6399012819732305,0.001552115608434157,0.001552115608434157,0.05525446006406187,0.0006341334420560951,0.03493254086714492,0.0020175637522354918,0.006137239929027952,0.3146249002882216,0.0001733106825861711,0.0009925908359874613,0.43580788995246644,0.006137239929027952,0.31621478308902046,1.887837047224029,1.0,1.0,0.6751707389534213,1.0,1.0,1.0,20260817
no_retained_fear_memory,25,Ext1,Ext1,2,22,B,True,0.0001276711333589864,0.08017272044980983,0.001411173171102953,0.08017272044980983,0.011606579860839619,0.6594024756254383,0.001411173171102953,0.001411173171102953,0.06008992602783925,0.000576571626453859,0.037950269354529054,0.001834676912633216,0.0055813169551018295,0.3337419868343502,0.0001575987049756836,0.0009024841017265528,0.44118745720389807,0.0055813169551018295,0.30150567576049253,1.9937432307999774,1.0,1.0,0.661525860475637,1.0,1.0,1.0,20260817
no_retained_fear_memory,26,Ext1,Ext1,2,23,B,True,0.0001163043906532435,0.08686633591353465,0.0012855161689107053,0.08686633591353465,0.010031194618113515,0.6778390987096305,0.0012855161689107053,0.0012855161689107053,0.0652168830313703,0.000525248824331026,0.041143034049493266,0.0016715703584356983,0.0050854526558891415,0.3535193969573022,0.00014358637679873985,0.0008221450199414893,0.4467904863388122,0.0050854526558891415,0.28776032499781934,2.100888449173076,1.0,1.0,0.6482713299014378,1.0,1.0,1.0,20260817
no_retained_fear_memory,27,Ext1,Ext1,2,24,B,True,0.00010614934208907911,0.09393837108653869,0.001173257213235246,0.09393837108653869,0.008683613897629335,0.6952648877720309,0.001173257213235246,0.001173257213235246,0.07065268482142584,0.0004793953454155231,0.044520405568615584,0.0015256816732030262,0.004642549213443581,0.3739447054667095,0.000131053812534233,0.0007503683664107363,0.4526192527200616,0.004642549213443581,0.27490435486362935,2.2095574070929467,0.9999209420771187,1.0,0.6353600255053232,1.0,0.9999209420771187,1.0,20260817
no_retained_fear_memory,28,Ext1,Ext1,2,25,B,True,9.706738967640849e-05,0.10140699566283728,0.0010728632076022482,0.10140699566283728,0.007529928904392229,0.7117286363615026,0.0010728632076022482,0.0010728632076022482,0.07641465694927474,0.0004383859118753941,0.04809176440281715,0.0013950898124049822,0.004246495971673308,0.3949963303641781,0.00011983575481163051,0.0006861750682768397,0.4586739944718797,0.004246495971673308,0.2628784974403675,2.3199986501264522,0.9997776957388137,1.0,0.6227546420311411,1.0,0.9997776957388137,1.0,20260817
no_retained_fear_memory,29,Ext2,Ext2,3,1,B,True,8.893590870440171e-05,0.10928898877653037,0.000982977865477741,0.10928898877653037,0.006541325620762537,0.7272746289192367,0.000982977865477741,0.000982977865477741,0.08251948958423538,0.0004016672403728272,0.05186591223299453,0.001278082704560648,0.0038919023820410607,0.4166412088060523,0.00010978496332714668,0.0006286988204962096,0.4649522179591124,0.0038919023820410607,0.25162673380389766,2.4324225143431604,0.9995830986681696,1.0,0.6104265237212284,1.0,0.9995830986681696,1.0,20260817
no_retained_fear_memory,30,Ext2,Ext2,3,2,B,True,8.164661496101733e-05,0.11759880950961488,0.000902403607458635,0.11759880950961488,0.005693354578883216,0.7419426463490412,0.000902403607458635,0.000902403607458635,0.0889825311224669,0.00036875069922237547,0.05585062784787054,0.0011731382269811273,0.003574021902270843,0.43883263144306567,0.00010077056595253519,0.0005771745754657998,0.47144800240850676,0.003574021902270843,0.2410964228486229,2.5469978429180293,0.9993474210116544,1.0,0.5983547478338828,1.0,0.9993474210116544,1.0,20260817
no_retained_fear_memory,31,Ext2,Ext2,3,3,B,True,7.510412935862743e-05,0.12634756048989115,0.0008300856522298616,0.12634756048989115,0.004965290942810556,0.7557682704928181,0.0008300856522298616,0.0008300856522298616,0.09581697747123785,0.0003392058504598783,0.06005216706062144,0.001078908393520764,0.00328868278261834,0.4615083614642371,9.267668564766617e-05,0.0005309284213679266,0.47815132998127,0.00328868278261834,0.23123847230690073,2.6638476909631956,0.9990788788864422,1.0,0.5865253778110798,1.0,0.9990788788864422,1.0,20260817
no_retained_fear_memory,32,Ext2,Ext2,3,4,B,True,6.922461050162809e-05,0.13554186138307056,0.0007650968677748171,0.13554186138307056,0.0043395727279592405,0.7687833919193637,0.0007650968677748171,0.0007650968677748171,0.10303296296747333,0.000312654293562864,0.06447471326972376,0.0009942031209152454,0.0030322240038878024,0.4845892069304564,8.54010354414202e-05,0.0004893679355069125,0.485047480788276,0.0030322240038878024,0.22200742326137463,2.7830442959409463,0.9987840451862725,1.0,0.5749308197631201,1.0,0.9987840451862725,1.0,20260817
no_retained_fear_memory,33,Ext2,Ext2,3,5,B,True,6.572934429405208e-05,0.13844534080979798,0.0007264626786890327,0.13844534080979798,0.004054559169159185,0.77269602757944,0.0007264626786890327,0.0007264626786890327,0.10531888599336503,0.0002968696270126969,0.06587281496264441,0.0009437239036085914,0.002879989050342768,0.49172013521799024,8.106555242224739e-05,0.00046466073151141263,0.4871938170571956,0.002879989050342768,0.21633692076859362,2.8200000000000003,0.9984681782261368,1.0,0.5714285714285714,1.0,0.9984681782261368,1.0,20260817
no_retained_fear_memory,34,Ext2,Ext2,3,6,B,True,6.333126373980758e-05,0.13844534080979798,0.0006999561952503175,0.13844534080979798,0.003907198273983116,0.7728103563103674,0.0006999561952503175,0.0006999561952503175,0.10531888599336503,0.0002860397558565042,0.06587281496264441,0.0009089940169052671,0.0027757313608863477,0.49172013521799024,7.808300420898962e-05,0.0004477091607015815,0.4871938170571956,0.0027757313608863477,0.21236182654679372,2.8200000000000003,0.9981354846580281,1.0,0.5714285714285714,1.0,0.9981354846580281,1.0,20260817
no_retained_fear_memory,35,Ext2,Ext2,3,7,B,True,6.117487673429345e-05,0.13844534080979798,0.000676121336447344,0.13844534080979798,0.0037746528436403597,0.7729131905855203,0.000676121336447344,0.000676121336447344,0.10531888599336503,0.00027630131110845113,0.06587281496264441,0.0008777393459925942,0.0026820245116724256,0.49172013521799024,7.539898414385003e-05,0.00043246599818969056,0.4871938170571956,0.0026820245116724256,0.20872357895632898,2.8200000000000003,0.9977893298035413,1.0,0.5714285714285714,1.0,0.9977893298035413,1.0,20260817
no_retained_fear_memory,36,Ext2,Ext2,3,8,B,True,5.923407200336683e-05,0.13844534080979798,0.0006546694495819239,0.13844534080979798,0.003655328934006229,0.773005767053256,0.0006546694495819239,0.0006546694495819239,0.10531888599336503,0.00026753639471488455,0.06587281496264441,0.0008495861535897949,0.00259772722949638,0.49172013521799024,7.298138227247006e-05,0.0004187466907409343,0.4871938170571956,0.00259772722949638,0.20539475822101413,2.8200000000000003,0.9974324059199517,1.0,0.5714285714285714,1.0,0.9974324059199517,1.0,20260817
no_retained_fear_memory,37,Ext2,Ext2,3,9,B,True,5.748575811848067e-05,0.13844534080979798,0.0006353452701246542,0.13844534080979798,0.003547815702700086,0.7730891803039589,0.0006353452701246542,0.0006353452701246542,0.10531888599336503,0.00025964074128981274,0.06587281496264441,0.0008242033694532051,0.002521831009430483,0.49172013521799024,7.080175608366134e-05,0.00040638802661241424,0.4871938170571956,0.002521831009430483,0.2023499725543878,2.8200000000000003,0.9970668668130801,1.0,0.5714285714285714,1.0,0.9970668668130801,1.0,20260817
no_retained_fear_memory,38,Ext2,Ext2,3,10,B,True,5.59094985469466e-05,0.13844534080979798,0.0006179228858135266,0.13844534080979798,0.003450863527562693,0.7731643998466392,0.0006179228858135266,0.0006179228858135266,0.10531888599336503,0.00025252207111459146,0.06587281496264441,0.000801297586628366,0.0024534438287291795,0.49172013521799024,6.883489997332152e-05,0.00039524555694503416,0.4871938170571956,0.0024534438287291795,0.19956574680685168,2.8200000000000003,0.9966944355275829,1.0,0.5714285714285714,1.0,0.9966944355275829,1.0,20260817
no_retained_fear_memory,39,Ext2,Ext2,3,11,B,True,5.448719002620894e-05,0.13844534080979798,0.0006022021800803357,0.13844534080979798,0.0033633646685359907,0.7732322851122531,0.0006022021800803357,0.0006022021800803357,0.10531888599336503,0.0002460986385471875,0.06587281496264441,0.0007806086091744061,0.0023917758658019025,0.49172013521799024,6.70584622825543e-05,0.0003851913231613935,0.4871938170571956,0.0023917758658019025,0.19702040899658718,2.8200000000000003,0.996316490499185,1.0,0.5714285714285714,1.0,0.996316490499185,1.0,20260817
no_retained_fear_memory,40,Ext2,Ext2,3,12,B,True,5.320277992959532e-05,0.13844534080979798,0.0005880057067824129,0.13844534080979798,0.003284336232456881,0.7732935986703263,0.0005880057067824129,0.0005880057067824129,0.10531888599336503,0.0002402979563170815,0.06587281496264441,0.000761905509351907,0.0023361270004672286,0.49172013521799024,6.545260624354492e-05,0.00037611185977315387,0.4871938170571956,0.0023361270004672286,0.1946939770909112,2.8200000000000003,0.9959341344764667,1.0,0.5714285714285714,1.0,0.9959341344764667,1.0,20260817
no_retained_fear_memory,41,Ext2,Ext2,3,13,B,True,5.2042018410358715e-05,0.13844534080979798,0.0005751759496506192,0.13844534080979798,0.0032129052024997117,0.7733490178437378,0.0005751759496506192,0.0005751759496506192,0.10531888599336503,0.00023505567674175776,0.06587281496264441,0.0007449831483614929,0.0022858758875610222,0.49172013521799024,6.399971085010741e-05,0.0003679064428976364,0.4871938170571956,0.0022858758875610222,0.19256804778025322,2.8200000000000003,0.9955482496582921,1.0,0.5714285714285714,1.0,0.9955482496582921,1.0,20260817
no_retained_fear_memory,42,Ext2,Ext2,3,14,B,True,5.0992241369285374e-05,0.13844534080979798,0.0005635729225953456,0.13844534080979798,0.0031482953046564513,0.7733991448982521,0.0005635729225953456,0.0005635729225953456,0.10531888599336503,0.00023031461200495595,0.06587281496264441,0.0007296591141279978,0.002240470413919415,0.49172013521799024,6.268410762767836e-05,0.0003604855565064735,0.4871938170571956,0.002240470413919415,0.1906256885010632,2.8200000000000003,0.9951595418037524,1.0,0.5714285714285714,1.0,0.9951595418037524,1.0,20260817
no_retained_fear_memory,43,Ext2,Ext2,3,15,B,True,5.004218058246579e-05,0.13844534080979798,0.0005530720704531866,0.13844534080979798,0.0030898154992200317,0.7734445159713067,0.0005530720704531866,0.0005530720704531866,0.10531888599336503,0.0002260238770270817,0.06587281496264441,0.0007157710311241467,0.002199419367372138,0.49172013521799024,6.14918494169685e-05,0.00035376955061172666,0.4871938170571956,0.002199419367372138,0.1888513335867344,2.8200000000000003,0.9947685755201207,1.0,0.5714285714285714,1.0,0.9947685755201207,1.0,20260817
no_retained_fear_memory,44,Ext2,Ext2,3,16,B,True,4.9181797683539585e-05,0.13844534080979798,0.0005435624334833022,0.13844534080979798,0.0030368499031724525,0.7734856088906439,0.0005435624334833022,0.0005435624334833022,0.10531888599336503,0.00022213813997029597,0.06587281496264441,0.0007031741999414447,0.002162285164647182,0.49172013521799024,6.0410507521560015e-05,0.0003476874679733122,0.4871938170571956,0.002162285164647182,0.18723068513370816,2.8200000000000003,0.9943758024932152,1.0,0.5714285714285714,1.0,0.9943758024932152,1.0,20260817
no_retained_fear_memory,45,Ext2,Ext2,3,17,B,True,4.840213902035373e-05,0.13844534080979798,0.0005349450426992419,0.13844534080979798,0.0029888489682048302,0.773522850018771,0.0005349450426992419,0.0005349450426992419,0.10531888599336503,0.0002186169669636806,0.06587281496264441,0.0006917395276952196,0.0021286775024819825,0.49172013521799024,5.942899386824934e-05,0.00034217601830821565,0.4871938170571956,0.0021286775024819825,0.18575061894503644,2.8200000000000003,0.9939815840716909,1.0,0.5714285714285714,1.0,0.9939815840716909,1.0,20260817
no_retained_fear_memory,46,Ext2,Ext2,3,18,B,True,4.769520873904032e-05,0.13844534080979798,0.0005271315167603152,0.13844534080979798,0.002945321757630391,0.7735566202448533,0.0005271315167603152,0.0005271315167603152,0.10531888599336503,0.000215424249100149,0.06587281496264441,0.0006813517139794886,0.002098247812363212,0.49172013521799024,5.8537405138349584e-05,0.00033717868130700435,0.4871938170571956,0.002098247812363212,0.18439909574152202,2.8200000000000003,0.9935862093344714,1.0,0.5714285714285714,1.0,0.9935862093344714,1.0,20260817
no_retained_fear_memory,47,Ext2,Ext2,3,19,B,True,4.705385775682913e-05,0.13844534080979798,0.0005200428345670804,0.13844534080979798,0.002905829183148037,0.7735872602319152,0.0005200428345670804,0.0005200428345670804,0.10531888599336503,0.0002125277011618687,0.06587281496264441,0.0006719076607424044,0.0020706844140385193,0.49172013521799024,5.772688614876939e-05,0.0003326449219420713,0.4871938170571956,0.0020706844140385193,0.18316507769988116,2.8200000000000003,0.9931899095446959,1.0,0.5714285714285714,1.0,0.9931899095446959,1.0,20260817
no_retained_fear_memory,48,Ext2,Ext2,3,20,B,True,4.647168657645473e-05,0.13844534080979798,0.0005136082608453441,0.13844534080979798,0.0028699780788419764,0.7736150750144785,0.0005136082608453441,0.0005136082608453441,0.10531888599336503,0.00020989842280894067,0.06587281496264441,0.0006633150779707619,0.002045708276216012,0.49172013521799024,5.698951006426946e-05,0.00032852950355966026,0.4871938170571956,0.002045708276216012,0.1820384502793297,2.8200000000000003,0.9927928697128754,1.0,0.5714285714285714,1.0,0.9927928697128754,1.0,20260817
no_retained_fear_memory,49,Ext2,L-Ext,3,21,B,True,4.594296013515908e-05,0.13844534080979798,0.0005077644048427921,0.13844534080979798,0.00283741600478945,0.7736403380301404,0.0005077644048427921,0.0005077644048427921,0.10531888599336503,0.00020751051411560528,0.06587281496264441,0.0006554912603529181,0.0020230693046809777,0.49172013521799024,5.631817330299183e-05,0.00032479188605272213,0.4871938170571956,0.0020230693046809777,0.18100994922560223,2.8200000000000003,0.992395237847419,1.0,0.5714285714285714,1.0,0.992395237847419,1.0,20260817
no_retained_fear_memory,50,Ext2,L-Ext,3,22,B,True,4.5462533128759475e-05,0.13844534080979798,0.0005024543948127791,0.13844534080979798,0.002807826686203468,0.7736632946580769,0.0005024543948127791,0.0005024543948127791,0.10531888599336503,0.0002053407383845185,0.06587281496264441,0.0006483620131102754,0.0020025430885395414,0.49172013521799024,5.570650326221753e-05,0.0003213956980472332,0.4871938170571956,0.0020025430885395414,0.18007109258913837,2.8200000000000003,0.9919971323550539,1.0,0.5714285714285714,1.0,0.9919971323550539,1.0,20260817
no_retained_fear_memory,51,Ext2,L-Ext,3,23,B,True,4.5025784445540395e-05,0.13844534080979798,0.0004976271532084464,0.13844534080979798,0.002780926006051955,0.7736841653281358,0.0004976271532084464,0.0004976271532084464,0.10531888599336503,0.00020336822608946203,0.06587281496264441,0.0006418607079040851,0.0019839280444936946,0.49172013521799024,5.5148777219287086e-05,0.00031830827346879254,0.4871938170571956,0.0019839280444936946,0.17921411755765299,2.8200000000000003,0.9915986479611618,1.0,0.5714285714285714,1.0,0.9915986479611618,1.0,20260817
no_retained_fear_memory,52,Ext2,L-Ext,3,24,B,True,4.462855952436229e-05,0.13844534080979798,0.0004932367595029685,0.13844534080979798,0.0027564584797928403,0.7737031482558847,0.0004932367595029685,0.0004932367595029685,0.10531888599336503,0.00020157421459876534,0.06587281496264441,0.0006359274521583278,0.001967042907099141,0.49172013521799024,5.463985097989148e-05,0.00031550024412385635,0.4871938170571956,0.001967042907099141,0.17843192187906606,2.8200000000000003,0.9911998604460481,1.0,0.5714285714285714,1.0,0.9911998604460481,1.0,20260817
no_retained_fear_memory,53,Ext2,L-Ext,3,25,B,True,4.426711961369456e-05,0.13844534080979798,0.0004892418892885608,0.13844534080979798,0.0027341941502236973,0.7737204218517159,0.0004892418892885608,0.0004892418892885608,0.10531888599336503,0.00019994181905091946,0.06587281496264441,0.0006305083572947203,0.0019517245199776926,0.49172013521799024,5.417509602137319e-05,0.000312945181046409,0.4871938170571956,0.0019517245199776926,0.17771800963604947,2.8200000000000003,0.9908008304339572,1.0,0.5714285714285714,1.0,0.9908008304339572,1.0,20260817
no_retained_fear_memory,54,E-Ret,E-Ret,4,1,B,False,4.393809704139606e-05,0.13844534080979798,0.0004856053198295518,0.13844534080979798,0.0027139258486776918,0.7737361468457249,0.0004856053198295518,0.0004856053198295518,0.10531888599336503,0.00019845583037303438,0.06587281496264441,0.0006255548932710087,0.0019378258890421708,0.49172013521799024,5.375034405312138e-05,0.00031061927833186953,0.4871938170571956,0.0019378258890421708,0.17706644112607406,2.8200000000000003,0.9904016064242844,1.0,0.5714285714285714,1.0,0.9904016064242844,1.0,20260817
no_retained_fear_memory,55,E-Ret,E-Ret,4,2,B,False,4.393809704139606e-05,0.13844534080979798,0.0004856053198295518,0.13844534080979798,0.0027139258486776918,0.7737361468457249,0.0004856053198295518,0.0004856053198295518,0.10531888599336503,0.00019845583037303438,0.06587281496264441,0.0006255548932710087,0.0019378258890421708,0.49172013521799024,5.375034405312138e-05,0.00031061927833186953,0.4871938170571956,0.0019378258890421708,0.17706644112607406,2.8200000000000003,0.9904016064242844,1.0,0.5714285714285714,1.0,0.9904016064242844,1.0,20260817
no_retained_fear_memory,56,E-Ret,E-Ret,4,3,B,False,4.393809704139606e-05,0.13844534080979798,0.0004856053198295518,0.13844534080979798,0.0027139258486776918,0.7737361468457249,0.0004856053198295518,0.0004856053198295518,0.10531888599336503,0.00019845583037303438,0.06587281496264441,0.0006255548932710087,0.0019378258890421708,0.49172013521799024,5.375034405312138e-05,0.00031061927833186953,0.4871938170571956,0.0019378258890421708,0.17706644112607406,2.8200000000000003,0.9904016064242844,1.0,0.5714285714285714,1.0,0.9904016064242844,1.0,20260817
no_retained_fear_memory,57,E-Ret,E-Ret,4,4,B,False,4.393809704139606e-05,0.13844534080979798,0.0004856053198295518,0.13844534080979798,0.0027139258486776918,0.7737361468457249,0.0004856053198295518,0.0004856053198295518,0.10531888599336503,0.00019845583037303438,0.06587281496264441,0.0006255548932710087,0.0019378258890421708,0.49172013521799024,5.375034405312138e-05,0.00031061927833186953,0.4871938170571956,0.0019378258890421708,0.17706644112607406,2.8200000000000003,0.9904016064242844,1.0,0.5714285714285714,1.0,0.9904016064242844,1.0,20260817
no_retained_fear_memory,58,E-Ret,E-Ret,4,5,B,False,4.393809704139606e-05,0.13844534080979798,0.0004856053198295518,0.13844534080979798,0.0027139258486776918,0.7737361468457249,0.0004856053198295518,0.0004856053198295518,0.10531888599336503,0.00019845583037303438,0.06587281496264441,0.0006255548932710087,0.0019378258890421708,0.49172013521799024,5.375034405312138e-05,0.00031061927833186953,0.4871938170571956,0.0019378258890421708,0.17706644112607406,2.8200000000000003,0.9904016064242844,1.0,0.5714285714285714,1.0,0.9904016064242844,1.0,20260817
no_retained_fear_memory,59,F-Ren,F-Ren,5,1,A,False,0.0003369600138392048,0.0,0.003725456447029374,0.0,0.08520108764427717,0.0,0.0,0.003725456447029374,0.0,0.0015211910352225244,0.0,0.004677318171905893,0.02000990892009987,0.39033817861529113,0.3751802671909512,0.0023813562852877945,0.12490910631891254,0.02000990892009987,0.417408612764872,2.8200000000000003,0.9904016064242844,1.0,1.3470604919674372,0.0,0.9904016064242844,1.0,20260817
no_retained_fear_memory,60,F-Ren,F-Ren,5,2,A,False,0.0003369600138392048,0.0,0.003725456447029374,0.0,0.08520108764427717,0.0,0.0,0.003725456447029374,0.0,0.0015211910352225244,0.0,0.004677318171905893,0.02000990892009987,0.39033817861529113,0.3751802671909512,0.0023813562852877945,0.12490910631891254,0.02000990892009987,0.417408612764872,2.8200000000000003,0.9904016064242844,1.0,1.3470604919674372,0.0,0.9904016064242844,1.0,20260817
no_retained_fear_memory,61,F-Ren,F-Ren,5,3,A,False,0.0003369600138392048,0.0,0.003725456447029374,0.0,0.08520108764427717,0.0,0.0,0.003725456447029374,0.0,0.0015211910352225244,0.0,0.004677318171905893,0.02000990892009987,0.39033817861529113,0.3751802671909512,0.0023813562852877945,0.12490910631891254,0.02000990892009987,0.417408612764872,2.8200000000000003,0.9904016064242844,1.0,1.3470604919674372,0.0,0.9904016064242844,1.0,20260817
no_retained_fear_memory,62,F-Ren,F-Ren,5,4,A,False,0.0003369600138392048,0.0,0.003725456447029374,0.0,0.08520108764427717,0.0,0.0,0.003725456447029374,0.0,0.0015211910352225244,0.0,0.004677318171905893,0.02000990892009987,0.39033817861529113,0.3751802671909512,0.0023813562852877945,0.12490910631891254,0.02000990892009987,0.417408612764872,2.8200000000000003,0.9904016064242844,1.0,1.3470604919674372,0.0,0.9904016064242844,1.0,20260817
no_retained_fear_memory,63,F-Ren,F-Ren,5,5,A,False,0.0003369600138392048,0.0,0.003725456447029374,0.0,0.08520108764427717,0.0,0.0,0.003725456447029374,0.0,0.0015211910352225244,0.0,0.004677318171905893,0.02000990892009987,0.39033817861529113,0.3751802671909512,0.0023813562852877945,0.12490910631891254,0.02000990892009987,0.417408612764872,2.8200000000000003,0.9904016064242844,1.0,1.3470604919674372,0.0,0.9904016064242844,1.0,20260817
no_context_reinstatement,0,Pre-Con,Pre-Con,0,1,A,False,0.0,0.0,0.0,0.0,0.0,0.0,0.0,0.0,0.0,0.0,0.0,0.0,0.00653119496947252,0.004036710768538954,0.3842523215571083,0.0,0.0,0.00653119496947252,,,0.0,0.0,,,0.0,0.0,20260817
no_context_reinstatement,1,F-Con,F-Con,1,1,A,True,0.08328698219138453,0.0,0.7998359770879381,0.0,0.9523716522139278,0.0,0.0,0.7998359770879381,0.0,0.27872687616858605,0.0,0.7165859895183705,0.00653119496947252,0.004036710768538954,0.3842523215571083,0.4215770703060906,0.0,0.00653119496947252,0.28,0.22,0.0,0.0,1.0,0.0,0.0,0.0,20260817
no_context_reinstatement,2,F-Con,F-Con,1,2,A,True,0.08328698219138453,0.0,0.7998359770879381,0.0,0.9523716522139278,0.0,0.0,0.7998359770879381,0.0,0.27872687616858605,0.0,0.5805372048907905,0.1986622902493556,0.004036710768538954,0.3842523215571083,0.4215770703060906,0.0,0.1986622902493556,0.28,0.22,0.0,0.0,1.0,0.0,0.0,0.0,20260817
no_context_reinstatement,3,F-Con,F-Con,1,3,A,True,0.08429029614292105,0.0,0.8070300068909039,0.0,0.9527761712399972,0.0,0.0,0.8070300068909039,0.0,0.28194677084665154,0.0,0.5997601495783692,0.31260751976175133,0.004036710768538954,0.3842523215571083,0.42644167451621484,0.0,0.31260751976175133,1.4112238189449247,0.22,0.6486806466878341,0.0,1.0,0.0,0.0,0.0,20260817
no_context_reinstatement,4,Ext1,E-Ext,2,1,B,True,0.006338182123501457,0.0,0.07060627219884141,0.0,0.6383568562179696,0.0,0.0,0.07060627219884141,0.0,0.028320583843529756,0.0,0.08417006343792927,0.25072459944867925,0.004036710768538954,0.0,0.04449160210727965,0.48524435617492145,0.25072459944867925,2.157982476650353,0.22,1.0,0.0,1.0,1.0,0.0,0.0,20260817
no_context_reinstatement,5,Ext1,E-Ext,2,2,B,True,0.006866124735382728,0.0,0.07653862453876537,0.0,0.6567661566428182,0.0,0.0,0.07653862453876537,0.0,0.030651687527312177,0.0,0.09057398267984937,0.26896567814094036,0.004036710768538954,0.0,0.04816850346546553,0.48524435617492145,0.26896567814094036,2.2502668201322615,0.22,1.0,0.0,1.0,1.0,0.0,0.0,20260817
no_context_reinstatement,6,Ext1,E-Ext,2,3,B,True,0.007406760308517724,0.0,0.08262186302770724,0.0,0.6737938976594922,0.0,0.0,0.08262186302770724,0.0,0.033034399808976045,0.0,0.09703906282631944,0.2872483800431978,0.011056016955004211,0.0,0.05192911665314326,0.4792927906814628,0.2872483800431978,2.3416953843857273,0.22,1.0,0.0,1.0,1.0,0.0,0.0,20260817
no_context_reinstatement,7,Ext1,E-Ext,2,4,B,True,0.007959771886432154,0.0,0.08885302683304896,0.0,0.6895687980087047,0.0,0.0,0.08885302683304896,0.0,0.035467013031956984,0.0,0.10355588755292147,0.30553959111972007,0.03138608000674985,0.0,0.0557708932537867,0.4621186090596081,0.30553959111972007,2.4323728523869823,0.22,1.0,0.0,1.0,1.0,0.0,0.0,20260817
no_context_reinstatement,8,Ext1,E-Ext,2,5,B,True,0.008524770974307927,0.0,0.09522834404449221,0.0,0.7042040240702837,0.0,0.0,0.09522834404449221,0.0,0.037947509566864435,0.0,0.11011441332332969,0.3238049674159831,0.07133577941293712,0.0,0.05969079075150907,0.42868294477964497,0.3238049674159831,2.5223782394722356,0.22,1.0,0.0,1.0,1.0,0.0,0.0,20260817
no_context_reinstatement,9,Ext1,Ext1,2,6,B,True,0.009101283039239627,0.0,0.10174306069799832,0.0,0.717799236145852,0.0,0.0,0.10174306069799832,0.0,0.040473502107839066,0.0,0.1167038826454569,0.3420088106247383,0.1254805532512948,0.0,0.06368517611843916,0.3842177004149573,0.3420088106247383,2.611766895568948,0.22,1.0,0.0,1.0,1.0,0.0,0.0,20260817
no_context_reinstatement,10,Ext1,Ext1,2,7,B,True,0.009640030921327702,0.0,0.10783972317198287,0.0,0.7294367228118538,0.0,0.0,0.10783972317198287,0.0,0.04282942226276554,0.0,0.1227688763273406,0.3586298848723991,0.1257372307887064,0.0,0.06741297757007014,0.38428596601723913,0.3586298848723991,2.693291135859827,0.22937187801858083,1.0,0.010133884436773048,0.9973038624577653,1.0,0.0,0.010133884436773048,20260817
no_context_reinstatement,11,Ext1,Ext1,2,8,B,True,0.010117834208659193,0.0,0.11325375909533919,0.0,0.7389949829869035,0.0,0.0,0.11325375909533919,0.0,0.04491511034356699,0.0,0.12807344783951174,0.3730595284312385,0.12634288212880954,0.0,0.07071508118873227,0.38444706081780045,0.3730595284312385,2.7641200668453116,0.25010761448239494,1.0,0.030469233174460257,0.9913898890629849,1.0,0.0,0.030469233174460257,20260817
no_context_reinstatement,12,Ext1,Ext1,2,9,B,True,0.010517834326093323,0.0,0.11779130453551812,0.0,0.7465006064957389,0.0,0.0,0.11779130453551812,0.0,0.04665848366889158,0.0,0.1324609702613409,0.3849173204287461,0.12740237251442482,0.0,0.07347658831318293,0.3847289266372748,0.3849173204287461,2.8224359657690767,0.2827783492345102,1.0,0.06004627466001505,0.982212968624904,1.0,0.0,0.06004627466001505,20260817
no_context_reinstatement,13,Ext1,Ext1,2,10,B,True,0.010826451699779915,0.0,0.12129540302424036,0.0,0.7520078114440212,0.0,0.0,0.12129540302424036,0.0,0.04800189558490564,0.0,0.1358131882544535,0.3939291710679725,0.1290659445543326,0.0,0.07560540172498942,0.3851716462833068,0.3939291710679725,2.866859072093644,0.3276340387827559,1.0,0.0980464558330073,0.9698866861932864,1.0,0.0,0.0980464558330073,20260817
no_context_reinstatement,14,Ext1,Ext1,2,11,B,True,0.011033732628730086,0.0,0.12365046931729218,0.0,0.7555766251886123,0.0,0.0,0.12365046931729218,0.0,0.048903370446551464,0.0,0.1380486650470953,0.3999155039038747,0.131532887136529,0.0,0.07703432014581713,0.38582848973868844,0.3999155039038747,2.896430693185574,0.38476893158318193,1.0,0.1437932973406087,0.9546270539225337,1.0,0.0,0.1437932973406087,20260817
no_context_reinstatement,15,Ext1,Ext1,2,12,B,True,0.011133244004512877,0.0,0.12478153492541155,0.0,0.7572543548759512,0.0,0.0,0.12478153492541155,0.0,0.04933591637993073,0.0,0.13911731602376523,0.40277056295802033,0.13505488298253454,0.0,0.0777200617832563,0.386766927781208,0.40277056295802033,2.910554323854581,0.4542756255221113,1.0,0.19675805245179293,0.9366983846204319,1.0,0.0,0.19675805245179293,20260817
no_context_reinstatement,16,Ext1,Ext1,2,13,B,True,0.011121595969536546,0.0,0.12464912614113866,0.0,0.7570591418401355,0.0,0.0,0.12464912614113866,0.0,0.04928529372569257,0.0,0.13899238043220097,0.40243700224541024,0.13994336945964253,0.0,0.07763980264124859,0.38807079858344234,0.40243700224541024,2.9089035320944774,0.5363977412140669,1.0,0.25657002300467263,0.9163646961561217,1.0,0.0,0.25657002300467263,20260817
no_context_reinstatement,17,Ext1,Ext1,2,14,B,True,0.010997736733084351,0.003351063808639476,0.1232414042582155,0.003351063808639476,0.7397777683968141,0.02011533803133684,0.003351063808639476,0.1232414042582155,0.0024642137582522317,0.048746869778638624,0.0015755786689986007,0.1376613785600266,0.39887974521598046,0.14658536273049155,0.0,0.07678622880602559,0.3898448706331918,0.39887974521598046,2.89131023123858,0.6316915876250407,1.0,0.3230318004525869,0.8938490050088921,1.0,0.0,0.3230318004525869,20260817
no_context_reinstatement,18,Ext1,Ext1,2,15,B,True,0.01071803373052116,0.005484438324155239,0.1200640888805693,0.005484438324155239,0.7252501179433194,0.033128886235109435,0.005484438324155239,0.1200640888805693,0.004035100779417489,0.047530118310307956,0.002579114295379159,0.13463880445773327,0.39077680758711203,0.15547280021596424,0.0,0.07485772453751927,0.3922232630707944,0.39077680758711203,2.851307839087695,0.7412109348990858,1.0,0.3961405169430844,0.8693011704535656,1.0,0.0,0.3961405169430844,20260817
no_context_reinstatement,19,Ext1,Ext1,2,16,B,True,0.010119032977874975,0.008740743903677406,0.11326735080943107,0.008740743903677406,0.6991462433405577,0.053952513417035886,0.008740743903677406,0.11326735080943107,0.006436011110974915,0.044920338761894496,0.004111597177784532,0.128086669233407,0.3730953665692632,0.16725202187731678,0.0,0.07072336115961053,0.39538372053181403,0.3730953665692632,2.7642961320105757,0.8667372971830231,1.0,0.4761174304552753,0.842773210978834,1.0,0.0,0.4761174304552753,20260817
no_context_reinstatement,20,Ext1,Ext1,2,17,B,True,0.009488693097780998,0.013681108952076304,0.1061262812284145,0.013681108952076304,0.6640886952008451,0.08560998922906186,0.013681108952076304,0.1061262812284145,0.01008592461750557,0.042168078385190766,0.006438301031353788,0.12107418644607587,0.3539986878540489,0.18280313968221942,0.0,0.0663662958169301,0.3995708278156475,0.3539986878540489,2.670574997577674,1.0110930581043471,1.0,0.5634499431740698,0.8141996943834372,1.0,0.0,0.5634499431740698,20260817
no_context_reinstatement,21,Ext1,Ext1,2,18,B,True,0.008826718552733426,0.021159285516966886,0.0986392226506716,0.021159285516966886,0.6172724875953971,0.13241228444241476,0.021159285516966886,0.0986392226506716,0.015627647256165167,0.039271131412875304,0.009964040374423333,0.11357851228274524,0.3333934465839487,0.20336432168232493,0.0,0.06178352557134037,0.40513321990504536,0.3333934465839487,2.5694869905447852,1.1786005981642198,1.0,0.6589527217914009,0.7833801800441418,1.0,0.0,0.6589527217914009,20260817
no_context_reinstatement,22,Ext1,Ext1,2,19,B,True,0.008130718098656842,0.0324809888052614,0.0907809740927703,0.0324809888052614,0.5560448525874288,0.1989501303836951,0.0324809888052614,0.0907809740927703,0.024056627729832747,0.03621802936020879,0.015310695749747305,0.10555080856405805,0.3111107291060114,0.230723175706341,0.0,0.056957448621914986,0.41258305133984796,0.3111107291060114,2.459872218154448,1.375795663997672,1.0,0.763858398907373,0.7499610421202585,1.0,0.0,0.763858398907373,20260817
no_context_reinstatement,23,Ext1,Ext1,2,20,B,True,0.007396606863967481,0.049645949920405275,0.08250753919714326,0.049645949920405275,0.47926730744798374,0.2883818978917494,0.049645949920405275,0.08250753919714326,0.03692654023498343,0.03298969246784178,0.02343712549738819,0.0969185049233885,0.286908689045476,0.26750175136516174,0.0,0.05185853399223306,0.42269025574147845,0.286908689045476,2.340004686204563,1.612582861209127,1.0,0.8799539756701181,0.7134160628672447,1.0,0.0,0.8799539756701181,20260817
no_context_reinstatement,24,Ext1,Ext1,2,21,B,True,0.006646885091810439,0.0738387856314453,0.07407412005803926,0.0738387856314453,0.39419389416734657,0.3929415351251058,0.0738387856314453,0.07407412005803926,0.05525446006406187,0.029684165881562308,0.03493254086714492,0.08792553562991526,0.26143746598941575,0.3146249002882216,0.0,0.04664213891640101,0.43580788995246644,0.26143746598941575,2.2123259433906113,1.887837047224029,1.0,1.0,0.6751707389534213,1.0,0.0,1.0,20260817
no_context_reinstatement,25,Ext1,Ext1,2,22,B,True,0.006337784541806557,0.08017272044980983,0.07060180767517155,0.08017272044980983,0.3700798443538461,0.4202485585354801,0.07060180767517155,0.07060180767517155,0.06008992602783925,0.028318826728361723,0.037950269354529054,0.08416520683947054,0.25071071690658614,0.3337419868343502,0.0,0.044488831413702745,0.44118745720389807,0.25071071690658614,2.1579117624795017,1.9937432307999774,1.0,1.0,0.661525860475637,1.0,0.0,1.0,20260817
no_context_reinstatement,26,Ext1,Ext1,2,23,B,True,0.006031898335834618,0.08686633591353465,0.06716828572329359,0.08686633591353465,0.34616649934263527,0.4476847233795271,0.06716828572329359,0.06716828572329359,0.0652168830313703,0.026966240700508237,0.041143034049493266,0.08041348605022286,0.23996456850039177,0.3535193969573022,0.0,0.04235639342150521,0.4467904863388122,0.23996456850039177,2.1029246558413552,2.100888449173076,1.0,1.0,0.6482713299014378,1.0,0.0,1.0,20260817
no_context_reinstatement,27,Ext1,Ext1,2,24,B,True,0.005729564391406372,0.09393837108653869,0.06377725461039363,0.09393837108653869,0.322570633381068,0.47511859902530806,0.06377725461039363,0.06377725461039363,0.07065268482142584,0.025627949459973154,0.044520405568615584,0.07666865236166484,0.22922632834610293,0.3739447054667095,0.0,0.04024723327203439,0.4526192527200616,0.22922632834610293,2.0473951589672668,2.2095574070929467,0.9999209420771187,1.0,0.6353600255053232,1.0,0.0,1.0,20260817
no_context_reinstatement,28,Ext1,Ext1,2,25,B,True,0.005432257514533245,0.10140699566283728,0.060445141463710717,0.10140699566283728,0.2994525711948028,0.5023825712544315,0.060445141463710717,0.060445141463710717,0.07641465694927474,0.024310540740324904,0.04809176440281715,0.07295226259281756,0.2185492901977835,0.3949963303641781,0.0,0.03817170462584418,0.4586739944718797,0.2185492901977835,1.9915388571154609,2.3199986501264522,0.9997776957388137,1.0,0.6227546420311411,1.0,0.0,1.0,20260817
no_context_reinstatement,29,Ext2,Ext2,3,1,B,True,0.005141332179027014,0.10928898877653037,0.057186978623401274,0.10928898877653037,0.27696675474406907,0.5293060986843283,0.057186978623401274,0.057186978623401274,0.08251948958423538,0.023020094261526736,0.05186591223299453,0.0692844882919318,0.20798548103391942,0.4166412088060523,0.0,0.036139347298995594,0.4649522179591124,0.20798548103391942,1.935569903396947,2.4324225143431604,0.9995830986681696,1.0,0.6104265237212284,1.0,0.0,1.0,20260817
no_context_reinstatement,30,Ext2,Ext2,3,2,B,True,0.0048580074002709805,0.11759880950961488,0.05401624182730369,0.11759880950961488,0.255257088217713,0.5557204403309779,0.05401624182730369,0.05401624182730369,0.0889825311224669,0.02176211061992006,0.05585062784787054,0.06568384634543753,0.1975848039243934,0.43883263144306567,0.0,0.03415877728528338,0.47144800240850676,0.1975848039243934,1.8796987677237462,2.5469978429180293,0.9993474210116544,1.0,0.5983547478338828,1.0,0.0,1.0,20260817
no_context_reinstatement,31,Ext2,Ext2,3,3,B,True,0.004583365463705302,0.12634756048989115,0.05094484409526634,0.12634756048989115,0.2344529446048857,0.581463308536287,0.05094484409526634,0.05094484409526634,0.09581697747123785,0.020541501314915944,0.06005216706062144,0.0621671838318021,0.187394484239617,0.4615083614642371,0.0,0.032237673260389954,0.47815132998127,0.187394484239617,1.824131890904635,2.6638476909631956,0.9990788788864422,1.0,0.5865253778110798,1.0,0.0,1.0,20260817
no_context_reinstatement,32,Ext2,Ext2,3,4,B,True,0.0043183502863965995,0.13554186138307056,0.04798312546752104,0.13554186138307056,0.21466560022479222,0.6063834889012625,0.04798312546752104,0.04798312546752104,0.10303296296747333,0.01936257714048517,0.06447471326972376,0.05874963904775447,0.17745851749209182,0.4845892069304564,0.0,0.030382760543512743,0.485047480788276,0.17745851749209182,1.7690710166562487,2.7830442959409463,0.9987840451862725,1.0,0.5749308197631201,1.0,0.0,1.0,20260817
no_context_reinstatement,33,Ext2,Ext2,3,5,B,True,0.004174718036752401,0.13844534080979798,0.04637876894713766,0.13844534080979798,0.20628912529567756,0.6157940131931382,0.04637876894713766,0.04637876894713766,0.10531888599336503,0.018723175440540807,0.06587281496264441,0.05687876526301868,0.17204744984675113,0.49172013521799024,0.0,0.029376969376776918,0.4871938170571956,0.17204744984675113,1.7386249942188714,2.8200000000000003,0.9984681782261368,1.0,0.5714285714285714,1.0,0.0,1.0,20260817
no_context_reinstatement,34,Ext2,Ext2,3,6,B,True,0.004085199768265491,0.13844534080979798,0.04537915391757119,0.13844534080979798,0.20274435991845108,0.6185441900737102,0.04537915391757119,0.04537915391757119,0.10531888599336503,0.01832451017380521,0.06587281496264441,0.05570159980900334,0.16867438998978324,0.49172013521799024,0.0,0.028749946659318182,0.4871938170571956,0.16867438998978324,1.7194404591303765,2.8200000000000003,0.9981354846580281,1.0,0.5714285714285714,1.0,0.0,1.0,20260817
no_context_reinstatement,35,Ext2,Ext2,3,7,B,True,0.004001020507531372,0.13844534080979798,0.044439363493741335,0.13844534080979798,0.1993827419992932,0.6211522735147129,0.044439363493741335,0.044439363493741335,0.10531888599336503,0.01794950945618312,0.06587281496264441,0.054590981601566196,0.16549426384058727,0.49172013521799024,0.0,0.028160203549337903,0.4871938170571956,0.16549426384058727,1.7012300391226454,2.8200000000000003,0.9977893298035413,1.0,0.5714285714285714,1.0,0.0,1.0,20260817
no_context_reinstatement,36,Ext2,Ext2,3,8,B,True,0.0039218589417050476,0.13844534080979798,0.04355577351027151,0.13844534080979798,0.19619619317529682,0.6236245310471495,0.04355577351027151,0.04355577351027151,0.10531888599336503,0.017596762044969183,0.06587281496264441,0.05354332028467706,0.16249642522311109,0.49172013521799024,0.0,0.02760550999223188,0.4871938170571956,0.16249642522311109,1.6839498037222542,2.8200000000000003,0.9974324059199517,1.0,0.5714285714285714,1.0,0.0,1.0,20260817
no_context_reinstatement,37,Ext2,Ext2,3,9,B,True,0.0038474102471148797,0.13844534080979798,0.04272494891531042,0.13844534080979798,0.19317670998402667,0.6259671720911117,0.04272494891531042,0.04272494891531042,0.10531888599336503,0.017264927426261623,0.06587281496264441,0.052555137639719474,0.15967068325649753,0.49172013521799024,0.0,0.02708374859928575,0.4871938170571956,0.15967068325649753,1.6675568169402155,2.8200000000000003,0.9970668668130801,1.0,0.5714285714285714,1.0,0.0,1.0,20260817
no_context_reinstatement,38,Ext2,Ext2,3,10,B,True,0.0037773859861792713,0.13844534080979798,0.04194364201134837,0.13844534080979798,0.19031641906250438,0.6281863051301044,0.04194364201134837,0.04194364201134837,0.10531888599336503,0.01695273568386446,0.06587281496264441,0.05162308399112081,0.1570073090717198,0.49172013521799024,0.0,0.026592914270948342,0.4871938170571956,0.1570073090717198,1.6520092846692391,2.8200000000000003,0.9966944355275829,1.0,0.5714285714285714,1.0,0.0,1.0,20260817
no_context_reinstatement,39,Ext2,Ext2,3,11,B,True,0.0037115137912410168,0.13844534080979798,0.041208788379306194,0.13844534080979798,0.18760761990423958,0.6302879045383568,0.041208788379306194,0.041208788379306194,0.10531888599336503,0.016658986385824748,0.06587281496264441,0.050743948618778616,0.15449703592603126,0.49172013521799024,0.0,0.0261311122919764,0.4871938170571956,0.15449703592603126,1.63726666169289,2.8200000000000003,0.996316490499185,1.0,0.5714285714285714,1.0,0.0,1.0,20260817
no_context_reinstatement,40,Ext2,Ext2,3,12,B,True,0.003649536898985728,0.13844534080979798,0.0405175011934501,0.13844534080979798,0.1850428174148793,0.6322777853227913,0.0405175011934501,0.0405175011934501,0.10531888599336503,0.01638254677386697,0.06587281496264441,0.049914665623536414,0.15213105425308468,0.49172013521799024,0.0,0.025696555346367278,0.4871938170571956,0.15213105425308468,1.623289726620725,2.8200000000000003,0.9959341344764667,1.0,0.5714285714285714,1.0,0.0,1.0,20260817
no_context_reinstatement,41,Ext2,Ext2,3,13,B,True,0.003591213583574171,0.13844534080979798,0.039867064460230695,0.13844534080979798,0.18261474610624842,0.634161584352278,0.039867064460230695,0.039867064460230695,0.10531888599336503,0.01612234947227975,0.06587281496264441,0.04913231636583292,0.14990100287645236,0.49172013521799024,0.0,0.0252875597916139,0.4871938170571956,0.14990100287645236,1.6100406313020013,2.8200000000000003,0.9955482496582921,1.0,0.5714285714285714,1.0,0.0,1.0,20260817
no_context_reinstatement,42,Ext2,Ext2,3,14,B,True,0.003536316524737737,0.13844534080979798,0.03925492558118959,0.13844534080979798,0.1803163874438634,0.6359447468987084,0.03925492558118959,0.03925492558118959,0.10531888599336503,0.015877389880160186,0.06587281496264441,0.048394129344720295,0.14779895736654416,0.49172013521799024,0.0,0.02490254144887738,0.4871938170571956,0.14779895736654416,1.5974829299027624,2.8200000000000003,0.9951595418037524,1.0,0.5714285714285714,1.0,0.0,1.0,20260817
no_context_reinstatement,43,Ext2,Ext2,3,15,B,True,0.0034846321380230805,0.13844534080979798,0.038678687538691414,0.13844534080979798,0.17814098159882688,0.6376325175193867,0.038678687538691414,0.038678687538691414,0.10531888599336503,0.015646723370585924,0.06587281496264441,0.04769747818815432,0.1458174163225152,0.49172013521799024,0.0,0.024540011102177184,0.4871938170571956,0.1458174163225152,1.585581591766482,2.8200000000000003,0.9947685755201207,1.0,0.5714285714285714,1.0,0.0,1.0,20260817
no_context_reinstatement,44,Ext2,Ext2,3,16,B,True,0.0034359598874255104,0.13844534080979798,0.03813610092590869,0.13844534080979798,0.1760820346391728,0.6392299344776834,0.03813610092590869,0.03813610092590869,0.10531888599336503,0.015429462389329962,0.06587281496264441,0.04703987827301993,0.143949286201531,0.49172013521799024,0.0,0.024198569851029528,0.4871938170571956,0.143949286201531,1.5743030013473462,2.8200000000000003,0.9943758024932152,1.0,0.5714285714285714,1.0,0.0,1.0,20260817
no_context_reinstatement,45,Ext2,Ext2,3,17,B,True,0.003390111595359624,0.13844534080979798,0.03762505598351651,0.13844534080979798,0.1741333220186907,0.6407418270362599,0.03762505598351651,0.03762505598351651,0.10531888599336503,0.015224773522007795,0.06587281496264441,0.04641898237487284,0.14218786518968562,0.49172013521799024,0.0,0.02387690442369328,0.4871938170571956,0.14218786518968562,1.5636149478543802,2.8200000000000003,0.9939815840716909,1.0,0.5714285714285714,1.0,0.0,1.0,20260817
no_context_reinstatement,46,Ext2,Ext2,3,18,B,True,0.003346910760848587,0.13844534080979798,0.03714357476060981,0.13844534080979798,0.17228888907546513,0.6421728150702813,0.03714357476060981,0.03714357476060981,0.10531888599336503,0.015031874580328619,0.06587281496264441,0.04583257565523391,0.14052682650570125,0.49172013521799024,0.0,0.023573782529608733,0.4871938170571956,0.14052682650570125,1.5534866067329012,2.8200000000000003,0.9935862093344714,1.0,0.5714285714285714,1.0,0.0,1.0,20260817
no_context_reinstatement,47,Ext2,Ext2,3,19,B,True,0.003306191893734489,0.13844534080979798,0.03668980348314843,0.13844534080979798,0.17054304913189106,0.6435273105415029,0.03668980348314843,0.03668980348314843,0.10531888599336503,0.01485003174416788,0.06587281496264441,0.04527857022255394,0.13896020144530336,0.49172013521799024,0.0,0.023288048307753106,0.4871938170571956,0.13896020144530336,1.5438885147057606,2.8200000000000003,0.9931899095446959,1.0,0.5714285714285714,1.0,0.0,1.0,20260817
no_context_reinstatement,48,Ext2,Ext2,3,20,B,True,0.0032677998703405375,0.13844534080979798,0.036262005187254975,0.13844534080979798,0.16889037968804618,0.6448095204516117,0.036262005187254975,0.036262005187254975,0.10531888599336503,0.014678556785490793,0.06587281496264441,0.044754999447122856,0.137482362406968,0.49172013521799024,0.0,0.02301861791091231,0.4871938170571956,0.137482362406968,1.534792539776288,2.8200000000000003,0.9927928697128754,1.0,0.5714285714285714,1.0,0.0,1.0,20260817
no_context_reinstatement,49,Ext2,L-Ext,3,21,B,True,0.003231589314233063,0.13844534080979798,0.03585855265501492,0.13844534080979798,0.16732571711723299,0.6460234509576452,0.03585855265501492,0.03585855265501492,0.10531888599336503,0.014516804391997873,0.06587281496264441,0.04426001216670371,0.13608800608545105,0.49172013521799024,0.0,0.022764475253131744,0.4871938170571956,0.13608800608545105,1.5261718473391759,2.8200000000000003,0.992395237847419,1.0,0.5714285714285714,1.0,0.0,1.0,20260817
no_context_reinstatement,50,Ext2,L-Ext,3,22,B,True,0.003197424004369176,0.13844534080979798,0.03547792167560149,0.13844534080979798,0.16584415020326693,0.6471729123860339,0.03547792167560149,0.03547792167560149,0.10531888599336503,0.01436416960214193,0.06587281496264441,0.0437918668857907,0.13477213697566398,0.49172013521799024,0.0,0.022524667937905085,0.4871938170571956,0.13477213697566398,1.5180008633404047,2.8200000000000003,0.9919971323550539,1.0,0.5714285714285714,1.0,0.0,1.0,20260817
no_context_reinstatement,51,Ext2,L-Ext,3,23,B,True,0.0031651763118963894,0.13844534080979798,0.03511868464343526,0.13844534080979798,0.16444101280122028,0.648261524926702,0.03511868464343526,0.03511868464343526,0.10531888599336503,0.014220085358454981,0.06587281496264441,0.04334892604501918,0.13353005129408346,0.49172013521799024,0.0,0.022298303377342288,0.4871938170571956,0.13353005129408346,1.5102552352617333,2.8200000000000003,0.9915986479611618,1.0,0.5714285714285714,1.0,0.0,1.0,20260817
no_context_reinstatement,52,Ext2,L-Ext,3,24,B,True,0.0031347266661047035,0.13844534080979798,0.03477950449683742,0.13844534080979798,0.16311187585490586,0.6492927248262361,0.03477950449683742,0.03477950449683742,0.10531888599336503,0.014084020182579149,0.06587281496264441,0.0429296504167293,0.13235732139635642,0.49172013521799024,0.0,0.022084545107038944,0.4871938170571956,0.13235732139635642,1.5029117915707038,2.8200000000000003,0.9911998604460481,1.0,0.5714285714285714,1.0,0.0,1.0,20260817
no_context_reinstatement,53,Ext2,L-Ext,3,25,B,True,0.0031059630494664203,0.13844534080979798,0.03445912899457315,0.13844534080979798,0.16185253896377177,0.650269770930641,0.03445912899457315,0.03445912899457315,0.10531888599336503,0.013955475972732834,0.06587281496264441,0.042532593666754576,0.13124978074684512,0.49172013521799024,0.0,0.02188260929727648,0.4871938170571956,0.13124978074684512,1.495948500167065,2.8200000000000003,0.9908008304339572,1.0,0.5714285714285714,1.0,0.0,1.0,20260817
no_context_reinstatement,54,E-Ret,E-Ret,4,1,B,False,0.003078780521290403,0.13844534080979798,0.03415638532331,0.13844534080979798,0.1606590216578251,0.6511957514546172,0.03415638532331,0.03415638532331,0.10531888599336503,0.013833985922397485,0.06587281496264441,0.042156397110149776,0.13020350947747622,0.49172013521799024,0.0,0.021691761458164427,0.4871938170571956,0.13020350947747622,1.4893444262658868,2.8200000000000003,0.9904016064242844,1.0,0.5714285714285714,1.0,0.0,1.0,20260817
no_context_reinstatement,55,E-Ret,E-Ret,4,2,B,False,0.003078780521290403,0.13844534080979798,0.03415638532331,0.13844534080979798,0.1606590216578251,0.6511957514546172,0.03415638532331,0.03415638532331,0.10531888599336503,0.013833985922397485,0.06587281496264441,0.042156397110149776,0.13020350947747622,0.49172013521799024,0.0,0.021691761458164427,0.4871938170571956,0.13020350947747622,1.4893444262658868,2.8200000000000003,0.9904016064242844,1.0,0.5714285714285714,1.0,0.0,1.0,20260817
no_context_reinstatement,56,E-Ret,E-Ret,4,3,B,False,0.003078780521290403,0.13844534080979798,0.03415638532331,0.13844534080979798,0.1606590216578251,0.6511957514546172,0.03415638532331,0.03415638532331,0.10531888599336503,0.013833985922397485,0.06587281496264441,0.042156397110149776,0.13020350947747622,0.49172013521799024,0.0,0.021691761458164427,0.4871938170571956,0.13020350947747622,1.4893444262658868,2.8200000000000003,0.9904016064242844,1.0,0.5714285714285714,1.0,0.0,1.0,20260817
no_context_reinstatement,57,E-Ret,E-Ret,4,4,B,False,0.003078780521290403,0.13844534080979798,0.03415638532331,0.13844534080979798,0.1606590216578251,0.6511957514546172,0.03415638532331,0.03415638532331,0.10531888599336503,0.013833985922397485,0.06587281496264441,0.042156397110149776,0.13020350947747622,0.49172013521799024,0.0,0.021691761458164427,0.4871938170571956,0.13020350947747622,1.4893444262658868,2.8200000000000003,0.9904016064242844,1.0,0.5714285714285714,1.0,0.0,1.0,20260817
no_context_reinstatement,58,E-Ret,E-Ret,4,5,B,False,0.003078780521290403,0.13844534080979798,0.03415638532331,0.13844534080979798,0.1606590216578251,0.6511957514546172,0.03415638532331,0.03415638532331,0.10531888599336503,0.013833985922397485,0.06587281496264441,0.042156397110149776,0.13020350947747622,0.49172013521799024,0.0,0.021691761458164427,0.4871938170571956,0.13020350947747622,1.4893444262658868,2.8200000000000003,0.9904016064242844,1.0,0.5714285714285714,1.0,0.0,1.0,20260817
no_context_reinstatement,59,F-Ren,F-Ren,5,1,A,False,0.00904016491134374,0.0,0.10105195695167357,0.0,0.7164165541233534,0.0,0.0,0.10105195695167357,0.0,0.04020595413105754,0.0,0.11475911592045475,0.34218356070357037,0.39033817861529113,0.3842523215571083,0.0632619752571576,0.12490910631891254,0.34218356070357037,2.606352745965302,2.8200000000000003,0.9904016064242844,1.0,1.0,0.0,0.0,1.0,20260817
no_context_reinstatement,60,F-Ren,F-Ren,5,2,A,False,0.00904016491134374,0.0,0.10105195695167357,0.0,0.7164165541233534,0.0,0.0,0.10105195695167357,0.0,0.04020595413105754,0.0,0.11475911592045475,0.34218356070357037,0.39033817861529113,0.3842523215571083,0.0632619752571576,0.12490910631891254,0.34218356070357037,2.606352745965302,2.8200000000000003,0.9904016064242844,1.0,1.0,0.0,0.0,1.0,20260817
no_context_reinstatement,61,F-Ren,F-Ren,5,3,A,False,0.00904016491134374,0.0,0.10105195695167357,0.0,0.7164165541233534,0.0,0.0,0.10105195695167357,0.0,0.04020595413105754,0.0,0.11475911592045475,0.34218356070357037,0.39033817861529113,0.3842523215571083,0.0632619752571576,0.12490910631891254,0.34218356070357037,2.606352745965302,2.8200000000000003,0.9904016064242844,1.0,1.0,0.0,0.0,1.0,20260817
no_context_reinstatement,62,F-Ren,F-Ren,5,4,A,False,0.00904016491134374,0.0,0.10105195695167357,0.0,0.7164165541233534,0.0,0.0,0.10105195695167357,0.0,0.04020595413105754,0.0,0.11475911592045475,0.34218356070357037,0.39033817861529113,0.3842523215571083,0.0632619752571576,0.12490910631891254,0.34218356070357037,2.606352745965302,2.8200000000000003,0.9904016064242844,1.0,1.0,0.0,0.0,1.0,20260817
no_context_reinstatement,63,F-Ren,F-Ren,5,5,A,False,0.00904016491134374,0.0,0.10105195695167357,0.0,0.7164165541233534,0.0,0.0,0.10105195695167357,0.0,0.04020595413105754,0.0,0.11475911592045475,0.34218356070357037,0.39033817861529113,0.3842523215571083,0.0632619752571576,0.12490910631891254,0.34218356070357037,2.606352745965302,2.8200000000000003,0.9904016064242844,1.0,1.0,0.0,0.0,1.0,20260817
frozen_plasticity,0,Pre-Con,Pre-Con,0,1,A,False,0.0,0.0,0.0,0.0,0.0,0.0,0.0,0.0,0.0,0.0,0.0,0.0,0.00653119496947252,0.004036710768538954,0.3842523215571083,0.0,0.0,0.00653119496947252,,,0.0,0.0,,,0.0,0.0,20260817
frozen_plasticity,1,F-Con,F-Con,1,1,A,True,0.08328698219138453,0.0,0.7998359770879381,0.0,0.9523716522139278,0.0,0.0,0.7998359770879381,0.0,0.27872687616858605,0.0,0.7165859895183705,0.00653119496947252,0.004036710768538954,0.3842523215571083,0.4215770703060906,0.0,0.00653119496947252,0.28,0.22,0.0,0.0,1.0,0.0,0.0,0.0,20260817
frozen_plasticity,2,F-Con,F-Con,1,2,A,True,0.08328698219138453,0.0,0.7998359770879381,0.0,0.9523716522139278,0.0,0.0,0.7998359770879381,0.0,0.27872687616858605,0.0,0.7165859895183705,0.00653119496947252,0.004036710768538954,0.3842523215571083,0.4215770703060906,0.0,0.00653119496947252,0.28,0.22,0.0,0.0,1.0,0.0,0.0,0.0,20260817
frozen_plasticity,3,F-Con,F-Con,1,3,A,True,0.08328698219138453,0.0,0.7998359770879381,0.0,0.9523716522139278,0.0,0.0,0.7998359770879381,0.0,0.27872687616858605,0.0,0.7165859895183705,0.00653119496947252,0.004036710768538954,0.3842523215571083,0.4215770703060906,0.0,0.00653119496947252,0.28,0.22,0.0,0.0,1.0,0.0,0.0,0.0,20260817
frozen_plasticity,4,Ext1,E-Ext,2,1,B,True,0.0,0.0,0.0,0.0,0.0,0.0,0.0,0.0,0.0,0.0,0.0,0.0,0.00653119496947252,0.004036710768538954,0.0,0.0,0.48524435617492145,0.00653119496947252,0.28,0.22,0.0,0.0,1.0,1.0,0.0,0.0,20260817
frozen_plasticity,5,Ext1,E-Ext,2,2,B,True,0.0,0.0,0.0,0.0,0.0,0.0,0.0,0.0,0.0,0.0,0.0,0.0,0.00653119496947252,0.004036710768538954,0.0,0.0,0.48524435617492145,0.00653119496947252,0.28,0.22,0.0,0.0,1.0,1.0,0.0,0.0,20260817
frozen_plasticity,6,Ext1,E-Ext,2,3,B,True,0.0,0.0,0.0,0.0,0.0,0.0,0.0,0.0,0.0,0.0,0.0,0.0,0.00653119496947252,0.004036710768538954,0.0,0.0,0.48524435617492145,0.00653119496947252,0.28,0.22,0.0,0.0,1.0,1.0,0.0,0.0,20260817
frozen_plasticity,7,Ext1,E-Ext,2,4,B,True,0.0,0.0,0.0,0.0,0.0,0.0,0.0,0.0,0.0,0.0,0.0,0.0,0.00653119496947252,0.004036710768538954,0.0,0.0,0.48524435617492145,0.00653119496947252,0.28,0.22,0.0,0.0,1.0,1.0,0.0,0.0,20260817
frozen_plasticity,8,Ext1,E-Ext,2,5,B,True,0.0,0.0,0.0,0.0,0.0,0.0,0.0,0.0,0.0,0.0,0.0,0.0,0.00653119496947252,0.004036710768538954,0.0,0.0,0.48524435617492145,0.00653119496947252,0.28,0.22,0.0,0.0,1.0,1.0,0.0,0.0,20260817
frozen_plasticity,9,Ext1,Ext1,2,6,B,True,0.0,0.0,0.0,0.0,0.0,0.0,0.0,0.0,0.0,0.0,0.0,0.0,0.00653119496947252,0.004036710768538954,0.0,0.0,0.48524435617492145,0.00653119496947252,0.28,0.22,0.0,0.0,1.0,1.0,0.0,0.0,20260817
frozen_plasticity,10,Ext1,Ext1,2,7,B,True,0.0,0.0,0.0,0.0,0.0,0.0,0.0,0.0,0.0,0.0,0.0,0.0,0.00653119496947252,0.004036710768538954,0.0,0.0,0.48524435617492145,0.00653119496947252,0.28,0.22,0.0,0.0,1.0,1.0,0.0,0.0,20260817
frozen_plasticity,11,Ext1,Ext1,2,8,B,True,0.0,0.0,0.0,0.0,0.0,0.0,0.0,0.0,0.0,0.0,0.0,0.0,0.00653119496947252,0.004036710768538954,0.0,0.0,0.48524435617492145,0.00653119496947252,0.28,0.22,0.0,0.0,1.0,1.0,0.0,0.0,20260817
frozen_plasticity,12,Ext1,Ext1,2,9,B,True,0.0,0.0,0.0,0.0,0.0,0.0,0.0,0.0,0.0,0.0,0.0,0.0,0.00653119496947252,0.004036710768538954,0.0,0.0,0.48524435617492145,0.00653119496947252,0.28,0.22,0.0,0.0,1.0,1.0,0.0,0.0,20260817
frozen_plasticity,13,Ext1,Ext1,2,10,B,True,0.0,0.0,0.0,0.0,0.0,0.0,0.0,0.0,0.0,0.0,0.0,0.0,0.00653119496947252,0.004036710768538954,0.0,0.0,0.48524435617492145,0.00653119496947252,0.28,0.22,0.0,0.0,1.0,1.0,0.0,0.0,20260817
frozen_plasticity,14,Ext1,Ext1,2,11,B,True,0.0,0.0,0.0,0.0,0.0,0.0,0.0,0.0,0.0,0.0,0.0,0.0,0.00653119496947252,0.004036710768538954,0.0,0.0,0.48524435617492145,0.00653119496947252,0.28,0.22,0.0,0.0,1.0,1.0,0.0,0.0,20260817
frozen_plasticity,15,Ext1,Ext1,2,12,B,True,0.0,0.0,0.0,0.0,0.0,0.0,0.0,0.0,0.0,0.0,0.0,0.0,0.00653119496947252,0.004036710768538954,0.0,0.0,0.48524435617492145,0.00653119496947252,0.28,0.22,0.0,0.0,1.0,1.0,0.0,0.0,20260817
frozen_plasticity,16,Ext1,Ext1,2,13,B,True,0.0,0.0,0.0,0.0,0.0,0.0,0.0,0.0,0.0,0.0,0.0,0.0,0.00653119496947252,0.004036710768538954,0.0,0.0,0.48524435617492145,0.00653119496947252,0.28,0.22,0.0,0.0,1.0,1.0,0.0,0.0,20260817
frozen_plasticity,17,Ext1,Ext1,2,14,B,True,0.0,0.0,0.0,0.0,0.0,0.0,0.0,0.0,0.0,0.0,0.0,0.0,0.00653119496947252,0.004036710768538954,0.0,0.0,0.48524435617492145,0.00653119496947252,0.28,0.22,0.0,0.0,1.0,1.0,0.0,0.0,20260817
frozen_plasticity,18,Ext1,Ext1,2,15,B,True,0.0,0.0,0.0,0.0,0.0,0.0,0.0,0.0,0.0,0.0,0.0,0.0,0.00653119496947252,0.004036710768538954,0.0,0.0,0.48524435617492145,0.00653119496947252,0.28,0.22,0.0,0.0,1.0,1.0,0.0,0.0,20260817
frozen_plasticity,19,Ext1,Ext1,2,16,B,True,0.0,0.0,0.0,0.0,0.0,0.0,0.0,0.0,0.0,0.0,0.0,0.0,0.00653119496947252,0.004036710768538954,0.0,0.0,0.48524435617492145,0.00653119496947252,0.28,0.22,0.0,0.0,1.0,1.0,0.0,0.0,20260817
frozen_plasticity,20,Ext1,Ext1,2,17,B,True,0.0,0.0,0.0,0.0,0.0,0.0,0.0,0.0,0.0,0.0,0.0,0.0,0.00653119496947252,0.004036710768538954,0.0,0.0,0.48524435617492145,0.00653119496947252,0.28,0.22,0.0,0.0,1.0,1.0,0.0,0.0,20260817
frozen_plasticity,21,Ext1,Ext1,2,18,B,True,0.0,0.0,0.0,0.0,0.0,0.0,0.0,0.0,0.0,0.0,0.0,0.0,0.00653119496947252,0.004036710768538954,0.0,0.0,0.48524435617492145,0.00653119496947252,0.28,0.22,0.0,0.0,1.0,1.0,0.0,0.0,20260817
frozen_plasticity,22,Ext1,Ext1,2,19,B,True,0.0,0.0,0.0,0.0,0.0,0.0,0.0,0.0,0.0,0.0,0.0,0.0,0.00653119496947252,0.004036710768538954,0.0,0.0,0.48524435617492145,0.00653119496947252,0.28,0.22,0.0,0.0,1.0,1.0,0.0,0.0,20260817
frozen_plasticity,23,Ext1,Ext1,2,20,B,True,0.0,0.0,0.0,0.0,0.0,0.0,0.0,0.0,0.0,0.0,0.0,0.0,0.00653119496947252,0.004036710768538954,0.0,0.0,0.48524435617492145,0.00653119496947252,0.28,0.22,0.0,0.0,1.0,1.0,0.0,0.0,20260817
frozen_plasticity,24,Ext1,Ext1,2,21,B,True,0.0,0.0,0.0,0.0,0.0,0.0,0.0,0.0,0.0,0.0,0.0,0.0,0.00653119496947252,0.004036710768538954,0.0,0.0,0.48524435617492145,0.00653119496947252,0.28,0.22,0.0,0.0,1.0,1.0,0.0,0.0,20260817
frozen_plasticity,25,Ext1,Ext1,2,22,B,True,0.0,0.0,0.0,0.0,0.0,0.0,0.0,0.0,0.0,0.0,0.0,0.0,0.00653119496947252,0.004036710768538954,0.0,0.0,0.48524435617492145,0.00653119496947252,0.28,0.22,0.0,0.0,1.0,1.0,0.0,0.0,20260817
frozen_plasticity,26,Ext1,Ext1,2,23,B,True,0.0,0.0,0.0,0.0,0.0,0.0,0.0,0.0,0.0,0.0,0.0,0.0,0.00653119496947252,0.004036710768538954,0.0,0.0,0.48524435617492145,0.00653119496947252,0.28,0.22,0.0,0.0,1.0,1.0,0.0,0.0,20260817
frozen_plasticity,27,Ext1,Ext1,2,24,B,True,0.0,0.0,0.0,0.0,0.0,0.0,0.0,0.0,0.0,0.0,0.0,0.0,0.00653119496947252,0.004036710768538954,0.0,0.0,0.48524435617492145,0.00653119496947252,0.28,0.22,0.0,0.0,1.0,1.0,0.0,0.0,20260817
frozen_plasticity,28,Ext1,Ext1,2,25,B,True,0.0,0.0,0.0,0.0,0.0,0.0,0.0,0.0,0.0,0.0,0.0,0.0,0.00653119496947252,0.004036710768538954,0.0,0.0,0.48524435617492145,0.00653119496947252,0.28,0.22,0.0,0.0,1.0,1.0,0.0,0.0,20260817
frozen_plasticity,29,Ext2,Ext2,3,1,B,True,0.0,0.0,0.0,0.0,0.0,0.0,0.0,0.0,0.0,0.0,0.0,0.0,0.00653119496947252,0.004036710768538954,0.0,0.0,0.48524435617492145,0.00653119496947252,0.28,0.22,0.0,0.0,1.0,1.0,0.0,0.0,20260817
frozen_plasticity,30,Ext2,Ext2,3,2,B,True,0.0,0.0,0.0,0.0,0.0,0.0,0.0,0.0,0.0,0.0,0.0,0.0,0.00653119496947252,0.004036710768538954,0.0,0.0,0.48524435617492145,0.00653119496947252,0.28,0.22,0.0,0.0,1.0,1.0,0.0,0.0,20260817
frozen_plasticity,31,Ext2,Ext2,3,3,B,True,0.0,0.0,0.0,0.0,0.0,0.0,0.0,0.0,0.0,0.0,0.0,0.0,0.00653119496947252,0.004036710768538954,0.0,0.0,0.48524435617492145,0.00653119496947252,0.28,0.22,0.0,0.0,1.0,1.0,0.0,0.0,20260817
frozen_plasticity,32,Ext2,Ext2,3,4,B,True,0.0,0.0,0.0,0.0,0.0,0.0,0.0,0.0,0.0,0.0,0.0,0.0,0.00653119496947252,0.004036710768538954,0.0,0.0,0.48524435617492145,0.00653119496947252,0.28,0.22,0.0,0.0,1.0,1.0,0.0,0.0,20260817
frozen_plasticity,33,Ext2,Ext2,3,5,B,True,0.0,0.0,0.0,0.0,0.0,0.0,0.0,0.0,0.0,0.0,0.0,0.0,0.00653119496947252,0.004036710768538954,0.0,0.0,0.48524435617492145,0.00653119496947252,0.28,0.22,0.0,0.0,1.0,1.0,0.0,0.0,20260817
frozen_plasticity,34,Ext2,Ext2,3,6,B,True,0.0,0.0,0.0,0.0,0.0,0.0,0.0,0.0,0.0,0.0,0.0,0.0,0.00653119496947252,0.004036710768538954,0.0,0.0,0.48524435617492145,0.00653119496947252,0.28,0.22,0.0,0.0,1.0,1.0,0.0,0.0,20260817
frozen_plasticity,35,Ext2,Ext2,3,7,B,True,0.0,0.0,0.0,0.0,0.0,0.0,0.0,0.0,0.0,0.0,0.0,0.0,0.00653119496947252,0.004036710768538954,0.0,0.0,0.48524435617492145,0.00653119496947252,0.28,0.22,0.0,0.0,1.0,1.0,0.0,0.0,20260817
frozen_plasticity,36,Ext2,Ext2,3,8,B,True,0.0,0.0,0.0,0.0,0.0,0.0,0.0,0.0,0.0,0.0,0.0,0.0,0.00653119496947252,0.004036710768538954,0.0,0.0,0.48524435617492145,0.00653119496947252,0.28,0.22,0.0,0.0,1.0,1.0,0.0,0.0,20260817
frozen_plasticity,37,Ext2,Ext2,3,9,B,True,0.0,0.0,0.0,0.0,0.0,0.0,0.0,0.0,0.0,0.0,0.0,0.0,0.00653119496947252,0.004036710768538954,0.0,0.0,0.48524435617492145,0.00653119496947252,0.28,0.22,0.0,0.0,1.0,1.0,0.0,0.0,20260817
frozen_plasticity,38,Ext2,Ext2,3,10,B,True,0.0,0.0,0.0,0.0,0.0,0.0,0.0,0.0,0.0,0.0,0.0,0.0,0.00653119496947252,0.004036710768538954,0.0,0.0,0.48524435617492145,0.00653119496947252,0.28,0.22,0.0,0.0,1.0,1.0,0.0,0.0,20260817
frozen_plasticity,39,Ext2,Ext2,3,11,B,True,0.0,0.0,0.0,0.0,0.0,0.0,0.0,0.0,0.0,0.0,0.0,0.0,0.00653119496947252,0.004036710768538954,0.0,0.0,0.48524435617492145,0.00653119496947252,0.28,0.22,0.0,0.0,1.0,1.0,0.0,0.0,20260817
frozen_plasticity,40,Ext2,Ext2,3,12,B,True,0.0,0.0,0.0,0.0,0.0,0.0,0.0,0.0,0.0,0.0,0.0,0.0,0.00653119496947252,0.004036710768538954,0.0,0.0,0.48524435617492145,0.00653119496947252,0.28,0.22,0.0,0.0,1.0,1.0,0.0,0.0,20260817
frozen_plasticity,41,Ext2,Ext2,3,13,B,True,0.0,0.0,0.0,0.0,0.0,0.0,0.0,0.0,0.0,0.0,0.0,0.0,0.00653119496947252,0.004036710768538954,0.0,0.0,0.48524435617492145,0.00653119496947252,0.28,0.22,0.0,0.0,1.0,1.0,0.0,0.0,20260817
frozen_plasticity,42,Ext2,Ext2,3,14,B,True,0.0,0.0,0.0,0.0,0.0,0.0,0.0,0.0,0.0,0.0,0.0,0.0,0.00653119496947252,0.004036710768538954,0.0,0.0,0.48524435617492145,0.00653119496947252,0.28,0.22,0.0,0.0,1.0,1.0,0.0,0.0,20260817
frozen_plasticity,43,Ext2,Ext2,3,15,B,True,0.0,0.0,0.0,0.0,0.0,0.0,0.0,0.0,0.0,0.0,0.0,0.0,0.00653119496947252,0.004036710768538954,0.0,0.0,0.48524435617492145,0.00653119496947252,0.28,0.22,0.0,0.0,1.0,1.0,0.0,0.0,20260817
frozen_plasticity,44,Ext2,Ext2,3,16,B,True,0.0,0.0,0.0,0.0,0.0,0.0,0.0,0.0,0.0,0.0,0.0,0.0,0.00653119496947252,0.004036710768538954,0.0,0.0,0.48524435617492145,0.00653119496947252,0.28,0.22,0.0,0.0,1.0,1.0,0.0,0.0,20260817
frozen_plasticity,45,Ext2,Ext2,3,17,B,True,0.0,0.0,0.0,0.0,0.0,0.0,0.0,0.0,0.0,0.0,0.0,0.0,0.00653119496947252,0.004036710768538954,0.0,0.0,0.48524435617492145,0.00653119496947252,0.28,0.22,0.0,0.0,1.0,1.0,0.0,0.0,20260817
frozen_plasticity,46,Ext2,Ext2,3,18,B,True,0.0,0.0,0.0,0.0,0.0,0.0,0.0,0.0,0.0,0.0,0.0,0.0,0.00653119496947252,0.004036710768538954,0.0,0.0,0.48524435617492145,0.00653119496947252,0.28,0.22,0.0,0.0,1.0,1.0,0.0,0.0,20260817
frozen_plasticity,47,Ext2,Ext2,3,19,B,True,0.0,0.0,0.0,0.0,0.0,0.0,0.0,0.0,0.0,0.0,0.0,0.0,0.00653119496947252,0.004036710768538954,0.0,0.0,0.48524435617492145,0.00653119496947252,0.28,0.22,0.0,0.0,1.0,1.0,0.0,0.0,20260817
frozen_plasticity,48,Ext2,Ext2,3,20,B,True,0.0,0.0,0.0,0.0,0.0,0.0,0.0,0.0,0.0,0.0,0.0,0.0,0.00653119496947252,0.004036710768538954,0.0,0.0,0.48524435617492145,0.00653119496947252,0.28,0.22,0.0,0.0,1.0,1.0,0.0,0.0,20260817
frozen_plasticity,49,Ext2,L-Ext,3,21,B,True,0.0,0.0,0.0,0.0,0.0,0.0,0.0,0.0,0.0,0.0,0.0,0.0,0.00653119496947252,0.004036710768538954,0.0,0.0,0.48524435617492145,0.00653119496947252,0.28,0.22,0.0,0.0,1.0,1.0,0.0,0.0,20260817
frozen_plasticity,50,Ext2,L-Ext,3,22,B,True,0.0,0.0,0.0,0.0,0.0,0.0,0.0,0.0,0.0,0.0,0.0,0.0,0.00653119496947252,0.004036710768538954,0.0,0.0,0.48524435617492145,0.00653119496947252,0.28,0.22,0.0,0.0,1.0,1.0,0.0,0.0,20260817
frozen_plasticity,51,Ext2,L-Ext,3,23,B,True,0.0,0.0,0.0,0.0,0.0,0.0,0.0,0.0,0.0,0.0,0.0,0.0,0.00653119496947252,0.004036710768538954,0.0,0.0,0.48524435617492145,0.00653119496947252,0.28,0.22,0.0,0.0,1.0,1.0,0.0,0.0,20260817
frozen_plasticity,52,Ext2,L-Ext,3,24,B,True,0.0,0.0,0.0,0.0,0.0,0.0,0.0,0.0,0.0,0.0,0.0,0.0,0.00653119496947252,0.004036710768538954,0.0,0.0,0.48524435617492145,0.00653119496947252,0.28,0.22,0.0,0.0,1.0,1.0,0.0,0.0,20260817
frozen_plasticity,53,Ext2,L-Ext,3,25,B,True,0.0,0.0,0.0,0.0,0.0,0.0,0.0,0.0,0.0,0.0,0.0,0.0,0.00653119496947252,0.004036710768538954,0.0,0.0,0.48524435617492145,0.00653119496947252,0.28,0.22,0.0,0.0,1.0,1.0,0.0,0.0,20260817
frozen_plasticity,54,E-Ret,E-Ret,4,1,B,False,0.0,0.0,0.0,0.0,0.0,0.0,0.0,0.0,0.0,0.0,0.0,0.0,0.00653119496947252,0.004036710768538954,0.0,0.0,0.48524435617492145,0.00653119496947252,0.28,0.22,0.0,0.0,1.0,1.0,0.0,0.0,20260817
frozen_plasticity,55,E-Ret,E-Ret,4,2,B,False,0.0,0.0,0.0,0.0,0.0,0.0,0.0,0.0,0.0,0.0,0.0,0.0,0.00653119496947252,0.004036710768538954,0.0,0.0,0.48524435617492145,0.00653119496947252,0.28,0.22,0.0,0.0,1.0,1.0,0.0,0.0,20260817
frozen_plasticity,56,E-Ret,E-Ret,4,3,B,False,0.0,0.0,0.0,0.0,0.0,0.0,0.0,0.0,0.0,0.0,0.0,0.0,0.00653119496947252,0.004036710768538954,0.0,0.0,0.48524435617492145,0.00653119496947252,0.28,0.22,0.0,0.0,1.0,1.0,0.0,0.0,20260817
frozen_plasticity,57,E-Ret,E-Ret,4,4,B,False,0.0,0.0,0.0,0.0,0.0,0.0,0.0,0.0,0.0,0.0,0.0,0.0,0.00653119496947252,0.004036710768538954,0.0,0.0,0.48524435617492145,0.00653119496947252,0.28,0.22,0.0,0.0,1.0,1.0,0.0,0.0,20260817
frozen_plasticity,58,E-Ret,E-Ret,4,5,B,False,0.0,0.0,0.0,0.0,0.0,0.0,0.0,0.0,0.0,0.0,0.0,0.0,0.00653119496947252,0.004036710768538954,0.0,0.0,0.48524435617492145,0.00653119496947252,0.28,0.22,0.0,0.0,1.0,1.0,0.0,0.0,20260817
frozen_plasticity,59,F-Ren,F-Ren,5,1,A,False,0.0,0.0,0.0,0.0,0.0,0.0,0.0,0.0,0.0,0.0,0.0,0.0,0.00653119496947252,0.004036710768538954,0.3842523215571083,0.0,0.0,0.00653119496947252,0.28,0.22,0.0,0.0,1.0,0.0,0.0,0.0,20260817
frozen_plasticity,60,F-Ren,F-Ren,5,2,A,False,0.0,0.0,0.0,0.0,0.0,0.0,0.0,0.0,0.0,0.0,0.0,0.0,0.00653119496947252,0.004036710768538954,0.3842523215571083,0.0,0.0,0.00653119496947252,0.28,0.22,0.0,0.0,1.0,0.0,0.0,0.0,20260817
frozen_plasticity,61,F-Ren,F-Ren,5,3,A,False,0.0,0.0,0.0,0.0,0.0,0.0,0.0,0.0,0.0,0.0,0.0,0.0,0.00653119496947252,0.004036710768538954,0.3842523215571083,0.0,0.0,0.00653119496947252,0.28,0.22,0.0,0.0,1.0,0.0,0.0,0.0,20260817
frozen_plasticity,62,F-Ren,F-Ren,5,4,A,False,0.0,0.0,0.0,0.0,0.0,0.0,0.0,0.0,0.0,0.0,0.0,0.0,0.00653119496947252,0.004036710768538954,0.3842523215571083,0.0,0.0,0.00653119496947252,0.28,0.22,0.0,0.0,1.0,0.0,0.0,0.0,20260817
frozen_plasticity,63,F-Ren,F-Ren,5,5,A,False,0.0,0.0,0.0,0.0,0.0,0.0,0.0,0.0,0.0,0.0,0.0,0.0,0.00653119496947252,0.004036710768538954,0.3842523215571083,0.0,0.0,0.00653119496947252,0.28,0.22,0.0,0.0,1.0,0.0,0.0,0.0,20260817
no_tripartite,0,Pre-Con,Pre-Con,0,1,A,False,0.0,0.0,0.0,0.0,0.0,0.0,0.0,0.0,0.0,0.0,0.0,0.0,0.00653119496947252,0.004036710768538954,0.3842523215571083,0.0,0.0,0.00653119496947252,,,0.0,0.0,,,0.0,0.0,20260817
no_tripartite,1,F-Con,F-Con,1,1,A,True,0.08328698219138453,0.0,0.7998359770879381,0.0,0.9523716522139278,0.0,0.0,0.7998359770879381,0.0,0.27872687616858605,0.0,0.7165859895183705,0.00653119496947252,0.004036710768538954,0.3842523215571083,0.4215770703060906,0.0,0.00653119496947252,0.28,0.22,0.0,0.0,1.0,0.0,0.0,0.0,20260817
no_tripartite,2,F-Con,F-Con,1,2,A,True,0.08328698219138453,0.0,0.7998359770879381,0.0,0.9523716522139278,0.0,0.0,0.7998359770879381,0.0,0.27872687616858605,0.0,0.5809773719640225,0.20091824478858633,0.004036710768538954,0.38339246276680483,0.4215770703060906,0.0,0.20091824478858633,0.3196005221444273,0.22,0.0,0.0,1.1414304362300973,0.0,0.0,0.0,20260817
no_tripartite,3,F-Con,F-Con,1,3,A,True,0.08328698219138453,0.0,0.7998359770879381,0.0,0.9523716522139278,0.0,0.0,0.7998359770879381,0.0,0.27872687616858605,0.0,0.5743304500324237,0.21875400386090688,0.004036710768538954,0.3794442919795385,0.4215770703060906,0.0,0.21875400386090688,0.37800000000000006,0.22,0.0,0.0,1.35,0.0,0.0,0.0,20260817
no_tripartite,4,Ext1,E-Ext,2,1,B,True,0.0,0.0,0.0,0.0,0.0,0.0,0.0,0.0,0.0,0.0,0.0,0.0015828149709894226,0.0048155984015039776,0.004036710768538954,0.000135961607765816,0.0,0.48524435617492145,0.0048155984015039776,0.28,0.22,0.0,0.0,1.0,1.0,0.0,0.0,20260817
no_tripartite,5,Ext1,E-Ext,2,2,B,True,0.0,0.0,0.0,0.0,0.0,0.0,0.0,0.0,0.0,0.0,0.0,0.0015828149709894226,0.0048155984015039776,0.004036710768538954,0.000135961607765816,0.0,0.48524435617492145,0.0048155984015039776,0.28,0.22,0.0,0.0,1.0,1.0,0.0,0.0,20260817
no_tripartite,6,Ext1,E-Ext,2,3,B,True,0.0,0.0,0.0,0.0,0.0,0.0,0.0,0.0,0.0,0.0,0.0,0.0015828149709894226,0.0048155984015039776,0.011056016955004211,0.000135961607765816,0.0,0.4792927906814628,0.0048155984015039776,0.28,0.22,0.0,0.0,1.0,1.0,0.0,0.0,20260817
no_tripartite,7,Ext1,E-Ext,2,4,B,True,0.0,0.0,0.0,0.0,0.0,0.0,0.0,0.0,0.0,0.0,0.0,0.0015828149709894226,0.0048155984015039776,0.03138608000674985,0.000135961607765816,0.0,0.4621186090596081,0.0048155984015039776,0.28,0.22,0.0,0.0,1.0,1.0,0.0,0.0,20260817
no_tripartite,8,Ext1,E-Ext,2,5,B,True,0.0,0.0,0.0,0.0,0.0,0.0,0.0,0.0,0.0,0.0,0.0,0.0015828149709894226,0.0048155984015039776,0.07133577941293712,0.000135961607765816,0.0,0.42868294477964497,0.0048155984015039776,0.28,0.22,0.0,0.0,1.0,1.0,0.0,0.0,20260817
no_tripartite,9,Ext1,Ext1,2,6,B,True,0.0,0.0,0.0,0.0,0.0,0.0,0.0,0.0,0.0,0.0,0.0,0.0015828149709894226,0.0048155984015039776,0.1254805532512948,0.000135961607765816,0.0,0.3842177004149573,0.0048155984015039776,0.28,0.22,0.0,0.0,1.0,1.0,0.0,0.0,20260817
no_tripartite,10,Ext1,Ext1,2,7,B,True,0.0,0.0,0.0,0.0,0.0,0.0,0.0,0.0,0.0,0.0,0.0,0.0015828149709894226,0.0048155984015039776,0.1254805532512948,0.000135961607765816,0.0,0.3842177004149573,0.0048155984015039776,0.28,0.22,0.0,0.0,1.0,1.0,0.0,0.0,20260817
no_tripartite,11,Ext1,Ext1,2,8,B,True,0.0,0.0,0.0,0.0,0.0,0.0,0.0,0.0,0.0,0.0,0.0,0.0015828149709894226,0.0048155984015039776,0.1254805532512948,0.000135961607765816,0.0,0.3842177004149573,0.0048155984015039776,0.28,0.22,0.0,0.0,1.0,1.0,0.0,0.0,20260817
no_tripartite,12,Ext1,Ext1,2,9,B,True,0.0,0.0,0.0,0.0,0.0,0.0,0.0,0.0,0.0,0.0,0.0,0.0015828149709894226,0.0048155984015039776,0.1254805532512948,0.000135961607765816,0.0,0.3842177004149573,0.0048155984015039776,0.28,0.22,0.0,0.0,1.0,1.0,0.0,0.0,20260817
no_tripartite,13,Ext1,Ext1,2,10,B,True,0.0,0.0,0.0,0.0,0.0,0.0,0.0,0.0,0.0,0.0,0.0,0.0015828149709894226,0.0048155984015039776,0.1254805532512948,0.000135961607765816,0.0,0.3842177004149573,0.0048155984015039776,0.28,0.22,0.0,0.0,1.0,1.0,0.0,0.0,20260817
no_tripartite,14,Ext1,Ext1,2,11,B,True,0.0,0.0,0.0,0.0,0.0,0.0,0.0,0.0,0.0,0.0,0.0,0.0015828149709894226,0.0048155984015039776,0.1254805532512948,0.000135961607765816,0.0,0.3842177004149573,0.0048155984015039776,0.28,0.22,0.0,0.0,1.0,1.0,0.0,0.0,20260817
no_tripartite,15,Ext1,Ext1,2,12,B,True,0.0,0.0,0.0,0.0,0.0,0.0,0.0,0.0,0.0,0.0,0.0,0.0015828149709894226,0.0048155984015039776,0.1254805532512948,0.000135961607765816,0.0,0.3842177004149573,0.0048155984015039776,0.28,0.22,0.0,0.0,1.0,1.0,0.0,0.0,20260817
no_tripartite,16,Ext1,Ext1,2,13,B,True,0.0,0.0,0.0,0.0,0.0,0.0,0.0,0.0,0.0,0.0,0.0,0.0015828149709894226,0.0048155984015039776,0.1254805532512948,0.000135961607765816,0.0,0.3842177004149573,0.0048155984015039776,0.28,0.22,0.0,0.0,1.0,1.0,0.0,0.0,20260817
no_tripartite,17,Ext1,Ext1,2,14,B,True,0.0,0.0,0.0,0.0,0.0,0.0,0.0,0.0,0.0,0.0,0.0,0.0015828149709894226,0.0048155984015039776,0.1254805532512948,0.000135961607765816,0.0,0.3842177004149573,0.0048155984015039776,0.28,0.22,0.0,0.0,1.0,1.0,0.0,0.0,20260817
no_tripartite,18,Ext1,Ext1,2,15,B,True,0.0,0.0,0.0,0.0,0.0,0.0,0.0,0.0,0.0,0.0,0.0,0.0015828149709894226,0.0048155984015039776,0.1254805532512948,0.000135961607765816,0.0,0.3842177004149573,0.0048155984015039776,0.28,0.22,0.0,0.0,1.0,1.0,0.0,0.0,20260817
no_tripartite,19,Ext1,Ext1,2,16,B,True,0.0,0.0,0.0,0.0,0.0,0.0,0.0,0.0,0.0,0.0,0.0,0.0015828149709894226,0.0048155984015039776,0.1254805532512948,0.000135961607765816,0.0,0.3842177004149573,0.0048155984015039776,0.28,0.22,0.0,0.0,1.0,1.0,0.0,0.0,20260817
no_tripartite,20,Ext1,Ext1,2,17,B,True,0.0,0.0,0.0,0.0,0.0,0.0,0.0,0.0,0.0,0.0,0.0,0.0015828149709894226,0.0048155984015039776,0.1254805532512948,0.000135961607765816,0.0,0.3842177004149573,0.0048155984015039776,0.28,0.22,0.0,0.0,1.0,1.0,0.0,0.0,20260817
no_tripartite,21,Ext1,Ext1,2,18,B,True,0.0,0.0,0.0,0.0,0.0,0.0,0.0,0.0,0.0,0.0,0.0,0.0015828149709894226,0.0048155984015039776,0.1254805532512948,0.000135961607765816,0.0,0.3842177004149573,0.0048155984015039776,0.28,0.22,0.0,0.0,1.0,1.0,0.0,0.0,20260817
no_tripartite,22,Ext1,Ext1,2,19,B,True,0.0,0.0,0.0,0.0,0.0,0.0,0.0,0.0,0.0,0.0,0.0,0.0015828149709894226,0.0048155984015039776,0.1254805532512948,0.000135961607765816,0.0,0.3842177004149573,0.0048155984015039776,0.28,0.22,0.0,0.0,1.0,1.0,0.0,0.0,20260817
no_tripartite,23,Ext1,Ext1,2,20,B,True,0.0,0.0,0.0,0.0,0.0,0.0,0.0,0.0,0.0,0.0,0.0,0.0015828149709894226,0.0048155984015039776,0.1254805532512948,0.000135961607765816,0.0,0.3842177004149573,0.0048155984015039776,0.28,0.22,0.0,0.0,1.0,1.0,0.0,0.0,20260817
no_tripartite,24,Ext1,Ext1,2,21,B,True,0.0,0.0,0.0,0.0,0.0,0.0,0.0,0.0,0.0,0.0,0.0,0.0015828149709894226,0.0048155984015039776,0.1254805532512948,0.000135961607765816,0.0,0.3842177004149573,0.0048155984015039776,0.28,0.22,0.0,0.0,1.0,1.0,0.0,0.0,20260817
no_tripartite,25,Ext1,Ext1,2,22,B,True,0.0,0.0,0.0,0.0,0.0,0.0,0.0,0.0,0.0,0.0,0.0,0.0015828149709894226,0.0048155984015039776,0.1254805532512948,0.000135961607765816,0.0,0.3842177004149573,0.0048155984015039776,0.28,0.22,0.0,0.0,1.0,1.0,0.0,0.0,20260817
no_tripartite,26,Ext1,Ext1,2,23,B,True,0.0,0.0,0.0,0.0,0.0,0.0,0.0,0.0,0.0,0.0,0.0,0.0015828149709894226,0.0048155984015039776,0.1254805532512948,0.000135961607765816,0.0,0.3842177004149573,0.0048155984015039776,0.28,0.22,0.0,0.0,1.0,1.0,0.0,0.0,20260817
no_tripartite,27,Ext1,Ext1,2,24,B,True,0.0,0.0,0.0,0.0,0.0,0.0,0.0,0.0,0.0,0.0,0.0,0.0015826462647004446,0.004815780847727482,0.1254805532512948,0.00013594747597163318,0.0,0.3842177004149573,0.004815780847727482,0.28,0.22,0.0,0.0,1.0,1.0,0.0,0.0,20260817
no_tripartite,28,Ext1,Ext1,2,25,B,True,0.0,0.0,0.0,0.0,0.0,0.0,0.0,0.0,0.0,0.0,0.0,0.001582340567127766,0.004816111440778771,0.1254805532512948,0.00013592187048208464,0.0,0.3842177004149573,0.004816111440778771,0.28,0.22,0.0,0.0,1.0,1.0,0.0,0.0,20260817
no_tripartite,29,Ext2,Ext2,3,1,B,True,0.0,0.0,0.0,0.0,0.0,0.0,0.0,0.0,0.0,0.0,0.0,0.00158192525074463,0.004816560576860911,0.1254805532512948,0.00013588708626272858,0.0,0.3842177004149573,0.004816560576860911,0.28,0.22,0.0,0.0,1.0,1.0,0.0,0.0,20260817
no_tripartite,30,Ext2,Ext2,3,2,B,True,0.0,0.0,0.0,0.0,0.0,0.0,0.0,0.0,0.0,0.0,0.0,0.0015814222080771836,0.004817104578342064,0.1254805532512948,0.00013584495933408375,0.0,0.3842177004149573,0.004817104578342064,0.28,0.22,0.0,0.0,1.0,1.0,0.0,0.0,20260817
no_tripartite,31,Ext2,Ext2,3,3,B,True,0.0,0.0,0.0,0.0,0.0,0.0,0.0,0.0,0.0,0.0,0.0,0.001580848950344692,0.004817724505892513,0.1254805532512948,0.0001357969585401305,0.0,0.3842177004149573,0.004817724505892513,0.28,0.22,0.0,0.0,1.0,1.0,0.0,0.0,20260817
no_tripartite,32,Ext2,Ext2,3,4,B,True,0.0,0.0,0.0,0.0,0.0,0.0,0.0,0.0,0.0,0.0,0.0,0.0015802194852857024,0.0048184052092738626,0.1254805532512948,0.00013574425896853664,0.0,0.3842177004149573,0.0048184052092738626,0.28,0.22,0.0,0.0,1.0,1.0,0.0,0.0,20260817
no_tripartite,33,Ext2,Ext2,3,5,B,True,0.0,0.0,0.0,0.0,0.0,0.0,0.0,0.0,0.0,0.0,0.0,0.001579545018747951,0.00481913456863227,0.1254805532512948,0.00013568780069533632,0.0,0.3842177004149573,0.00481913456863227,0.28,0.22,0.0,0.0,1.0,1.0,0.0,0.0,20260817
no_tripartite,34,Ext2,Ext2,3,6,B,True,0.0,0.0,0.0,0.0,0.0,0.0,0.0,0.0,0.0,0.0,0.0,0.0015788345155533156,0.004819902887939973,0.1254805532512948,0.0001356283357827269,0.0,0.3842177004149573,0.004819902887939973,0.28,0.22,0.0,0.0,1.0,1.0,0.0,0.0,20260817
no_tripartite,35,Ext2,Ext2,3,7,B,True,0.0,0.0,0.0,0.0,0.0,0.0,0.0,0.0,0.0,0.0,0.0,0.0015780951479458338,0.004820702409989707,0.1254805532512948,0.00013556646587936834,0.0,0.3842177004149573,0.004820702409989707,0.28,0.22,0.0,0.0,1.0,1.0,0.0,0.0,20260817
no_tripartite,36,Ext2,Ext2,3,8,B,True,0.0,0.0,0.0,0.0,0.0,0.0,0.0,0.0,0.0,0.0,0.0,0.0015773326542069246,0.004821526928530547,0.1254805532512948,0.00013550267230297736,0.0,0.3842177004149573,0.004821526928530547,0.28,0.22,0.0,0.0,1.0,1.0,0.0,0.0,20260817
no_tripartite,37,Ext2,Ext2,3,9,B,True,0.0,0.0,0.0,0.0,0.0,0.0,0.0,0.0,0.0,0.0,0.0,0.0015765516254681515,0.004822371478057019,0.1254805532512948,0.00013543734010503517,0.0,0.3842177004149573,0.004822371478057019,0.28,0.22,0.0,0.0,1.0,1.0,0.0,0.0,20260817
no_tripartite,38,Ext2,Ext2,3,10,B,True,0.0,0.0,0.0,0.0,0.0,0.0,0.0,0.0,0.0,0.0,0.0,0.0015757557351199004,0.004823232085682459,0.1254805532512948,0.00013537077732553985,0.0,0.3842177004149573,0.004823232085682459,0.28,0.22,0.0,0.0,1.0,1.0,0.0,0.0,20260817
no_tripartite,39,Ext2,Ext2,3,11,B,True,0.0,0.0,0.0,0.0,0.0,0.0,0.0,0.0,0.0,0.0,0.0,0.0015749479223158194,0.004824105572656538,0.1254805532512948,0.00013530323039426188,0.0,0.3842177004149573,0.004824105572656538,0.28,0.22,0.0,0.0,1.0,1.0,0.0,0.0,20260817
no_tripartite,40,Ext2,Ext2,3,12,B,True,0.0,0.0,0.0,0.0,0.0,0.0,0.0,0.0,0.0,0.0,0.0,0.00157413053877245,0.004824989395587776,0.1254805532512948,0.0001352348964544324,0.0,0.3842177004149573,0.004824989395587776,0.28,0.22,0.0,0.0,1.0,1.0,0.0,0.0,20260817
no_tripartite,41,Ext2,Ext2,3,13,B,True,0.0,0.0,0.0,0.0,0.0,0.0,0.0,0.0,0.0,0.0,0.0,0.0015733054662061075,0.004825881519419581,0.1254805532512948,0.00013516593321927814,0.0,0.3842177004149573,0.004825881519419581,0.28,0.22,0.0,0.0,1.0,1.0,0.0,0.0,20260817
no_tripartite,42,Ext2,Ext2,3,14,B,True,0.0,0.0,0.0,0.0,0.0,0.0,0.0,0.0,0.0,0.0,0.0,0.0015724742102872908,0.004826780315810145,0.1254805532512948,0.0001350964668593042,0.0,0.3842177004149573,0.004826780315810145,0.28,0.22,0.0,0.0,1.0,1.0,0.0,0.0,20260817
no_tripartite,43,Ext2,Ext2,3,15,B,True,0.0,0.0,0.0,0.0,0.0,0.0,0.0,0.0,0.0,0.0,0.0,0.0015716379758096584,0.004827684481829334,0.1254805532512948,0.00013502659831063647,0.0,0.3842177004149573,0.004827684481829334,0.28,0.22,0.0,0.0,1.0,1.0,0.0,0.0,20260817
no_tripartite,44,Ext2,Ext2,3,16,B,True,0.0,0.0,0.0,0.0,0.0,0.0,0.0,0.0,0.0,0.0,0.0,0.001570797726829535,0.0048285929749109,0.1254805532512948,0.00013495640832263028,0.0,0.3842177004149573,0.0048285929749109,0.28,0.22,0.0,0.0,1.0,1.0,0.0,0.0,20260817
no_tripartite,45,Ext2,Ext2,3,17,B,True,0.0,0.0,0.0,0.0,0.0,0.0,0.0,0.0,0.0,0.0,0.0,0.0015699542347841213,0.004829504960809555,0.1254805532512948,0.00013488596149505052,0.0,0.3842177004149573,0.004829504960809555,0.28,0.22,0.0,0.0,1.0,1.0,0.0,0.0,20260817
no_tripartite,46,Ext2,Ext2,3,18,B,True,0.0,0.0,0.0,0.0,0.0,0.0,0.0,0.0,0.0,0.0,0.0,0.0015691081169903567,0.0048304197719611424,0.1254805532512948,0.00013481530950808115,0.0,0.3842177004149573,0.0048304197719611424,0.28,0.22,0.0,0.0,1.0,1.0,0.0,0.0,20260817
no_tripartite,47,Ext2,Ext2,3,19,B,True,0.0,0.0,0.0,0.0,0.0,0.0,0.0,0.0,0.0,0.0,0.0,0.0015682598674485663,0.00483133687416685,0.1254805532512948,0.00013474449370728817,0.0,0.3842177004149573,0.00483133687416685,0.28,0.22,0.0,0.0,1.0,1.0,0.0,0.0,20260817
no_tripartite,48,Ext2,Ext2,3,20,B,True,0.0,0.0,0.0,0.0,0.0,0.0,0.0,0.0,0.0,0.0,0.0,0.0015674098814891417,0.004832255839936721,0.1254805532512948,0.0001346735471696168,0.0,0.3842177004149573,0.004832255839936721,0.28,0.22,0.0,0.0,1.0,1.0,0.0,0.0,20260817
no_tripartite,49,Ext2,L-Ext,3,21,B,True,0.0,0.0,0.0,0.0,0.0,0.0,0.0,0.0,0.0,0.0,0.0,0.001566558475492762,0.004833176327161669,0.1254805532512948,0.0001346024963582185,0.0,0.3842177004149573,0.004833176327161669,0.28,0.22,0.0,0.0,1.0,1.0,0.0,0.0,20260817
no_tripartite,50,Ext2,L-Ext,3,22,B,True,0.0,0.0,0.0,0.0,0.0,0.0,0.0,0.0,0.0,0.0,0.0,0.001565705902669049,0.004834098062047411,0.1254805532512948,0.00013453136244417403,0.0,0.3842177004149573,0.004834098062047411,0.28,0.22,0.0,0.0,1.0,1.0,0.0,0.0,20260817
no_tripartite,51,Ext2,L-Ext,3,23,B,True,0.0,0.0,0.0,0.0,0.0,0.0,0.0,0.0,0.0,0.0,0.0,0.0015648523656825214,0.0048350208254615305,0.1254805532512948,0.00013446016236600544,0.0,0.3842177004149573,0.0048350208254615305,0.28,0.22,0.0,0.0,1.0,1.0,0.0,0.0,20260817
no_tripartite,52,Ext2,L-Ext,3,24,B,True,0.0,0.0,0.0,0.0,0.0,0.0,0.0,0.0,0.0,0.0,0.0,0.0015639980267534142,0.0048359444420072615,0.1254805532512948,0.00013438890967616774,0.0,0.3842177004149573,0.0048359444420072615,0.28,0.22,0.0,0.0,1.0,1.0,0.0,0.0,20260817
no_tripartite,53,Ext2,L-Ext,3,25,B,True,0.0,0.0,0.0,0.0,0.0,0.0,0.0,0.0,0.0,0.0,0.0,0.0015631430157418253,0.004836868771282932,0.1254805532512948,0.0001343176152172093,0.0,0.3842177004149573,0.004836868771282932,0.28,0.22,0.0,0.0,1.0,1.0,0.0,0.0,20260817
no_tripartite,54,E-Ret,E-Ret,4,1,B,False,0.0,0.0,0.0,0.0,0.0,0.0,0.0,0.0,0.0,0.0,0.0,0.0015622874366141336,0.0048377937008868555,0.1254805532512948,0.00013424628766547543,0.0,0.3842177004149573,0.0048377937008868555,0.28,0.22,0.0,0.0,1.0,1.0,0.0,0.0,20260817
no_tripartite,55,E-Ret,E-Ret,4,2,B,False,0.0,0.0,0.0,0.0,0.0,0.0,0.0,0.0,0.0,0.0,0.0,0.0015622874366141336,0.0048377937008868555,0.1254805532512948,0.00013424628766547543,0.0,0.3842177004149573,0.0048377937008868555,0.28,0.22,0.0,0.0,1.0,1.0,0.0,0.0,20260817
no_tripartite,56,E-Ret,E-Ret,4,3,B,False,0.0,0.0,0.0,0.0,0.0,0.0,0.0,0.0,0.0,0.0,0.0,0.0015622874366141336,0.0048377937008868555,0.1254805532512948,0.00013424628766547543,0.0,0.3842177004149573,0.0048377937008868555,0.28,0.22,0.0,0.0,1.0,1.0,0.0,0.0,20260817
no_tripartite,57,E-Ret,E-Ret,4,4,B,False,0.0,0.0,0.0,0.0,0.0,0.0,0.0,0.0,0.0,0.0,0.0,0.0015622874366141336,0.0048377937008868555,0.1254805532512948,0.00013424628766547543,0.0,0.3842177004149573,0.0048377937008868555,0.28,0.22,0.0,0.0,1.0,1.0,0.0,0.0,20260817
no_tripartite,58,E-Ret,E-Ret,4,5,B,False,0.0,0.0,0.0,0.0,0.0,0.0,0.0,0.0,0.0,0.0,0.0,0.0015622874366141336,0.0048377937008868555,0.1254805532512948,0.00013424628766547543,0.0,0.3842177004149573,0.0048377937008868555,0.28,0.22,0.0,0.0,1.0,1.0,0.0,0.0,20260817
no_tripartite,59,F-Ren,F-Ren,5,1,A,False,0.0,0.0,0.0,0.0,0.0,0.0,0.0,0.0,0.0,0.0,0.0,0.004045556386043423,0.01805942181979383,0.003104369761767212,0.375132066560834,0.0,0.0009333987317583388,0.01805942181979383,0.37717693775088246,0.22,0.0,0.0,1.3470604919674372,0.0,0.0,0.0,20260817
no_tripartite,60,F-Ren,F-Ren,5,2,A,False,0.0,0.0,0.0,0.0,0.0,0.0,0.0,0.0,0.0,0.0,0.0,0.004045556386043423,0.01805942181979383,0.003104369761767212,0.375132066560834,0.0,0.0009333987317583388,0.01805942181979383,0.37717693775088246,0.22,0.0,0.0,1.3470604919674372,0.0,0.0,0.0,20260817
no_tripartite,61,F-Ren,F-Ren,5,3,A,False,0.0,0.0,0.0,0.0,0.0,0.0,0.0,0.0,0.0,0.0,0.0,0.004045556386043423,0.01805942181979383,0.003104369761767212,0.375132066560834,0.0,0.0009333987317583388,0.01805942181979383,0.37717693775088246,0.22,0.0,0.0,1.3470604919674372,0.0,0.0,0.0,20260817
no_tripartite,62,F-Ren,F-Ren,5,4,A,False,0.0,0.0,0.0,0.0,0.0,0.0,0.0,0.0,0.0,0.0,0.0,0.004045556386043423,0.01805942181979383,0.003104369761767212,0.375132066560834,0.0,0.0009333987317583388,0.01805942181979383,0.37717693775088246,0.22,0.0,0.0,1.3470604919674372,0.0,0.0,0.0,20260817
no_tripartite,63,F-Ren,F-Ren,5,5,A,False,0.0,0.0,0.0,0.0,0.0,0.0,0.0,0.0,0.0,0.0,0.0,0.004045556386043423,0.01805942181979383,0.003104369761767212,0.375132066560834,0.0,0.0009333987317583388,0.01805942181979383,0.37717693775088246,0.22,0.0,0.0,1.3470604919674372,0.0,0.0,0.0,20260817
no_glia_glia,0,Pre-Con,Pre-Con,0,1,A,False,0.0,0.0,0.0,0.0,0.0,0.0,0.0,0.0,0.0,0.0,0.0,0.0,0.00653119496947252,0.004036710768538954,0.3842523215571083,0.0,0.0,0.00653119496947252,,,0.0,0.0,,,0.0,0.0,20260817
no_glia_glia,1,F-Con,F-Con,1,1,A,True,0.08328698219138453,0.0,0.7998359770879381,0.0,0.9523716522139278,0.0,0.0,0.7998359770879381,0.0,0.27872687616858605,0.0,0.7165859895183705,0.00653119496947252,0.004036710768538954,0.3842523215571083,0.4215770703060906,0.0,0.00653119496947252,0.28,0.22,0.0,0.0,1.0,0.0,0.0,0.0,20260817
no_glia_glia,2,F-Con,F-Con,1,2,A,True,0.08328698219138453,0.0,0.7998359770879381,0.0,0.9523716522139278,0.0,0.0,0.7998359770879381,0.0,0.27872687616858605,0.0,0.7165859895183705,0.00653119496947252,0.004036710768538954,0.3842523215571083,0.4215770703060906,0.0,0.00653119496947252,0.28,0.22,0.0,0.0,1.0,0.0,0.0,0.0,20260817
no_glia_glia,3,F-Con,F-Con,1,3,A,True,0.08328698219138453,0.0,0.7998359770879381,0.0,0.9523716522139278,0.0,0.0,0.7998359770879381,0.0,0.27872687616858605,0.0,0.7165859895183705,0.00653119496947252,0.004036710768538954,0.3842523215571083,0.4215770703060906,0.0,0.00653119496947252,0.28,0.22,0.0,0.0,1.0,0.0,0.0,0.0,20260817
no_glia_glia,4,Ext1,E-Ext,2,1,B,True,0.0,0.0,0.0,0.0,0.0,0.0,0.0,0.0,0.0,0.0,0.0,0.0,0.00653119496947252,0.004036710768538954,0.0,0.0,0.48524435617492145,0.00653119496947252,0.28,0.22,0.0,0.0,1.0,1.0,0.0,0.0,20260817
no_glia_glia,5,Ext1,E-Ext,2,2,B,True,0.0,0.0,0.0,0.0,0.0,0.0,0.0,0.0,0.0,0.0,0.0,0.0,0.00653119496947252,0.004036710768538954,0.0,0.0,0.48524435617492145,0.00653119496947252,0.28,0.22,0.0,0.0,1.0,1.0,0.0,0.0,20260817
no_glia_glia,6,Ext1,E-Ext,2,3,B,True,0.0,0.0,0.0,0.0,0.0,0.0,0.0,0.0,0.0,0.0,0.0,0.0,0.00653119496947252,0.004036710768538954,0.0,0.0,0.48524435617492145,0.00653119496947252,0.28,0.22,0.0,0.0,1.0,1.0,0.0,0.0,20260817
no_glia_glia,7,Ext1,E-Ext,2,4,B,True,0.0,0.0,0.0,0.0,0.0,0.0,0.0,0.0,0.0,0.0,0.0,0.0,0.00653119496947252,0.004036710768538954,0.0,0.0,0.48524435617492145,0.00653119496947252,0.28,0.22,0.0,0.0,1.0,1.0,0.0,0.0,20260817
no_glia_glia,8,Ext1,E-Ext,2,5,B,True,0.0,0.0,0.0,0.0,0.0,0.0,0.0,0.0,0.0,0.0,0.0,0.0,0.00653119496947252,0.004036710768538954,0.0,0.0,0.48524435617492145,0.00653119496947252,0.28,0.22,0.0,0.0,1.0,1.0,0.0,0.0,20260817
no_glia_glia,9,Ext1,Ext1,2,6,B,True,0.0,0.0,0.0,0.0,0.0,0.0,0.0,0.0,0.0,0.0,0.0,0.0,0.00653119496947252,0.004036710768538954,0.0,0.0,0.48524435617492145,0.00653119496947252,0.28,0.22,0.0,0.0,1.0,1.0,0.0,0.0,20260817
no_glia_glia,10,Ext1,Ext1,2,7,B,True,0.0,0.0,0.0,0.0,0.0,0.0,0.0,0.0,0.0,0.0,0.0,0.0,0.00653119496947252,0.004036710768538954,0.0,0.0,0.48524435617492145,0.00653119496947252,0.28,0.22,0.0,0.0,1.0,1.0,0.0,0.0,20260817
no_glia_glia,11,Ext1,Ext1,2,8,B,True,0.0,0.0,0.0,0.0,0.0,0.0,0.0,0.0,0.0,0.0,0.0,0.0,0.00653119496947252,0.004036710768538954,0.0,0.0,0.48524435617492145,0.00653119496947252,0.28,0.22,0.0,0.0,1.0,1.0,0.0,0.0,20260817
no_glia_glia,12,Ext1,Ext1,2,9,B,True,0.0,0.0,0.0,0.0,0.0,0.0,0.0,0.0,0.0,0.0,0.0,0.0,0.00653119496947252,0.004036710768538954,0.0,0.0,0.48524435617492145,0.00653119496947252,0.28,0.22,0.0,0.0,1.0,1.0,0.0,0.0,20260817
no_glia_glia,13,Ext1,Ext1,2,10,B,True,0.0,0.0,0.0,0.0,0.0,0.0,0.0,0.0,0.0,0.0,0.0,0.0,0.00653119496947252,0.004036710768538954,0.0,0.0,0.48524435617492145,0.00653119496947252,0.28,0.22,0.0,0.0,1.0,1.0,0.0,0.0,20260817
no_glia_glia,14,Ext1,Ext1,2,11,B,True,0.0,0.0,0.0,0.0,0.0,0.0,0.0,0.0,0.0,0.0,0.0,0.0,0.00653119496947252,0.004036710768538954,0.0,0.0,0.48524435617492145,0.00653119496947252,0.28,0.22,0.0,0.0,1.0,1.0,0.0,0.0,20260817
no_glia_glia,15,Ext1,Ext1,2,12,B,True,0.0,0.0,0.0,0.0,0.0,0.0,0.0,0.0,0.0,0.0,0.0,0.0,0.00653119496947252,0.004036710768538954,0.0,0.0,0.48524435617492145,0.00653119496947252,0.28,0.22,0.0,0.0,1.0,1.0,0.0,0.0,20260817
no_glia_glia,16,Ext1,Ext1,2,13,B,True,0.0,0.0,0.0,0.0,0.0,0.0,0.0,0.0,0.0,0.0,0.0,0.0,0.00653119496947252,0.004036710768538954,0.0,0.0,0.48524435617492145,0.00653119496947252,0.28,0.22,0.0,0.0,1.0,1.0,0.0,0.0,20260817
no_glia_glia,17,Ext1,Ext1,2,14,B,True,0.0,0.0,0.0,0.0,0.0,0.0,0.0,0.0,0.0,0.0,0.0,0.0,0.00653119496947252,0.004036710768538954,0.0,0.0,0.48524435617492145,0.00653119496947252,0.28,0.22,0.0,0.0,1.0,1.0,0.0,0.0,20260817
no_glia_glia,18,Ext1,Ext1,2,15,B,True,0.0,0.0,0.0,0.0,0.0,0.0,0.0,0.0,0.0,0.0,0.0,0.0,0.00653119496947252,0.004036710768538954,0.0,0.0,0.48524435617492145,0.00653119496947252,0.28,0.22,0.0,0.0,1.0,1.0,0.0,0.0,20260817
no_glia_glia,19,Ext1,Ext1,2,16,B,True,0.0,0.0,0.0,0.0,0.0,0.0,0.0,0.0,0.0,0.0,0.0,0.0,0.00653119496947252,0.004036710768538954,0.0,0.0,0.48524435617492145,0.00653119496947252,0.28,0.22,0.0,0.0,1.0,1.0,0.0,0.0,20260817
no_glia_glia,20,Ext1,Ext1,2,17,B,True,0.0,0.0,0.0,0.0,0.0,0.0,0.0,0.0,0.0,0.0,0.0,0.0,0.00653119496947252,0.004036710768538954,0.0,0.0,0.48524435617492145,0.00653119496947252,0.28,0.22,0.0,0.0,1.0,1.0,0.0,0.0,20260817
no_glia_glia,21,Ext1,Ext1,2,18,B,True,0.0,0.0,0.0,0.0,0.0,0.0,0.0,0.0,0.0,0.0,0.0,0.0,0.00653119496947252,0.004036710768538954,0.0,0.0,0.48524435617492145,0.00653119496947252,0.28,0.22,0.0,0.0,1.0,1.0,0.0,0.0,20260817
no_glia_glia,22,Ext1,Ext1,2,19,B,True,0.0,0.0,0.0,0.0,0.0,0.0,0.0,0.0,0.0,0.0,0.0,0.0,0.00653119496947252,0.004036710768538954,0.0,0.0,0.48524435617492145,0.00653119496947252,0.28,0.22,0.0,0.0,1.0,1.0,0.0,0.0,20260817
no_glia_glia,23,Ext1,Ext1,2,20,B,True,0.0,0.0,0.0,0.0,0.0,0.0,0.0,0.0,0.0,0.0,0.0,0.0,0.00653119496947252,0.004036710768538954,0.0,0.0,0.48524435617492145,0.00653119496947252,0.28,0.22,0.0,0.0,1.0,1.0,0.0,0.0,20260817
no_glia_glia,24,Ext1,Ext1,2,21,B,True,0.0,0.0,0.0,0.0,0.0,0.0,0.0,0.0,0.0,0.0,0.0,0.0,0.00653119496947252,0.004036710768538954,0.0,0.0,0.48524435617492145,0.00653119496947252,0.28,0.22,0.0,0.0,1.0,1.0,0.0,0.0,20260817
no_glia_glia,25,Ext1,Ext1,2,22,B,True,0.0,0.0,0.0,0.0,0.0,0.0,0.0,0.0,0.0,0.0,0.0,0.0,0.00653119496947252,0.004036710768538954,0.0,0.0,0.48524435617492145,0.00653119496947252,0.28,0.22,0.0,0.0,1.0,1.0,0.0,0.0,20260817
no_glia_glia,26,Ext1,Ext1,2,23,B,True,0.0,0.0,0.0,0.0,0.0,0.0,0.0,0.0,0.0,0.0,0.0,0.0,0.00653119496947252,0.004036710768538954,0.0,0.0,0.48524435617492145,0.00653119496947252,0.28,0.22,0.0,0.0,1.0,1.0,0.0,0.0,20260817
no_glia_glia,27,Ext1,Ext1,2,24,B,True,0.0,0.0,0.0,0.0,0.0,0.0,0.0,0.0,0.0,0.0,0.0,0.0,0.00653119496947252,0.004036710768538954,0.0,0.0,0.48524435617492145,0.00653119496947252,0.28,0.22,0.0,0.0,1.0,1.0,0.0,0.0,20260817
no_glia_glia,28,Ext1,Ext1,2,25,B,True,0.0,0.0,0.0,0.0,0.0,0.0,0.0,0.0,0.0,0.0,0.0,0.0,0.00653119496947252,0.004036710768538954,0.0,0.0,0.48524435617492145,0.00653119496947252,0.28,0.22,0.0,0.0,1.0,1.0,0.0,0.0,20260817
no_glia_glia,29,Ext2,Ext2,3,1,B,True,0.0,0.0,0.0,0.0,0.0,0.0,0.0,0.0,0.0,0.0,0.0,0.0,0.00653119496947252,0.004036710768538954,0.0,0.0,0.48524435617492145,0.00653119496947252,0.28,0.22,0.0,0.0,1.0,1.0,0.0,0.0,20260817
no_glia_glia,30,Ext2,Ext2,3,2,B,True,0.0,0.0,0.0,0.0,0.0,0.0,0.0,0.0,0.0,0.0,0.0,0.0,0.00653119496947252,0.004036710768538954,0.0,0.0,0.48524435617492145,0.00653119496947252,0.28,0.22,0.0,0.0,1.0,1.0,0.0,0.0,20260817
no_glia_glia,31,Ext2,Ext2,3,3,B,True,0.0,0.0,0.0,0.0,0.0,0.0,0.0,0.0,0.0,0.0,0.0,0.0,0.00653119496947252,0.004036710768538954,0.0,0.0,0.48524435617492145,0.00653119496947252,0.28,0.22,0.0,0.0,1.0,1.0,0.0,0.0,20260817
no_glia_glia,32,Ext2,Ext2,3,4,B,True,0.0,0.0,0.0,0.0,0.0,0.0,0.0,0.0,0.0,0.0,0.0,0.0,0.00653119496947252,0.004036710768538954,0.0,0.0,0.48524435617492145,0.00653119496947252,0.28,0.22,0.0,0.0,1.0,1.0,0.0,0.0,20260817
no_glia_glia,33,Ext2,Ext2,3,5,B,True,0.0,0.0,0.0,0.0,0.0,0.0,0.0,0.0,0.0,0.0,0.0,0.0,0.00653119496947252,0.004036710768538954,0.0,0.0,0.48524435617492145,0.00653119496947252,0.28,0.22,0.0,0.0,1.0,1.0,0.0,0.0,20260817
no_glia_glia,34,Ext2,Ext2,3,6,B,True,0.0,0.0,0.0,0.0,0.0,0.0,0.0,0.0,0.0,0.0,0.0,0.0,0.00653119496947252,0.004036710768538954,0.0,0.0,0.48524435617492145,0.00653119496947252,0.28,0.22,0.0,0.0,1.0,1.0,0.0,0.0,20260817
no_glia_glia,35,Ext2,Ext2,3,7,B,True,0.0,0.0,0.0,0.0,0.0,0.0,0.0,0.0,0.0,0.0,0.0,0.0,0.00653119496947252,0.004036710768538954,0.0,0.0,0.48524435617492145,0.00653119496947252,0.28,0.22,0.0,0.0,1.0,1.0,0.0,0.0,20260817
no_glia_glia,36,Ext2,Ext2,3,8,B,True,0.0,0.0,0.0,0.0,0.0,0.0,0.0,0.0,0.0,0.0,0.0,0.0,0.00653119496947252,0.004036710768538954,0.0,0.0,0.48524435617492145,0.00653119496947252,0.28,0.22,0.0,0.0,1.0,1.0,0.0,0.0,20260817
no_glia_glia,37,Ext2,Ext2,3,9,B,True,0.0,0.0,0.0,0.0,0.0,0.0,0.0,0.0,0.0,0.0,0.0,0.0,0.00653119496947252,0.004036710768538954,0.0,0.0,0.48524435617492145,0.00653119496947252,0.28,0.22,0.0,0.0,1.0,1.0,0.0,0.0,20260817
no_glia_glia,38,Ext2,Ext2,3,10,B,True,0.0,0.0,0.0,0.0,0.0,0.0,0.0,0.0,0.0,0.0,0.0,0.0,0.00653119496947252,0.004036710768538954,0.0,0.0,0.48524435617492145,0.00653119496947252,0.28,0.22,0.0,0.0,1.0,1.0,0.0,0.0,20260817
no_glia_glia,39,Ext2,Ext2,3,11,B,True,0.0,0.0,0.0,0.0,0.0,0.0,0.0,0.0,0.0,0.0,0.0,0.0,0.00653119496947252,0.004036710768538954,0.0,0.0,0.48524435617492145,0.00653119496947252,0.28,0.22,0.0,0.0,1.0,1.0,0.0,0.0,20260817
no_glia_glia,40,Ext2,Ext2,3,12,B,True,0.0,0.0,0.0,0.0,0.0,0.0,0.0,0.0,0.0,0.0,0.0,0.0,0.00653119496947252,0.004036710768538954,0.0,0.0,0.48524435617492145,0.00653119496947252,0.28,0.22,0.0,0.0,1.0,1.0,0.0,0.0,20260817
no_glia_glia,41,Ext2,Ext2,3,13,B,True,0.0,0.0,0.0,0.0,0.0,0.0,0.0,0.0,0.0,0.0,0.0,0.0,0.00653119496947252,0.004036710768538954,0.0,0.0,0.48524435617492145,0.00653119496947252,0.28,0.22,0.0,0.0,1.0,1.0,0.0,0.0,20260817
no_glia_glia,42,Ext2,Ext2,3,14,B,True,0.0,0.0,0.0,0.0,0.0,0.0,0.0,0.0,0.0,0.0,0.0,0.0,0.00653119496947252,0.004036710768538954,0.0,0.0,0.48524435617492145,0.00653119496947252,0.28,0.22,0.0,0.0,1.0,1.0,0.0,0.0,20260817
no_glia_glia,43,Ext2,Ext2,3,15,B,True,0.0,0.0,0.0,0.0,0.0,0.0,0.0,0.0,0.0,0.0,0.0,0.0,0.00653119496947252,0.004036710768538954,0.0,0.0,0.48524435617492145,0.00653119496947252,0.28,0.22,0.0,0.0,1.0,1.0,0.0,0.0,20260817
no_glia_glia,44,Ext2,Ext2,3,16,B,True,0.0,0.0,0.0,0.0,0.0,0.0,0.0,0.0,0.0,0.0,0.0,0.0,0.00653119496947252,0.004036710768538954,0.0,0.0,0.48524435617492145,0.00653119496947252,0.28,0.22,0.0,0.0,1.0,1.0,0.0,0.0,20260817
no_glia_glia,45,Ext2,Ext2,3,17,B,True,0.0,0.0,0.0,0.0,0.0,0.0,0.0,0.0,0.0,0.0,0.0,0.0,0.00653119496947252,0.004036710768538954,0.0,0.0,0.48524435617492145,0.00653119496947252,0.28,0.22,0.0,0.0,1.0,1.0,0.0,0.0,20260817
no_glia_glia,46,Ext2,Ext2,3,18,B,True,0.0,0.0,0.0,0.0,0.0,0.0,0.0,0.0,0.0,0.0,0.0,0.0,0.00653119496947252,0.004036710768538954,0.0,0.0,0.48524435617492145,0.00653119496947252,0.28,0.22,0.0,0.0,1.0,1.0,0.0,0.0,20260817
no_glia_glia,47,Ext2,Ext2,3,19,B,True,0.0,0.0,0.0,0.0,0.0,0.0,0.0,0.0,0.0,0.0,0.0,0.0,0.00653119496947252,0.004036710768538954,0.0,0.0,0.48524435617492145,0.00653119496947252,0.28,0.22,0.0,0.0,1.0,1.0,0.0,0.0,20260817
no_glia_glia,48,Ext2,Ext2,3,20,B,True,0.0,0.0,0.0,0.0,0.0,0.0,0.0,0.0,0.0,0.0,0.0,0.0,0.00653119496947252,0.004036710768538954,0.0,0.0,0.48524435617492145,0.00653119496947252,0.28,0.22,0.0,0.0,1.0,1.0,0.0,0.0,20260817
no_glia_glia,49,Ext2,L-Ext,3,21,B,True,0.0,0.0,0.0,0.0,0.0,0.0,0.0,0.0,0.0,0.0,0.0,0.0,0.00653119496947252,0.004036710768538954,0.0,0.0,0.48524435617492145,0.00653119496947252,0.28,0.22,0.0,0.0,1.0,1.0,0.0,0.0,20260817
no_glia_glia,50,Ext2,L-Ext,3,22,B,True,0.0,0.0,0.0,0.0,0.0,0.0,0.0,0.0,0.0,0.0,0.0,0.0,0.00653119496947252,0.004036710768538954,0.0,0.0,0.48524435617492145,0.00653119496947252,0.28,0.22,0.0,0.0,1.0,1.0,0.0,0.0,20260817
no_glia_glia,51,Ext2,L-Ext,3,23,B,True,0.0,0.0,0.0,0.0,0.0,0.0,0.0,0.0,0.0,0.0,0.0,0.0,0.00653119496947252,0.004036710768538954,0.0,0.0,0.48524435617492145,0.00653119496947252,0.28,0.22,0.0,0.0,1.0,1.0,0.0,0.0,20260817
no_glia_glia,52,Ext2,L-Ext,3,24,B,True,0.0,0.0,0.0,0.0,0.0,0.0,0.0,0.0,0.0,0.0,0.0,0.0,0.00653119496947252,0.004036710768538954,0.0,0.0,0.48524435617492145,0.00653119496947252,0.28,0.22,0.0,0.0,1.0,1.0,0.0,0.0,20260817
no_glia_glia,53,Ext2,L-Ext,3,25,B,True,0.0,0.0,0.0,0.0,0.0,0.0,0.0,0.0,0.0,0.0,0.0,0.0,0.00653119496947252,0.004036710768538954,0.0,0.0,0.48524435617492145,0.00653119496947252,0.28,0.22,0.0,0.0,1.0,1.0,0.0,0.0,20260817
no_glia_glia,54,E-Ret,E-Ret,4,1,B,False,0.0,0.0,0.0,0.0,0.0,0.0,0.0,0.0,0.0,0.0,0.0,0.0,0.00653119496947252,0.004036710768538954,0.0,0.0,0.48524435617492145,0.00653119496947252,0.28,0.22,0.0,0.0,1.0,1.0,0.0,0.0,20260817
no_glia_glia,55,E-Ret,E-Ret,4,2,B,False,0.0,0.0,0.0,0.0,0.0,0.0,0.0,0.0,0.0,0.0,0.0,0.0,0.00653119496947252,0.004036710768538954,0.0,0.0,0.48524435617492145,0.00653119496947252,0.28,0.22,0.0,0.0,1.0,1.0,0.0,0.0,20260817
no_glia_glia,56,E-Ret,E-Ret,4,3,B,False,0.0,0.0,0.0,0.0,0.0,0.0,0.0,0.0,0.0,0.0,0.0,0.0,0.00653119496947252,0.004036710768538954,0.0,0.0,0.48524435617492145,0.00653119496947252,0.28,0.22,0.0,0.0,1.0,1.0,0.0,0.0,20260817
no_glia_glia,57,E-Ret,E-Ret,4,4,B,False,0.0,0.0,0.0,0.0,0.0,0.0,0.0,0.0,0.0,0.0,0.0,0.0,0.00653119496947252,0.004036710768538954,0.0,0.0,0.48524435617492145,0.00653119496947252,0.28,0.22,0.0,0.0,1.0,1.0,0.0,0.0,20260817
no_glia_glia,58,E-Ret,E-Ret,4,5,B,False,0.0,0.0,0.0,0.0,0.0,0.0,0.0,0.0,0.0,0.0,0.0,0.0,0.00653119496947252,0.004036710768538954,0.0,0.0,0.48524435617492145,0.00653119496947252,0.28,0.22,0.0,0.0,1.0,1.0,0.0,0.0,20260817
no_glia_glia,59,F-Ren,F-Ren,5,1,A,False,0.0,0.0,0.0,0.0,0.0,0.0,0.0,0.0,0.0,0.0,0.0,0.0,0.00653119496947252,0.004036710768538954,0.3842523215571083,0.0,0.0,0.00653119496947252,0.28,0.22,0.0,0.0,1.0,0.0,0.0,0.0,20260817
no_glia_glia,60,F-Ren,F-Ren,5,2,A,False,0.0,0.0,0.0,0.0,0.0,0.0,0.0,0.0,0.0,0.0,0.0,0.0,0.00653119496947252,0.004036710768538954,0.3842523215571083,0.0,0.0,0.00653119496947252,0.28,0.22,0.0,0.0,1.0,0.0,0.0,0.0,20260817
no_glia_glia,61,F-Ren,F-Ren,5,3,A,False,0.0,0.0,0.0,0.0,0.0,0.0,0.0,0.0,0.0,0.0,0.0,0.0,0.00653119496947252,0.004036710768538954,0.3842523215571083,0.0,0.0,0.00653119496947252,0.28,0.22,0.0,0.0,1.0,0.0,0.0,0.0,20260817
no_glia_glia,62,F-Ren,F-Ren,5,4,A,False,0.0,0.0,0.0,0.0,0.0,0.0,0.0,0.0,0.0,0.0,0.0,0.0,0.00653119496947252,0.004036710768538954,0.3842523215571083,0.0,0.0,0.00653119496947252,0.28,0.22,0.0,0.0,1.0,0.0,0.0,0.0,20260817
no_glia_glia,63,F-Ren,F-Ren,5,5,A,False,0.0,0.0,0.0,0.0,0.0,0.0,0.0,0.0,0.0,0.0,0.0,0.0,0.00653119496947252,0.004036710768538954,0.3842523215571083,0.0,0.0,0.00653119496947252,0.28,0.22,0.0,0.0,1.0,0.0,0.0,0.0,20260817
calex_like,0,Pre-Con,Pre-Con,0,1,A,False,0.0,0.0,0.0,0.0,0.0,0.0,0.0,0.0,0.0,0.0,0.0,0.0,0.00653119496947252,0.004036710768538954,0.3842523215571083,0.0,0.0,0.00653119496947252,,,0.0,0.0,,,0.0,0.0,20260817
calex_like,1,F-Con,F-Con,1,1,A,True,0.0343651538830938,0.0,0.7998359770879381,0.0,0.9523716522139278,0.0,0.0,0.7998359770879381,0.0,0.11883992226181772,0.0,0.7165859895183705,0.00653119496947252,0.004036710768538954,0.3842523215571083,0.4215770703060906,0.0,0.00653119496947252,0.28,0.22,0.0,0.0,1.0,0.0,0.0,0.0,20260817
calex_like,2,F-Con,F-Con,1,2,A,True,0.0343651538830938,0.0,0.7998359770879381,0.0,0.9523716522139278,0.0,0.0,0.7998359770879381,0.0,0.11883992226181772,0.0,0.5809773719640225,0.20091824478858633,0.004036710768538954,0.38339246276680483,0.4215770703060906,0.0,0.20091824478858633,0.3196005221444273,0.22,0.0,0.0,1.1414304362300973,0.0,0.0,0.0,20260817
calex_like,3,F-Con,F-Con,1,3,A,True,0.03499503626131506,0.0,0.8103155951462515,0.0,0.9529586423813382,0.0,0.0,0.8103155951462515,0.0,0.12099684218686435,0.0,0.6214799987386012,0.39277771805901573,0.004036710768538954,0.3841122813893348,0.4286546895842237,0.0,0.39277771805901573,1.92421809064276,0.22,0.6563894360681201,0.0,1.35,0.0,0.6563894360681201,0.0,20260817
calex_like,4,Ext1,E-Ext,2,1,B,True,0.0025640724962076034,0.0,0.07222303399805885,0.0,0.6435669347462848,0.0,0.0,0.07222303399805885,0.0,0.011589038245721994,0.0,0.08599868374783626,0.2522086817136901,0.004036710768538954,0.007430816940880166,0.045494616034054136,0.48524435617492145,0.2522086817136901,2.1957125324889537,0.22,1.0,0.0,1.0,1.0,1.0,0.0,20260817
calex_like,5,Ext1,E-Ext,2,2,B,True,0.002767128840538202,0.0,0.07797393901431282,0.0,0.6609420662376364,0.0,0.0,0.07797393901431282,0.0,0.012498579847740166,0.0,0.0921878846491803,0.2695469685530145,0.004036710768538954,0.007969448869371568,0.0490566990025082,0.48524435617492145,0.2695469685530145,2.284905064146642,0.22,1.0,0.0,1.0,1.0,1.0,0.0,20260817
calex_like,6,Ext1,E-Ext,2,3,B,True,0.002974475183097347,0.0,0.08385113431742086,0.0,0.6770316217089857,0.0,0.0,0.08385113431742086,0.0,0.013426093054458965,0.0,0.0984181706005787,0.2868782236809258,0.011056016955004211,0.008512249477860893,0.05268783805066746,0.4792927906814628,0.2868782236809258,2.3731366162978116,0.22,1.0,0.0,1.0,1.0,1.0,0.0,20260817
calex_like,7,Ext1,E-Ext,2,4,B,True,0.0031859703935784855,0.0,0.08985092421415719,0.0,0.6919544451294791,0.0,0.0,0.08985092421415719,0.0,0.014370870179801876,0.0,0.10468072149433713,0.3041731252977954,0.03138608000674985,0.009058477081936411,0.05638517349440564,0.4621186090596081,0.3041731252977954,2.4605000593375754,0.22,1.0,0.0,1.0,1.0,1.0,0.0,20260817
calex_like,8,Ext1,E-Ext,2,5,B,True,0.0034014492488118053,0.0,0.09596892227241993,0.0,0.7058151279609455,0.0,0.0,0.09596892227241993,0.0,0.015332098128824745,0.0,0.11096626866119574,0.32140164937773963,0.07133577941293712,0.009607348632223796,0.06014543461643074,0.42868294477964497,0.32140164937773963,2.547065517915506,0.22,1.0,0.0,1.0,1.0,1.0,0.0,20260817
calex_like,9,Ext1,Ext1,2,6,B,True,0.0036207181490581775,0.0,0.1021999258881019,0.0,0.7187059012149114,0.0,0.0,0.1021999258881019,0.0,0.01630884026935342,0.0,0.11726503669778174,0.3385329968151699,0.1254805532512948,0.0101580341927041,0.06396486982599803,0.3842177004149573,0.3385329968151699,2.632882323188338,0.22,1.0,0.0,1.0,1.0,1.0,0.0,20260817
calex_like,10,Ext1,Ext1,2,7,B,True,0.0038241554117900423,0.0,0.1079859164005369,0.0,0.7297040085102661,0.0,0.0,0.1079859164005369,0.0,0.01721380367887093,0.0,0.12302215428350274,0.35407180071110883,0.1257372307887064,0.010661958291117567,0.067502245662452,0.38428596601723913,0.35407180071110883,2.7106526865051674,0.22937187801858083,1.0,0.010133884436773048,0.9973038624577653,1.0,1.0,0.010133884436773048,20260817
calex_like,11,Ext1,Ext1,2,8,B,True,0.004002727518307547,0.0,0.11306858915688489,0.0,0.7386792403306028,0.0,0.0,0.11306858915688489,0.0,0.018007161657823012,0.0,0.1280073979350674,0.36743328177031026,0.12634288212880954,0.011098789974838746,0.07060227214346348,0.38444706081780045,0.36743328177031026,2.7775786575387693,0.25010761448239494,1.0,0.030469233174460257,0.9913898890629849,1.0,1.0,0.030469233174460257,20260817
calex_like,12,Ext1,Ext1,2,9,B,True,0.004149992629534527,0.0,0.11726290603933343,0.0,0.7456488563806934,0.0,0.0,0.11726290603933343,0.0,0.01866072878835978,0.0,0.1320710885502576,0.37825911108865096,0.12740237251442482,0.011455201005380167,0.07315529182767277,0.3847289266372748,0.37825911108865096,2.831900061279928,0.2827783492345102,1.0,0.06004627466001505,0.982212968624904,1.0,1.0,0.06004627466001505,20260817
calex_like,13,Ext1,Ext1,2,10,B,True,0.00426085570459378,0.0,0.1204220725526961,0.0,0.750657753241153,0.0,0.0,0.1204220725526961,0.0,0.019152324868859316,0.0,0.13510214296160145,0.3862949662154371,0.1290659445543326,0.011721240316495771,0.07507514053116471,0.3851716462833068,0.3862949662154371,2.8723057771025613,0.3276340387827559,1.0,0.0980464558330073,0.9698866861932864,1.0,1.0,0.0980464558330073,20260817
calex_like,14,Ext1,Ext1,2,11,B,True,0.004331683798817876,0.0,0.1224411318222135,0.0,0.7537569484323792,0.0,0.0,0.1224411318222135,0.0,0.01946620749611694,0.0,0.1370260354402662,0.3913780643819897,0.131532887136529,0.011890191241964675,0.07630074796628383,0.38582848973868844,0.3913780643819897,2.8979104932518083,0.38476893158318193,1.0,0.1437932973406087,0.9546270539225337,1.0,1.0,0.1437932973406087,20260817
calex_like,15,Ext1,Ext1,2,12,B,True,0.0043602447733286365,0.0,0.12325546653117492,0.0,0.7549852335734087,0.0,0.0,0.12325546653117492,0.0,0.019592737229696677,0.0,0.13779906687197926,0.3934166340549609,0.13505488298253454,0.011958096273765755,0.07679475808484626,0.386766927781208,0.3934166340549609,2.9081905055884185,0.4542756255221113,1.0,0.19675805245179293,0.9366983846204319,1.0,1.0,0.19675805245179293,20260817
calex_like,16,Ext1,Ext1,2,13,B,True,0.004345503705131537,0.0,0.12283515539493983,0.0,0.7543527999037791,0.0,0.0,0.12283515539493983,0.0,0.019527434887469886,0.0,0.13740028327618792,0.39236527380735714,0.13994336945964253,0.011923064711925013,0.07653980144778116,0.38807079858344234,0.39236527380735714,2.902887908591954,0.5363977412140669,1.0,0.25657002300467263,0.9163646961561217,1.0,1.0,0.25657002300467263,20260817
calex_like,17,Ext1,Ext1,2,14,B,True,0.004287335149155136,0.003351063808639476,0.1211768411571933,0.003351063808639476,0.7365123939453181,0.020367753478264892,0.003351063808639476,0.1211768411571933,0.0024642137582522317,0.0192696886276994,0.0015755786689986007,0.13582254564978866,0.3881999322621996,0.14658536273049155,0.011784495988899139,0.07553342625493542,0.3898448706331918,0.3881999322621996,2.8818970017367733,0.6316915876250407,1.0,0.3230318004525869,0.8938490050088921,1.0,1.0,0.3230318004525869,20260817
calex_like,18,Ext1,Ext1,2,15,B,True,0.004186214571981539,0.005484438324155239,0.11829493639318522,0.005484438324155239,0.7222822568308445,0.03348674601805378,0.005484438324155239,0.11829493639318522,0.004035100779417489,0.01882138588180493,0.002579114295379159,0.13306406597958975,0.3808953600516226,0.15547280021596424,0.011542337154052548,0.07378275614482799,0.3922232630707944,0.3808953600516226,2.8451466305438733,0.7412109348990858,1.0,0.3961405169430844,0.8693011704535656,1.0,1.0,0.3961405169430844,20260817
calex_like,19,Ext1,Ext1,2,16,B,True,0.003967033433474043,0.008740743903677406,0.11205234336941883,0.008740743903677406,0.6968728896852727,0.05436019702035971,0.008740743903677406,0.11205234336941883,0.006436011110974915,0.017848654870970426,0.004111597177784532,0.12701598625815552,0.3647831250355654,0.16725202187731678,0.01101188229195489,0.06998299335167635,0.39538372053181403,0.3647831250355654,2.7642961320105757,0.8667372971830231,1.0,0.4761174304552753,0.842773210978834,1.0,1.0,0.4761174304552753,20260817
calex_like,20,Ext1,Ext1,2,17,B,True,0.003718763961894078,0.013681108952076304,0.1049878753210467,0.013681108952076304,0.6616786248554225,0.0862242171319789,0.013681108952076304,0.1049878753210467,0.01008592461750557,0.016745134841273268,0.006438301031353788,0.12005003967447467,0.346064275124688,0.18280313968221942,0.010401735457965756,0.06567045063013466,0.3995708278156475,0.346064275124688,2.670574997577674,1.0110930581043471,1.0,0.5634499431740698,0.8141996943834372,1.0,1.0,0.5634499431740698,20260817
calex_like,21,Ext1,Ext1,2,18,B,True,0.0034582011850471384,0.021159285516966886,0.09758112966499533,0.021159285516966886,0.614721396269118,0.13329488582168728,0.021159285516966886,0.09758112966499533,0.015627647256165167,0.015585036652590145,0.009964040374423333,0.1126059120983549,0.3258741178405919,0.20336432168232493,0.009750634246029304,0.061134668206823894,0.40513321990504536,0.3258741178405919,2.5694869905447852,1.1786005981642198,1.0,0.6589527217914009,0.7833801800441418,1.0,1.0,0.6589527217914009,20260817
calex_like,22,Ext1,Ext1,2,19,B,True,0.003184428885195323,0.0324809888052614,0.08980717574623831,0.0324809888052614,0.5533809319640148,0.20014391619392582,0.0324809888052614,0.08980717574623831,0.024056627729832747,0.014363988788209325,0.015310695749747305,0.10463541139715199,0.3040484557192745,0.230723175706341,0.009054522819796402,0.0563582486361307,0.41258305133984796,0.3040484557192745,2.459872218154448,1.375795663997672,1.0,0.763858398907373,0.7499610421202585,1.0,1.0,0.763858398907373,20260817
calex_like,23,Ext1,Ext1,2,20,B,True,0.0028958691188597507,0.049645949920405275,0.08162248915169545,0.049645949920405275,0.4765763592750089,0.2898721456759776,0.049645949920405275,0.08162248915169545,0.03692654023498343,0.01307461599488191,0.02343712549738819,0.09606684351947176,0.2803519185419695,0.26750175136516174,0.008307324111953793,0.05131199230416428,0.42269025574147845,0.2803519185419695,2.340004686204563,1.612582861209127,1.0,0.8799539756701181,0.7134160628672447,1.0,1.0,0.8799539756701181,20260817
calex_like,24,Ext1,Ext1,2,21,B,True,0.0025968117385147815,0.0738387856314453,0.07314995213208975,0.0738387856314453,0.3911997749543332,0.3948835984166139,0.07314995213208975,0.07314995213208975,0.05525446006406187,0.011735767290184773,0.03493254086714492,0.08700249543719463,0.2550288484244635,0.3146249002882216,0.007518137104392044,0.046069344961165215,0.43580788995246644,0.2550288484244635,2.210293978120637,1.887837047224029,1.0,1.0,0.6751707389534213,1.0,1.0,1.0,20260817
calex_like,25,Ext1,Ext1,2,22,B,True,0.002471798115214918,0.08017272044980983,0.06961119652196834,0.08017272044980983,0.36679186325530355,0.4224421211715844,0.06961119652196834,0.06961119652196834,0.06008992602783925,0.011175318949508073,0.037950269354529054,0.08315718571967187,0.24420875441492323,0.3337419868343502,0.007183720412551303,0.04387392341888041,0.44118745720389807,0.24420875441492323,2.1541740372718836,1.9937432307999774,1.0,1.0,0.661525860475637,1.0,1.0,1.0,20260817
calex_like,26,Ext1,Ext1,2,23,B,True,0.0023487067164663644,0.08686633591353465,0.06612856785213006,0.08686633591353465,0.3426441142322787,0.45009652699953234,0.06612856785213006,0.06612856785213006,0.0652168830313703,0.010623041348884699,0.041143034049493266,0.0793383488553791,0.23341832186065667,0.3535193969573022,0.006851821981002617,0.0417100364907419,0.4467904863388122,0.23341832186065667,2.0976934028546057,2.100888449173076,1.0,1.0,0.6482713299014378,1.0,1.0,1.0,20260817
calex_like,27,Ext1,Ext1,2,24,B,True,0.0022276247707910812,0.09393837108653869,0.06270445077728404,0.09393837108653869,0.31887485229797785,0.47771065425206327,0.06270445077728404,0.06270445077728404,0.07065268482142584,0.010079347020606422,0.044520405568615584,0.07554342127337299,0.22268268204000016,0.3739447054667095,0.00652222773842384,0.03957932438064804,0.4526192527200616,0.22268268204000016,2.040872232940164,2.2095574070929467,0.9999209420771187,1.0,0.6353600255053232,1.0,0.9999209420771187,1.0,20260817
calex_like,28,Ext1,Ext1,2,25,B,True,0.0021090793668544494,0.10140699566283728,0.059353656833426416,0.10140699566283728,0.2956438729174335,0.5051138975787327,0.059353656833426416,0.059353656833426416,0.07641465694927474,0.009546626808906278,0.04809176440281715,0.0717926877350292,0.21205129360193237,0.3949963303641781,0.006196685552358942,0.037491183418479235,0.4586739944718797,0.21205129360193237,1.9839154711992175,2.3199986501264522,0.9997776957388137,1.0,0.6227546420311411,1.0,0.9997776957388137,1.0,20260817
calex_like,29,Ext2,Ext2,3,1,B,True,0.0019935489897532355,0.10928898877653037,0.05608959879182496,0.10928898877653037,0.2731034401196127,0.5321342895113452,0.05608959879182496,0.05608959879182496,0.08251948958423538,0.009027059723633601,0.05186591223299453,0.06810496359679288,0.20157210173883838,0.4166412088060523,0.005876812913037559,0.03545418630770336,0.4649522179591124,0.20157210173883838,1.9270260999296946,2.4324225143431604,0.9995830986681696,1.0,0.6104265237212284,1.0,0.9995830986681696,1.0,20260817
calex_like,30,Ext2,Ext2,3,2,B,True,0.0018814583682605912,0.11759880950961488,0.05292414992991723,0.11759880950961488,0.2513937200522705,0.5586032507936144,0.05292414992991723,0.05292414992991723,0.0889825311224669,0.008522588514989993,0.05585062784787054,0.06449734871670625,0.1912907339638792,0.43883263144306567,0.005564076233973349,0.03347598501184501,0.47144800240850676,0.1912907339638792,1.8704029355146672,2.5469978429180293,0.9993474210116544,1.0,0.5983547478338828,1.0,0.9993474210116544,1.0,20260817
calex_like,31,Ext2,Ext2,3,3,B,True,0.0017731787048055336,0.12634756048989115,0.04986765555392347,0.12634756048989115,0.2306389738260517,0.5843601703974786,0.04986765555392347,0.04986765555392347,0.09581697747123785,0.008034919404160012,0.06005216706062144,0.06098523331782412,0.1812499969346254,0.4615083614642371,0.005259791846279991,0.031563308308239946,0.47815132998127,0.1812499969346254,1.8142403467491102,2.6638476909631956,0.9990788788864422,1.0,0.5865253778110798,1.0,0.9990788788864422,1.0,20260817
calex_like,32,Ext2,Ext2,3,4,B,True,0.0016690277557480648,0.13554186138307056,0.046928940132694,0.13554186138307056,0.21094426690132886,0.6092568573474838,0.046928940132694,0.046928940132694,0.10303296296747333,0.007565521176690182,0.06447471326972376,0.0575822817058715,0.17148938695541585,0.4845892069304564,0.004965125097983186,0.029721956896538004,0.485047480788276,0.17148938695541585,1.7587276694103924,2.7830442959409463,0.9987840451862725,1.0,0.5749308197631201,1.0,0.9987840451862725,1.0,20260817
calex_like,33,Ext2,Ext2,3,5,B,True,0.0016122166321859144,0.13844534080979798,0.04532647153669689,0.13844534080979798,0.2025566627959023,0.6186898133328121,0.04532647153669689,0.04532647153669689,0.10531888599336503,0.007309345027531999,0.06587281496264441,0.05570736714527267,0.16613872500682833,0.49172013521799024,0.0048028616589610605,0.028716893399293508,0.4871938170571956,0.16613872500682833,1.7278123951106699,2.8200000000000003,0.9984681782261368,1.0,0.5714285714285714,1.0,0.9984681782261368,1.0,20260817
calex_like,34,Ext2,Ext2,3,6,B,True,0.0015765288603446503,0.13844534080979798,0.04432001223454052,0.13844534080979798,0.19895379433497096,0.6214850690100011,0.04432001223454052,0.04432001223454052,0.10531888599336503,0.007148371221404437,0.06587281496264441,0.05451852089814434,0.16277623929627047,0.49172013521799024,0.004700017049295952,0.028085290427976473,0.4871938170571956,0.16277623929627047,1.7081654779163762,2.8200000000000003,0.9981354846580281,1.0,0.5714285714285714,1.0,0.9981354846580281,1.0,20260817
calex_like,35,Ext2,Ext2,3,7,B,True,0.0015430309572604939,0.13844534080979798,0.04337544025722939,0.13844534080979798,0.1955427261980593,0.624131517993186,0.04337544025722939,0.04337544025722939,0.10531888599336503,0.0069972411236148835,0.06587281496264441,0.053398851900515576,0.15961157332601428,0.49172013521799024,0.004603177287461778,0.02749227579395419,0.4871938170571956,0.15961157332601428,1.6895424944327668,2.8200000000000003,0.9977893298035413,1.0,0.5714285714285714,1.0,0.9977893298035413,1.0,20260817
calex_like,36,Ext2,Ext2,3,8,B,True,0.0015115865891793812,0.13844534080979798,0.042488887454636304,0.13844534080979798,0.19231464399342285,0.6266359988552518,0.042488887454636304,0.042488887454636304,0.10531888599336503,0.006855345900259602,0.06587281496264441,0.05234448507293703,0.15663344007987634,0.49172013521799024,0.00451200366652643,0.026935466952612064,0.4871938170571956,0.15663344007987634,1.671895792201632,2.8200000000000003,0.9974324059199517,1.0,0.5714285714285714,1.0,0.9974324059199517,1.0,20260817
calex_like,37,Ext2,Ext2,3,9,B,True,0.0014820668700084028,0.13844534080979798,0.041656699016851095,0.13844534080979798,0.1892608494208397,0.6290052601004362,0.041656699016851095,0.041656699016851095,0.10531888599336503,0.006722109446049562,0.06587281496264441,0.05135168263290774,0.15383106776445815,0.49172013521799024,0.004426169868717913,0.02641260887765917,0.4871938170571956,0.15383106776445815,1.6551789156305745,2.8200000000000003,0.9970668668130801,1.0,0.5714285714285714,1.0,0.9970668668130801,1.0,20260817
calex_like,38,Ext2,Ext2,3,10,B,True,0.001454350237548363,0.13844534080979798,0.04087542956611978,0.13844534080979798,0.18637281592645752,0.6312459169849779,0.04087542956611978,0.04087542956611978,0.10531888599336503,0.006596987934961773,0.06587281496264441,0.050416858768169946,0.15119420219202695,0.49172013521799024,0.0043453631638274755,0.025921572412189953,0.4871938170571956,0.15119420219202695,1.639346749861447,2.8200000000000003,0.9966944355275829,1.0,0.5714285714285714,1.0,0.9966944355275829,1.0,20260817
calex_like,39,Ext2,Ext2,3,11,B,True,0.0014283222514739347,0.13844534080979798,0.0401418370876131,0.13844534080979798,0.18364223132270255,0.6333644184508121,0.0401418370876131,0.0401418370876131,0.10531888599336503,0.006479469006101413,0.06587281496264441,0.049536588347115613,0.1487131027301644,0.49172013521799024,0.004269285101228363,0.025460351175814244,0.4871938170571956,0.1487131027301644,1.6243556231565413,2.8200000000000003,0.996316490499185,1.0,0.5714285714285714,1.0,0.996316490499185,1.0,20260817
calex_like,40,Ext2,Ext2,3,12,B,True,0.0014038753381323543,0.13844534080979798,0.039452875402927856,0.13844534080979798,0.18106102972596846,0.6353670223469796,0.039452875402927856,0.039452875402927856,0.10531888599336503,0.006369070698654888,0.06587281496264441,0.04870761113593823,0.14637853337079187,0.49172013521799024,0.00419765182146513,0.02502705747557954,0.4871938170571956,0.14637853337079187,1.610163376359557,2.8200000000000003,0.9959341344764667,1.0,0.5714285714285714,1.0,0.9959341344764667,1.0,20260817
calex_like,41,Ext2,Ext2,3,13,B,True,0.0013809085009857114,0.13844534080979798,0.03880568571361942,0.13844534080979798,0.17862141475053775,0.6372597774348145,0.03880568571361942,0.03880568571361942,0.10531888599336503,0.00626534022174563,0.06587281496264441,0.04792683265846502,0.1441817501575732,0.49172013521799024,0.004130194084624087,0.024619917558377225,0.4871938170571956,0.1441817501575732,1.5967294061815547,2.8200000000000003,0.9955482496582921,1.0,0.5714285714285714,1.0,0.9955482496582921,1.0,20260817
calex_like,42,Ext2,Ext2,3,14,B,True,0.0013593270107614686,0.13844534080979798,0.03819758760776715,0.13844534080979798,0.1763158755597311,0.6390485109347931,0.03819758760776715,0.03819758760776715,0.10531888599336503,0.006167852623576775,0.06587281496264441,0.047191322575998396,0.14211448595944878,0.49172013521799024,0.0040666570904469975,0.024237266458509543,0.4871938170571956,0.14211448595944878,1.5840146876594519,2.8200000000000003,0.9951595418037524,1.0,0.5714285714285714,1.0,0.9951595418037524,1.0,20260817
calex_like,43,Ext2,Ext2,3,15,B,True,0.0013390420857503083,0.13844534080979798,0.03762606982041239,0.13844534080979798,0.17413719709918735,0.6407388205871277,0.03762606982041239,0.03762606982041239,0.10531888599336503,0.006076209407887112,0.06587281496264441,0.046498311263977896,0.14016893337632316,0.49172013521799024,0.0040068001479088644,0.02387754262986408,0.4871938170571956,0.14016893337632316,1.5719817800425884,2.8200000000000003,0.9947685755201207,1.0,0.5714285714285714,1.0,0.9947685755201207,1.0,20260817
calex_like,44,Ext2,Ext2,3,16,B,True,0.0013199705699367126,0.13844534080979798,0.037088780961004875,0.13844534080979798,0.17207846561040005,0.6423360703741358,0.037088780961004875,0.037088780961004875,0.10531888599336503,0.005990037133260073,0.06587281496264441,0.045845185106679315,0.13833772640064826,0.49172013521799024,0.003950396238619922,0.02353928250305859,0.4871938170571956,0.13833772640064826,1.560594819509924,2.8200000000000003,0.9943758024932152,1.0,0.5714285714285714,1.0,0.9943758024932152,1.0,20260817
calex_like,45,Ext2,Ext2,3,17,B,True,0.0013020346145320438,0.13844534080979798,0.036583520361926136,0.13844534080979798,0.17013307033566152,0.6438453891974724,0.036583520361926136,0.036583520361926136,0.10531888599336503,0.0059089860212538925,0.06587281496264441,0.045229480910368824,0.13661392132789932,0.49172013521799024,0.0038972315080595403,0.023221115070399034,0.4871938170571956,0.13661392132789932,1.549819501451721,2.8200000000000003,0.9939815840716909,1.0,0.5714285714285714,1.0,0.9939815840716909,1.0,20260817
calex_like,46,Ext2,Ext2,3,18,B,True,0.0012851613668918294,0.13844534080979798,0.03610822915731415,0.13844534080979798,0.16829470217087977,0.6452716719233317,0.03610822915731415,0.03610822915731415,0.10531888599336503,0.005832728592069181,0.06587281496264441,0.04464887974148152,0.13499097730349416,0.49172013521799024,0.0038471047106056304,0.022921756572841567,0.4871938170571956,0.13499097730349416,1.539623054523022,2.8200000000000003,0.9935862093344714,1.0,0.5714285714285714,1.0,0.9935862093344714,1.0,20260817
calex_like,47,Ext2,Ext2,3,19,B,True,0.0012692826695803738,0.13844534080979798,0.035660981667440805,0.13844534080979798,0.1665573498943818,0.6466195823082983,0.035660981667440805,0.035660981667440805,0.10531888599336503,0.005760958340900957,0.06587281496264441,0.04410120042346569,0.1334627368085946,0.49172013521799024,0.0037998266280874736,0.02264000534129651,0.4871938170571956,0.1334627368085946,1.5299742082596777,2.8200000000000003,0.9931899095446959,1.0,0.5714285714285714,1.0,0.9931899095446959,1.0,20260817
calex_like,48,Ext2,Ext2,3,20,B,True,0.0012543347714207842,0.13844534080979798,0.03523997713823279,0.13844534080979798,0.16491529449301384,0.6478935574013958,0.03523997713823279,0.03523997713823279,0.10531888599336503,0.005693388463909099,0.06587281496264441,0.043584392869239666,0.1320234063185362,0.49172013521799024,0.003755219476753077,0.022374736827993624,0.4871938170571956,0.1320234063185362,1.5208431557163746,2.8200000000000003,0.9927928697128754,1.0,0.5714285714285714,1.0,0.9927928697128754,1.0,20260817
calex_like,49,Ext2,L-Ext,3,21,B,True,0.0012402580516883699,0.13844534080979798,0.03484353186623679,0.13844534080979798,0.16336310201780077,0.6490978130869635,0.03484353186623679,0.03484353186623679,0.10531888599336503,0.005629750639553732,0.06587281496264441,0.04309653138214814,0.13066753731221104,0.49172013521799024,0.0037131163137855117,0.022124898851020647,0.4871938170571956,0.13066753731221104,1.5122015123210868,2.8200000000000003,0.992395237847419,1.0,0.5714285714285714,1.0,0.992395237847419,1.0,20260817
calex_like,50,Ext2,L-Ext,3,22,B,True,0.001226996758067922,0.13844534080979798,0.03447007172491168,0.13844534080979798,0.1618956153270132,0.6502363504907307,0.03447007172491168,0.03447007172491168,0.10531888599336503,0.00556979386862555,0.06587281496264441,0.04263580802407503,0.1293900077660586,0.49172013521799024,0.003673360451585044,0.021889507065638192,0.4871938170571956,0.1293900077660586,1.5040222719270568,2.8200000000000003,0.9919971323550539,1.0,0.5714285714285714,1.0,0.9919971323550539,1.0,20260817
calex_like,51,Ext2,L-Ext,3,23,B,True,0.0012144987586293343,0.13844534080979798,0.03411812509745504,0.13844534080979798,0.16050794501225185,0.6513129630197377,0.03411812509745504,0.03411812509745504,0.10531888599336503,0.005513283374514177,0.06587281496264441,0.04220052612280781,0.12818600423039755,0.49172013521799024,0.003635804885788651,0.02166764066885274,0.4871938170571956,0.12818600423039755,1.4962797608706098,2.8200000000000003,0.9915986479611618,1.0,0.5714285714285714,1.0,0.9915986479611618,1.0,20260817
calex_like,52,Ext2,L-Ext,3,24,B,True,0.0012027153077710517,0.13844534080979798,0.03378631621355077,0.13844534080979798,0.15919545975101046,0.6523312438472214,0.03378631621355077,0.03378631621355077,0.10531888599336503,0.005459999563903972,0.06587281496264441,0.041789093970166113,0.12705100455700916,0.49172013521799024,0.0036003117412464515,0.021458438338427643,0.4871938170571956,0.12705100455700916,1.4889495907021792,2.8200000000000003,0.9911998604460481,1.0,0.5714285714285714,1.0,0.9911998604460481,1.0,20260817
calex_like,53,Ext2,L-Ext,3,25,B,True,0.0011916008258914257,0.13844534080979798,0.033473358881802695,0.13844534080979798,0.15795377628550727,0.6532945936874546,0.033473358881802695,0.033473358881802695,0.10531888599336503,0.0054097370471314354,0.06587281496264441,0.041400018746504896,0.12598076132385552,0.49172013521799024,0.0035667517388345313,0.021261094403651315,0.4871938170571956,0.12598076132385552,1.4820086101422405,2.8200000000000003,0.9908008304339572,1.0,0.5714285714285714,1.0,0.9908008304339572,1.0,20260817
calex_like,54,E-Ret,E-Ret,4,1,B,False,0.0011811126923940707,0.13844534080979798,0.03317805060566037,0.13844534080979798,0.15677874919094048,0.6542062287339613,0.03317805060566037,0.03317805060566037,0.10531888599336503,0.005362303716728856,0.06587281496264441,0.0410319006949474,0.12497128598449414,0.49172013521799024,0.003535003684952808,0.021074855242379953,0.4871938170571956,0.12497128598449414,1.4754348567182507,2.8200000000000003,0.9904016064242844,1.0,0.5714285714285714,1.0,0.9904016064242844,1.0,20260817
calex_like,55,E-Ret,E-Ret,4,2,B,False,0.0011811126923940707,0.13844534080979798,0.03317805060566037,0.13844534080979798,0.15677874919094048,0.6542062287339613,0.03317805060566037,0.03317805060566037,0.10531888599336503,0.005362303716728856,0.06587281496264441,0.0410319006949474,0.12497128598449414,0.49172013521799024,0.003535003684952808,0.021074855242379953,0.4871938170571956,0.12497128598449414,1.4754348567182507,2.8200000000000003,0.9904016064242844,1.0,0.5714285714285714,1.0,0.9904016064242844,1.0,20260817
calex_like,56,E-Ret,E-Ret,4,3,B,False,0.0011811126923940707,0.13844534080979798,0.03317805060566037,0.13844534080979798,0.15677874919094048,0.6542062287339613,0.03317805060566037,0.03317805060566037,0.10531888599336503,0.005362303716728856,0.06587281496264441,0.0410319006949474,0.12497128598449414,0.49172013521799024,0.003535003684952808,0.021074855242379953,0.4871938170571956,0.12497128598449414,1.4754348567182507,2.8200000000000003,0.9904016064242844,1.0,0.5714285714285714,1.0,0.9904016064242844,1.0,20260817
calex_like,57,E-Ret,E-Ret,4,4,B,False,0.0011811126923940707,0.13844534080979798,0.03317805060566037,0.13844534080979798,0.15677874919094048,0.6542062287339613,0.03317805060566037,0.03317805060566037,0.10531888599336503,0.005362303716728856,0.06587281496264441,0.0410319006949474,0.12497128598449414,0.49172013521799024,0.003535003684952808,0.021074855242379953,0.4871938170571956,0.12497128598449414,1.4754348567182507,2.8200000000000003,0.9904016064242844,1.0,0.5714285714285714,1.0,0.9904016064242844,1.0,20260817
calex_like,58,E-Ret,E-Ret,4,5,B,False,0.0011811126923940707,0.13844534080979798,0.03317805060566037,0.13844534080979798,0.15677874919094048,0.6542062287339613,0.03317805060566037,0.03317805060566037,0.10531888599336503,0.005362303716728856,0.06587281496264441,0.0410319006949474,0.12497128598449414,0.49172013521799024,0.003535003684952808,0.021074855242379953,0.4871938170571956,0.12497128598449414,1.4754348567182507,2.8200000000000003,0.9904016064242844,1.0,0.5714285714285714,1.0,0.9904016064242844,1.0,20260817
calex_like,59,F-Ren,F-Ren,5,1,A,False,0.005824193942725042,0.0,0.16512109074047288,0.0,0.8049932366505912,0.0,0.0,0.16512109074047288,0.0,0.026046408925326947,0.0,0.17338912946676055,0.4978171629852228,0.39033817861529113,0.3880758151876531,0.1019555990075437,0.12490910631891254,0.4978171629852228,3.4,2.8200000000000003,0.9904016064242844,1.0,1.3470604919674372,0.0,0.9904016064242844,1.0,20260817
calex_like,60,F-Ren,F-Ren,5,2,A,False,0.005824193942725042,0.0,0.16512109074047288,0.0,0.8049932366505912,0.0,0.0,0.16512109074047288,0.0,0.026046408925326947,0.0,0.17338912946676055,0.4978171629852228,0.39033817861529113,0.3880758151876531,0.1019555990075437,0.12490910631891254,0.4978171629852228,3.4,2.8200000000000003,0.9904016064242844,1.0,1.3470604919674372,0.0,0.9904016064242844,1.0,20260817
calex_like,61,F-Ren,F-Ren,5,3,A,False,0.005824193942725042,0.0,0.16512109074047288,0.0,0.8049932366505912,0.0,0.0,0.16512109074047288,0.0,0.026046408925326947,0.0,0.17338912946676055,0.4978171629852228,0.39033817861529113,0.3880758151876531,0.1019555990075437,0.12490910631891254,0.4978171629852228,3.4,2.8200000000000003,0.9904016064242844,1.0,1.3470604919674372,0.0,0.9904016064242844,1.0,20260817
calex_like,62,F-Ren,F-Ren,5,4,A,False,0.005824193942725042,0.0,0.16512109074047288,0.0,0.8049932366505912,0.0,0.0,0.16512109074047288,0.0,0.026046408925326947,0.0,0.17338912946676055,0.4978171629852228,0.39033817861529113,0.3880758151876531,0.1019555990075437,0.12490910631891254,0.4978171629852228,3.4,2.8200000000000003,0.9904016064242844,1.0,1.3470604919674372,0.0,0.9904016064242844,1.0,20260817
calex_like,63,F-Ren,F-Ren,5,5,A,False,0.005824193942725042,0.0,0.16512109074047288,0.0,0.8049932366505912,0.0,0.0,0.16512109074047288,0.0,0.026046408925326947,0.0,0.17338912946676055,0.4978171629852228,0.39033817861529113,0.3880758151876531,0.1019555990075437,0.12490910631891254,0.4978171629852228,3.4,2.8200000000000003,0.9904016064242844,1.0,1.3470604919674372,0.0,0.9904016064242844,1.0,20260817
hm3dq_like,0,Pre-Con,Pre-Con,0,1,A,False,0.0,0.0,0.0,0.0,0.0,0.0,0.0,0.0,0.0,0.0,0.0,0.0,0.00653119496947252,0.004036710768538954,0.3842523215571083,0.0,0.0,0.00653119496947252,,,0.0,0.0,,,0.0,0.0,20260817
hm3dq_like,1,F-Con,F-Con,1,1,A,True,0.08328698219138453,0.0,0.7998359770879381,0.0,0.9523716522139278,0.0,0.0,0.7998359770879381,0.0,0.27872687616858605,0.0,0.7165859895183705,0.00653119496947252,0.004036710768538954,0.3842523215571083,0.4215770703060906,0.0,0.00653119496947252,0.28,0.22,0.0,0.0,1.0,0.0,0.0,0.0,20260817
hm3dq_like,2,F-Con,F-Con,1,2,A,True,0.08328698219138453,0.0,0.7998359770879381,0.0,0.9523716522139278,0.0,0.0,0.7998359770879381,0.0,0.27872687616858605,0.0,0.5809773719640225,0.20091824478858633,0.004036710768538954,0.38339246276680483,0.4215770703060906,0.0,0.20091824478858633,0.3196005221444273,0.22,0.0,0.0,1.1414304362300973,0.0,0.0,0.0,20260817
hm3dq_like,3,F-Con,F-Con,1,3,A,True,0.08474756609711354,0.0,0.8103155951462515,0.0,0.9529586423813382,0.0,0.0,0.8103155951462515,0.0,0.2834107344521434,0.0,0.6214799987386012,0.39277771805901573,0.004036710768538954,0.3841122813893348,0.4286546895842237,0.0,0.39277771805901573,1.92421809064276,0.22,0.6563894360681201,0.0,1.35,0.0,0.6563894360681201,0.0,20260817
hm3dq_like,4,Ext1,E-Ext,2,1,B,True,0.0005381321593033173,0.0,0.020354350179140113,0.0,0.3372474414640464,0.0,0.0,0.020354350179140113,0.0,0.0013891633489639954,0.0,0.02584721971905842,0.07787072036602066,0.001109571691901623,0.0022237378174023497,0.003776367811482939,0.48524435617492145,0.07787072036602066,2.1957125324889537,0.22,1.0,0.0,1.0,1.0,1.0,0.0,20260817
hm3dq_like,5,Ext1,E-Ext,2,2,B,True,0.0005425895520413393,0.0,0.02052303526634458,0.0,0.3390946137454701,0.0,0.0,0.02052303526634458,0.0,0.0014006647245866644,0.0,0.02605596648591049,0.07849280609611564,0.001109571691901623,0.0022417283323483478,0.0038076243760650774,0.48524435617492145,0.07849280609611564,2.204883939888062,0.22,1.0,0.0,1.0,1.0,1.0,0.0,20260817
hm3dq_like,6,Ext1,E-Ext,2,3,B,True,0.0005467559737570848,0.0,0.02068071019096107,0.0,0.340811933905837,0.0,0.0,0.02068071019096107,0.0,0.0014114152330366725,0.0,0.026251008163085496,0.07907394819589299,0.001109571691901623,0.0022585381615465834,0.003836840217392501,0.48524435617492145,0.07907394819589299,2.2134237438973727,0.22,1.0,0.0,1.0,1.0,1.0,0.0,20260817
hm3dq_like,7,Ext1,E-Ext,2,4,B,True,0.0005506497555602952,0.0,0.020828068421456014,0.0,0.3424088412136606,0.0,0.0,0.020828068421456014,0.0,0.0014214621886980972,0.0,0.026433218305095815,0.07961676940751684,0.001109571691901623,0.0022742425012814895,0.003864143945427001,0.48524435617492145,0.07961676940751684,2.22137631172955,0.22,1.0,0.0,1.0,1.0,1.0,0.0,20260817
hm3dq_like,8,Ext1,E-Ext,2,5,B,True,0.0005542881693709756,0.0,0.020965763379282354,0.0,0.34389405163106723,0.0,0.0,0.020965763379282354,0.0,0.001430850170778153,0.0,0.026603418654094116,0.08012373520981111,0.004376223155211439,0.002288912095618402,0.003889656733019997,0.48247527005964946,0.08012373520981111,2.2287827777146454,0.22,1.0,0.0,1.0,1.0,1.0,0.0,20260817
hm3dq_like,9,Ext1,Ext1,2,6,B,True,0.0005576874744589455,0.0,0.021094410195329982,0.0,0.34527561732550166,0.0,0.0,0.021094410195329982,0.0,0.001439621143672909,0.0,0.026762381607376155,0.08059716154552242,0.008173600235887627,0.0023026134473436923,0.003913492643528693,0.47925921620304773,0.08059716154552242,2.2356812944044844,0.22,1.0,0.0,1.0,1.0,1.0,0.0,20260817
hm3dq_like,10,Ext1,Ext1,2,7,B,True,0.0005608629644576757,0.0,0.02121458748485816,0.0,0.3465609809117105,0.0,0.0,0.02121458748485816,0.0,0.0014478145785223884,0.0,0.02691083267272408,0.08103922246751688,0.014226018020126897,0.0023154090280623394,0.003935758961602254,0.47413997480398473,0.08103922246751688,2.2421072621134304,0.22,1.0,0.0,1.0,1.0,1.0,0.0,20260817
hm3dq_like,11,Ext1,Ext1,2,8,B,True,0.0005638290142722102,0.0,0.02132683911901334,0.0,0.3477570249075713,0.0,0.0,0.02132683911901334,0.0,0.0014554675744671286,0.0,0.02704945288818416,0.08145195763893633,0.022938041183819678,0.0023273574854143367,0.003956556523107779,0.46678600101604917,0.08145195763893633,2.2480935390146777,0.22,1.0,0.0,1.0,1.0,1.0,0.0,20260817
hm3dq_like,12,Ext1,Ext1,2,9,B,True,0.0005665991264329762,0.0,0.021431675975776776,0.0,0.34887011684700797,0.0,0.0,0.021431675975776776,0.0,0.0014626149784443543,0.0,0.02717888118845139,0.08183727963857622,0.03265499299917078,0.0023385138458524644,0.003975980041037608,0.4586053121059749,0.08183727963857622,2.253670633669482,0.22,1.0,0.0,1.0,1.0,1.0,0.0,20260817
hm3dq_like,13,Ext1,Ext1,2,10,B,True,0.0005691859765463159,0.0,0.021529577657063093,0.0,0.3499061504543201,0.0,0.0,0.021529577657063093,0.0,0.001469289502628257,0.0,0.027299716704536826,0.08219698103578282,0.03265499299917078,0.00234892971181645,0.003994118424965443,0.4586053121059749,0.08219698103578282,2.2588668816566404,0.22,1.0,0.0,1.0,1.0,1.0,0.0,20260817
hm3dq_like,14,Ext1,Ext1,2,11,B,True,0.0005716014575692929,0.0,0.021620994161856255,0.0,0.35087058324741816,0.0,0.0,0.021620994161856255,0.0,0.0014755218388227131,0.0,0.027412520987025124,0.08253274120961605,0.03265499299917078,0.00235865345244985,0.00401105509219446,0.4586053121059749,0.08253274120961605,2.2637086077864,0.22,1.0,0.0,1.0,1.0,1.0,0.0,20260817
hm3dq_like,15,Ext1,Ext1,2,12,B,True,0.0005738567227202562,0.0,0.02170634750785494,0.0,0.3517684709031242,0.0,0.0,0.02170634750785494,0.0,0.001481340769306505,0.0,0.02751782014615713,0.08284613289538047,0.03265499299917078,0.00236773038726186,0.00402686826922205,0.4586053121059749,0.08284613289538047,2.268220275222974,0.22,1.0,0.0,1.0,1.0,1.0,0.0,20260817
hm3dq_like,16,Ext1,Ext1,2,13,B,True,0.0005757752897544988,0.0,0.021778958382894675,0.0,0.3525303590894602,0.0,0.0,0.021778958382894675,0.0,0.0014862909497928012,0.0,0.02760738129895675,0.08311266257306973,0.0326603425632825,0.0023754507877355164,0.0040403205523342756,0.4586056072908861,0.08311266257306973,2.2720516403868127,0.22056909153304718,1.0,0.0006534418095531098,0.9998358659252687,1.0,1.0,0.0006534418095531098,20260817
hm3dq_like,17,Ext1,Ext1,2,14,B,True,0.0005773078794250042,0.0,0.021836961593607263,0.0,0.35313768708624227,0.0,0.0,0.021836961593607263,0.0,0.0014902452415220813,0.0,0.027678913014092036,0.08332552264924498,0.03267256316245587,0.0023816170731367184,0.004051066453581886,0.45860628161563,0.08332552264924498,2.275107784369603,0.2218636651226103,1.0,0.0021129206689477916,0.9994626931454139,1.0,1.0,0.0021129206689477916,20260817
hm3dq_like,18,Ext1,Ext1,2,15,B,True,0.0005784713340747372,0.0,0.02188099443699154,0.0,0.3535979768274604,0.0,0.0,0.02188099443699154,0.0,0.0014932471075115306,0.0,0.02773320897890988,0.08348708472982684,0.03269130325344001,0.002386297616914377,0.004059224098429182,0.4586073156852268,0.08348708472982684,2.2774252197439013,0.2238343588524995,1.0,0.004298381072643434,0.9988951569746544,1.0,1.0,0.004298381072643434,20260817
hm3dq_like,19,Ext1,Ext1,2,16,B,True,0.0005792836543848656,0.0,0.021911738085878985,0.0,0.3539189621115916,0.0,0.0,0.021911738085878985,0.0,0.001495342997295257,0.0,0.02777111475184248,0.08359987194532535,0.0327162570149925,0.002389565277044042,0.004064919724394489,0.4586086926289198,0.08359987194532535,2.2790419119016088,0.2264319100428216,1.0,0.007138065521181419,0.998148077314605,1.0,1.0,0.007138065521181419,20260817
hm3dq_like,20,Ext1,Ext1,2,17,B,True,0.0005797635087435582,0.0,0.021929899015932786,0.0,0.35410842524207653,0.0,0.0,0.021929899015932786,0.0,0.0014965810812839209,0.0,0.027793505123121266,0.08366649191889605,0.032747161208371664,0.002391495442888813,0.004068284242103037,0.4586103979267512,0.08366649191889605,2.2799964111097624,0.2296082268917417,1.0,0.010567671001852285,0.9972360566451329,1.0,1.0,0.010567671001852285,20260817
hm3dq_like,21,Ext1,Ext1,2,18,B,True,0.0005799298400341879,0.0,0.021936194119362096,0.0,0.3541740727092003,0.0,0.0,0.021936194119362096,0.0,0.001497010236492624,0.0,0.027801266034232608,0.08368958331496908,0.032783790872637546,0.0023921644749726402,0.004069450479447956,0.4586124191718951,0.08368958331496908,2.2803271789092894,0.2333171335586145,1.0,0.014529591731489197,0.9961732196690822,1.0,1.0,0.014529591731489197,20260817
hm3dq_like,22,Ext1,Ext1,2,19,B,True,0.0005798015545863677,0.0,0.021931338928325994,0.0,0.3541234423125817,0.0,0.0,0.021931338928325994,0.0,0.0014966792442534516,0.0,0.027795280328329064,0.08367177378237929,0.03282595467881839,0.0023916484750175935,0.00406855100183634,0.45861474581420675,0.08367177378237929,2.2800720734325504,0.23751486506613695,1.0,0.01897223934207215,0.9949730331480673,1.0,1.0,0.01897223934207215,20260817
hm3dq_like,23,Ext1,Ext1,2,20,B,True,0.0005793972799807978,0.0,0.02191603844438139,0.0,0.3539638354619275,0.0,0.0,0.02191603844438139,0.0,0.0014956361655686923,0.0,0.02777641669966215,0.0836156473979605,0.03287349043277035,0.0023900223318372195,0.0040657164151326475,0.4586173689120062,0.0836156473979605,2.2792679640044384,0.24216037211839506,1.0,0.023849432556456055,0.9936481883819291,1.0,1.0,0.023849432556456055,20260817
hm3dq_like,24,Ext1,Ext1,2,21,B,True,0.000578735180152834,0.0,0.02189098013695323,0.0,0.3537022695150822,0.0,0.0,0.02189098013695323,0.0,0.001493927864282485,0.0,0.027745521296401926,0.08352371997855938,0.03292626099198225,0.0023873589960854307,0.004061074070284887,0.45862028090672385,0.08352371997855938,2.2779504503088686,0.24721548298100632,1.0,0.029119849203474744,0.9922105320628084,1.0,1.0,0.029119849203474744,20260817
hm3dq_like,25,Ext1,Ext1,2,22,B,True,0.0005778328178420722,0.0,0.02185682873398953,0.0,0.3533454459487912,0.0,0.0,0.02185682873398953,0.0,0.0014915996523846564,0.0,0.027703411508523013,0.08339842086339924,0.03298415071548199,0.0023837289435142675,0.004054747099794254,0.4586234754269797,0.08339842086339924,2.276153665574958,0.25264495928589153,1.0,0.03474653415531671,0.990671033970287,1.0,1.0,0.03474653415531671,20260817
hm3dq_like,26,Ext1,Ext1,2,23,B,True,0.0005767070558529985,0.0,0.021814222481970957,0.0,0.35289973093705745,0.0,0.0,0.021814222481970957,0.0,0.001488695035429366,0.0,0.027650871541280708,0.0832420799764034,0.033047062474966915,0.00237919979230802,0.004046853726203392,0.45862694712364155,0.0832420799764034,2.273910146770249,0.2584164744706114,1.0,0.04069645743569307,0.989039782246607,1.0,1.0,0.04069645743569307,20260817
hm3dq_like,27,Ext1,Ext1,2,24,B,True,0.000575282693816348,0.0,0.02176031536925338,0.0,0.35233491343352963,0.0,0.0,0.02176031536925338,0.0,0.001485019982517044,0.0,0.027582012979230804,0.08304901909798777,0.03311491520192568,0.0023732701185335083,0.0040368666584346125,0.45863069153446945,0.08304901909798777,2.271093053068423,0.2645005371095549,0.9999209420771187,0.04694011734764183,0.9873259988696366,1.0,0.9999209420771187,0.04694011734764183,20260817
hm3dq_like,28,Ext1,Ext1,2,25,B,True,0.0005735910635605856,0.0,0.021696293283521295,0.0,0.35166283302981255,0.0,0.0,0.021696293283521295,0.0,0.0014806553290024338,0.0,0.027498759450476265,0.0828226351614879,0.03318764191729906,0.002366104603467695,0.004025005559739392,0.45863470497539316,0.0828226351614879,2.2677581945501535,0.27087037629592237,0.9997776957388137,0.05345118400897215,0.9855380694859499,1.0,0.9997776957388137,0.05345118400897215,20260817
hm3dq_like,29,Ext2,Ext2,3,1,B,True,0.0005716608041470561,0.0,0.021623240202956806,0.0,0.35089424268734376,0.0,0.0,0.021623240202956806,0.0,0.0014756749623872079,0.0,0.02740284819090119,0.08256607424171947,0.03326518817823816,0.0023578520301249816,0.004011471212126749,0.4586389844548135,0.08256607424171947,2.263956585090616,0.27750180221295073,0.9995830986681696,0.060206179166197804,0.9836835830293802,1.0,0.9995830986681696,0.060206179166197804,20260817
hm3dq_like,30,Ext2,Ext2,3,2,B,True,0.0005695171261643761,0.0,0.021542110349066834,0.0,0.35003853827696174,0.0,0.0,0.021542110349066834,0.0,0.0014701439242942316,0.0,0.027295778278112102,0.08228216391199573,0.03334751087453091,0.0023486408542863534,0.003996440358763009,0.4586435276072019,0.08228216391199573,2.2597332049714276,0.2843730518694326,0.9993474210116544,0.06718418858943463,0.9817693775769477,1.0,0.9993474210116544,0.06718418858943463,20260817
hm3dq_like,31,Ext2,Ext2,3,3,B,True,0.000567182309324954,0.0,0.02145374701685665,0.0,0.3491039693799619,0.0,0.0,0.02145374701685665,0.0,0.0014641196944563672,0.0,0.027178848722588425,0.0819734523466597,0.03343457731114695,0.00233858244373762,0.003980069193479263,0.45864833264249816,0.0819734523466597,2.255127875577789,0.29146462749219454,0.9990788788864422,0.0743666037361749,0.9798015897233163,1.0,0.9990788788864422,0.0743666037361749,20260817
hm3dq_like,32,Ext2,Ext2,3,4,B,True,0.0005646761158043523,0.0,0.0213588982169427,0.0,0.348097812014574,0.0,0.0,0.0213588982169427,0.0,0.0014576532572727618,0.0,0.027053189915200358,0.08164224141690378,0.03352636452019576,0.0023277737551743324,0.003962496259309445,0.4586533983081693,0.08164224141690378,2.250175984535651,0.2987591331264545,0.9987840451862725,0.08173688971589511,0.9777857054204744,1.0,0.9987840451862725,0.08173688971589511,20260817
hm3dq_like,33,Ext2,Ext2,3,5,B,True,0.0005620161347043018,0.0,0.021258229711420218,0.0,0.34702651074908714,0.0,0.0,0.021258229711420218,0.0,0.0014507899906183175,0.0,0.026919789604210664,0.08129061484899056,0.03362285875370357,0.0023162995472440526,0.003943844863951607,0.45865872386125517,0.08129061484899056,2.244909089062973,0.3062411134820267,0.9984681782261368,0.08928037689454926,0.9757266107598161,1.0,0.9984681782261368,0.08928037689454926,20260817
hm3dq_like,34,Ext2,Ext2,3,6,B,True,0.0005592180701300409,0.0,0.021152335916072462,0.0,0.3458957961164827,0.0,0.0,0.021152335916072462,0.0,0.001443570409150774,0.0,0.026779514377380537,0.08092046230810772,0.03372405511684389,0.002304234211920593,0.003924225099769529,0.4586643090481696,0.08092046230810772,2.239355419952977,0.3138968978900674,0.9981354846580281,0.0969840737522057,0.9736286415934955,1.0,0.9981354846580281,0.0969840737522057,20260817
hm3dq_like,35,Ext2,Ext2,3,7,B,True,0.0005562959830306413,0.0,0.021041749053040237,0.0,0.34471078203799005,0.0,0.0,0.021041749053040237,0.0,0.0014360307883053425,0.0,0.026633127456266274,0.08053350010692972,0.03382995730896575,0.002291643292397241,0.0039037355395464823,0.45867015409045625,0.08053350010692972,2.2335403043060493,0.32171445133049426,0.9977893298035413,0.10483649885206048,0.9714956312212569,1.0,0.9977893298035413,0.10483649885206048,20260817
hm3dq_like,36,Ext2,Ext2,3,8,B,True,0.0005532624950648213,0.0,0.02092694686635843,0.0,0.3434760470151427,0.0,0.0,0.02092694686635843,0.0,0.0014282036902971695,0.0,0.026481303467581818,0.08013128910658175,0.03394057744664586,0.002278584743792027,0.003882464665905472,0.45867625967507775,0.08013128910658175,2.2274865216678283,0.32968323379782527,0.9974324059199517,0.11282752999807227,0.9693309556250131,1.0,0.9974324059199517,0.11282752999807227,20260817
hm3dq_like,37,Ext2,Ext2,3,9,B,True,0.0005501289612043214,0.0,0.020808359154571687,0.0,0.34219570210204026,0.0,0.0,0.020808359154571687,0.0,0.001420118409456328,0.0,0.026324640737530068,0.07971525027220573,0.034055935948923775,0.0022651099829610007,0.003860492081517286,0.45868262694814277,0.07971525027220573,2.221214605446124,0.33779406874798285,0.9970668668130801,0.12094826885441934,0.9671375759304122,1.0,0.9970668668130801,0.12094826885441934,20260817
hm3dq_like,38,Ext2,Ext2,3,10,B,True,0.0005469056165511299,0.0,0.02068637332740042,0.0,0.34087344807702236,0.0,0.0,0.02068637332740042,0.0,0.0014118013510227012,0.0,0.026163671556155097,0.07928667826040767,0.03417606146982185,0.0022512647653822803,0.003837889538458872,0.4586892575112504,0.07928667826040767,2.214743099235098,0.3460390209747711,0.9966944355275829,0.1291909194754478,0.9649180779242972,1.0,0.9966944355275829,0.1291909194754478,20260817
hm3dq_like,39,Ext2,Ext2,3,11,B,True,0.0005436017018195516,0.0,0.020561339155077962,0.0,0.33951262376195207,0.0,0.0,0.020561339155077962,0.0,0.0014032763548922356,0.0,0.025998870777076903,0.07884675334735651,0.03430099086731288,0.002237089920163154,0.0038147218179735987,0.4586961534198506,0.07884675334735651,2.2080887758652614,0.3544112839737855,0.996316490499185,0.1375486793520354,0.9626747085688938,1.0,0.996316490499185,0.1375486793520354,20260817
hm3dq_like,40,Ext2,Ext2,3,12,B,True,0.0005402255711169923,0.0,0.0204335728478372,0.0,0.3381162470616443,0.0,0.0,0.0204335728478372,0.0,0.001394564973689394,0.0,0.025830663050763585,0.07839655195094773,0.034430769201146946,0.002222621968537712,0.003791047486114696,0.45870331718320884,0.07839655195094773,2.201266825537256,0.3629050766408174,0.9959341344764667,0.1460156417213367,0.960409409535694,1.0,0.9959341344764667,0.1460156417213367,20260817
hm3dq_like,41,Ext2,Ext2,3,13,B,True,0.0005367847849923058,0.0,0.020303360577744956,0.0,0.3366870499956505,0.0,0.0,0.020303360577744956,0.0,0.001385686712822909,0.0,0.02565942893438997,0.07793705595561147,0.034565449754492314,0.0022078936465363473,0.0037669195460652283,0.45871075176568776,0.07793705595561147,2.1942910182177737,0.3715155490034167,0.9955482496582921,0.15458670801347446,0.9581238478407157,1.0,0.9955482496582921,0.15458670801347446,20260817
hm3dq_like,42,Ext2,Ext2,3,14,B,True,0.0005332861911698794,0.0,0.020170961534558773,0.0,0.3352275087539314,0.0,0.0,0.020170961534558773,0.0,0.001376659238772282,0.0,0.02548551007629596,0.07746916101201655,0.034705094076348746,0.0021929343486948812,0.00374238600412391,0.45871846058918836,0.07746916101201655,2.187173844522809,0.3802386965839356,0.9951595418037524,0.16325750942245337,0.9558194437032892,1.0,0.9951595418037524,0.16325750942245337,20260817
hm3dq_like,43,Ext2,Ext2,3,15,B,True,0.0005297359949524294,0.0,0.020036610590618786,0.0,0.33373986961465263,0.0,0.0,0.020036610590618786,0.0,0.0013674985607164958,0.0,0.0253092136363213,0.0769936839544072,0.034849772043170496,0.0021777705065390337,0.003717490363256526,0.4587264475366571,0.0769936839544072,2.1799266385424563,0.3890712829288487,0.9947685755201207,0.17202433669077608,0.9534973957769266,1.0,0.9947685755201207,0.17202433669077608,20260817
hm3dq_like,44,Ext2,Ext2,3,16,B,True,0.0005261398209210899,0.0,0.019900520636263686,0.0,0.33222617140686317,0.0,0.0,0.019900520636263686,0.0,0.0013582191897071327,0.0,0.025130816073390592,0.0765113694542932,0.03499956193927778,0.002162425913039282,0.0036922720556087363,0.4587347169566395,0.0765113694542932,2.1725596854375557,0.3980107698035476,0.9943758024932152,0.18088407728915595,0.9511587039164852,1.0,0.9943758024932152,0.18088407728915595,20260817
hm3dq_like,45,Ext2,Ext2,3,17,B,True,0.0005225027672617344,0.0,0.019762884636278732,0.0,0.33068826507550775,0.0,0.0,0.019762884636278732,0.0,0.0013488342788193775,0.0,0.02495056640742818,0.07602289600966705,0.03515455055645902,0.002146922002166524,0.0036667668233398842,0.45874327366890233,0.07602289600966705,2.165082316132934,0.40705525453715835,0.9939815840716909,0.18983415925542418,0.9488041896534022,1.0,0.9939815840716909,0.18983415925542418,20260817
hm3dq_like,46,Ext2,Ext2,3,18,B,True,0.0005188294538213123,0.0,0.019623877448961324,0.0,0.3291278308050256,0.0,0.0,0.019623877448961324,0.0,0.0013393557471237383,0.0,0.024768689042938243,0.07552888135292225,0.035314833313772054,0.0021312780909915666,0.0036410070554843132,0.4587521229711836,0.07552888135292225,2.1575029910219765,0.41620341400276,0.9935862093344714,0.19887250103117943,0.9464345145523421,1.0,0.9935862093344714,0.19887250103117943,20260817
hm3dq_like,47,Ext2,Ext2,3,19,B,True,0.0005151240647980337,0.0,0.019483657442144753,0.0,0.3275463930760315,0.0,0.0,0.019483657442144753,0.0,0.0013297943898161746,0.0,0.0245853862255931,0.0750298873475982,0.03548051439897325,0.0021155115904142622,0.0036150220871995487,0.4587612706471434,0.0750298873475982,2.1498293742643466,0.42545445473042687,0.9931899095446959,0.20799746670178007,0.9440501966198055,1.0,0.9931899095446959,0.20799746670178007,20260817
hm3dq_like,48,Ext2,Ext2,3,20,B,True,0.0005113903868209091,0.0,0.019342367934619187,0.0,0.32594533396324454,0.0,0.0,0.019342367934619187,0.0,0.0013201599764485206,0.0,0.024400840190179268,0.07452642443331069,0.035651706933320156,0.0020996381894985905,0.0035888384666769024,0.45877072297561977,0.07452642443331069,2.142068399987827,0.43480806867045935,0.9927928697128754,0.21720782610568926,0.9416516249293808,1.0,0.9927928697128754,0.21720782610568926,20260817
hm3dq_like,49,Ext2,L-Ext,3,21,B,True,0.0005076318430379256,0.0,0.01920013848659452,0.0,0.32432590492912894,0.0,0.0,0.01920013848659452,0.0,0.0013104613388650321,0.0,0.024215215047737597,0.07401895566943009,0.03582853316170326,0.002083672017496031,0.0035624801940891127,0.45878048674129474,0.07401895566943009,2.1342263314847263,0.44426439414946695,0.992395237847419,0.22650271933362998,0.9392390726203708,1.0,0.992395237847419,0.22650271933362998,20260817
hm3dq_like,50,Ext2,L-Ext,3,22,B,True,0.0005038515237397734,0.0,0.019057086058932193,0.0,0.3226892373239582,0.0,0.0,0.019057086058932193,0.0,0.0013007064502023047,0.0,0.024028658451197064,0.07350790042075175,0.0360111246702306,0.0020676257869096386,0.003535968936234868,0.45879056924688993,0.07350790042075175,2.126308814313199,0.4538239815906716,0.9919971323550539,0.23588162518709846,0.9368127084172513,1.0,0.9919971323550539,0.23588162518709846,20260817
hm3dq_like,51,Ext2,L-Ext,3,23,B,True,0.0005000522139524399,0.0,0.01891331605767521,0.0,0.3210363517673894,0.0,0.0,0.01891331605767521,0.0,0.0012909024960634508,0.0,0.023841303071880385,0.07299363772236675,0.03619962263351379,0.0020515109203631788,0.003509324219939991,0.4588009783270162,0.07299363772236675,2.1183209240665852,0.4634877636004374,0.9915986479611618,0.2453443332100606,0.9343726068073915,1.0,0.9915986479611618,0.2453443332100606,20260817
hm3dq_like,52,Ext2,L-Ext,3,24,B,True,0.0004962364183668244,0.0,0.018768923277797,0.0,0.31936816655764616,0.0,0.0,0.018768923277797,0.0,0.001281055938829101,0.0,0.023653267913641085,0.07247650935591946,0.03639417809401478,0.002035337663561217,0.003482563606794553,0.45881172236381146,0.07247650935591946,2.110267209453072,0.4732570290545126,0.9911998604460481,0.25489091894760585,0.9319187570041235,1.0,0.9911998604460481,0.25489091894760585,20260817
hm3dq_like,53,Ext2,L-Ext,3,25,B,True,0.0004924063839170101,0.0,0.018623992757933028,0.0,0.3176855052304983,0.0,0.0,0.018623992757933028,0.0,0.0012711725758988157,0.0,0.02346465948682514,0.0719568226652205,0.036594952275937995,0.0020191151862331805,0.0034557028514062837,0.4588228103045017,0.0719568226652205,2.102151731228688,0.48313340084898826,0.9908008304339572,0.264521722121394,0.929451070811885,1.0,0.9908008304339572,0.264521722121394,20260817
hm3dq_like,54,E-Ret,E-Ret,4,1,B,False,0.0059032130247343995,0.0,0.06572461064593516,0.0,0.6216585735751026,0.0,0.0,0.06572461064593516,0.0,0.02639678260082079,0.0,0.07805425442752915,0.23370692131904539,0.050366955168369684,0.006742558399633284,0.041458831725412426,0.45958456465500647,0.23370692131904539,2.0939780974447055,0.4931188170119657,0.9904016064242844,0.2742373274442968,0.9269693895000327,1.0,0.9904016064242844,0.2742373274442968,20260817
hm3dq_like,55,E-Ret,E-Ret,4,2,B,False,0.0059032130247343995,0.0,0.06572461064593516,0.0,0.6216585735751026,0.0,0.0,0.06572461064593516,0.0,0.02639678260082079,0.0,0.07805425442752915,0.23370692131904539,0.050366955168369684,0.006742558399633284,0.041458831725412426,0.45958456465500647,0.23370692131904539,2.0939780974447055,0.4931188170119657,0.9904016064242844,0.2742373274442968,0.9269693895000327,1.0,0.9904016064242844,0.2742373274442968,20260817
hm3dq_like,56,E-Ret,E-Ret,4,3,B,False,0.0059032130247343995,0.0,0.06572461064593516,0.0,0.6216585735751026,0.0,0.0,0.06572461064593516,0.0,0.02639678260082079,0.0,0.07805425442752915,0.23370692131904539,0.050366955168369684,0.006742558399633284,0.041458831725412426,0.45958456465500647,0.23370692131904539,2.0939780974447055,0.4931188170119657,0.9904016064242844,0.2742373274442968,0.9269693895000327,1.0,0.9904016064242844,0.2742373274442968,20260817
hm3dq_like,57,E-Ret,E-Ret,4,4,B,False,0.0059032130247343995,0.0,0.06572461064593516,0.0,0.6216585735751026,0.0,0.0,0.06572461064593516,0.0,0.02639678260082079,0.0,0.07805425442752915,0.23370692131904539,0.050366955168369684,0.006742558399633284,0.041458831725412426,0.45958456465500647,0.23370692131904539,2.0939780974447055,0.4931188170119657,0.9904016064242844,0.2742373274442968,0.9269693895000327,1.0,0.9904016064242844,0.2742373274442968,20260817
hm3dq_like,58,E-Ret,E-Ret,4,5,B,False,0.0059032130247343995,0.0,0.06572461064593516,0.0,0.6216585735751026,0.0,0.0,0.06572461064593516,0.0,0.02639678260082079,0.0,0.07805425442752915,0.23370692131904539,0.050366955168369684,0.006742558399633284,0.041458831725412426,0.45958456465500647,0.23370692131904539,2.0939780974447055,0.4931188170119657,0.9904016064242844,0.2742373274442968,0.9269693895000327,1.0,0.9904016064242844,0.2742373274442968,20260817
hm3dq_like,59,F-Ren,F-Ren,5,1,A,False,0.01201271817952343,0.0,0.13479041291141958,0.0,0.7711544967842645,0.0,0.0,0.13479041291141958,0.0,0.05315213068639413,0.0,0.1469185797923684,0.42950783400305526,0.018921901963644794,0.3860487381226154,0.08377344146410226,0.00121259887175257,0.42950783400305526,3.042943163025346,0.4931188170119657,0.9904016064242844,0.2742373274442968,1.3470604919674372,0.0,0.9904016064242844,0.2742373274442968,20260817
hm3dq_like,60,F-Ren,F-Ren,5,2,A,False,0.01201271817952343,0.0,0.13479041291141958,0.0,0.7711544967842645,0.0,0.0,0.13479041291141958,0.0,0.05315213068639413,0.0,0.1469185797923684,0.42950783400305526,0.018921901963644794,0.3860487381226154,0.08377344146410226,0.00121259887175257,0.42950783400305526,3.042943163025346,0.4931188170119657,0.9904016064242844,0.2742373274442968,1.3470604919674372,0.0,0.9904016064242844,0.2742373274442968,20260817
hm3dq_like,61,F-Ren,F-Ren,5,3,A,False,0.01201271817952343,0.0,0.13479041291141958,0.0,0.7711544967842645,0.0,0.0,0.13479041291141958,0.0,0.05315213068639413,0.0,0.1469185797923684,0.42950783400305526,0.018921901963644794,0.3860487381226154,0.08377344146410226,0.00121259887175257,0.42950783400305526,3.042943163025346,0.4931188170119657,0.9904016064242844,0.2742373274442968,1.3470604919674372,0.0,0.9904016064242844,0.2742373274442968,20260817
hm3dq_like,62,F-Ren,F-Ren,5,4,A,False,0.01201271817952343,0.0,0.13479041291141958,0.0,0.7711544967842645,0.0,0.0,0.13479041291141958,0.0,0.05315213068639413,0.0,0.1469185797923684,0.42950783400305526,0.018921901963644794,0.3860487381226154,0.08377344146410226,0.00121259887175257,0.42950783400305526,3.042943163025346,0.4931188170119657,0.9904016064242844,0.2742373274442968,1.3470604919674372,0.0,0.9904016064242844,0.2742373274442968,20260817
hm3dq_like,63,F-Ren,F-Ren,5,5,A,False,0.01201271817952343,0.0,0.13479041291141958,0.0,0.7711544967842645,0.0,0.0,0.13479041291141958,0.0,0.05315213068639413,0.0,0.1469185797923684,0.42950783400305526,0.018921901963644794,0.3860487381226154,0.08377344146410226,0.00121259887175257,0.42950783400305526,3.042943163025346,0.4931188170119657,0.9904016064242844,0.2742373274442968,1.3470604919674372,0.0,0.9904016064242844,0.2742373274442968,20260817
hm4di_like,0,Pre-Con,Pre-Con,0,1,A,False,0.0,0.0,0.0,0.0,0.0,0.0,0.0,0.0,0.0,0.0,0.0,0.0,0.00653119496947252,0.004036710768538954,0.3842523215571083,0.0,0.0,0.00653119496947252,,,0.0,0.0,,,0.0,0.0,20260817
hm4di_like,1,F-Con,F-Con,1,1,A,True,0.08328698219138453,0.0,0.7998359770879381,0.0,0.9523716522139278,0.0,0.0,0.7998359770879381,0.0,0.27872687616858605,0.0,0.7165859895183705,0.00653119496947252,0.004036710768538954,0.3842523215571083,0.4215770703060906,0.0,0.00653119496947252,0.28,0.22,0.0,0.0,1.0,0.0,0.0,0.0,20260817
hm4di_like,2,F-Con,F-Con,1,2,A,True,0.08328698219138453,0.0,0.7998359770879381,0.0,0.9523716522139278,0.0,0.0,0.7998359770879381,0.0,0.27872687616858605,0.0,0.5809773719640225,0.20091824478858633,0.004036710768538954,0.38339246276680483,0.4215770703060906,0.0,0.20091824478858633,0.3196005221444273,0.22,0.0,0.0,1.1414304362300973,0.0,0.0,0.0,20260817
hm4di_like,3,F-Con,F-Con,1,3,A,True,0.08474756609711354,0.0,0.8103155951462515,0.0,0.9529586423813382,0.0,0.0,0.8103155951462515,0.0,0.2834107344521434,0.0,0.6214799987386012,0.39277771805901573,0.004036710768538954,0.3841122813893348,0.4286546895842237,0.0,0.39277771805901573,1.92421809064276,0.22,0.6563894360681201,0.0,1.35,0.0,0.6563894360681201,0.0,20260817
hm4di_like,4,Ext1,E-Ext,2,1,B,True,0.01884326598699848,0.0,0.11055530116449008,0.0,0.7343168942533762,0.0,0.0,0.11055530116449008,0.0,0.08954937812381714,0.0,0.12555066176984447,0.36085973322334025,0.0063006991581587846,0.010883463369899659,0.10205875596544434,0.48524435617492145,0.36085973322334025,2.1957125324889537,0.22,1.0,0.0,1.0,1.0,1.0,0.0,20260817
hm4di_like,5,Ext1,E-Ext,2,2,B,True,0.021091171660070906,0.0,0.1240718607401119,0.0,0.7562043861783248,0.0,0.0,0.1240718607401119,0.0,0.09985925931718376,0.0,0.13857237275159187,0.39545371004124646,0.0063006991581587846,0.012026036687688632,0.11403788097047107,0.48524435617492145,0.39545371004124646,2.334775896789571,0.22,1.0,0.0,1.0,1.0,1.0,0.0,20260817
hm4di_like,6,Ext1,E-Ext,2,3,B,True,0.02345998393665072,0.0,0.13839401448949273,0.0,0.7757772304498705,0.0,0.0,0.13839401448949273,0.0,0.11063798647057799,0.0,0.15186801563858798,0.4301242562030883,0.0063006991581587846,0.013195960439815448,0.1266142050452086,0.48524435617492145,0.4301242562030883,2.4758115600195465,0.22,1.0,0.0,1.0,1.0,1.0,0.0,20260817
hm4di_like,7,Ext1,E-Ext,2,4,B,True,0.025942192714248136,0.0,0.1534893410705871,0.0,0.7932702660586995,0.0,0.0,0.1534893410705871,0.0,0.12183847154802108,0.0,0.16533908767275296,0.46454652860614026,0.008661172888445494,0.014384969131214391,0.13974002642525618,0.4832406268570432,0.46454652860614026,2.618657437614809,0.22,1.0,0.0,1.0,1.0,1.0,0.0,20260817
hm4di_like,8,Ext1,E-Ext,2,5,B,True,0.02852672927168931,0.0,0.1693033895464383,0.0,0.8088898603759822,0.0,0.0,0.1693033895464383,0.0,0.13339835305661718,0.0,0.17887391366018063,0.49837752985780176,0.012704235884775091,0.015583570078252902,0.15334904697948515,0.47981142648490094,0.49837752985780176,2.7630185504835474,0.22,1.0,0.0,1.0,1.0,1.0,0.0,20260817
hm4di_like,9,Ext1,Ext1,2,6,B,True,0.03119886220962209,0.0,0.1857582084425624,0.0,0.8228192884947666,0.0,0.0,0.1857582084425624,0.0,0.14524041050079606,0.0,0.1923512585429152,0.5312713913494056,0.02002790290050874,0.016781329241857417,0.1673563262574954,0.47360902453588805,0.5312713913494056,2.9084719816399227,0.22,1.0,0.0,1.0,1.0,1.0,0.0,20260817
hm4di_like,10,Ext1,Ext1,2,7,B,True,0.033940370205623904,0.0,0.20275247656689532,0.0,0.8352231022904634,0.0,0.0,0.20275247656689532,0.0,0.15727426827769864,0.0,0.20564533383019434,0.5628972480479477,0.03143919864097828,0.017967282909552625,0.18165974994884593,0.4639697223088988,0.5628972480479477,3.054478352105308,0.22,1.0,0.0,1.0,1.0,1.0,0.0,20260817
hm4di_like,11,Ext1,Ext1,2,8,B,True,0.03670899153181717,0.0,0.22011519042390892,0.0,0.8462219759837474,0.0,0.0,0.22011519042390892,0.0,0.16930262963086562,0.0,0.21859658560364137,0.59287739586133,0.047304639149071646,0.019127284393017988,0.19606320130316957,0.4506204402206624,0.59287739586133,3.200400353748785,0.22,1.0,0.0,1.0,1.0,1.0,0.0,20260817
hm4di_like,12,Ext1,Ext1,2,9,B,True,0.03418516945928407,0.0,0.22011519042390892,0.0,0.8462219759837474,0.0,0.0,0.22011519042390892,0.0,0.15723817637107462,0.0,0.21859658560364137,0.59287739586133,0.04894586913282374,0.019127284393017988,0.18833662394064632,0.4489934400318876,0.59287739586133,3.2800000000000002,0.22,1.0,0.0,1.0,1.0,1.0,0.0,20260817
hm4di_like,13,Ext1,Ext1,2,10,B,True,0.034219984868735676,0.0,0.22011519042390892,0.0,0.8462219759837474,0.0,0.0,0.22011519042390892,0.0,0.1574052115862411,0.0,0.21859658560364137,0.59287739586133,0.04900979581923443,0.019127284393017988,0.18844539609950106,0.44899842598240813,0.59287739586133,3.278848771164611,0.2212171731323652,1.0,0.0013863242880154188,0.9996490155989667,1.0,1.0,0.0013863242880154188,20260817
hm4di_like,14,Ext1,Ext1,2,11,B,True,0.034301990528895265,0.0,0.22011519042390892,0.0,0.8462219759837474,0.0,0.0,0.22011519042390892,0.0,0.15779858566738558,0.0,0.21859658560364137,0.59287739586133,0.049161834491797396,0.019127284393017988,0.18870135088192552,0.449010284498973,0.59287739586133,3.276143349687334,0.2240809328704084,1.0,0.004541866245517803,0.9988241919778457,1.0,1.0,0.004541866245517803,20260817
hm4di_like,15,Ext1,Ext1,2,12,B,True,0.034429559207697524,0.0,0.22011519042390892,0.0,0.8462219759837474,0.0,0.0,0.22011519042390892,0.0,0.15841033304081087,0.0,0.21859658560364137,0.59287739586133,0.04940242820903798,0.019127284393017988,0.1890988168536798,0.4490290508448313,0.59287739586133,3.2719520560591864,0.22852687891411966,1.0,0.009297812310637381,0.9975463585546299,1.0,1.0,0.009297812310637381,20260817
hm4di_like,16,Ext1,Ext1,2,13,B,True,0.034600937836892665,0.0,0.22011519042390892,0.0,0.8462219759837474,0.0,0.0,0.22011519042390892,0.0,0.1592318070124733,0.0,0.21859658560364137,0.59287739586133,0.04973346188885408,0.019127284393017988,0.1896314500833537,0.4490548731784616,0.59287739586133,3.266354183621879,0.23448265990708742,1.0,0.015506952908130815,0.9958396901286215,1.0,1.0,0.015506952908130815,20260817
hm4di_like,17,Ext1,Ext1,2,14,B,True,0.03481440203729347,0.0,0.22011519042390892,0.0,0.8462219759837474,0.0,0.0,0.22011519042390892,0.0,0.16025443216730284,0.0,0.21859658560364137,0.59287739586133,0.0501583050054957,0.019127284393017988,0.19029276614150337,0.44908801594560754,0.59287739586133,3.2594335760322197,0.24187402650138698,1.0,0.023041622573175206,0.9937297487903108,1.0,1.0,0.023041622573175206,20260817
hm4di_like,18,Ext1,Ext1,2,15,B,True,0.03506836925118262,0.0,0.22011519042390892,0.0,0.8462219759837474,0.0,0.0,0.22011519042390892,0.0,0.16147025609478993,0.0,0.21859658560364137,0.59287739586133,0.05068182251482982,0.019127284393017988,0.191076536253029,0.4491288608309015,0.59287739586133,3.2512737244258925,0.25062935650175866,1.0,0.03179192523400377,0.9912419891542354,1.0,1.0,0.03179192523400377,20260817
hm4di_like,19,Ext1,Ext1,2,16,B,True,0.03536148339852996,0.0,0.22011519042390892,0.0,0.8462219759837474,0.0,0.0,0.22011519042390892,0.0,0.1628723615054315,0.0,0.21859658560364137,0.59287739586133,0.05131039721189399,0.019127284393017988,0.19197708405653147,0.4491779086429045,0.59287739586133,3.2419540616639675,0.2606830521725178,1.0,0.04166421672014213,0.9884006285560876,1.0,1.0,0.04166421672014213,20260817
hm4di_like,20,Ext1,Ext1,2,17,B,True,0.03569268072799614,0.0,0.22011519042390892,0.0,0.8462219759837474,0.0,0.0,0.22011519042390892,0.0,0.16445518462538133,0.0,0.21859658560364137,0.59287739586133,0.05205199210874896,0.019127284393017988,0.19298951115963447,0.4492357843700844,0.59287739586133,3.2315471869294408,0.2719781213956344,1.0,0.052579819966010896,0.9852278008931221,1.0,1.0,0.052579819966010896,20260817
hm4di_like,21,Ext1,Ext1,2,18,B,True,0.036061244241040624,0.0,0.2201151904239088,0.0,0.8462219759837474,0.0,0.0,0.2201151904239088,0.0,0.1662147749390247,0.0,0.21859658560364134,0.5928773958613298,0.05291627313188081,0.019127284393017984,0.1941098735856085,0.4493032470039839,0.5928773958613298,3.2201167986248262,0.2844681889145315,1.0,0.06447395296696182,0.9817429264100079,1.0,1.0,0.06447395296696182,20260817
hm4di_like,22,Ext1,Ext1,2,19,B,True,0.03646685253145909,0.0,0.22011519042390892,0.0,0.8462219759837474,0.0,0.0,0.22011519042390892,0.0,0.16814902400553278,0.0,0.21859658560364137,0.59287739586133,0.053914808872161255,0.019127284393017988,0.19533532687060728,0.44938120545471605,0.59287739586133,3.2077161488283226,0.29811913703358045,1.0,0.07729485475594247,0.9779622404964398,1.0,1.0,0.07729485475594247,20260817
hm4di_like,23,Ext1,Ext1,2,20,B,True,0.036614196157967904,0.0,0.21943822553262204,0.0,0.8458207154405227,0.0,0.0,0.21943822553262204,0.0,0.16889838195174123,0.0,0.21810326297035604,0.5917510199158678,0.055021131935899845,0.019083010854495666,0.1955432074407627,0.4494675997011931,0.5917510199158678,3.1943868599158276,0.3129105433918189,1.0,0.09100310025136929,0.9738984329011668,1.0,1.0,0.09100310025136929,20260817
hm4di_like,24,Ext1,Ext1,2,21,B,True,0.03634050342647477,0.0,0.2177251908642911,0.0,0.8447959244268731,0.0,0.0,0.2177251908642911,0.0,0.1677136437103819,0.0,0.21685075797542025,0.5888856049655022,0.05621401912991726,0.018970636169780133,0.19412515818125564,0.44956077809196665,0.5888856049655022,3.180162269331145,0.3288322241676548,1.0,0.10556895516549186,0.9695616674790076,1.0,1.0,0.10556895516549186,20260817
hm4di_like,25,Ext1,Ext1,2,22,B,True,0.03605053435990635,0.0,0.2159115521680428,0.0,0.8436959970695882,0.0,0.0,0.2159115521680428,0.0,0.16645718001471765,0.0,0.21551815869565547,0.5858281096795539,0.05755534394380871,0.018851125727026984,0.19262201389123645,0.44966558128584755,0.5858281096795539,3.165069346954795,0.3458823173253321,1.0,0.12097027509453631,0.9649601667545106,1.0,1.0,0.12097027509453631,20260817
hm4di_like,26,Ext1,Ext1,2,23,B,True,0.03574461761725378,0.0,0.2139995805186634,0.0,0.8425194249599918,0.0,0.0,0.2139995805186634,0.0,0.1651301970316672,0.0,0.2141059971774258,0.5825781759521058,0.05905927147642345,0.018724536084596507,0.19103534855147197,0.4497831272621267,0.5825781759521058,3.149120644303451,0.36407676014851265,1.0,0.1371950462364556,0.9600977574095887,1.0,1.0,0.1371950462364556,20260817
hm4di_like,27,Ext1,Ext1,2,24,B,True,0.03541779255359889,0.0,0.21195853311684265,0.0,0.8412437177452113,0.0,0.0,0.21195853311684265,0.0,0.16371091229811596,0.0,0.21257023530421432,0.579102774646652,0.06074242279011732,0.018586982145244752,0.18933927611808188,0.44991472896183093,0.579102774646652,3.132089815792254,0.3834477722427835,0.9999209420771187,0.15424112775386398,0.9549744849664061,1.0,0.9999209420771187,0.15424112775386398,20260817
hm4di_like,28,Ext1,Ext1,2,25,B,True,0.0350709827888267,0.0,0.20979448504497133,0.0,0.8398683622146474,0.0,0.0,0.20979448504497133,0.0,0.16220302510029272,0.0,0.21091798189383665,0.5754015646227539,0.06262438486898486,0.01843910503415214,0.18753840493340435,0.4500619350520643,0.5754015646227539,3.1140103615216264,0.40404523937699555,0.9997776957388137,0.1721161508769319,0.9495864795377819,1.0,0.9997776957388137,0.1721161508769319,20260817
hm4di_like,29,Ext2,Ext2,3,1,B,True,0.034704720961237334,0.0,0.20751107318482465,0.0,0.83839106879016,0.0,0.0,0.20751107318482465,0.0,0.16060853208495007,0.0,0.20915392552452802,0.5714705211048818,0.06472835210190259,0.018281330526593285,0.18563531224673313,0.4502265812901569,0.5714705211048818,3.0948959868040458,0.4259384681356535,0.9995830986681696,0.19083758626825978,0.9439257800453034,1.0,0.9995830986681696,0.19083758626825978,20260817
hm4di_like,30,Ext2,Ext2,3,2,B,True,0.034319106941288924,0.0,0.20510924479516313,0.0,0.8368074609612222,0.0,0.0,0.20510924479516313,0.0,0.15892753607185495,0.0,0.2072799700193409,0.5673014705677232,0.06708193554373776,0.018113837063898044,0.1836303216237044,0.45041085544997583,0.5673014705677232,3.0747383916750004,0.4492184453663163,0.9993474210116544,0.21043299703374999,0.9379800945056349,1.0,0.9993474210116544,0.21043299703374999,20260817
hm4di_like,31,Ext2,Ext2,3,3,B,True,0.0339138290931299,0.0,0.20258740150707522,0.0,0.8351109754608036,0.0,0.0,0.20258740150707522,0.0,0.15715832689873155,0.0,0.20529542367381245,0.5628819452969288,0.06971818998366094,0.017936572838876966,0.18152160653552962,0.4506173799078369,0.5628819452969288,3.053507793769645,0.4740007671177645,0.9990788788864422,0.23094050197268584,0.9317324722947864,1.0,0.9990788788864422,0.23094050197268584,20260817
hm4di_like,32,Ext2,Ext2,3,4,B,True,0.033488172534919314,0.0,0.19994146358580067,0.0,0.8332926731286008,0.0,0.0,0.19994146358580067,0.0,0.15529740424089633,0.0,0.20319709419491783,0.5581949001725022,0.07267692789812259,0.017749264592743848,0.17930522560149442,0.45084931756302826,0.5581949001725022,3.0311527622735155,0.500429447382307,0.9987840451862725,0.2524094828165325,0.9251608608781361,1.0,0.9987840451862725,0.2524094828165325,20260817
hm4di_like,33,Ext2,Ext2,3,5,B,True,0.033041014228822,0.0,0.19716485394046535,0.0,0.831340945610596,0.0,0.0,0.19716485394046535,0.0,0.15333944109992026,0.0,0.20097929075610194,0.5532182714265029,0.07600641609307299,0.01755141824869616,0.17697508828433606,0.4511105089938064,0.5532182714265029,3.007599317043552,0.5286818832126796,0.9984681782261368,0.2749015811305502,0.9182375139316489,1.0,0.9984681782261368,0.2749015811305502,20260817
hm4di_like,34,Ext2,Ext2,3,6,B,True,0.03257080412778457,0.0,0.19424839782257852,0.0,0.8292410946165946,0.0,0.0,0.19424839782257852,0.0,0.15127718379075272,0.0,0.19863372989552697,0.5479243474069893,0.07976558888653865,0.01734231110716854,0.17452284656650352,0.4514056519379358,0.5479243474069893,2.982749208196056,0.5589753483974577,0.9981354846580281,0.2984920463936746,0.9109282094701316,1.0,0.9981354846580281,0.2984920463936746,20260817
hm4di_like,35,Ext2,Ext2,3,7,B,True,0.03207553091396509,0.0006427252778998804,0.19118013012053447,0.0006427252778998804,0.8246819744841501,0.002772484519678732,0.0006427252778998804,0.19118013012053447,0.000472317163685565,0.14910128094206587,0.00030212031512732995,0.19614933665641937,0.5422789089274371,0.08402696660393744,0.01712097486972604,0.17193770436923972,0.4517405388214103,0.5422789089274371,2.956477243107772,0.5915755261584386,0.9977893298035413,0.3232715181676128,0.903191224656685,1.0,0.9977893298035413,0.3232715181676128,20260817
hm4di_like,36,Ext2,Ext2,3,8,B,True,0.031552670036404606,0.0008104441530641937,0.18794499737742332,0.0008104441530641937,0.8215979306108652,0.003542840981801,0.0008104441530641937,0.18794499737742332,0.000595592506959286,0.14680003001690467,0.0003809640628512634,0.19351192598751693,0.5362400803429499,0.0888805485153367,0.016886168209381068,0.16920613195117573,0.4521223748949113,0.5362400803429499,2.928627465327972,0.626807792797837,0.9974324059199517,0.34934835458925473,0.894975997117049,1.0,0.9974324059199517,0.34934835458925473,20260817
hm4di_like,37,Ext2,Ext2,3,9,B,True,0.030999110739009295,0.0010228830718135296,0.18452443584556444,0.0010228830718135296,0.8181185071552948,0.004535115188792069,0.0010228830718135296,0.18452443584556444,0.0007517521032641694,0.1443590248696901,0.0004808337835320309,0.19070374146761554,0.529756810386351,0.09443906846617425,0.016636336921403,0.16631146692736487,0.45256020976797473,0.529756810386351,2.899007907095661,0.6650722609044953,0.9970668668130801,0.3768516601639701,0.8862213789965669,1.0,0.9970668668130801,0.3768516601639701,20260817
hm4di_like,38,Ext2,Ext2,3,10,B,True,0.030411057504497352,0.001293681388498391,0.18089579974077818,0.001293681388498391,0.8141510517121534,0.005822424094620789,0.001293681388498391,0.18089579974077818,0.000950834017637181,0.14176068154450172,0.0006081442361078881,0.18770281822519894,0.5227668717452039,0.10084518029682285,0.01636955881489321,0.16323337653158043,0.4530655306663165,0.5227668717452039,2.867383525337345,0.7068640333535994,0.9966944355275829,0.4059352232118883,0.8768533570888666,1.0,0.9966944355275829,0.4059352232118883,20260817
hm4di_like,39,Ext2,Ext2,3,11,B,True,0.029783899770169486,0.001641524096215874,0.17703160512503024,0.001641524096215874,0.8095718287632662,0.007506748095030162,0.001641524096215874,0.17703160512503024,0.0012065950481338072,0.13898361153719063,0.0007716844252462218,0.1844821236722921,0.5151942273557242,0.10828141190452797,0.016083469373744115,0.1599471469573125,0.45365308967622586,0.5151942273557242,2.8334667782883898,0.7528007894874231,0.996316490499185,0.43678265519947057,0.8667820665304857,1.0,0.996316490499185,0.43678265519947057,20260817
hm4di_like,40,Ext2,Ext2,3,12,B,True,0.029112041874592376,0.0020924154120838256,0.17289854452406273,0.0020924154120838256,0.8042130914500522,0.009732573931040095,0.0020924154120838256,0.17289854452406273,0.0015381901298756606,0.13600180183604516,0.0009836882980009953,0.18100841244823573,0.5069455556560187,0.11698414423275671,0.01577516275234158,0.15642275485644908,0.45434207466008636,0.5069455556560187,2.79690509029835,0.8036608558927445,0.9959341344764667,0.46961414261683276,0.8558978619279836,1.0,0.9959341344764667,0.46961414261683276,20260817
hm4di_like,41,Ext2,Ext2,3,13,B,True,0.02838868305291553,0.0026831867274801358,0.16845621617594542,0.0026831867274801358,0.7978435756635947,0.012708128802975805,0.0026831867274801358,0.16845621617594542,0.0019727665379268844,0.1327835493672792,0.0012614874285146183,0.17724071002433375,0.49790565242498,0.12726351810685863,0.015441060820541216,0.15262366366685343,0.45515779281991203,0.49790565242498,2.7572641658453145,0.8604365276480896,0.9955482496582921,0.5046953956441532,0.8440661221917648,1.0,0.9955482496582921,0.5046953956441532,20260817
hm4di_like,42,Ext2,Ext2,3,14,B,True,0.02760553527241416,0.0034670360946409406,0.16365550217712677,0.0034670360946409406,0.790138550554033,0.01673905758190258,0.0034670360946409406,0.16365550217712677,0.002549566558913252,0.12929008529689445,0.0016301222030298268,0.17312831293027642,0.48793133040689723,0.13953217749382046,0.015076740764787419,0.14850527511518397,0.4561341309394827,0.48793133040689723,2.7140057284223382,0.9244099758304152,0.9951595418037524,0.5423496355575336,0.8311203470457669,1.0,0.9951595418037524,0.5423496355575336,20260817
hm4di_like,43,Ext2,Ext2,3,15,B,True,0.026752465825742866,0.004522500904701521,0.15843652842034195,0.004522500904701521,0.7806330614963785,0.022282826833284825,0.004522500904701521,0.15843652842034195,0.0033265857091250295,0.12547381621328468,0.002126574256354208,0.16860816565263342,0.4768433228437864,0.1543473143944212,0.0146767094850262,0.14401295926162905,0.45731720990493135,0.4768433228437864,2.666457762053042,0.9972632440636489,0.9947685755201207,0.582973849875134,0.8168529498806228,1.0,0.9947685755201207,0.582973849875134,20260817
hm4di_like,44,Ext2,Ext2,3,16,B,True,0.02581705450597449,0.005968400749746805,0.1527261624782129,0.005968400749746805,0.7686479186800503,0.030038067739676075,0.005968400749746805,0.1527261624782129,0.004391689476379468,0.12127611589641552,0.0028068214984046103,0.16360145610059112,0.4644155857846279,0.17247283641212213,0.01423411171350029,0.13907959848861962,0.4587708991720365,0.4644155857846279,2.613774747813347,1.0812407102255983,0.9943758024932152,0.6270611307188623,0.8010029708990611,1.0,0.9943758024932152,0.6270611307188623,20260817
hm4di_like,45,Ext2,Ext2,3,17,B,True,0.024784068170067508,0.00798948454402404,0.14643509184949455,0.00798948454402404,0.7531717160751709,0.04109297647563438,0.00798948454402404,0.14643509184949455,0.005881759311373025,0.11662465134096767,0.003757961910700547,0.15800929489650234,0.4503613627302704,0.19497182432792654,0.013740361246640631,0.1336226451281205,0.46058525095470043,0.4503613627302704,2.5548848640857957,1.179393896754683,0.9939815840716909,0.6752318034594236,0.7832397720258328,1.0,0.9939815840716909,0.6752318034594236,20260817
hm4di_like,46,Ext2,Ext2,3,18,B,True,0.023634893169749427,0.010881895016789489,0.13945476184237637,0.010881895016789489,0.732674221264493,0.057171830147469876,0.010881895016789489,0.13945476184237637,0.0080167949534522,0.11143038704075459,0.0051197420453164,0.15170749121941746,0.4343156401288601,0.22334339598359132,0.01318469818934807,0.12754088702706468,0.46288950676977936,0.4343156401288601,2.4884211576883555,1.295957964545722,0.9935862093344714,0.7282773973683256,0.7631417843436125,1.0,0.9935862093344714,0.7282773973683256,20260817
hm4di_like,47,Ext2,Ext2,3,19,B,True,0.022347061594260142,0.015136524737659474,0.13165503530148048,0.015136524737659474,0.7048232547225032,0.08103430762336261,0.015136524737659474,0.13165503530148048,0.011162867036588309,0.10558483762515469,0.0071241245390686325,0.14454091426445023,0.4158147528135163,0.2597197387032817,0.01255371752530686,0.12071161882931158,0.46587208535756475,0.4158147528135163,2.412635731928408,1.436942042427431,0.9931899095446959,0.7872234730114349,0.7401700018055497,1.0,0.9931899095446959,0.7872234730114349,20260817
hm4di_like,48,Ext2,Ext2,3,20,B,True,0.0208942330504438,0.0215969938846442,0.12288478724411911,0.0215969938846442,0.6661079836298244,0.11706843761211347,0.0215969938846442,0.12288478724411911,0.01595264489576098,0.0989591785663273,0.010170550141528234,0.13631922239642624,0.39427731903395224,0.3071263960048579,0.011831027907644474,0.11299012412079357,0.4698103826594827,0.39427731903395224,2.3253038865981237,1.611069380988588,0.9927928697128754,0.8534199284265188,0.7136383353599394,1.0,0.9927928697128754,0.8534199284265188,20260817
hm4di_like,49,Ext2,L-Ext,3,21,B,True,0.10326137589196449,0.031767586175774576,0.1129806147580138,0.031767586175774576,0.6115383759461059,0.17195072003521003,0.031767586175774576,0.1129806147580138,0.023524106395671485,0.0914092084522341,0.014973478845236032,0.12681894808576877,0.36899975359486004,0.369739858076774,0.010997478601991111,0.10421610323408059,0.47511096282499954,0.36899975359486004,2.223648640471432,1.8312835700604428,0.992395237847419,0.9286699172670219,0.6826901613949325,1.0,0.992395237847419,0.9286699172670219,20260817
hm4di_like,50,Ext2,L-Ext,3,22,B,True,0.0967305450843724,0.04598149886883751,0.10283794108513622,0.04598149886883751,0.5446364056063496,0.24352100016844597,0.04598149886883751,0.10283794108513622,0.03416977082654604,0.0836023982209505,0.021700200125156943,0.11683976563112916,0.34204510561980733,0.4444518207984406,0.010123620915787189,0.09517102484942697,0.4816064251561197,0.34204510561980733,2.11573257498637,2.088335013889272,0.9919971323550539,1.0,0.6497967337669929,1.0,0.9919971323550539,1.0,20260817
hm4di_like,51,Ext2,L-Ext,3,23,B,True,0.09246158079865785,0.05276001859798862,0.09694491338838673,0.05276001859798862,0.511030010518384,0.278116219992519,0.05276001859798862,0.09694491338838673,0.03927322676359679,0.07903139636856726,0.024914053853561935,0.1109016795918579,0.3259120402433635,0.4925440734806298,0.009604495970475463,0.08988785582489123,0.4859029895919039,0.3259120402433635,2.0510621193124345,2.2545282992104196,0.9915986479611618,1.0,0.6301661163019618,1.0,0.9915986479611618,1.0,20260817
hm4di_like,52,Ext2,L-Ext,3,24,B,True,0.08701812693977007,0.060477832862006364,0.09112769276697663,0.060477832862006364,0.4756005468413918,0.3156372065130999,0.060477832862006364,0.09112769276697663,0.04510498171604527,0.07449369726928434,0.02857792107596835,0.10495453591026618,0.30961030753230695,0.5433941858091774,0.00908515392524981,0.08465251806077234,0.49056227701472405,0.30961030753230695,1.9855802847809427,2.4338617419591912,0.9911998604460481,1.0,0.6102718650966604,1.0,0.9911998604460481,1.0,20260817
hm4di_like,53,Ext2,L-Ext,3,25,B,True,0.08167240671640463,0.06920085271696952,0.08542819877095831,0.06920085271696952,0.4389283003635103,0.3555525353894139,0.06920085271696952,0.08542819877095831,0.05172356632301778,0.07002313358969703,0.032724990838608026,0.09904419681935607,0.29327006046133886,0.5960945892379593,0.008569581270724836,0.07950369665322765,0.49554015761248865,0.29327006046133886,1.919672719840243,2.6267278899419915,0.9908008304339572,1.0,0.5902322129484769,1.0,0.9908008304339572,1.0,20260817
hm4di_like,54,E-Ret,E-Ret,4,1,B,False,0.04598548964666982,0.05282170040059242,0.05208992303432969,0.05282170040059242,0.35945993702653245,0.36450975531520385,0.05208992303432969,0.05208992303432969,0.0393197455966644,0.02099680375731694,0.02494331623551982,0.06292045337997726,0.18975010421168018,0.49296673383275613,0.005429159942331188,0.03295419707705827,0.48594119955621146,0.18975010421168018,1.8576111492601284,2.8200000000000003,0.9904016064242844,1.0,0.5714285714285714,1.0,0.9904016064242844,1.0,20260817
hm4di_like,55,E-Ret,E-Ret,4,2,B,False,0.04598548964666982,0.05282170040059242,0.05208992303432969,0.05282170040059242,0.35945993702653245,0.36450975531520385,0.05208992303432969,0.05208992303432969,0.0393197455966644,0.02099680375731694,0.02494331623551982,0.06292045337997726,0.18975010421168018,0.49296673383275613,0.005429159942331188,0.03295419707705827,0.48594119955621146,0.18975010421168018,1.8576111492601284,2.8200000000000003,0.9904016064242844,1.0,0.5714285714285714,1.0,0.9904016064242844,1.0,20260817
hm4di_like,56,E-Ret,E-Ret,4,3,B,False,0.04598548964666982,0.05282170040059242,0.05208992303432969,0.05282170040059242,0.35945993702653245,0.36450975531520385,0.05208992303432969,0.05208992303432969,0.0393197455966644,0.02099680375731694,0.02494331623551982,0.06292045337997726,0.18975010421168018,0.49296673383275613,0.005429159942331188,0.03295419707705827,0.48594119955621146,0.18975010421168018,1.8576111492601284,2.8200000000000003,0.9904016064242844,1.0,0.5714285714285714,1.0,0.9904016064242844,1.0,20260817
hm4di_like,57,E-Ret,E-Ret,4,4,B,False,0.04598548964666982,0.05282170040059242,0.05208992303432969,0.05282170040059242,0.35945993702653245,0.36450975531520385,0.05208992303432969,0.05208992303432969,0.0393197455966644,0.02099680375731694,0.02494331623551982,0.06292045337997726,0.18975010421168018,0.49296673383275613,0.005429159942331188,0.03295419707705827,0.48594119955621146,0.18975010421168018,1.8576111492601284,2.8200000000000003,0.9904016064242844,1.0,0.5714285714285714,1.0,0.9904016064242844,1.0,20260817
hm4di_like,58,E-Ret,E-Ret,4,5,B,False,0.04598548964666982,0.05282170040059242,0.05208992303432969,0.05282170040059242,0.35945993702653245,0.36450975531520385,0.05208992303432969,0.05208992303432969,0.0393197455966644,0.02099680375731694,0.02494331623551982,0.06292045337997726,0.18975010421168018,0.49296673383275613,0.005429159942331188,0.03295419707705827,0.48594119955621146,0.18975010421168018,1.8576111492601284,2.8200000000000003,0.9904016064242844,1.0,0.5714285714285714,1.0,0.9904016064242844,1.0,20260817
hm4di_like,59,F-Ren,F-Ren,5,1,A,False,0.14426996611800436,0.0,0.16512109074047288,0.0,0.8049932366505912,0.0,0.0,0.16512109074047288,0.0,0.06459232681376814,0.0,0.17338912946676055,0.4978171629852228,0.4564351897192668,0.3880758151876531,0.1019555990075437,0.04435598168123475,0.4978171629852228,3.4,2.8200000000000003,0.9904016064242844,1.0,1.3470604919674372,0.0,0.9904016064242844,1.0,20260817
hm4di_like,60,F-Ren,F-Ren,5,2,A,False,0.14426996611800436,0.0,0.16512109074047288,0.0,0.8049932366505912,0.0,0.0,0.16512109074047288,0.0,0.06459232681376814,0.0,0.17338912946676055,0.4978171629852228,0.4564351897192668,0.3880758151876531,0.1019555990075437,0.04435598168123475,0.4978171629852228,3.4,2.8200000000000003,0.9904016064242844,1.0,1.3470604919674372,0.0,0.9904016064242844,1.0,20260817
hm4di_like,61,F-Ren,F-Ren,5,3,A,False,0.14426996611800436,0.0,0.16512109074047288,0.0,0.8049932366505912,0.0,0.0,0.16512109074047288,0.0,0.06459232681376814,0.0,0.17338912946676055,0.4978171629852228,0.4564351897192668,0.3880758151876531,0.1019555990075437,0.04435598168123475,0.4978171629852228,3.4,2.8200000000000003,0.9904016064242844,1.0,1.3470604919674372,0.0,0.9904016064242844,1.0,20260817
hm4di_like,62,F-Ren,F-Ren,5,4,A,False,0.14426996611800436,0.0,0.16512109074047288,0.0,0.8049932366505912,0.0,0.0,0.16512109074047288,0.0,0.06459232681376814,0.0,0.17338912946676055,0.4978171629852228,0.4564351897192668,0.3880758151876531,0.1019555990075437,0.04435598168123475,0.4978171629852228,3.4,2.8200000000000003,0.9904016064242844,1.0,1.3470604919674372,0.0,0.9904016064242844,1.0,20260817
hm4di_like,63,F-Ren,F-Ren,5,5,A,False,0.14426996611800436,0.0,0.16512109074047288,0.0,0.8049932366505912,0.0,0.0,0.16512109074047288,0.0,0.06459232681376814,0.0,0.17338912946676055,0.4978171629852228,0.4564351897192668,0.3880758151876531,0.1019555990075437,0.04435598168123475,0.4978171629852228,3.4,2.8200000000000003,0.9904016064242844,1.0,1.3470604919674372,0.0,0.9904016064242844,1.0,20260817
full_biological,0,Pre-Con,Pre-Con,0,1,A,False,0.0,0.0,0.0,0.0,0.0,0.0,0.0,0.0,0.0,0.0,0.0,0.0,0.00653119496947252,0.004036710768538954,0.3842523215571083,0.0,0.0,0.00653119496947252,,,0.0,0.0,,,0.0,0.0,20260818
full_biological,1,F-Con,F-Con,1,1,A,True,0.08328698219138453,0.0,0.7998359770879381,0.0,0.9523716522139278,0.0,0.0,0.7998359770879381,0.0,0.27872687616858605,0.0,0.7165859895183705,0.00653119496947252,0.004036710768538954,0.3842523215571083,0.4215770703060906,0.0,0.00653119496947252,0.28,0.22,0.0,0.0,1.0,0.0,0.0,0.0,20260818
full_biological,2,F-Con,F-Con,1,2,A,True,0.08328698219138453,0.0,0.7998359770879381,0.0,0.9523716522139278,0.0,0.0,0.7998359770879381,0.0,0.27872687616858605,0.0,0.5809773719640225,0.20091824478858633,0.004036710768538954,0.38339246276680483,0.4215770703060906,0.0,0.20091824478858633,0.3196005221444273,0.22,0.0,0.0,1.1414304362300973,0.0,0.0,0.0,20260818
full_biological,3,F-Con,F-Con,1,3,A,True,0.08474756609711354,0.0,0.8103155951462515,0.0,0.9529586423813382,0.0,0.0,0.8103155951462515,0.0,0.2834107344521434,0.0,0.6214799987386012,0.39277771805901573,0.004036710768538954,0.3841122813893348,0.4286546895842237,0.0,0.39277771805901573,1.92421809064276,0.22,0.6563894360681201,0.0,1.35,0.0,0.6563894360681201,0.0,20260818
full_biological,4,Ext1,E-Ext,2,1,B,True,0.0064821341191168,0.0,0.07222303399805885,0.0,0.6435669347462848,0.0,0.0,0.07222303399805885,0.0,0.02895662110742303,0.0,0.08599868374783626,0.2522086817136901,0.004036710768538954,0.007430816940880166,0.045494616034054136,0.48524435617492145,0.2522086817136901,2.1957125324889537,0.22,1.0,0.0,1.0,1.0,1.0,0.0,20260818
full_biological,5,Ext1,E-Ext,2,2,B,True,0.006993752464845904,0.0,0.07797393901431282,0.0,0.6609420662376364,0.0,0.0,0.07797393901431282,0.0,0.031214578674507387,0.0,0.0921878846491803,0.2695469685530145,0.004036710768538954,0.007969448869371568,0.0490566990025082,0.48524435617492145,0.2695469685530145,2.284905064146642,0.22,1.0,0.0,1.0,1.0,1.0,0.0,20260818
full_biological,6,Ext1,E-Ext,2,3,B,True,0.007515919018287964,0.0,0.08385113431742086,0.0,0.6770316217089857,0.0,0.0,0.08385113431742086,0.0,0.03351494416619172,0.0,0.0984181706005787,0.2868782236809258,0.011056016955004211,0.008512249477860893,0.05268783805066746,0.4792927906814628,0.2868782236809258,2.3731366162978116,0.22,1.0,0.0,1.0,1.0,1.0,0.0,20260818
full_biological,7,Ext1,E-Ext,2,4,B,True,0.008048262231552972,0.0,0.08985092421415719,0.0,0.6919544451294791,0.0,0.0,0.08985092421415719,0.0,0.03585583279889493,0.0,0.10468072149433713,0.3041731252977954,0.03138608000674985,0.009058477081936411,0.05638517349440564,0.4621186090596081,0.3041731252977954,2.4605000593375754,0.22,1.0,0.0,1.0,1.0,1.0,0.0,20260818
full_biological,8,Ext1,E-Ext,2,5,B,True,0.008590350363750887,0.0,0.09596892227241993,0.0,0.7058151279609455,0.0,0.0,0.09596892227241993,0.0,0.03823510326060875,0.0,0.11096626866119574,0.32140164937773963,0.07133577941293712,0.009607348632223796,0.06014543461643074,0.42868294477964497,0.32140164937773963,2.547065517915506,0.22,1.0,0.0,1.0,1.0,1.0,0.0,20260818
full_biological,9,Ext1,Ext1,2,6,B,True,0.009141680910343397,0.0,0.1021999258881019,0.0,0.7187059012149114,0.0,0.0,0.1021999258881019,0.0,0.04065031456377244,0.0,0.11726503669778174,0.3385329968151699,0.1254805532512948,0.0101580341927041,0.06396486982599803,0.3842177004149573,0.3385329968151699,2.632882323188338,0.22,1.0,0.0,1.0,1.0,1.0,0.0,20260818
full_biological,10,Ext1,Ext1,2,7,B,True,0.009652940557351775,0.0,0.1079859164005369,0.0,0.7297040085102661,0.0,0.0,0.1079859164005369,0.0,0.042885820908620365,0.0,0.12302215428350274,0.35407180071110883,0.1257372307887064,0.010661958291117567,0.067502245662452,0.38428596601723913,0.35407180071110883,2.7106526865051674,0.22937187801858083,1.0,0.010133884436773048,0.9973038624577653,1.0,1.0,0.010133884436773048,20260818
full_biological,11,Ext1,Ext1,2,8,B,True,0.010101502124933104,0.0,0.11306858915688489,0.0,0.7386792403306028,0.0,0.0,0.11306858915688489,0.0,0.044843875951134704,0.0,0.1280073979350674,0.36743328177031026,0.12634288212880954,0.011098789974838746,0.07060227214346348,0.38444706081780045,0.36743328177031026,2.7775786575387693,0.25010761448239494,1.0,0.030469233174460257,0.9913898890629849,1.0,1.0,0.030469233174460257,20260818
full_biological,12,Ext1,Ext1,2,9,B,True,0.01047127531645975,0.0,0.11726290603933343,0.0,0.7456488563806934,0.0,0.0,0.11726290603933343,0.0,0.0464556855072612,0.0,0.1320710885502576,0.37825911108865096,0.12740237251442482,0.011455201005380167,0.07315529182767277,0.3847289266372748,0.37825911108865096,2.831900061279928,0.2827783492345102,1.0,0.06004627466001505,0.982212968624904,1.0,1.0,0.06004627466001505,20260818
full_biological,13,Ext1,Ext1,2,10,B,True,0.010749557527564568,0.0,0.1204220725526961,0.0,0.750657753241153,0.0,0.0,0.1204220725526961,0.0,0.04766731166319227,0.0,0.13510214296160145,0.3862949662154371,0.1290659445543326,0.011721240316495771,0.07507514053116471,0.3851716462833068,0.3862949662154371,2.8723057771025613,0.3276340387827559,1.0,0.0980464558330073,0.9698866861932864,1.0,1.0,0.0980464558330073,20260818
full_biological,14,Ext1,Ext1,2,11,B,True,0.010927306703273687,0.0,0.1224411318222135,0.0,0.7537569484323792,0.0,0.0,0.1224411318222135,0.0,0.04844060114504134,0.0,0.1370260354402662,0.3913780643819897,0.131532887136529,0.011890191241964675,0.07630074796628383,0.38582848973868844,0.3913780643819897,2.8979104932518083,0.38476893158318193,1.0,0.1437932973406087,0.9546270539225337,1.0,1.0,0.1437932973406087,20260818
full_biological,15,Ext1,Ext1,2,12,B,True,0.010998974205505552,0.0,0.12325546653117492,0.0,0.7549852335734087,0.0,0.0,0.12325546653117492,0.0,0.04875225031212593,0.0,0.13779906687197926,0.3934166340549609,0.13505488298253454,0.011958096273765755,0.07679475808484626,0.386766927781208,0.3934166340549609,2.9081905055884185,0.4542756255221113,1.0,0.19675805245179293,0.9366983846204319,1.0,1.0,0.19675805245179293,20260818
full_biological,16,Ext1,Ext1,2,13,B,True,0.010961985352787473,0.0,0.12283515539493983,0.0,0.7543527999037791,0.0,0.0,0.12283515539493983,0.0,0.04859141254770172,0.0,0.13740028327618792,0.39236527380735714,0.13994336945964253,0.011923064711925013,0.07653980144778116,0.38807079858344234,0.39236527380735714,2.902887908591954,0.5363977412140669,1.0,0.25657002300467263,0.9163646961561217,1.0,1.0,0.25657002300467263,20260818
full_biological,17,Ext1,Ext1,2,14,B,True,0.01081601356834716,0.003351063808639476,0.1211768411571933,0.003351063808639476,0.7365123939453181,0.020367753478264892,0.003351063808639476,0.1211768411571933,0.0024642137582522317,0.04795648223096605,0.0015755786689986007,0.13582254564978866,0.3881999322621996,0.14658536273049155,0.011784495988899139,0.07553342625493542,0.3898448706331918,0.3881999322621996,2.8818970017367733,0.6316915876250407,1.0,0.3230318004525869,0.8938490050088921,1.0,1.0,0.3230318004525869,20260818
full_biological,18,Ext1,Ext1,2,15,B,True,0.010562205881687547,0.005484438324155239,0.11829493639318522,0.005484438324155239,0.7222822568308445,0.03348674601805378,0.005484438324155239,0.11829493639318522,0.004035100779417489,0.04685172296666562,0.002579114295379159,0.13306406597958975,0.3808953600516226,0.15547280021596424,0.011542337154052548,0.07378275614482799,0.3922232630707944,0.3808953600516226,2.8451466305438733,0.7412109348990858,1.0,0.3961405169430844,0.8693011704535656,1.0,1.0,0.3961405169430844,20260818
full_biological,19,Ext1,Ext1,2,16,B,True,0.010011856542571307,0.008740743903677406,0.11205234336941883,0.008740743903677406,0.6968728896852727,0.05436019702035971,0.008740743903677406,0.11205234336941883,0.006436011110974915,0.04445280289142961,0.004111597177784532,0.12701598625815552,0.3647831250355654,0.16725202187731678,0.01101188229195489,0.06998299335167635,0.39538372053181403,0.3647831250355654,2.7642961320105757,0.8667372971830231,1.0,0.4761174304552753,0.842773210978834,1.0,1.0,0.4761174304552753,20260818
full_biological,20,Ext1,Ext1,2,17,B,True,0.009388112245207636,0.013681108952076304,0.1049878753210467,0.013681108952076304,0.6616786248554225,0.0862242171319789,0.013681108952076304,0.1049878753210467,0.01008592461750557,0.041728347372608,0.006438301031353788,0.12005003967447467,0.346064275124688,0.18280313968221942,0.010401735457965756,0.06567045063013466,0.3995708278156475,0.346064275124688,2.670574997577674,1.0110930581043471,1.0,0.5634499431740698,0.8141996943834372,1.0,1.0,0.5634499431740698,20260818
full_biological,21,Ext1,Ext1,2,18,B,True,0.008733075932697454,0.021159285516966886,0.09758112966499533,0.021159285516966886,0.614721396269118,0.13329488582168728,0.021159285516966886,0.09758112966499533,0.015627647256165167,0.038860787887459836,0.009964040374423333,0.1126059120983549,0.3258741178405919,0.20336432168232493,0.009750634246029304,0.061134668206823894,0.40513321990504536,0.3258741178405919,2.5694869905447852,1.1786005981642198,1.0,0.6589527217914009,0.7833801800441418,1.0,1.0,0.6589527217914009,20260818
full_biological,22,Ext1,Ext1,2,19,B,True,0.008044383176041059,0.0324809888052614,0.08980717574623831,0.0324809888052614,0.5533809319640148,0.20014391619392582,0.0324809888052614,0.08980717574623831,0.024056627729832747,0.035838791046322926,0.015310695749747305,0.10463541139715199,0.3040484557192745,0.230723175706341,0.009054522819796402,0.0563582486361307,0.41258305133984796,0.3040484557192745,2.459872218154448,1.375795663997672,1.0,0.763858398907373,0.7499610421202585,1.0,1.0,0.763858398907373,20260818
full_biological,23,Ext1,Ext1,2,20,B,True,0.007317994014373275,0.049645949920405275,0.08162248915169545,0.049645949920405275,0.4765763592750089,0.2898721456759776,0.049645949920405275,0.08162248915169545,0.03692654023498343,0.03264349316361004,0.02343712549738819,0.09606684351947176,0.2803519185419695,0.26750175136516174,0.008307324111953793,0.05131199230416428,0.42269025574147845,0.2803519185419695,2.340004686204563,1.612582861209127,1.0,0.8799539756701181,0.7134160628672447,1.0,1.0,0.8799539756701181,20260818
full_biological,24,Ext1,Ext1,2,21,B,True,0.006564640612843453,0.0738387856314453,0.07314995213208975,0.0738387856314453,0.3911997749543332,0.3948835984166139,0.07314995213208975,0.07314995213208975,0.05525446006406187,0.029321024146400143,0.03493254086714492,0.08700249543719463,0.2550288484244635,0.3146249002882216,0.007518137104392044,0.046069344961165215,0.43580788995246644,0.2550288484244635,2.210293978120637,1.887837047224029,1.0,1.0,0.6751707389534213,1.0,1.0,1.0,20260818
full_biological,25,Ext1,Ext1,2,22,B,True,0.006249557173886422,0.08017272044980983,0.06961119652196834,0.08017272044980983,0.36679186325530355,0.4224421211715844,0.06961119652196834,0.06961119652196834,0.06008992602783925,0.0279288451733275,0.037950269354529054,0.08315718571967187,0.24420875441492323,0.3337419868343502,0.007183720412551303,0.04387392341888041,0.44118745720389807,0.24420875441492323,2.1541740372718836,1.9937432307999774,1.0,1.0,0.661525860475637,1.0,1.0,1.0,20260818
full_biological,26,Ext1,Ext1,2,23,B,True,0.005939224915429087,0.08686633591353465,0.06612856785213006,0.08686633591353465,0.3426441142322787,0.45009652699953234,0.06612856785213006,0.06612856785213006,0.0652168830313703,0.026556168022958793,0.041143034049493266,0.0793383488553791,0.23341832186065667,0.3535193969573022,0.006851821981002617,0.0417100364907419,0.4467904863388122,0.23341832186065667,2.0976934028546057,2.100888449173076,1.0,1.0,0.6482713299014378,1.0,1.0,1.0,20260818
full_biological,27,Ext1,Ext1,2,24,B,True,0.005633868211614046,0.09393837108653869,0.06270445077728404,0.09393837108653869,0.31887485229797785,0.47771065425206327,0.06270445077728404,0.06270445077728404,0.07065268482142584,0.025204054454882052,0.044520405568615584,0.07554342127337299,0.22268268204000016,0.3739447054667095,0.00652222773842384,0.03957932438064804,0.4526192527200616,0.22268268204000016,2.040872232940164,2.2095574070929467,0.9999209420771187,1.0,0.6353600255053232,1.0,0.9999209420771187,1.0,20260818
full_biological,28,Ext1,Ext1,2,25,B,True,0.005334821389433753,0.10140699566283728,0.059353656833426416,0.10140699566283728,0.2956438729174335,0.5051138975787327,0.059353656833426416,0.059353656833426416,0.07641465694927474,0.02387849192327307,0.04809176440281715,0.0717926877350292,0.21205129360193237,0.3949963303641781,0.006196685552358942,0.037491183418479235,0.4586739944718797,0.21205129360193237,1.9839154711992175,2.3199986501264522,0.9997776957388137,1.0,0.6227546420311411,1.0,0.9997776957388137,1.0,20260818
full_biological,29,Ext2,Ext2,3,1,B,True,0.005043297541399427,0.10928898877653037,0.05608959879182496,0.10928898877653037,0.2731034401196127,0.5321342895113452,0.05608959879182496,0.05608959879182496,0.08251948958423538,0.022584952631016675,0.05186591223299453,0.06810496359679288,0.20157210173883838,0.4166412088060523,0.005876812913037559,0.03545418630770336,0.4649522179591124,0.20157210173883838,1.9270260999296946,2.4324225143431604,0.9995830986681696,1.0,0.6104265237212284,1.0,0.9995830986681696,1.0,20260818
full_biological,30,Ext2,Ext2,3,2,B,True,0.004760375260500216,0.11759880950961488,0.05292414992991723,0.11759880950961488,0.2513937200522705,0.5586032507936144,0.05292414992991723,0.05292414992991723,0.0889825311224669,0.02132833052573846,0.05585062784787054,0.06449734871670625,0.1912907339638792,0.43883263144306567,0.005564076233973349,0.03347598501184501,0.47144800240850676,0.1912907339638792,1.8704029355146672,2.5469978429180293,0.9993474210116544,1.0,0.5983547478338828,1.0,0.9993474210116544,1.0,20260818
full_biological,31,Ext2,Ext2,3,3,B,True,0.004486998947186849,0.12634756048989115,0.04986765555392347,0.12634756048989115,0.2306389738260517,0.5843601703974786,0.04986765555392347,0.04986765555392347,0.09581697747123785,0.020112938330885566,0.06005216706062144,0.06098523331782412,0.1812499969346254,0.4615083614642371,0.005259791846279991,0.031563308308239946,0.47815132998127,0.1812499969346254,1.8142403467491102,2.6638476909631956,0.9990788788864422,1.0,0.5865253778110798,1.0,0.9990788788864422,1.0,20260818
full_biological,32,Ext2,Ext2,3,4,B,True,0.004223978746402568,0.13554186138307056,0.046928940132694,0.13554186138307056,0.21094426690132886,0.6092568573474838,0.046928940132694,0.046928940132694,0.10303296296747333,0.018942503042050363,0.06447471326972376,0.0575822817058715,0.17148938695541585,0.4845892069304564,0.004965125097983186,0.029721956896538004,0.485047480788276,0.17148938695541585,1.7587276694103924,2.7830442959409463,0.9987840451862725,1.0,0.5749308197631201,1.0,0.9987840451862725,1.0,20260818
full_biological,33,Ext2,Ext2,3,5,B,True,0.004080481355379306,0.13844534080979798,0.04532647153669689,0.13844534080979798,0.2025566627959023,0.6186898133328121,0.04532647153669689,0.04532647153669689,0.10531888599336503,0.018303493530922754,0.06587281496264441,0.05570736714527267,0.16613872500682833,0.49172013521799024,0.0048028616589610605,0.028716893399293508,0.4871938170571956,0.16613872500682833,1.7278123951106699,2.8200000000000003,0.9984681782261368,1.0,0.5714285714285714,1.0,0.9984681782261368,1.0,20260818
full_biological,34,Ext2,Ext2,3,6,B,True,0.003990328651939157,0.13844534080979798,0.04432001223454052,0.13844534080979798,0.19895379433497096,0.6214850690100011,0.04432001223454052,0.04432001223454052,0.10531888599336503,0.01790187170952806,0.06587281496264441,0.05451852089814434,0.16277623929627047,0.49172013521799024,0.004700017049295952,0.028085290427976473,0.4871938170571956,0.16277623929627047,1.7081654779163762,2.8200000000000003,0.9981354846580281,1.0,0.5714285714285714,1.0,0.9981354846580281,1.0,20260818
full_biological,35,Ext2,Ext2,3,7,B,True,0.0039057007918976705,0.13844534080979798,0.04337544025722939,0.13844534080979798,0.1955427261980593,0.624131517993186,0.04337544025722939,0.04337544025722939,0.10531888599336503,0.017524748773040444,0.06587281496264441,0.053398851900515576,0.15961157332601428,0.49172013521799024,0.004603177287461778,0.02749227579395419,0.4871938170571956,0.15961157332601428,1.6895424944327668,2.8200000000000003,0.9977893298035413,1.0,0.5714285714285714,1.0,0.9977893298035413,1.0,20260818
full_biological,36,Ext2,Ext2,3,8,B,True,0.0038262546543297304,0.13844534080979798,0.042488887454636304,0.13844534080979798,0.19231464399342285,0.6266359988552518,0.042488887454636304,0.042488887454636304,0.10531888599336503,0.017170616620529655,0.06587281496264441,0.05234448507293703,0.15663344007987634,0.49172013521799024,0.00451200366652643,0.026935466952612064,0.4871938170571956,0.15663344007987634,1.671895792201632,2.8200000000000003,0.9974324059199517,1.0,0.5714285714285714,1.0,0.9974324059199517,1.0,20260818
full_biological,37,Ext2,Ext2,3,9,B,True,0.0037516657512665086,0.13844534080979798,0.041656699016851095,0.13844534080979798,0.1892608494208397,0.6290052601004362,0.041656699016851095,0.041656699016851095,0.10531888599336503,0.016838047269012835,0.06587281496264441,0.05135168263290774,0.15383106776445815,0.49172013521799024,0.004426169868717913,0.02641260887765917,0.4871938170571956,0.15383106776445815,1.6551789156305745,2.8200000000000003,0.9970668668130801,1.0,0.5714285714285714,1.0,0.9970668668130801,1.0,20260818
full_biological,38,Ext2,Ext2,3,10,B,True,0.0036816279378476535,0.13844534080979798,0.04087542956611978,0.13844534080979798,0.18637281592645752,0.6312459169849779,0.04087542956611978,0.04087542956611978,0.10531888599336503,0.016525691925117436,0.06587281496264441,0.050416858768169946,0.15119420219202695,0.49172013521799024,0.0043453631638274755,0.025921572412189953,0.4871938170571956,0.15119420219202695,1.639346749861447,2.8200000000000003,0.9966944355275829,1.0,0.5714285714285714,1.0,0.9966944355275829,1.0,20260818
full_biological,39,Ext2,Ext2,3,11,B,True,0.003615852922317697,0.13844534080979798,0.0401418370876131,0.13844534080979798,0.18364223132270255,0.6333644184508121,0.0401418370876131,0.0401418370876131,0.10531888599336503,0.016232279125895643,0.06587281496264441,0.049536588347115613,0.1487131027301644,0.49172013521799024,0.004269285101228363,0.025460351175814244,0.4871938170571956,0.1487131027301644,1.6243556231565413,2.8200000000000003,0.996316490499185,1.0,0.5714285714285714,1.0,0.996316490499185,1.0,20260818
full_biological,40,Ext2,Ext2,3,12,B,True,0.0035540696393661086,0.13844534080979798,0.039452875402927856,0.13844534080979798,0.18106102972596846,0.6353670223469796,0.039452875402927856,0.039452875402927856,0.10531888599336503,0.015956612234244716,0.06587281496264441,0.04870761113593823,0.14637853337079187,0.49172013521799024,0.00419765182146513,0.02502705747557954,0.4871938170571956,0.14637853337079187,1.610163376359557,2.8200000000000003,0.9959341344764667,1.0,0.5714285714285714,1.0,0.9959341344764667,1.0,20260818
full_biological,41,Ext2,Ext2,3,13,B,True,0.0034960235345524726,0.13844534080979798,0.03880568571361942,0.13844534080979798,0.17862141475053775,0.6372597774348145,0.03880568571361942,0.03880568571361942,0.10531888599336503,0.015697566504577543,0.06587281496264441,0.04792683265846502,0.1441817501575732,0.49172013521799024,0.004130194084624087,0.024619917558377225,0.4871938170571956,0.1441817501575732,1.5967294061815547,2.8200000000000003,0.9955482496582921,1.0,0.5714285714285714,1.0,0.9955482496582921,1.0,20260818
full_biological,42,Ext2,Ext2,3,14,B,True,0.0034414757955494313,0.13844534080979798,0.03819758760776715,0.13844534080979798,0.1763158755597311,0.6390485109347931,0.03819758760776715,0.03819758760776715,0.10531888599336503,0.01545408588102426,0.06587281496264441,0.047191322575998396,0.14211448595944878,0.49172013521799024,0.0040666570904469975,0.024237266458509543,0.4871938170571956,0.14211448595944878,1.5840146876594519,2.8200000000000003,0.9951595418037524,1.0,0.5714285714285714,1.0,0.9951595418037524,1.0,20260818
full_biological,43,Ext2,Ext2,3,15,B,True,0.00339020255677136,0.13844534080979798,0.03762606982041239,0.13844534080979798,0.17413719709918735,0.6407388205871277,0.03762606982041239,0.03762606982041239,0.10531888599336503,0.015225179649603904,0.06587281496264441,0.046498311263977896,0.14016893337632316,0.49172013521799024,0.0040068001479088644,0.02387754262986408,0.4871938170571956,0.14016893337632316,1.5719817800425884,2.8200000000000003,0.9947685755201207,1.0,0.5714285714285714,1.0,0.9947685755201207,1.0,20260818
full_biological,44,Ext2,Ext2,3,16,B,True,0.0033419940969764417,0.13844534080979798,0.037088780961004875,0.13844534080979798,0.17207846561040005,0.6423360703741358,0.037088780961004875,0.037088780961004875,0.10531888599336503,0.015009919034571828,0.06587281496264441,0.045845185106679315,0.13833772640064826,0.49172013521799024,0.003950396238619922,0.02353928250305859,0.4871938170571956,0.13833772640064826,1.560594819509924,2.8200000000000003,0.9943758024932152,1.0,0.5714285714285714,1.0,0.9943758024932152,1.0,20260818
full_biological,45,Ext2,Ext2,3,17,B,True,0.0032966540441085046,0.13844534080979798,0.036583520361926136,0.13844534080979798,0.17013307033566152,0.6438453891974724,0.036583520361926136,0.036583520361926136,0.10531888599336503,0.014807433805226866,0.06587281496264441,0.045229480910368824,0.13661392132789932,0.49172013521799024,0.0038972315080595403,0.023221115070399034,0.4871938170571956,0.13661392132789932,1.549819501451721,2.8200000000000003,0.9939815840716909,1.0,0.5714285714285714,1.0,0.9939815840716909,1.0,20260818
full_biological,46,Ext2,Ext2,3,18,B,True,0.0032539985975760244,0.13844534080979798,0.03610822915731415,0.13844534080979798,0.16829470217087977,0.6452716719233317,0.03610822915731415,0.03610822915731415,0.10531888599336503,0.014616908941174622,0.06587281496264441,0.04464887974148152,0.13499097730349416,0.49172013521799024,0.0038471047106056304,0.022921756572841567,0.4871938170571956,0.13499097730349416,1.539623054523022,2.8200000000000003,0.9935862093344714,1.0,0.5714285714285714,1.0,0.9935862093344714,1.0,20260818
full_biological,47,Ext2,Ext2,3,19,B,True,0.003213855775102026,0.13844534080979798,0.035660981667440805,0.13844534080979798,0.1665573498943818,0.6466195823082983,0.035660981667440805,0.035660981667440805,0.10531888599336503,0.014437581390083887,0.06587281496264441,0.04410120042346569,0.1334627368085946,0.49172013521799024,0.0037998266280874736,0.02264000534129651,0.4871938170571956,0.1334627368085946,1.5299742082596777,2.8200000000000003,0.9931899095446959,1.0,0.5714285714285714,1.0,0.9931899095446959,1.0,20260818
full_biological,48,Ext2,Ext2,3,20,B,True,0.0031760646889261723,0.13844534080979798,0.03523997713823279,0.13844534080979798,0.16491529449301384,0.6478935574013958,0.03523997713823279,0.03523997713823279,0.10531888599336503,0.01426873694132813,0.06587281496264441,0.043584392869239666,0.1320234063185362,0.49172013521799024,0.003755219476753077,0.022374736827993624,0.4871938170571956,0.1320234063185362,1.5208431557163746,2.8200000000000003,0.9927928697128754,1.0,0.5714285714285714,1.0,0.9927928697128754,1.0,20260818
full_biological,49,Ext2,L-Ext,3,21,B,True,0.003140474854380959,0.13844534080979798,0.03484353186623679,0.13844534080979798,0.16336310201780077,0.6490978130869635,0.03484353186623679,0.03484353186623679,0.10531888599336503,0.014109707230815283,0.06587281496264441,0.04309653138214814,0.13066753731221104,0.49172013521799024,0.0037131163137855117,0.022124898851020647,0.4871938170571956,0.13066753731221104,1.5122015123210868,2.8200000000000003,0.992395237847419,1.0,0.5714285714285714,1.0,0.992395237847419,1.0,20260818
full_biological,50,Ext2,L-Ext,3,22,B,True,0.0031069455325362094,0.13844534080979798,0.03447007172491168,0.13844534080979798,0.1618956153270132,0.6502363504907307,0.03447007172491168,0.03447007172491168,0.10531888599336503,0.013959866886199213,0.06587281496264441,0.04263580802407503,0.1293900077660586,0.49172013521799024,0.003673360451585044,0.021889507065638192,0.4871938170571956,0.1293900077660586,1.5040222719270568,2.8200000000000003,0.9919971323550539,1.0,0.5714285714285714,1.0,0.9919971323550539,1.0,20260818
full_biological,51,Ext2,L-Ext,3,23,B,True,0.0030753451076233063,0.13844534080979798,0.03411812509745504,0.13844534080979798,0.16050794501225185,0.6513129630197377,0.03411812509745504,0.03411812509745504,0.10531888599336503,0.01381863081707757,0.06587281496264441,0.04220052612280781,0.12818600423039755,0.49172013521799024,0.003635804885788651,0.02166764066885274,0.4871938170571956,0.12818600423039755,1.4962797608706098,2.8200000000000003,0.9915986479611618,1.0,0.5714285714285714,1.0,0.9915986479611618,1.0,20260818
full_biological,52,Ext2,L-Ext,3,24,B,True,0.0030455504992107363,0.13844534080979798,0.03378631621355077,0.13844534080979798,0.15919545975101046,0.6523312438472214,0.03378631621355077,0.03378631621355077,0.10531888599336503,0.013685451651349267,0.06587281496264441,0.041789093970166113,0.12705100455700916,0.49172013521799024,0.0036003117412464515,0.021458438338427643,0.4871938170571956,0.12705100455700916,1.4889495907021792,2.8200000000000003,0.9911998604460481,1.0,0.5714285714285714,1.0,0.9911998604460481,1.0,20260818
full_biological,53,Ext2,L-Ext,3,25,B,True,0.003017446608582275,0.13844534080979798,0.033473358881802695,0.13844534080979798,0.15795377628550727,0.6532945936874546,0.033473358881802695,0.033473358881802695,0.10531888599336503,0.013559817316401102,0.06587281496264441,0.041400018746504896,0.12598076132385552,0.49172013521799024,0.0035667517388345313,0.021261094403651315,0.4871938170571956,0.12598076132385552,1.4820086101422405,2.8200000000000003,0.9908008304339572,1.0,0.5714285714285714,1.0,0.9908008304339572,1.0,20260818
full_biological,54,E-Ret,E-Ret,4,1,B,False,0.002990925798392441,0.13844534080979798,0.03317805060566037,0.13844534080979798,0.15677874919094048,0.6542062287339613,0.03317805060566037,0.03317805060566037,0.10531888599336503,0.01344124876197128,0.06587281496264441,0.0410319006949474,0.12497128598449414,0.49172013521799024,0.003535003684952808,0.021074855242379953,0.4871938170571956,0.12497128598449414,1.4754348567182507,2.8200000000000003,0.9904016064242844,1.0,0.5714285714285714,1.0,0.9904016064242844,1.0,20260818
full_biological,55,E-Ret,E-Ret,4,2,B,False,0.002990925798392441,0.13844534080979798,0.03317805060566037,0.13844534080979798,0.15677874919094048,0.6542062287339613,0.03317805060566037,0.03317805060566037,0.10531888599336503,0.01344124876197128,0.06587281496264441,0.0410319006949474,0.12497128598449414,0.49172013521799024,0.003535003684952808,0.021074855242379953,0.4871938170571956,0.12497128598449414,1.4754348567182507,2.8200000000000003,0.9904016064242844,1.0,0.5714285714285714,1.0,0.9904016064242844,1.0,20260818
full_biological,56,E-Ret,E-Ret,4,3,B,False,0.002990925798392441,0.13844534080979798,0.03317805060566037,0.13844534080979798,0.15677874919094048,0.6542062287339613,0.03317805060566037,0.03317805060566037,0.10531888599336503,0.01344124876197128,0.06587281496264441,0.0410319006949474,0.12497128598449414,0.49172013521799024,0.003535003684952808,0.021074855242379953,0.4871938170571956,0.12497128598449414,1.4754348567182507,2.8200000000000003,0.9904016064242844,1.0,0.5714285714285714,1.0,0.9904016064242844,1.0,20260818
full_biological,57,E-Ret,E-Ret,4,4,B,False,0.002990925798392441,0.13844534080979798,0.03317805060566037,0.13844534080979798,0.15677874919094048,0.6542062287339613,0.03317805060566037,0.03317805060566037,0.10531888599336503,0.01344124876197128,0.06587281496264441,0.0410319006949474,0.12497128598449414,0.49172013521799024,0.003535003684952808,0.021074855242379953,0.4871938170571956,0.12497128598449414,1.4754348567182507,2.8200000000000003,0.9904016064242844,1.0,0.5714285714285714,1.0,0.9904016064242844,1.0,20260818
full_biological,58,E-Ret,E-Ret,4,5,B,False,0.002990925798392441,0.13844534080979798,0.03317805060566037,0.13844534080979798,0.15677874919094048,0.6542062287339613,0.03317805060566037,0.03317805060566037,0.10531888599336503,0.01344124876197128,0.06587281496264441,0.0410319006949474,0.12497128598449414,0.49172013521799024,0.003535003684952808,0.021074855242379953,0.4871938170571956,0.12497128598449414,1.4754348567182507,2.8200000000000003,0.9904016064242844,1.0,0.5714285714285714,1.0,0.9904016064242844,1.0,20260818
full_biological,59,F-Ren,F-Ren,5,1,A,False,0.01466572460233706,0.0,0.16512109074047288,0.0,0.8049932366505912,0.0,0.0,0.16512109074047288,0.0,0.06459232681376814,0.0,0.17338912946676055,0.4978171629852228,0.39033817861529113,0.3880758151876531,0.1019555990075437,0.12490910631891254,0.4978171629852228,3.4,2.8200000000000003,0.9904016064242844,1.0,1.3470604919674372,0.0,0.9904016064242844,1.0,20260818
full_biological,60,F-Ren,F-Ren,5,2,A,False,0.01466572460233706,0.0,0.16512109074047288,0.0,0.8049932366505912,0.0,0.0,0.16512109074047288,0.0,0.06459232681376814,0.0,0.17338912946676055,0.4978171629852228,0.39033817861529113,0.3880758151876531,0.1019555990075437,0.12490910631891254,0.4978171629852228,3.4,2.8200000000000003,0.9904016064242844,1.0,1.3470604919674372,0.0,0.9904016064242844,1.0,20260818
full_biological,61,F-Ren,F-Ren,5,3,A,False,0.01466572460233706,0.0,0.16512109074047288,0.0,0.8049932366505912,0.0,0.0,0.16512109074047288,0.0,0.06459232681376814,0.0,0.17338912946676055,0.4978171629852228,0.39033817861529113,0.3880758151876531,0.1019555990075437,0.12490910631891254,0.4978171629852228,3.4,2.8200000000000003,0.9904016064242844,1.0,1.3470604919674372,0.0,0.9904016064242844,1.0,20260818
full_biological,62,F-Ren,F-Ren,5,4,A,False,0.01466572460233706,0.0,0.16512109074047288,0.0,0.8049932366505912,0.0,0.0,0.16512109074047288,0.0,0.06459232681376814,0.0,0.17338912946676055,0.4978171629852228,0.39033817861529113,0.3880758151876531,0.1019555990075437,0.12490910631891254,0.4978171629852228,3.4,2.8200000000000003,0.9904016064242844,1.0,1.3470604919674372,0.0,0.9904016064242844,1.0,20260818
full_biological,63,F-Ren,F-Ren,5,5,A,False,0.01466572460233706,0.0,0.16512109074047288,0.0,0.8049932366505912,0.0,0.0,0.16512109074047288,0.0,0.06459232681376814,0.0,0.17338912946676055,0.4978171629852228,0.39033817861529113,0.3880758151876531,0.1019555990075437,0.12490910631891254,0.4978171629852228,3.4,2.8200000000000003,0.9904016064242844,1.0,1.3470604919674372,0.0,0.9904016064242844,1.0,20260818
no_retained_fear_memory,0,Pre-Con,Pre-Con,0,1,A,False,0.0,0.0,0.0,0.0,0.0,0.0,0.0,0.0,0.0,0.0,0.0,0.0,0.00653119496947252,0.004036710768538954,0.3842523215571083,0.0,0.0,0.00653119496947252,,,0.0,0.0,,,0.0,0.0,20260818
no_retained_fear_memory,1,F-Con,F-Con,1,1,A,True,0.08328698219138453,0.0,0.7998359770879381,0.0,0.9523716522139278,0.0,0.0,0.7998359770879381,0.0,0.27872687616858605,0.0,0.7165859895183705,0.00653119496947252,0.004036710768538954,0.3842523215571083,0.4215770703060906,0.0,0.00653119496947252,0.28,0.22,0.0,0.0,1.0,0.0,0.0,0.0,20260818
no_retained_fear_memory,2,F-Con,F-Con,1,2,A,True,0.08328698219138453,0.0,0.7998359770879381,0.0,0.9523716522139278,0.0,0.0,0.7998359770879381,0.0,0.27872687616858605,0.0,0.5809773719640225,0.20091824478858633,0.004036710768538954,0.38339246276680483,0.4215770703060906,0.0,0.20091824478858633,0.3196005221444273,0.22,0.0,0.0,1.1414304362300973,0.0,0.0,0.0,20260818
no_retained_fear_memory,3,F-Con,F-Con,1,3,A,True,0.08388097634562164,0.0,0.8040925882673495,0.0,0.9526118336353276,0.0,0.0,0.8040925882673495,0.0,0.2806344441455867,0.0,0.5769088475743472,0.2284730601636541,0.004036710768538954,0.3796972215616657,0.42445855327323456,0.0,0.2284730601636541,0.5649124928911603,0.22,0.6563894360681201,0.0,1.35,0.0,0.6563894360681201,0.0,20260818
no_retained_fear_memory,4,Ext1,E-Ext,2,1,B,True,0.0006912680725136289,0.0,0.007646099214551061,0.0,0.16047691921474133,0.0,0.0,0.007646099214551061,0.0,0.0031188113872023804,0.0,0.009864015970586282,0.02991207090062521,0.004036710768538954,0.0008477523966452462,0.004883391940176618,0.48524435617492145,0.02991207090062521,0.7028815433666277,0.22,1.0,0.0,1.0,1.0,1.0,0.0,20260818
no_retained_fear_memory,5,Ext1,E-Ext,2,2,B,True,0.0006683971537245759,0.0,0.007392913148445035,0.0,0.15599195443607367,0.0,0.0,0.007392913148445035,0.0,0.0030157419049383627,0.0,0.009540389186402291,0.028934440641725366,0.004036710768538954,0.0008199215808669759,0.004721942747113905,0.48524435617492145,0.028934440641725366,0.6911037013486027,0.22,1.0,0.0,1.0,1.0,1.0,0.0,20260818
no_retained_fear_memory,6,Ext1,E-Ext,2,3,B,True,0.0006462479389763853,0.0,0.007147730308156297,0.0,0.15160285047528108,0.0,0.0,0.007147730308156297,0.0,0.0029159171511872195,0.0,0.009226797224463675,0.027986879374886166,0.011056016955004211,0.0007929548416116586,0.004565580329809693,0.4792927906814628,0.027986879374886166,0.6795064606683022,0.22,1.0,0.0,1.0,1.0,1.0,0.0,20260818
no_retained_fear_memory,7,Ext1,E-Ext,2,4,B,True,0.0006248270407195333,0.0,0.00691062255563879,0.0,0.1473146630582952,0.0,0.0,0.00691062255563879,0.0,0.0028193676700387638,0.0,0.008923350786243138,0.027069745054259464,0.03138608000674985,0.0007668615913324188,0.004414352127128041,0.4621186090596081,0.027069745054259464,0.668102431563856,0.22,1.0,0.0,1.0,1.0,1.0,0.0,20260818
no_retained_fear_memory,8,Ext1,E-Ext,2,5,B,True,0.0006041381107503296,0.0,0.0066816290123665745,0.0,0.1431318733670696,0.0,0.0,0.0066816290123665745,0.0,0.002726110644098112,0.0,0.008630118249993178,0.02618326720897997,0.07133577941293712,0.0007416476054797009,0.004268284658591415,0.42868294477964497,0.02618326720897997,0.656903328362815,0.22,1.0,0.0,1.0,1.0,1.0,0.0,20260818
no_retained_fear_memory,9,Ext1,Ext1,2,6,B,True,0.0005841819685094007,0.0,0.006460757488774949,0.0,0.13905837610021501,0.0,0.0,0.006460757488774949,0.0,0.0026361504675581626,0.0,0.00834712736734082,0.025327551902743703,0.1254805532512948,0.0007173151691542686,0.004127384424855607,0.3842177004149573,0.025327551902743703,0.6459199280796931,0.22,1.0,0.0,1.0,1.0,1.0,0.0,20260818
no_retained_fear_memory,10,Ext1,Ext1,2,7,B,True,0.0005619257442375236,0.0,0.006214442010162857,0.0,0.13446969691414343,0.0,0.0,0.006214442010162857,0.0,0.0025358145248352004,0.0,0.008031352491432662,0.024372472672959056,0.1257372307887064,0.0006901649142271927,0.0039702370914661556,0.38428596601723913,0.024372472672959056,0.6334495539958953,0.22937187801858083,1.0,0.010133884436773048,0.9973038624577653,1.0,1.0,0.010133884436773048,20260818
no_retained_fear_memory,11,Ext1,Ext1,2,8,B,True,0.0005368942738827043,0.0,0.00593742853189505,0.0,0.1292503459955884,0.0,0.0,0.00593742853189505,0.0,0.0024229580419983243,0.0,0.007675991049754817,0.02329737071242902,0.12634288212880954,0.0006596123394095442,0.0037934849266734183,0.38444706081780045,0.02329737071242902,0.6191286926732665,0.25010761448239494,1.0,0.030469233174460257,0.9913898890629849,1.0,1.0,0.030469233174460257,20260818
no_retained_fear_memory,12,Ext1,Ext1,2,9,B,True,0.0005092110744853162,0.0,0.005631089595516059,0.0,0.12340467092570584,0.0,0.0,0.005631089595516059,0.0,0.002298134770403193,0.0,0.007282723958595942,0.022107231177586933,0.12740237251442482,0.0006258024192886047,0.003597996913217716,0.3847289266372748,0.022107231177586933,0.6029004900924015,0.2827783492345102,1.0,0.06004627466001505,0.982212968624904,1.0,1.0,0.06004627466001505,20260818
no_retained_fear_memory,13,Ext1,Ext1,2,10,B,True,0.00047923582689268773,0.0,0.005299411037883006,0.0,0.11698631210571839,0.0,0.0,0.005299411037883006,0.0,0.0021629633568460704,0.0,0.00685658782989873,0.02081719546435015,0.1290659445543326,0.000589168619502955,0.003386309767832163,0.3851716462833068,0.02081719546435015,0.584828117505766,0.3276340387827559,1.0,0.0980464558330073,0.9698866861932864,1.0,1.0,0.0980464558330073,20260818
no_retained_fear_memory,14,Ext1,Ext1,2,11,B,True,0.0004474855322811333,0.0,0.00494811854491406,0.0,0.110085109346005,0.0,0.0,0.00494811854491406,0.0,0.0020197723816383073,0.0,0.0064048674759538664,0.019449226914771828,0.131532887136529,0.0005503376045006589,0.0031620717322331515,0.38582848973868844,0.019449226914771828,0.5650637638977603,0.38476893158318193,1.0,0.1437932973406087,0.9546270539225337,1.0,1.0,0.1437932973406087,20260818
no_retained_fear_memory,15,Ext1,Ext1,2,12,B,True,0.00041455588212224725,0.0,0.004583806845617544,0.0,0.10281326719115998,0.0,0.0,0.004583806845617544,0.0,0.0018712462043453115,0.0,0.005935987882466663,0.018028770033255506,0.13505488298253454,0.0005100339218765412,0.0029294877133451136,0.386766927781208,0.018028770033255506,0.5438162432401625,0.4542756255221113,1.0,0.19675805245179293,0.9366983846204319,1.0,1.0,0.19675805245179293,20260818
no_retained_fear_memory,16,Ext1,Ext1,2,13,B,True,0.0003810510165955794,0.0,0.004213162121243674,0.0,0.09529203339245716,0.0,0.0,0.004213162121243674,0.0,0.0017201084160646252,0.0,0.005458520341102407,0.016581748301466328,0.13994336945964253,0.0004689945325748352,0.0026928234381925487,0.38807079858344234,0.016581748301466328,0.5213196142798787,0.5363977412140669,1.0,0.25657002300467263,0.9163646961561217,1.0,1.0,0.25657002300467263,20260818
no_retained_fear_memory,17,Ext1,Ext1,2,14,B,True,0.00034752823700834323,0.003351063808639476,0.003842350284468554,0.003351063808639476,0.08141708664874234,0.07100702233638262,0.003351063808639476,0.003842350284468554,0.0024642137582522317,0.0015688725015137184,0.0015755786689986007,0.004980395984097568,0.015132182715662598,0.14658536273049155,0.00042790120341881105,0.0024560149862757896,0.3898448706331918,0.015132182715662598,0.497805182552516,0.6316915876250407,1.0,0.3230318004525869,0.8938490050088921,1.0,1.0,0.3230318004525869,20260818
no_retained_fear_memory,18,Ext1,Ext1,2,15,B,True,0.00031446092426290484,0.005484438324155239,0.0034766070220113576,0.005484438324155239,0.07100761426621702,0.112016364956649,0.0034766070220113576,0.0034766070220113576,0.004035100779417489,0.0014196744261417704,0.002579114295379159,0.004508374109302558,0.0137005760815866,0.15547280021596424,0.0003873348286056825,0.002222406717019121,0.3922232630707944,0.0137005760815866,0.47347847860512726,0.7412109348990858,1.0,0.3961405169430844,0.8693011704535656,1.0,1.0,0.3961405169430844,20260818
no_retained_fear_memory,19,Ext1,Ext1,2,16,B,True,0.000282219438783593,0.008740743903677406,0.003120026975437118,0.008740743903677406,0.06016160042645301,0.16854249860750714,0.003120026975437118,0.003120026975437118,0.006436011110974915,0.0012741862135087212,0.004111597177784532,0.004047763902623241,0.012303061319670069,0.16725202187731678,0.0003477515491527303,0.0019946160858437256,0.39538372053181403,0.012303061319670069,0.4485017074890206,0.8667372971830231,1.0,0.4761174304552753,0.842773210978834,1.0,1.0,0.4761174304552753,20260818
no_retained_fear_memory,20,Ext1,Ext1,2,17,B,True,0.00025106728191737204,0.013681108952076304,0.002775521824196492,0.013681108952076304,0.0491620166849023,0.2423295326689262,0.002775521824196492,0.002775521824196492,0.01008592461750557,0.0011335983248328407,0.006438301031353788,0.0036023626823640685,0.010951204616117935,0.18280313968221942,0.00030947748897025855,0.0017745062191663052,0.3995708278156475,0.010951204616117935,0.4229811542103164,1.0110930581043471,1.0,0.5634499431740698,0.8141996943834372,1.0,1.0,0.5634499431740698,20260818
no_retained_fear_memory,21,Ext1,Ext1,2,18,B,True,0.00022116878114697425,0.021159285516966886,0.0024449058073294783,0.021159285516966886,0.03843938200336085,0.33267124502979384,0.0024449058073294783,0.0024449058073294783,0.015627647256165167,0.0009986540450493964,0.009964040374423333,0.003174558900217132,0.00965230860488318,0.20336432168232493,0.0002727176488329697,0.0015632399128762131,0.40513321990504536,0.00965230860488318,0.39695840533980703,1.1786005981642198,1.0,0.6589527217914009,0.7833801800441418,1.0,1.0,0.6589527217914009,20260818
no_retained_fear_memory,22,Ext1,Ext1,2,19,B,True,0.0001926049991758383,0.0324809888052614,0.0021290721040504446,0.0324809888052614,0.028535992037834156,0.43534328225173113,0.0021290721040504446,0.0021290721040504446,0.024056627729832747,0.0008697210312221815,0.015310695749747305,0.0027655538398717594,0.008410077331497155,0.230723175706341,0.00023757499330353973,0.0013613917872565828,0.41258305133984796,0.008410077331497155,0.37040422190573175,1.375795663997672,1.0,0.763858398907373,0.7499610421202585,1.0,1.0,0.763858398907373,20260818
no_retained_fear_memory,23,Ext1,Ext1,2,20,B,True,0.00016539624926537044,0.049645949920405275,0.0018282421350881428,0.049645949920405275,0.01998642561367503,0.5427317673414074,0.0018282421350881428,0.0018282421350881428,0.03692654023498343,0.0007468927505778211,0.02343712549738819,0.0023756795270057267,0.007225575639108164,0.26750175136516174,0.00020407779430429944,0.0011691071967592226,0.42269025574147845,0.007225575639108164,0.3432147900892736,1.612582861209127,1.0,0.8799539756701181,0.7134160628672447,1.0,1.0,0.8799539756701181,20260818
no_retained_fear_memory,24,Ext1,Ext1,2,21,B,True,0.00014042018949711466,0.0738387856314453,0.001552115608434157,0.0738387856314453,0.01345093583425225,0.6399012819732305,0.001552115608434157,0.001552115608434157,0.05525446006406187,0.0006341334420560951,0.03493254086714492,0.0020175637522354918,0.006137239929027952,0.3146249002882216,0.0001733106825861711,0.0009925908359874613,0.43580788995246644,0.006137239929027952,0.31621478308902046,1.887837047224029,1.0,1.0,0.6751707389534213,1.0,1.0,1.0,20260818
no_retained_fear_memory,25,Ext1,Ext1,2,22,B,True,0.0001276711333589864,0.08017272044980983,0.001411173171102953,0.08017272044980983,0.011606579860839619,0.6594024756254383,0.001411173171102953,0.001411173171102953,0.06008992602783925,0.000576571626453859,0.037950269354529054,0.001834676912633216,0.0055813169551018295,0.3337419868343502,0.0001575987049756836,0.0009024841017265528,0.44118745720389807,0.0055813169551018295,0.30150567576049253,1.9937432307999774,1.0,1.0,0.661525860475637,1.0,1.0,1.0,20260818
no_retained_fear_memory,26,Ext1,Ext1,2,23,B,True,0.0001163043906532435,0.08686633591353465,0.0012855161689107053,0.08686633591353465,0.010031194618113515,0.6778390987096305,0.0012855161689107053,0.0012855161689107053,0.0652168830313703,0.000525248824331026,0.041143034049493266,0.0016715703584356983,0.0050854526558891415,0.3535193969573022,0.00014358637679873985,0.0008221450199414893,0.4467904863388122,0.0050854526558891415,0.28776032499781934,2.100888449173076,1.0,1.0,0.6482713299014378,1.0,1.0,1.0,20260818
no_retained_fear_memory,27,Ext1,Ext1,2,24,B,True,0.00010614934208907911,0.09393837108653869,0.001173257213235246,0.09393837108653869,0.008683613897629335,0.6952648877720309,0.001173257213235246,0.001173257213235246,0.07065268482142584,0.0004793953454155231,0.044520405568615584,0.0015256816732030262,0.004642549213443581,0.3739447054667095,0.000131053812534233,0.0007503683664107363,0.4526192527200616,0.004642549213443581,0.27490435486362935,2.2095574070929467,0.9999209420771187,1.0,0.6353600255053232,1.0,0.9999209420771187,1.0,20260818
no_retained_fear_memory,28,Ext1,Ext1,2,25,B,True,9.706738967640849e-05,0.10140699566283728,0.0010728632076022482,0.10140699566283728,0.007529928904392229,0.7117286363615026,0.0010728632076022482,0.0010728632076022482,0.07641465694927474,0.0004383859118753941,0.04809176440281715,0.0013950898124049822,0.004246495971673308,0.3949963303641781,0.00011983575481163051,0.0006861750682768397,0.4586739944718797,0.004246495971673308,0.2628784974403675,2.3199986501264522,0.9997776957388137,1.0,0.6227546420311411,1.0,0.9997776957388137,1.0,20260818
no_retained_fear_memory,29,Ext2,Ext2,3,1,B,True,8.893590870440171e-05,0.10928898877653037,0.000982977865477741,0.10928898877653037,0.006541325620762537,0.7272746289192367,0.000982977865477741,0.000982977865477741,0.08251948958423538,0.0004016672403728272,0.05186591223299453,0.001278082704560648,0.0038919023820410607,0.4166412088060523,0.00010978496332714668,0.0006286988204962096,0.4649522179591124,0.0038919023820410607,0.25162673380389766,2.4324225143431604,0.9995830986681696,1.0,0.6104265237212284,1.0,0.9995830986681696,1.0,20260818
no_retained_fear_memory,30,Ext2,Ext2,3,2,B,True,8.164661496101733e-05,0.11759880950961488,0.000902403607458635,0.11759880950961488,0.005693354578883216,0.7419426463490412,0.000902403607458635,0.000902403607458635,0.0889825311224669,0.00036875069922237547,0.05585062784787054,0.0011731382269811273,0.003574021902270843,0.43883263144306567,0.00010077056595253519,0.0005771745754657998,0.47144800240850676,0.003574021902270843,0.2410964228486229,2.5469978429180293,0.9993474210116544,1.0,0.5983547478338828,1.0,0.9993474210116544,1.0,20260818
no_retained_fear_memory,31,Ext2,Ext2,3,3,B,True,7.510412935862743e-05,0.12634756048989115,0.0008300856522298616,0.12634756048989115,0.004965290942810556,0.7557682704928181,0.0008300856522298616,0.0008300856522298616,0.09581697747123785,0.0003392058504598783,0.06005216706062144,0.001078908393520764,0.00328868278261834,0.4615083614642371,9.267668564766617e-05,0.0005309284213679266,0.47815132998127,0.00328868278261834,0.23123847230690073,2.6638476909631956,0.9990788788864422,1.0,0.5865253778110798,1.0,0.9990788788864422,1.0,20260818
no_retained_fear_memory,32,Ext2,Ext2,3,4,B,True,6.922461050162809e-05,0.13554186138307056,0.0007650968677748171,0.13554186138307056,0.0043395727279592405,0.7687833919193637,0.0007650968677748171,0.0007650968677748171,0.10303296296747333,0.000312654293562864,0.06447471326972376,0.0009942031209152454,0.0030322240038878024,0.4845892069304564,8.54010354414202e-05,0.0004893679355069125,0.485047480788276,0.0030322240038878024,0.22200742326137463,2.7830442959409463,0.9987840451862725,1.0,0.5749308197631201,1.0,0.9987840451862725,1.0,20260818
no_retained_fear_memory,33,Ext2,Ext2,3,5,B,True,6.572934429405208e-05,0.13844534080979798,0.0007264626786890327,0.13844534080979798,0.004054559169159185,0.77269602757944,0.0007264626786890327,0.0007264626786890327,0.10531888599336503,0.0002968696270126969,0.06587281496264441,0.0009437239036085914,0.002879989050342768,0.49172013521799024,8.106555242224739e-05,0.00046466073151141263,0.4871938170571956,0.002879989050342768,0.21633692076859362,2.8200000000000003,0.9984681782261368,1.0,0.5714285714285714,1.0,0.9984681782261368,1.0,20260818
no_retained_fear_memory,34,Ext2,Ext2,3,6,B,True,6.333126373980758e-05,0.13844534080979798,0.0006999561952503175,0.13844534080979798,0.003907198273983116,0.7728103563103674,0.0006999561952503175,0.0006999561952503175,0.10531888599336503,0.0002860397558565042,0.06587281496264441,0.0009089940169052671,0.0027757313608863477,0.49172013521799024,7.808300420898962e-05,0.0004477091607015815,0.4871938170571956,0.0027757313608863477,0.21236182654679372,2.8200000000000003,0.9981354846580281,1.0,0.5714285714285714,1.0,0.9981354846580281,1.0,20260818
no_retained_fear_memory,35,Ext2,Ext2,3,7,B,True,6.117487673429345e-05,0.13844534080979798,0.000676121336447344,0.13844534080979798,0.0037746528436403597,0.7729131905855203,0.000676121336447344,0.000676121336447344,0.10531888599336503,0.00027630131110845113,0.06587281496264441,0.0008777393459925942,0.0026820245116724256,0.49172013521799024,7.539898414385003e-05,0.00043246599818969056,0.4871938170571956,0.0026820245116724256,0.20872357895632898,2.8200000000000003,0.9977893298035413,1.0,0.5714285714285714,1.0,0.9977893298035413,1.0,20260818
no_retained_fear_memory,36,Ext2,Ext2,3,8,B,True,5.923407200336683e-05,0.13844534080979798,0.0006546694495819239,0.13844534080979798,0.003655328934006229,0.773005767053256,0.0006546694495819239,0.0006546694495819239,0.10531888599336503,0.00026753639471488455,0.06587281496264441,0.0008495861535897949,0.00259772722949638,0.49172013521799024,7.298138227247006e-05,0.0004187466907409343,0.4871938170571956,0.00259772722949638,0.20539475822101413,2.8200000000000003,0.9974324059199517,1.0,0.5714285714285714,1.0,0.9974324059199517,1.0,20260818
no_retained_fear_memory,37,Ext2,Ext2,3,9,B,True,5.748575811848067e-05,0.13844534080979798,0.0006353452701246542,0.13844534080979798,0.003547815702700086,0.7730891803039589,0.0006353452701246542,0.0006353452701246542,0.10531888599336503,0.00025964074128981274,0.06587281496264441,0.0008242033694532051,0.002521831009430483,0.49172013521799024,7.080175608366134e-05,0.00040638802661241424,0.4871938170571956,0.002521831009430483,0.2023499725543878,2.8200000000000003,0.9970668668130801,1.0,0.5714285714285714,1.0,0.9970668668130801,1.0,20260818
no_retained_fear_memory,38,Ext2,Ext2,3,10,B,True,5.59094985469466e-05,0.13844534080979798,0.0006179228858135266,0.13844534080979798,0.003450863527562693,0.7731643998466392,0.0006179228858135266,0.0006179228858135266,0.10531888599336503,0.00025252207111459146,0.06587281496264441,0.000801297586628366,0.0024534438287291795,0.49172013521799024,6.883489997332152e-05,0.00039524555694503416,0.4871938170571956,0.0024534438287291795,0.19956574680685168,2.8200000000000003,0.9966944355275829,1.0,0.5714285714285714,1.0,0.9966944355275829,1.0,20260818
no_retained_fear_memory,39,Ext2,Ext2,3,11,B,True,5.448719002620894e-05,0.13844534080979798,0.0006022021800803357,0.13844534080979798,0.0033633646685359907,0.7732322851122531,0.0006022021800803357,0.0006022021800803357,0.10531888599336503,0.0002460986385471875,0.06587281496264441,0.0007806086091744061,0.0023917758658019025,0.49172013521799024,6.70584622825543e-05,0.0003851913231613935,0.4871938170571956,0.0023917758658019025,0.19702040899658718,2.8200000000000003,0.996316490499185,1.0,0.5714285714285714,1.0,0.996316490499185,1.0,20260818
no_retained_fear_memory,40,Ext2,Ext2,3,12,B,True,5.320277992959532e-05,0.13844534080979798,0.0005880057067824129,0.13844534080979798,0.003284336232456881,0.7732935986703263,0.0005880057067824129,0.0005880057067824129,0.10531888599336503,0.0002402979563170815,0.06587281496264441,0.000761905509351907,0.0023361270004672286,0.49172013521799024,6.545260624354492e-05,0.00037611185977315387,0.4871938170571956,0.0023361270004672286,0.1946939770909112,2.8200000000000003,0.9959341344764667,1.0,0.5714285714285714,1.0,0.9959341344764667,1.0,20260818
no_retained_fear_memory,41,Ext2,Ext2,3,13,B,True,5.2042018410358715e-05,0.13844534080979798,0.0005751759496506192,0.13844534080979798,0.0032129052024997117,0.7733490178437378,0.0005751759496506192,0.0005751759496506192,0.10531888599336503,0.00023505567674175776,0.06587281496264441,0.0007449831483614929,0.0022858758875610222,0.49172013521799024,6.399971085010741e-05,0.0003679064428976364,0.4871938170571956,0.0022858758875610222,0.19256804778025322,2.8200000000000003,0.9955482496582921,1.0,0.5714285714285714,1.0,0.9955482496582921,1.0,20260818
no_retained_fear_memory,42,Ext2,Ext2,3,14,B,True,5.0992241369285374e-05,0.13844534080979798,0.0005635729225953456,0.13844534080979798,0.0031482953046564513,0.7733991448982521,0.0005635729225953456,0.0005635729225953456,0.10531888599336503,0.00023031461200495595,0.06587281496264441,0.0007296591141279978,0.002240470413919415,0.49172013521799024,6.268410762767836e-05,0.0003604855565064735,0.4871938170571956,0.002240470413919415,0.1906256885010632,2.8200000000000003,0.9951595418037524,1.0,0.5714285714285714,1.0,0.9951595418037524,1.0,20260818
no_retained_fear_memory,43,Ext2,Ext2,3,15,B,True,5.004218058246579e-05,0.13844534080979798,0.0005530720704531866,0.13844534080979798,0.0030898154992200317,0.7734445159713067,0.0005530720704531866,0.0005530720704531866,0.10531888599336503,0.0002260238770270817,0.06587281496264441,0.0007157710311241467,0.002199419367372138,0.49172013521799024,6.14918494169685e-05,0.00035376955061172666,0.4871938170571956,0.002199419367372138,0.1888513335867344,2.8200000000000003,0.9947685755201207,1.0,0.5714285714285714,1.0,0.9947685755201207,1.0,20260818
no_retained_fear_memory,44,Ext2,Ext2,3,16,B,True,4.9181797683539585e-05,0.13844534080979798,0.0005435624334833022,0.13844534080979798,0.0030368499031724525,0.7734856088906439,0.0005435624334833022,0.0005435624334833022,0.10531888599336503,0.00022213813997029597,0.06587281496264441,0.0007031741999414447,0.002162285164647182,0.49172013521799024,6.0410507521560015e-05,0.0003476874679733122,0.4871938170571956,0.002162285164647182,0.18723068513370816,2.8200000000000003,0.9943758024932152,1.0,0.5714285714285714,1.0,0.9943758024932152,1.0,20260818
no_retained_fear_memory,45,Ext2,Ext2,3,17,B,True,4.840213902035373e-05,0.13844534080979798,0.0005349450426992419,0.13844534080979798,0.0029888489682048302,0.773522850018771,0.0005349450426992419,0.0005349450426992419,0.10531888599336503,0.0002186169669636806,0.06587281496264441,0.0006917395276952196,0.0021286775024819825,0.49172013521799024,5.942899386824934e-05,0.00034217601830821565,0.4871938170571956,0.0021286775024819825,0.18575061894503644,2.8200000000000003,0.9939815840716909,1.0,0.5714285714285714,1.0,0.9939815840716909,1.0,20260818
no_retained_fear_memory,46,Ext2,Ext2,3,18,B,True,4.769520873904032e-05,0.13844534080979798,0.0005271315167603152,0.13844534080979798,0.002945321757630391,0.7735566202448533,0.0005271315167603152,0.0005271315167603152,0.10531888599336503,0.000215424249100149,0.06587281496264441,0.0006813517139794886,0.002098247812363212,0.49172013521799024,5.8537405138349584e-05,0.00033717868130700435,0.4871938170571956,0.002098247812363212,0.18439909574152202,2.8200000000000003,0.9935862093344714,1.0,0.5714285714285714,1.0,0.9935862093344714,1.0,20260818
no_retained_fear_memory,47,Ext2,Ext2,3,19,B,True,4.705385775682913e-05,0.13844534080979798,0.0005200428345670804,0.13844534080979798,0.002905829183148037,0.7735872602319152,0.0005200428345670804,0.0005200428345670804,0.10531888599336503,0.0002125277011618687,0.06587281496264441,0.0006719076607424044,0.0020706844140385193,0.49172013521799024,5.772688614876939e-05,0.0003326449219420713,0.4871938170571956,0.0020706844140385193,0.18316507769988116,2.8200000000000003,0.9931899095446959,1.0,0.5714285714285714,1.0,0.9931899095446959,1.0,20260818
no_retained_fear_memory,48,Ext2,Ext2,3,20,B,True,4.647168657645473e-05,0.13844534080979798,0.0005136082608453441,0.13844534080979798,0.0028699780788419764,0.7736150750144785,0.0005136082608453441,0.0005136082608453441,0.10531888599336503,0.00020989842280894067,0.06587281496264441,0.0006633150779707619,0.002045708276216012,0.49172013521799024,5.698951006426946e-05,0.00032852950355966026,0.4871938170571956,0.002045708276216012,0.1820384502793297,2.8200000000000003,0.9927928697128754,1.0,0.5714285714285714,1.0,0.9927928697128754,1.0,20260818
no_retained_fear_memory,49,Ext2,L-Ext,3,21,B,True,4.594296013515908e-05,0.13844534080979798,0.0005077644048427921,0.13844534080979798,0.00283741600478945,0.7736403380301404,0.0005077644048427921,0.0005077644048427921,0.10531888599336503,0.00020751051411560528,0.06587281496264441,0.0006554912603529181,0.0020230693046809777,0.49172013521799024,5.631817330299183e-05,0.00032479188605272213,0.4871938170571956,0.0020230693046809777,0.18100994922560223,2.8200000000000003,0.992395237847419,1.0,0.5714285714285714,1.0,0.992395237847419,1.0,20260818
no_retained_fear_memory,50,Ext2,L-Ext,3,22,B,True,4.5462533128759475e-05,0.13844534080979798,0.0005024543948127791,0.13844534080979798,0.002807826686203468,0.7736632946580769,0.0005024543948127791,0.0005024543948127791,0.10531888599336503,0.0002053407383845185,0.06587281496264441,0.0006483620131102754,0.0020025430885395414,0.49172013521799024,5.570650326221753e-05,0.0003213956980472332,0.4871938170571956,0.0020025430885395414,0.18007109258913837,2.8200000000000003,0.9919971323550539,1.0,0.5714285714285714,1.0,0.9919971323550539,1.0,20260818
no_retained_fear_memory,51,Ext2,L-Ext,3,23,B,True,4.5025784445540395e-05,0.13844534080979798,0.0004976271532084464,0.13844534080979798,0.002780926006051955,0.7736841653281358,0.0004976271532084464,0.0004976271532084464,0.10531888599336503,0.00020336822608946203,0.06587281496264441,0.0006418607079040851,0.0019839280444936946,0.49172013521799024,5.5148777219287086e-05,0.00031830827346879254,0.4871938170571956,0.0019839280444936946,0.17921411755765299,2.8200000000000003,0.9915986479611618,1.0,0.5714285714285714,1.0,0.9915986479611618,1.0,20260818
no_retained_fear_memory,52,Ext2,L-Ext,3,24,B,True,4.462855952436229e-05,0.13844534080979798,0.0004932367595029685,0.13844534080979798,0.0027564584797928403,0.7737031482558847,0.0004932367595029685,0.0004932367595029685,0.10531888599336503,0.00020157421459876534,0.06587281496264441,0.0006359274521583278,0.001967042907099141,0.49172013521799024,5.463985097989148e-05,0.00031550024412385635,0.4871938170571956,0.001967042907099141,0.17843192187906606,2.8200000000000003,0.9911998604460481,1.0,0.5714285714285714,1.0,0.9911998604460481,1.0,20260818
no_retained_fear_memory,53,Ext2,L-Ext,3,25,B,True,4.426711961369456e-05,0.13844534080979798,0.0004892418892885608,0.13844534080979798,0.0027341941502236973,0.7737204218517159,0.0004892418892885608,0.0004892418892885608,0.10531888599336503,0.00019994181905091946,0.06587281496264441,0.0006305083572947203,0.0019517245199776926,0.49172013521799024,5.417509602137319e-05,0.000312945181046409,0.4871938170571956,0.0019517245199776926,0.17771800963604947,2.8200000000000003,0.9908008304339572,1.0,0.5714285714285714,1.0,0.9908008304339572,1.0,20260818
no_retained_fear_memory,54,E-Ret,E-Ret,4,1,B,False,4.393809704139606e-05,0.13844534080979798,0.0004856053198295518,0.13844534080979798,0.0027139258486776918,0.7737361468457249,0.0004856053198295518,0.0004856053198295518,0.10531888599336503,0.00019845583037303438,0.06587281496264441,0.0006255548932710087,0.0019378258890421708,0.49172013521799024,5.375034405312138e-05,0.00031061927833186953,0.4871938170571956,0.0019378258890421708,0.17706644112607406,2.8200000000000003,0.9904016064242844,1.0,0.5714285714285714,1.0,0.9904016064242844,1.0,20260818
no_retained_fear_memory,55,E-Ret,E-Ret,4,2,B,False,4.393809704139606e-05,0.13844534080979798,0.0004856053198295518,0.13844534080979798,0.0027139258486776918,0.7737361468457249,0.0004856053198295518,0.0004856053198295518,0.10531888599336503,0.00019845583037303438,0.06587281496264441,0.0006255548932710087,0.0019378258890421708,0.49172013521799024,5.375034405312138e-05,0.00031061927833186953,0.4871938170571956,0.0019378258890421708,0.17706644112607406,2.8200000000000003,0.9904016064242844,1.0,0.5714285714285714,1.0,0.9904016064242844,1.0,20260818
no_retained_fear_memory,56,E-Ret,E-Ret,4,3,B,False,4.393809704139606e-05,0.13844534080979798,0.0004856053198295518,0.13844534080979798,0.0027139258486776918,0.7737361468457249,0.0004856053198295518,0.0004856053198295518,0.10531888599336503,0.00019845583037303438,0.06587281496264441,0.0006255548932710087,0.0019378258890421708,0.49172013521799024,5.375034405312138e-05,0.00031061927833186953,0.4871938170571956,0.0019378258890421708,0.17706644112607406,2.8200000000000003,0.9904016064242844,1.0,0.5714285714285714,1.0,0.9904016064242844,1.0,20260818
no_retained_fear_memory,57,E-Ret,E-Ret,4,4,B,False,4.393809704139606e-05,0.13844534080979798,0.0004856053198295518,0.13844534080979798,0.0027139258486776918,0.7737361468457249,0.0004856053198295518,0.0004856053198295518,0.10531888599336503,0.00019845583037303438,0.06587281496264441,0.0006255548932710087,0.0019378258890421708,0.49172013521799024,5.375034405312138e-05,0.00031061927833186953,0.4871938170571956,0.0019378258890421708,0.17706644112607406,2.8200000000000003,0.9904016064242844,1.0,0.5714285714285714,1.0,0.9904016064242844,1.0,20260818
no_retained_fear_memory,58,E-Ret,E-Ret,4,5,B,False,4.393809704139606e-05,0.13844534080979798,0.0004856053198295518,0.13844534080979798,0.0027139258486776918,0.7737361468457249,0.0004856053198295518,0.0004856053198295518,0.10531888599336503,0.00019845583037303438,0.06587281496264441,0.0006255548932710087,0.0019378258890421708,0.49172013521799024,5.375034405312138e-05,0.00031061927833186953,0.4871938170571956,0.0019378258890421708,0.17706644112607406,2.8200000000000003,0.9904016064242844,1.0,0.5714285714285714,1.0,0.9904016064242844,1.0,20260818
no_retained_fear_memory,59,F-Ren,F-Ren,5,1,A,False,0.0003369600138392048,0.0,0.003725456447029374,0.0,0.08520108764427717,0.0,0.0,0.003725456447029374,0.0,0.0015211910352225244,0.0,0.004677318171905893,0.02000990892009987,0.39033817861529113,0.3751802671909512,0.0023813562852877945,0.12490910631891254,0.02000990892009987,0.417408612764872,2.8200000000000003,0.9904016064242844,1.0,1.3470604919674372,0.0,0.9904016064242844,1.0,20260818
no_retained_fear_memory,60,F-Ren,F-Ren,5,2,A,False,0.0003369600138392048,0.0,0.003725456447029374,0.0,0.08520108764427717,0.0,0.0,0.003725456447029374,0.0,0.0015211910352225244,0.0,0.004677318171905893,0.02000990892009987,0.39033817861529113,0.3751802671909512,0.0023813562852877945,0.12490910631891254,0.02000990892009987,0.417408612764872,2.8200000000000003,0.9904016064242844,1.0,1.3470604919674372,0.0,0.9904016064242844,1.0,20260818
no_retained_fear_memory,61,F-Ren,F-Ren,5,3,A,False,0.0003369600138392048,0.0,0.003725456447029374,0.0,0.08520108764427717,0.0,0.0,0.003725456447029374,0.0,0.0015211910352225244,0.0,0.004677318171905893,0.02000990892009987,0.39033817861529113,0.3751802671909512,0.0023813562852877945,0.12490910631891254,0.02000990892009987,0.417408612764872,2.8200000000000003,0.9904016064242844,1.0,1.3470604919674372,0.0,0.9904016064242844,1.0,20260818
no_retained_fear_memory,62,F-Ren,F-Ren,5,4,A,False,0.0003369600138392048,0.0,0.003725456447029374,0.0,0.08520108764427717,0.0,0.0,0.003725456447029374,0.0,0.0015211910352225244,0.0,0.004677318171905893,0.02000990892009987,0.39033817861529113,0.3751802671909512,0.0023813562852877945,0.12490910631891254,0.02000990892009987,0.417408612764872,2.8200000000000003,0.9904016064242844,1.0,1.3470604919674372,0.0,0.9904016064242844,1.0,20260818
no_retained_fear_memory,63,F-Ren,F-Ren,5,5,A,False,0.0003369600138392048,0.0,0.003725456447029374,0.0,0.08520108764427717,0.0,0.0,0.003725456447029374,0.0,0.0015211910352225244,0.0,0.004677318171905893,0.02000990892009987,0.39033817861529113,0.3751802671909512,0.0023813562852877945,0.12490910631891254,0.02000990892009987,0.417408612764872,2.8200000000000003,0.9904016064242844,1.0,1.3470604919674372,0.0,0.9904016064242844,1.0,20260818
no_context_reinstatement,0,Pre-Con,Pre-Con,0,1,A,False,0.0,0.0,0.0,0.0,0.0,0.0,0.0,0.0,0.0,0.0,0.0,0.0,0.00653119496947252,0.004036710768538954,0.3842523215571083,0.0,0.0,0.00653119496947252,,,0.0,0.0,,,0.0,0.0,20260818
no_context_reinstatement,1,F-Con,F-Con,1,1,A,True,0.08328698219138453,0.0,0.7998359770879381,0.0,0.9523716522139278,0.0,0.0,0.7998359770879381,0.0,0.27872687616858605,0.0,0.7165859895183705,0.00653119496947252,0.004036710768538954,0.3842523215571083,0.4215770703060906,0.0,0.00653119496947252,0.28,0.22,0.0,0.0,1.0,0.0,0.0,0.0,20260818
no_context_reinstatement,2,F-Con,F-Con,1,2,A,True,0.08328698219138453,0.0,0.7998359770879381,0.0,0.9523716522139278,0.0,0.0,0.7998359770879381,0.0,0.27872687616858605,0.0,0.5805372048907905,0.1986622902493556,0.004036710768538954,0.3842523215571083,0.4215770703060906,0.0,0.1986622902493556,0.28,0.22,0.0,0.0,1.0,0.0,0.0,0.0,20260818
no_context_reinstatement,3,F-Con,F-Con,1,3,A,True,0.08429029614292105,0.0,0.8070300068909039,0.0,0.9527761712399972,0.0,0.0,0.8070300068909039,0.0,0.28194677084665154,0.0,0.5997601495783692,0.31260751976175133,0.004036710768538954,0.3842523215571083,0.42644167451621484,0.0,0.31260751976175133,1.4112238189449247,0.22,0.6486806466878341,0.0,1.0,0.0,0.0,0.0,20260818
no_context_reinstatement,4,Ext1,E-Ext,2,1,B,True,0.006338182123501457,0.0,0.07060627219884141,0.0,0.6383568562179696,0.0,0.0,0.07060627219884141,0.0,0.028320583843529756,0.0,0.08417006343792927,0.25072459944867925,0.004036710768538954,0.0,0.04449160210727965,0.48524435617492145,0.25072459944867925,2.157982476650353,0.22,1.0,0.0,1.0,1.0,0.0,0.0,20260818
no_context_reinstatement,5,Ext1,E-Ext,2,2,B,True,0.006866124735382728,0.0,0.07653862453876537,0.0,0.6567661566428182,0.0,0.0,0.07653862453876537,0.0,0.030651687527312177,0.0,0.09057398267984937,0.26896567814094036,0.004036710768538954,0.0,0.04816850346546553,0.48524435617492145,0.26896567814094036,2.2502668201322615,0.22,1.0,0.0,1.0,1.0,0.0,0.0,20260818
no_context_reinstatement,6,Ext1,E-Ext,2,3,B,True,0.007406760308517724,0.0,0.08262186302770724,0.0,0.6737938976594922,0.0,0.0,0.08262186302770724,0.0,0.033034399808976045,0.0,0.09703906282631944,0.2872483800431978,0.011056016955004211,0.0,0.05192911665314326,0.4792927906814628,0.2872483800431978,2.3416953843857273,0.22,1.0,0.0,1.0,1.0,0.0,0.0,20260818
no_context_reinstatement,7,Ext1,E-Ext,2,4,B,True,0.007959771886432154,0.0,0.08885302683304896,0.0,0.6895687980087047,0.0,0.0,0.08885302683304896,0.0,0.035467013031956984,0.0,0.10355588755292147,0.30553959111972007,0.03138608000674985,0.0,0.0557708932537867,0.4621186090596081,0.30553959111972007,2.4323728523869823,0.22,1.0,0.0,1.0,1.0,0.0,0.0,20260818
no_context_reinstatement,8,Ext1,E-Ext,2,5,B,True,0.008524770974307927,0.0,0.09522834404449221,0.0,0.7042040240702837,0.0,0.0,0.09522834404449221,0.0,0.037947509566864435,0.0,0.11011441332332969,0.3238049674159831,0.07133577941293712,0.0,0.05969079075150907,0.42868294477964497,0.3238049674159831,2.5223782394722356,0.22,1.0,0.0,1.0,1.0,0.0,0.0,20260818
no_context_reinstatement,9,Ext1,Ext1,2,6,B,True,0.009101283039239627,0.0,0.10174306069799832,0.0,0.717799236145852,0.0,0.0,0.10174306069799832,0.0,0.040473502107839066,0.0,0.1167038826454569,0.3420088106247383,0.1254805532512948,0.0,0.06368517611843916,0.3842177004149573,0.3420088106247383,2.611766895568948,0.22,1.0,0.0,1.0,1.0,0.0,0.0,20260818
no_context_reinstatement,10,Ext1,Ext1,2,7,B,True,0.009640030921327702,0.0,0.10783972317198287,0.0,0.7294367228118538,0.0,0.0,0.10783972317198287,0.0,0.04282942226276554,0.0,0.1227688763273406,0.3586298848723991,0.1257372307887064,0.0,0.06741297757007014,0.38428596601723913,0.3586298848723991,2.693291135859827,0.22937187801858083,1.0,0.010133884436773048,0.9973038624577653,1.0,0.0,0.010133884436773048,20260818
no_context_reinstatement,11,Ext1,Ext1,2,8,B,True,0.010117834208659193,0.0,0.11325375909533919,0.0,0.7389949829869035,0.0,0.0,0.11325375909533919,0.0,0.04491511034356699,0.0,0.12807344783951174,0.3730595284312385,0.12634288212880954,0.0,0.07071508118873227,0.38444706081780045,0.3730595284312385,2.7641200668453116,0.25010761448239494,1.0,0.030469233174460257,0.9913898890629849,1.0,0.0,0.030469233174460257,20260818
no_context_reinstatement,12,Ext1,Ext1,2,9,B,True,0.010517834326093323,0.0,0.11779130453551812,0.0,0.7465006064957389,0.0,0.0,0.11779130453551812,0.0,0.04665848366889158,0.0,0.1324609702613409,0.3849173204287461,0.12740237251442482,0.0,0.07347658831318293,0.3847289266372748,0.3849173204287461,2.8224359657690767,0.2827783492345102,1.0,0.06004627466001505,0.982212968624904,1.0,0.0,0.06004627466001505,20260818
no_context_reinstatement,13,Ext1,Ext1,2,10,B,True,0.010826451699779915,0.0,0.12129540302424036,0.0,0.7520078114440212,0.0,0.0,0.12129540302424036,0.0,0.04800189558490564,0.0,0.1358131882544535,0.3939291710679725,0.1290659445543326,0.0,0.07560540172498942,0.3851716462833068,0.3939291710679725,2.866859072093644,0.3276340387827559,1.0,0.0980464558330073,0.9698866861932864,1.0,0.0,0.0980464558330073,20260818
no_context_reinstatement,14,Ext1,Ext1,2,11,B,True,0.011033732628730086,0.0,0.12365046931729218,0.0,0.7555766251886123,0.0,0.0,0.12365046931729218,0.0,0.048903370446551464,0.0,0.1380486650470953,0.3999155039038747,0.131532887136529,0.0,0.07703432014581713,0.38582848973868844,0.3999155039038747,2.896430693185574,0.38476893158318193,1.0,0.1437932973406087,0.9546270539225337,1.0,0.0,0.1437932973406087,20260818
no_context_reinstatement,15,Ext1,Ext1,2,12,B,True,0.011133244004512877,0.0,0.12478153492541155,0.0,0.7572543548759512,0.0,0.0,0.12478153492541155,0.0,0.04933591637993073,0.0,0.13911731602376523,0.40277056295802033,0.13505488298253454,0.0,0.0777200617832563,0.386766927781208,0.40277056295802033,2.910554323854581,0.4542756255221113,1.0,0.19675805245179293,0.9366983846204319,1.0,0.0,0.19675805245179293,20260818
no_context_reinstatement,16,Ext1,Ext1,2,13,B,True,0.011121595969536546,0.0,0.12464912614113866,0.0,0.7570591418401355,0.0,0.0,0.12464912614113866,0.0,0.04928529372569257,0.0,0.13899238043220097,0.40243700224541024,0.13994336945964253,0.0,0.07763980264124859,0.38807079858344234,0.40243700224541024,2.9089035320944774,0.5363977412140669,1.0,0.25657002300467263,0.9163646961561217,1.0,0.0,0.25657002300467263,20260818
no_context_reinstatement,17,Ext1,Ext1,2,14,B,True,0.010997736733084351,0.003351063808639476,0.1232414042582155,0.003351063808639476,0.7397777683968141,0.02011533803133684,0.003351063808639476,0.1232414042582155,0.0024642137582522317,0.048746869778638624,0.0015755786689986007,0.1376613785600266,0.39887974521598046,0.14658536273049155,0.0,0.07678622880602559,0.3898448706331918,0.39887974521598046,2.89131023123858,0.6316915876250407,1.0,0.3230318004525869,0.8938490050088921,1.0,0.0,0.3230318004525869,20260818
no_context_reinstatement,18,Ext1,Ext1,2,15,B,True,0.01071803373052116,0.005484438324155239,0.1200640888805693,0.005484438324155239,0.7252501179433194,0.033128886235109435,0.005484438324155239,0.1200640888805693,0.004035100779417489,0.047530118310307956,0.002579114295379159,0.13463880445773327,0.39077680758711203,0.15547280021596424,0.0,0.07485772453751927,0.3922232630707944,0.39077680758711203,2.851307839087695,0.7412109348990858,1.0,0.3961405169430844,0.8693011704535656,1.0,0.0,0.3961405169430844,20260818
no_context_reinstatement,19,Ext1,Ext1,2,16,B,True,0.010119032977874975,0.008740743903677406,0.11326735080943107,0.008740743903677406,0.6991462433405577,0.053952513417035886,0.008740743903677406,0.11326735080943107,0.006436011110974915,0.044920338761894496,0.004111597177784532,0.128086669233407,0.3730953665692632,0.16725202187731678,0.0,0.07072336115961053,0.39538372053181403,0.3730953665692632,2.7642961320105757,0.8667372971830231,1.0,0.4761174304552753,0.842773210978834,1.0,0.0,0.4761174304552753,20260818
no_context_reinstatement,20,Ext1,Ext1,2,17,B,True,0.009488693097780998,0.013681108952076304,0.1061262812284145,0.013681108952076304,0.6640886952008451,0.08560998922906186,0.013681108952076304,0.1061262812284145,0.01008592461750557,0.042168078385190766,0.006438301031353788,0.12107418644607587,0.3539986878540489,0.18280313968221942,0.0,0.0663662958169301,0.3995708278156475,0.3539986878540489,2.670574997577674,1.0110930581043471,1.0,0.5634499431740698,0.8141996943834372,1.0,0.0,0.5634499431740698,20260818
no_context_reinstatement,21,Ext1,Ext1,2,18,B,True,0.008826718552733426,0.021159285516966886,0.0986392226506716,0.021159285516966886,0.6172724875953971,0.13241228444241476,0.021159285516966886,0.0986392226506716,0.015627647256165167,0.039271131412875304,0.009964040374423333,0.11357851228274524,0.3333934465839487,0.20336432168232493,0.0,0.06178352557134037,0.40513321990504536,0.3333934465839487,2.5694869905447852,1.1786005981642198,1.0,0.6589527217914009,0.7833801800441418,1.0,0.0,0.6589527217914009,20260818
no_context_reinstatement,22,Ext1,Ext1,2,19,B,True,0.008130718098656842,0.0324809888052614,0.0907809740927703,0.0324809888052614,0.5560448525874288,0.1989501303836951,0.0324809888052614,0.0907809740927703,0.024056627729832747,0.03621802936020879,0.015310695749747305,0.10555080856405805,0.3111107291060114,0.230723175706341,0.0,0.056957448621914986,0.41258305133984796,0.3111107291060114,2.459872218154448,1.375795663997672,1.0,0.763858398907373,0.7499610421202585,1.0,0.0,0.763858398907373,20260818
no_context_reinstatement,23,Ext1,Ext1,2,20,B,True,0.007396606863967481,0.049645949920405275,0.08250753919714326,0.049645949920405275,0.47926730744798374,0.2883818978917494,0.049645949920405275,0.08250753919714326,0.03692654023498343,0.03298969246784178,0.02343712549738819,0.0969185049233885,0.286908689045476,0.26750175136516174,0.0,0.05185853399223306,0.42269025574147845,0.286908689045476,2.340004686204563,1.612582861209127,1.0,0.8799539756701181,0.7134160628672447,1.0,0.0,0.8799539756701181,20260818
no_context_reinstatement,24,Ext1,Ext1,2,21,B,True,0.006646885091810439,0.0738387856314453,0.07407412005803926,0.0738387856314453,0.39419389416734657,0.3929415351251058,0.0738387856314453,0.07407412005803926,0.05525446006406187,0.029684165881562308,0.03493254086714492,0.08792553562991526,0.26143746598941575,0.3146249002882216,0.0,0.04664213891640101,0.43580788995246644,0.26143746598941575,2.2123259433906113,1.887837047224029,1.0,1.0,0.6751707389534213,1.0,0.0,1.0,20260818
no_context_reinstatement,25,Ext1,Ext1,2,22,B,True,0.006337784541806557,0.08017272044980983,0.07060180767517155,0.08017272044980983,0.3700798443538461,0.4202485585354801,0.07060180767517155,0.07060180767517155,0.06008992602783925,0.028318826728361723,0.037950269354529054,0.08416520683947054,0.25071071690658614,0.3337419868343502,0.0,0.044488831413702745,0.44118745720389807,0.25071071690658614,2.1579117624795017,1.9937432307999774,1.0,1.0,0.661525860475637,1.0,0.0,1.0,20260818
no_context_reinstatement,26,Ext1,Ext1,2,23,B,True,0.006031898335834618,0.08686633591353465,0.06716828572329359,0.08686633591353465,0.34616649934263527,0.4476847233795271,0.06716828572329359,0.06716828572329359,0.0652168830313703,0.026966240700508237,0.041143034049493266,0.08041348605022286,0.23996456850039177,0.3535193969573022,0.0,0.04235639342150521,0.4467904863388122,0.23996456850039177,2.1029246558413552,2.100888449173076,1.0,1.0,0.6482713299014378,1.0,0.0,1.0,20260818
no_context_reinstatement,27,Ext1,Ext1,2,24,B,True,0.005729564391406372,0.09393837108653869,0.06377725461039363,0.09393837108653869,0.322570633381068,0.47511859902530806,0.06377725461039363,0.06377725461039363,0.07065268482142584,0.025627949459973154,0.044520405568615584,0.07666865236166484,0.22922632834610293,0.3739447054667095,0.0,0.04024723327203439,0.4526192527200616,0.22922632834610293,2.0473951589672668,2.2095574070929467,0.9999209420771187,1.0,0.6353600255053232,1.0,0.0,1.0,20260818
no_context_reinstatement,28,Ext1,Ext1,2,25,B,True,0.005432257514533245,0.10140699566283728,0.060445141463710717,0.10140699566283728,0.2994525711948028,0.5023825712544315,0.060445141463710717,0.060445141463710717,0.07641465694927474,0.024310540740324904,0.04809176440281715,0.07295226259281756,0.2185492901977835,0.3949963303641781,0.0,0.03817170462584418,0.4586739944718797,0.2185492901977835,1.9915388571154609,2.3199986501264522,0.9997776957388137,1.0,0.6227546420311411,1.0,0.0,1.0,20260818
no_context_reinstatement,29,Ext2,Ext2,3,1,B,True,0.005141332179027014,0.10928898877653037,0.057186978623401274,0.10928898877653037,0.27696675474406907,0.5293060986843283,0.057186978623401274,0.057186978623401274,0.08251948958423538,0.023020094261526736,0.05186591223299453,0.0692844882919318,0.20798548103391942,0.4166412088060523,0.0,0.036139347298995594,0.4649522179591124,0.20798548103391942,1.935569903396947,2.4324225143431604,0.9995830986681696,1.0,0.6104265237212284,1.0,0.0,1.0,20260818
no_context_reinstatement,30,Ext2,Ext2,3,2,B,True,0.0048580074002709805,0.11759880950961488,0.05401624182730369,0.11759880950961488,0.255257088217713,0.5557204403309779,0.05401624182730369,0.05401624182730369,0.0889825311224669,0.02176211061992006,0.05585062784787054,0.06568384634543753,0.1975848039243934,0.43883263144306567,0.0,0.03415877728528338,0.47144800240850676,0.1975848039243934,1.8796987677237462,2.5469978429180293,0.9993474210116544,1.0,0.5983547478338828,1.0,0.0,1.0,20260818
no_context_reinstatement,31,Ext2,Ext2,3,3,B,True,0.004583365463705302,0.12634756048989115,0.05094484409526634,0.12634756048989115,0.2344529446048857,0.581463308536287,0.05094484409526634,0.05094484409526634,0.09581697747123785,0.020541501314915944,0.06005216706062144,0.0621671838318021,0.187394484239617,0.4615083614642371,0.0,0.032237673260389954,0.47815132998127,0.187394484239617,1.824131890904635,2.6638476909631956,0.9990788788864422,1.0,0.5865253778110798,1.0,0.0,1.0,20260818
no_context_reinstatement,32,Ext2,Ext2,3,4,B,True,0.0043183502863965995,0.13554186138307056,0.04798312546752104,0.13554186138307056,0.21466560022479222,0.6063834889012625,0.04798312546752104,0.04798312546752104,0.10303296296747333,0.01936257714048517,0.06447471326972376,0.05874963904775447,0.17745851749209182,0.4845892069304564,0.0,0.030382760543512743,0.485047480788276,0.17745851749209182,1.7690710166562487,2.7830442959409463,0.9987840451862725,1.0,0.5749308197631201,1.0,0.0,1.0,20260818
no_context_reinstatement,33,Ext2,Ext2,3,5,B,True,0.004174718036752401,0.13844534080979798,0.04637876894713766,0.13844534080979798,0.20628912529567756,0.6157940131931382,0.04637876894713766,0.04637876894713766,0.10531888599336503,0.018723175440540807,0.06587281496264441,0.05687876526301868,0.17204744984675113,0.49172013521799024,0.0,0.029376969376776918,0.4871938170571956,0.17204744984675113,1.7386249942188714,2.8200000000000003,0.9984681782261368,1.0,0.5714285714285714,1.0,0.0,1.0,20260818
no_context_reinstatement,34,Ext2,Ext2,3,6,B,True,0.004085199768265491,0.13844534080979798,0.04537915391757119,0.13844534080979798,0.20274435991845108,0.6185441900737102,0.04537915391757119,0.04537915391757119,0.10531888599336503,0.01832451017380521,0.06587281496264441,0.05570159980900334,0.16867438998978324,0.49172013521799024,0.0,0.028749946659318182,0.4871938170571956,0.16867438998978324,1.7194404591303765,2.8200000000000003,0.9981354846580281,1.0,0.5714285714285714,1.0,0.0,1.0,20260818
no_context_reinstatement,35,Ext2,Ext2,3,7,B,True,0.004001020507531372,0.13844534080979798,0.044439363493741335,0.13844534080979798,0.1993827419992932,0.6211522735147129,0.044439363493741335,0.044439363493741335,0.10531888599336503,0.01794950945618312,0.06587281496264441,0.054590981601566196,0.16549426384058727,0.49172013521799024,0.0,0.028160203549337903,0.4871938170571956,0.16549426384058727,1.7012300391226454,2.8200000000000003,0.9977893298035413,1.0,0.5714285714285714,1.0,0.0,1.0,20260818
no_context_reinstatement,36,Ext2,Ext2,3,8,B,True,0.0039218589417050476,0.13844534080979798,0.04355577351027151,0.13844534080979798,0.19619619317529682,0.6236245310471495,0.04355577351027151,0.04355577351027151,0.10531888599336503,0.017596762044969183,0.06587281496264441,0.05354332028467706,0.16249642522311109,0.49172013521799024,0.0,0.02760550999223188,0.4871938170571956,0.16249642522311109,1.6839498037222542,2.8200000000000003,0.9974324059199517,1.0,0.5714285714285714,1.0,0.0,1.0,20260818
no_context_reinstatement,37,Ext2,Ext2,3,9,B,True,0.0038474102471148797,0.13844534080979798,0.04272494891531042,0.13844534080979798,0.19317670998402667,0.6259671720911117,0.04272494891531042,0.04272494891531042,0.10531888599336503,0.017264927426261623,0.06587281496264441,0.052555137639719474,0.15967068325649753,0.49172013521799024,0.0,0.02708374859928575,0.4871938170571956,0.15967068325649753,1.6675568169402155,2.8200000000000003,0.9970668668130801,1.0,0.5714285714285714,1.0,0.0,1.0,20260818
no_context_reinstatement,38,Ext2,Ext2,3,10,B,True,0.0037773859861792713,0.13844534080979798,0.04194364201134837,0.13844534080979798,0.19031641906250438,0.6281863051301044,0.04194364201134837,0.04194364201134837,0.10531888599336503,0.01695273568386446,0.06587281496264441,0.05162308399112081,0.1570073090717198,0.49172013521799024,0.0,0.026592914270948342,0.4871938170571956,0.1570073090717198,1.6520092846692391,2.8200000000000003,0.9966944355275829,1.0,0.5714285714285714,1.0,0.0,1.0,20260818
no_context_reinstatement,39,Ext2,Ext2,3,11,B,True,0.0037115137912410168,0.13844534080979798,0.041208788379306194,0.13844534080979798,0.18760761990423958,0.6302879045383568,0.041208788379306194,0.041208788379306194,0.10531888599336503,0.016658986385824748,0.06587281496264441,0.050743948618778616,0.15449703592603126,0.49172013521799024,0.0,0.0261311122919764,0.4871938170571956,0.15449703592603126,1.63726666169289,2.8200000000000003,0.996316490499185,1.0,0.5714285714285714,1.0,0.0,1.0,20260818
no_context_reinstatement,40,Ext2,Ext2,3,12,B,True,0.003649536898985728,0.13844534080979798,0.0405175011934501,0.13844534080979798,0.1850428174148793,0.6322777853227913,0.0405175011934501,0.0405175011934501,0.10531888599336503,0.01638254677386697,0.06587281496264441,0.049914665623536414,0.15213105425308468,0.49172013521799024,0.0,0.025696555346367278,0.4871938170571956,0.15213105425308468,1.623289726620725,2.8200000000000003,0.9959341344764667,1.0,0.5714285714285714,1.0,0.0,1.0,20260818
no_context_reinstatement,41,Ext2,Ext2,3,13,B,True,0.003591213583574171,0.13844534080979798,0.039867064460230695,0.13844534080979798,0.18261474610624842,0.634161584352278,0.039867064460230695,0.039867064460230695,0.10531888599336503,0.01612234947227975,0.06587281496264441,0.04913231636583292,0.14990100287645236,0.49172013521799024,0.0,0.0252875597916139,0.4871938170571956,0.14990100287645236,1.6100406313020013,2.8200000000000003,0.9955482496582921,1.0,0.5714285714285714,1.0,0.0,1.0,20260818
no_context_reinstatement,42,Ext2,Ext2,3,14,B,True,0.003536316524737737,0.13844534080979798,0.03925492558118959,0.13844534080979798,0.1803163874438634,0.6359447468987084,0.03925492558118959,0.03925492558118959,0.10531888599336503,0.015877389880160186,0.06587281496264441,0.048394129344720295,0.14779895736654416,0.49172013521799024,0.0,0.02490254144887738,0.4871938170571956,0.14779895736654416,1.5974829299027624,2.8200000000000003,0.9951595418037524,1.0,0.5714285714285714,1.0,0.0,1.0,20260818
no_context_reinstatement,43,Ext2,Ext2,3,15,B,True,0.0034846321380230805,0.13844534080979798,0.038678687538691414,0.13844534080979798,0.17814098159882688,0.6376325175193867,0.038678687538691414,0.038678687538691414,0.10531888599336503,0.015646723370585924,0.06587281496264441,0.04769747818815432,0.1458174163225152,0.49172013521799024,0.0,0.024540011102177184,0.4871938170571956,0.1458174163225152,1.585581591766482,2.8200000000000003,0.9947685755201207,1.0,0.5714285714285714,1.0,0.0,1.0,20260818
no_context_reinstatement,44,Ext2,Ext2,3,16,B,True,0.0034359598874255104,0.13844534080979798,0.03813610092590869,0.13844534080979798,0.1760820346391728,0.6392299344776834,0.03813610092590869,0.03813610092590869,0.10531888599336503,0.015429462389329962,0.06587281496264441,0.04703987827301993,0.143949286201531,0.49172013521799024,0.0,0.024198569851029528,0.4871938170571956,0.143949286201531,1.5743030013473462,2.8200000000000003,0.9943758024932152,1.0,0.5714285714285714,1.0,0.0,1.0,20260818
no_context_reinstatement,45,Ext2,Ext2,3,17,B,True,0.003390111595359624,0.13844534080979798,0.03762505598351651,0.13844534080979798,0.1741333220186907,0.6407418270362599,0.03762505598351651,0.03762505598351651,0.10531888599336503,0.015224773522007795,0.06587281496264441,0.04641898237487284,0.14218786518968562,0.49172013521799024,0.0,0.02387690442369328,0.4871938170571956,0.14218786518968562,1.5636149478543802,2.8200000000000003,0.9939815840716909,1.0,0.5714285714285714,1.0,0.0,1.0,20260818
no_context_reinstatement,46,Ext2,Ext2,3,18,B,True,0.003346910760848587,0.13844534080979798,0.03714357476060981,0.13844534080979798,0.17228888907546513,0.6421728150702813,0.03714357476060981,0.03714357476060981,0.10531888599336503,0.015031874580328619,0.06587281496264441,0.04583257565523391,0.14052682650570125,0.49172013521799024,0.0,0.023573782529608733,0.4871938170571956,0.14052682650570125,1.5534866067329012,2.8200000000000003,0.9935862093344714,1.0,0.5714285714285714,1.0,0.0,1.0,20260818
no_context_reinstatement,47,Ext2,Ext2,3,19,B,True,0.003306191893734489,0.13844534080979798,0.03668980348314843,0.13844534080979798,0.17054304913189106,0.6435273105415029,0.03668980348314843,0.03668980348314843,0.10531888599336503,0.01485003174416788,0.06587281496264441,0.04527857022255394,0.13896020144530336,0.49172013521799024,0.0,0.023288048307753106,0.4871938170571956,0.13896020144530336,1.5438885147057606,2.8200000000000003,0.9931899095446959,1.0,0.5714285714285714,1.0,0.0,1.0,20260818
no_context_reinstatement,48,Ext2,Ext2,3,20,B,True,0.0032677998703405375,0.13844534080979798,0.036262005187254975,0.13844534080979798,0.16889037968804618,0.6448095204516117,0.036262005187254975,0.036262005187254975,0.10531888599336503,0.014678556785490793,0.06587281496264441,0.044754999447122856,0.137482362406968,0.49172013521799024,0.0,0.02301861791091231,0.4871938170571956,0.137482362406968,1.534792539776288,2.8200000000000003,0.9927928697128754,1.0,0.5714285714285714,1.0,0.0,1.0,20260818
no_context_reinstatement,49,Ext2,L-Ext,3,21,B,True,0.003231589314233063,0.13844534080979798,0.03585855265501492,0.13844534080979798,0.16732571711723299,0.6460234509576452,0.03585855265501492,0.03585855265501492,0.10531888599336503,0.014516804391997873,0.06587281496264441,0.04426001216670371,0.13608800608545105,0.49172013521799024,0.0,0.022764475253131744,0.4871938170571956,0.13608800608545105,1.5261718473391759,2.8200000000000003,0.992395237847419,1.0,0.5714285714285714,1.0,0.0,1.0,20260818
no_context_reinstatement,50,Ext2,L-Ext,3,22,B,True,0.003197424004369176,0.13844534080979798,0.03547792167560149,0.13844534080979798,0.16584415020326693,0.6471729123860339,0.03547792167560149,0.03547792167560149,0.10531888599336503,0.01436416960214193,0.06587281496264441,0.0437918668857907,0.13477213697566398,0.49172013521799024,0.0,0.022524667937905085,0.4871938170571956,0.13477213697566398,1.5180008633404047,2.8200000000000003,0.9919971323550539,1.0,0.5714285714285714,1.0,0.0,1.0,20260818
no_context_reinstatement,51,Ext2,L-Ext,3,23,B,True,0.0031651763118963894,0.13844534080979798,0.03511868464343526,0.13844534080979798,0.16444101280122028,0.648261524926702,0.03511868464343526,0.03511868464343526,0.10531888599336503,0.014220085358454981,0.06587281496264441,0.04334892604501918,0.13353005129408346,0.49172013521799024,0.0,0.022298303377342288,0.4871938170571956,0.13353005129408346,1.5102552352617333,2.8200000000000003,0.9915986479611618,1.0,0.5714285714285714,1.0,0.0,1.0,20260818
no_context_reinstatement,52,Ext2,L-Ext,3,24,B,True,0.0031347266661047035,0.13844534080979798,0.03477950449683742,0.13844534080979798,0.16311187585490586,0.6492927248262361,0.03477950449683742,0.03477950449683742,0.10531888599336503,0.014084020182579149,0.06587281496264441,0.0429296504167293,0.13235732139635642,0.49172013521799024,0.0,0.022084545107038944,0.4871938170571956,0.13235732139635642,1.5029117915707038,2.8200000000000003,0.9911998604460481,1.0,0.5714285714285714,1.0,0.0,1.0,20260818
no_context_reinstatement,53,Ext2,L-Ext,3,25,B,True,0.0031059630494664203,0.13844534080979798,0.03445912899457315,0.13844534080979798,0.16185253896377177,0.650269770930641,0.03445912899457315,0.03445912899457315,0.10531888599336503,0.013955475972732834,0.06587281496264441,0.042532593666754576,0.13124978074684512,0.49172013521799024,0.0,0.02188260929727648,0.4871938170571956,0.13124978074684512,1.495948500167065,2.8200000000000003,0.9908008304339572,1.0,0.5714285714285714,1.0,0.0,1.0,20260818
no_context_reinstatement,54,E-Ret,E-Ret,4,1,B,False,0.003078780521290403,0.13844534080979798,0.03415638532331,0.13844534080979798,0.1606590216578251,0.6511957514546172,0.03415638532331,0.03415638532331,0.10531888599336503,0.013833985922397485,0.06587281496264441,0.042156397110149776,0.13020350947747622,0.49172013521799024,0.0,0.021691761458164427,0.4871938170571956,0.13020350947747622,1.4893444262658868,2.8200000000000003,0.9904016064242844,1.0,0.5714285714285714,1.0,0.0,1.0,20260818
no_context_reinstatement,55,E-Ret,E-Ret,4,2,B,False,0.003078780521290403,0.13844534080979798,0.03415638532331,0.13844534080979798,0.1606590216578251,0.6511957514546172,0.03415638532331,0.03415638532331,0.10531888599336503,0.013833985922397485,0.06587281496264441,0.042156397110149776,0.13020350947747622,0.49172013521799024,0.0,0.021691761458164427,0.4871938170571956,0.13020350947747622,1.4893444262658868,2.8200000000000003,0.9904016064242844,1.0,0.5714285714285714,1.0,0.0,1.0,20260818
no_context_reinstatement,56,E-Ret,E-Ret,4,3,B,False,0.003078780521290403,0.13844534080979798,0.03415638532331,0.13844534080979798,0.1606590216578251,0.6511957514546172,0.03415638532331,0.03415638532331,0.10531888599336503,0.013833985922397485,0.06587281496264441,0.042156397110149776,0.13020350947747622,0.49172013521799024,0.0,0.021691761458164427,0.4871938170571956,0.13020350947747622,1.4893444262658868,2.8200000000000003,0.9904016064242844,1.0,0.5714285714285714,1.0,0.0,1.0,20260818
no_context_reinstatement,57,E-Ret,E-Ret,4,4,B,False,0.003078780521290403,0.13844534080979798,0.03415638532331,0.13844534080979798,0.1606590216578251,0.6511957514546172,0.03415638532331,0.03415638532331,0.10531888599336503,0.013833985922397485,0.06587281496264441,0.042156397110149776,0.13020350947747622,0.49172013521799024,0.0,0.021691761458164427,0.4871938170571956,0.13020350947747622,1.4893444262658868,2.8200000000000003,0.9904016064242844,1.0,0.5714285714285714,1.0,0.0,1.0,20260818
no_context_reinstatement,58,E-Ret,E-Ret,4,5,B,False,0.003078780521290403,0.13844534080979798,0.03415638532331,0.13844534080979798,0.1606590216578251,0.6511957514546172,0.03415638532331,0.03415638532331,0.10531888599336503,0.013833985922397485,0.06587281496264441,0.042156397110149776,0.13020350947747622,0.49172013521799024,0.0,0.021691761458164427,0.4871938170571956,0.13020350947747622,1.4893444262658868,2.8200000000000003,0.9904016064242844,1.0,0.5714285714285714,1.0,0.0,1.0,20260818
no_context_reinstatement,59,F-Ren,F-Ren,5,1,A,False,0.00904016491134374,0.0,0.10105195695167357,0.0,0.7164165541233534,0.0,0.0,0.10105195695167357,0.0,0.04020595413105754,0.0,0.11475911592045475,0.34218356070357037,0.39033817861529113,0.3842523215571083,0.0632619752571576,0.12490910631891254,0.34218356070357037,2.606352745965302,2.8200000000000003,0.9904016064242844,1.0,1.0,0.0,0.0,1.0,20260818
no_context_reinstatement,60,F-Ren,F-Ren,5,2,A,False,0.00904016491134374,0.0,0.10105195695167357,0.0,0.7164165541233534,0.0,0.0,0.10105195695167357,0.0,0.04020595413105754,0.0,0.11475911592045475,0.34218356070357037,0.39033817861529113,0.3842523215571083,0.0632619752571576,0.12490910631891254,0.34218356070357037,2.606352745965302,2.8200000000000003,0.9904016064242844,1.0,1.0,0.0,0.0,1.0,20260818
no_context_reinstatement,61,F-Ren,F-Ren,5,3,A,False,0.00904016491134374,0.0,0.10105195695167357,0.0,0.7164165541233534,0.0,0.0,0.10105195695167357,0.0,0.04020595413105754,0.0,0.11475911592045475,0.34218356070357037,0.39033817861529113,0.3842523215571083,0.0632619752571576,0.12490910631891254,0.34218356070357037,2.606352745965302,2.8200000000000003,0.9904016064242844,1.0,1.0,0.0,0.0,1.0,20260818
no_context_reinstatement,62,F-Ren,F-Ren,5,4,A,False,0.00904016491134374,0.0,0.10105195695167357,0.0,0.7164165541233534,0.0,0.0,0.10105195695167357,0.0,0.04020595413105754,0.0,0.11475911592045475,0.34218356070357037,0.39033817861529113,0.3842523215571083,0.0632619752571576,0.12490910631891254,0.34218356070357037,2.606352745965302,2.8200000000000003,0.9904016064242844,1.0,1.0,0.0,0.0,1.0,20260818
no_context_reinstatement,63,F-Ren,F-Ren,5,5,A,False,0.00904016491134374,0.0,0.10105195695167357,0.0,0.7164165541233534,0.0,0.0,0.10105195695167357,0.0,0.04020595413105754,0.0,0.11475911592045475,0.34218356070357037,0.39033817861529113,0.3842523215571083,0.0632619752571576,0.12490910631891254,0.34218356070357037,2.606352745965302,2.8200000000000003,0.9904016064242844,1.0,1.0,0.0,0.0,1.0,20260818
frozen_plasticity,0,Pre-Con,Pre-Con,0,1,A,False,0.0,0.0,0.0,0.0,0.0,0.0,0.0,0.0,0.0,0.0,0.0,0.0,0.00653119496947252,0.004036710768538954,0.3842523215571083,0.0,0.0,0.00653119496947252,,,0.0,0.0,,,0.0,0.0,20260818
frozen_plasticity,1,F-Con,F-Con,1,1,A,True,0.08328698219138453,0.0,0.7998359770879381,0.0,0.9523716522139278,0.0,0.0,0.7998359770879381,0.0,0.27872687616858605,0.0,0.7165859895183705,0.00653119496947252,0.004036710768538954,0.3842523215571083,0.4215770703060906,0.0,0.00653119496947252,0.28,0.22,0.0,0.0,1.0,0.0,0.0,0.0,20260818
frozen_plasticity,2,F-Con,F-Con,1,2,A,True,0.08328698219138453,0.0,0.7998359770879381,0.0,0.9523716522139278,0.0,0.0,0.7998359770879381,0.0,0.27872687616858605,0.0,0.7165859895183705,0.00653119496947252,0.004036710768538954,0.3842523215571083,0.4215770703060906,0.0,0.00653119496947252,0.28,0.22,0.0,0.0,1.0,0.0,0.0,0.0,20260818
frozen_plasticity,3,F-Con,F-Con,1,3,A,True,0.08328698219138453,0.0,0.7998359770879381,0.0,0.9523716522139278,0.0,0.0,0.7998359770879381,0.0,0.27872687616858605,0.0,0.7165859895183705,0.00653119496947252,0.004036710768538954,0.3842523215571083,0.4215770703060906,0.0,0.00653119496947252,0.28,0.22,0.0,0.0,1.0,0.0,0.0,0.0,20260818
frozen_plasticity,4,Ext1,E-Ext,2,1,B,True,0.0,0.0,0.0,0.0,0.0,0.0,0.0,0.0,0.0,0.0,0.0,0.0,0.00653119496947252,0.004036710768538954,0.0,0.0,0.48524435617492145,0.00653119496947252,0.28,0.22,0.0,0.0,1.0,1.0,0.0,0.0,20260818
frozen_plasticity,5,Ext1,E-Ext,2,2,B,True,0.0,0.0,0.0,0.0,0.0,0.0,0.0,0.0,0.0,0.0,0.0,0.0,0.00653119496947252,0.004036710768538954,0.0,0.0,0.48524435617492145,0.00653119496947252,0.28,0.22,0.0,0.0,1.0,1.0,0.0,0.0,20260818
frozen_plasticity,6,Ext1,E-Ext,2,3,B,True,0.0,0.0,0.0,0.0,0.0,0.0,0.0,0.0,0.0,0.0,0.0,0.0,0.00653119496947252,0.004036710768538954,0.0,0.0,0.48524435617492145,0.00653119496947252,0.28,0.22,0.0,0.0,1.0,1.0,0.0,0.0,20260818
frozen_plasticity,7,Ext1,E-Ext,2,4,B,True,0.0,0.0,0.0,0.0,0.0,0.0,0.0,0.0,0.0,0.0,0.0,0.0,0.00653119496947252,0.004036710768538954,0.0,0.0,0.48524435617492145,0.00653119496947252,0.28,0.22,0.0,0.0,1.0,1.0,0.0,0.0,20260818
frozen_plasticity,8,Ext1,E-Ext,2,5,B,True,0.0,0.0,0.0,0.0,0.0,0.0,0.0,0.0,0.0,0.0,0.0,0.0,0.00653119496947252,0.004036710768538954,0.0,0.0,0.48524435617492145,0.00653119496947252,0.28,0.22,0.0,0.0,1.0,1.0,0.0,0.0,20260818
frozen_plasticity,9,Ext1,Ext1,2,6,B,True,0.0,0.0,0.0,0.0,0.0,0.0,0.0,0.0,0.0,0.0,0.0,0.0,0.00653119496947252,0.004036710768538954,0.0,0.0,0.48524435617492145,0.00653119496947252,0.28,0.22,0.0,0.0,1.0,1.0,0.0,0.0,20260818
frozen_plasticity,10,Ext1,Ext1,2,7,B,True,0.0,0.0,0.0,0.0,0.0,0.0,0.0,0.0,0.0,0.0,0.0,0.0,0.00653119496947252,0.004036710768538954,0.0,0.0,0.48524435617492145,0.00653119496947252,0.28,0.22,0.0,0.0,1.0,1.0,0.0,0.0,20260818
frozen_plasticity,11,Ext1,Ext1,2,8,B,True,0.0,0.0,0.0,0.0,0.0,0.0,0.0,0.0,0.0,0.0,0.0,0.0,0.00653119496947252,0.004036710768538954,0.0,0.0,0.48524435617492145,0.00653119496947252,0.28,0.22,0.0,0.0,1.0,1.0,0.0,0.0,20260818
frozen_plasticity,12,Ext1,Ext1,2,9,B,True,0.0,0.0,0.0,0.0,0.0,0.0,0.0,0.0,0.0,0.0,0.0,0.0,0.00653119496947252,0.004036710768538954,0.0,0.0,0.48524435617492145,0.00653119496947252,0.28,0.22,0.0,0.0,1.0,1.0,0.0,0.0,20260818
frozen_plasticity,13,Ext1,Ext1,2,10,B,True,0.0,0.0,0.0,0.0,0.0,0.0,0.0,0.0,0.0,0.0,0.0,0.0,0.00653119496947252,0.004036710768538954,0.0,0.0,0.48524435617492145,0.00653119496947252,0.28,0.22,0.0,0.0,1.0,1.0,0.0,0.0,20260818
frozen_plasticity,14,Ext1,Ext1,2,11,B,True,0.0,0.0,0.0,0.0,0.0,0.0,0.0,0.0,0.0,0.0,0.0,0.0,0.00653119496947252,0.004036710768538954,0.0,0.0,0.48524435617492145,0.00653119496947252,0.28,0.22,0.0,0.0,1.0,1.0,0.0,0.0,20260818
frozen_plasticity,15,Ext1,Ext1,2,12,B,True,0.0,0.0,0.0,0.0,0.0,0.0,0.0,0.0,0.0,0.0,0.0,0.0,0.00653119496947252,0.004036710768538954,0.0,0.0,0.48524435617492145,0.00653119496947252,0.28,0.22,0.0,0.0,1.0,1.0,0.0,0.0,20260818
frozen_plasticity,16,Ext1,Ext1,2,13,B,True,0.0,0.0,0.0,0.0,0.0,0.0,0.0,0.0,0.0,0.0,0.0,0.0,0.00653119496947252,0.004036710768538954,0.0,0.0,0.48524435617492145,0.00653119496947252,0.28,0.22,0.0,0.0,1.0,1.0,0.0,0.0,20260818
frozen_plasticity,17,Ext1,Ext1,2,14,B,True,0.0,0.0,0.0,0.0,0.0,0.0,0.0,0.0,0.0,0.0,0.0,0.0,0.00653119496947252,0.004036710768538954,0.0,0.0,0.48524435617492145,0.00653119496947252,0.28,0.22,0.0,0.0,1.0,1.0,0.0,0.0,20260818
frozen_plasticity,18,Ext1,Ext1,2,15,B,True,0.0,0.0,0.0,0.0,0.0,0.0,0.0,0.0,0.0,0.0,0.0,0.0,0.00653119496947252,0.004036710768538954,0.0,0.0,0.48524435617492145,0.00653119496947252,0.28,0.22,0.0,0.0,1.0,1.0,0.0,0.0,20260818
frozen_plasticity,19,Ext1,Ext1,2,16,B,True,0.0,0.0,0.0,0.0,0.0,0.0,0.0,0.0,0.0,0.0,0.0,0.0,0.00653119496947252,0.004036710768538954,0.0,0.0,0.48524435617492145,0.00653119496947252,0.28,0.22,0.0,0.0,1.0,1.0,0.0,0.0,20260818
frozen_plasticity,20,Ext1,Ext1,2,17,B,True,0.0,0.0,0.0,0.0,0.0,0.0,0.0,0.0,0.0,0.0,0.0,0.0,0.00653119496947252,0.004036710768538954,0.0,0.0,0.48524435617492145,0.00653119496947252,0.28,0.22,0.0,0.0,1.0,1.0,0.0,0.0,20260818
frozen_plasticity,21,Ext1,Ext1,2,18,B,True,0.0,0.0,0.0,0.0,0.0,0.0,0.0,0.0,0.0,0.0,0.0,0.0,0.00653119496947252,0.004036710768538954,0.0,0.0,0.48524435617492145,0.00653119496947252,0.28,0.22,0.0,0.0,1.0,1.0,0.0,0.0,20260818
frozen_plasticity,22,Ext1,Ext1,2,19,B,True,0.0,0.0,0.0,0.0,0.0,0.0,0.0,0.0,0.0,0.0,0.0,0.0,0.00653119496947252,0.004036710768538954,0.0,0.0,0.48524435617492145,0.00653119496947252,0.28,0.22,0.0,0.0,1.0,1.0,0.0,0.0,20260818
frozen_plasticity,23,Ext1,Ext1,2,20,B,True,0.0,0.0,0.0,0.0,0.0,0.0,0.0,0.0,0.0,0.0,0.0,0.0,0.00653119496947252,0.004036710768538954,0.0,0.0,0.48524435617492145,0.00653119496947252,0.28,0.22,0.0,0.0,1.0,1.0,0.0,0.0,20260818
frozen_plasticity,24,Ext1,Ext1,2,21,B,True,0.0,0.0,0.0,0.0,0.0,0.0,0.0,0.0,0.0,0.0,0.0,0.0,0.00653119496947252,0.004036710768538954,0.0,0.0,0.48524435617492145,0.00653119496947252,0.28,0.22,0.0,0.0,1.0,1.0,0.0,0.0,20260818
frozen_plasticity,25,Ext1,Ext1,2,22,B,True,0.0,0.0,0.0,0.0,0.0,0.0,0.0,0.0,0.0,0.0,0.0,0.0,0.00653119496947252,0.004036710768538954,0.0,0.0,0.48524435617492145,0.00653119496947252,0.28,0.22,0.0,0.0,1.0,1.0,0.0,0.0,20260818
frozen_plasticity,26,Ext1,Ext1,2,23,B,True,0.0,0.0,0.0,0.0,0.0,0.0,0.0,0.0,0.0,0.0,0.0,0.0,0.00653119496947252,0.004036710768538954,0.0,0.0,0.48524435617492145,0.00653119496947252,0.28,0.22,0.0,0.0,1.0,1.0,0.0,0.0,20260818
frozen_plasticity,27,Ext1,Ext1,2,24,B,True,0.0,0.0,0.0,0.0,0.0,0.0,0.0,0.0,0.0,0.0,0.0,0.0,0.00653119496947252,0.004036710768538954,0.0,0.0,0.48524435617492145,0.00653119496947252,0.28,0.22,0.0,0.0,1.0,1.0,0.0,0.0,20260818
frozen_plasticity,28,Ext1,Ext1,2,25,B,True,0.0,0.0,0.0,0.0,0.0,0.0,0.0,0.0,0.0,0.0,0.0,0.0,0.00653119496947252,0.004036710768538954,0.0,0.0,0.48524435617492145,0.00653119496947252,0.28,0.22,0.0,0.0,1.0,1.0,0.0,0.0,20260818
frozen_plasticity,29,Ext2,Ext2,3,1,B,True,0.0,0.0,0.0,0.0,0.0,0.0,0.0,0.0,0.0,0.0,0.0,0.0,0.00653119496947252,0.004036710768538954,0.0,0.0,0.48524435617492145,0.00653119496947252,0.28,0.22,0.0,0.0,1.0,1.0,0.0,0.0,20260818
frozen_plasticity,30,Ext2,Ext2,3,2,B,True,0.0,0.0,0.0,0.0,0.0,0.0,0.0,0.0,0.0,0.0,0.0,0.0,0.00653119496947252,0.004036710768538954,0.0,0.0,0.48524435617492145,0.00653119496947252,0.28,0.22,0.0,0.0,1.0,1.0,0.0,0.0,20260818
frozen_plasticity,31,Ext2,Ext2,3,3,B,True,0.0,0.0,0.0,0.0,0.0,0.0,0.0,0.0,0.0,0.0,0.0,0.0,0.00653119496947252,0.004036710768538954,0.0,0.0,0.48524435617492145,0.00653119496947252,0.28,0.22,0.0,0.0,1.0,1.0,0.0,0.0,20260818
frozen_plasticity,32,Ext2,Ext2,3,4,B,True,0.0,0.0,0.0,0.0,0.0,0.0,0.0,0.0,0.0,0.0,0.0,0.0,0.00653119496947252,0.004036710768538954,0.0,0.0,0.48524435617492145,0.00653119496947252,0.28,0.22,0.0,0.0,1.0,1.0,0.0,0.0,20260818
frozen_plasticity,33,Ext2,Ext2,3,5,B,True,0.0,0.0,0.0,0.0,0.0,0.0,0.0,0.0,0.0,0.0,0.0,0.0,0.00653119496947252,0.004036710768538954,0.0,0.0,0.48524435617492145,0.00653119496947252,0.28,0.22,0.0,0.0,1.0,1.0,0.0,0.0,20260818
frozen_plasticity,34,Ext2,Ext2,3,6,B,True,0.0,0.0,0.0,0.0,0.0,0.0,0.0,0.0,0.0,0.0,0.0,0.0,0.00653119496947252,0.004036710768538954,0.0,0.0,0.48524435617492145,0.00653119496947252,0.28,0.22,0.0,0.0,1.0,1.0,0.0,0.0,20260818
frozen_plasticity,35,Ext2,Ext2,3,7,B,True,0.0,0.0,0.0,0.0,0.0,0.0,0.0,0.0,0.0,0.0,0.0,0.0,0.00653119496947252,0.004036710768538954,0.0,0.0,0.48524435617492145,0.00653119496947252,0.28,0.22,0.0,0.0,1.0,1.0,0.0,0.0,20260818
frozen_plasticity,36,Ext2,Ext2,3,8,B,True,0.0,0.0,0.0,0.0,0.0,0.0,0.0,0.0,0.0,0.0,0.0,0.0,0.00653119496947252,0.004036710768538954,0.0,0.0,0.48524435617492145,0.00653119496947252,0.28,0.22,0.0,0.0,1.0,1.0,0.0,0.0,20260818
frozen_plasticity,37,Ext2,Ext2,3,9,B,True,0.0,0.0,0.0,0.0,0.0,0.0,0.0,0.0,0.0,0.0,0.0,0.0,0.00653119496947252,0.004036710768538954,0.0,0.0,0.48524435617492145,0.00653119496947252,0.28,0.22,0.0,0.0,1.0,1.0,0.0,0.0,20260818
frozen_plasticity,38,Ext2,Ext2,3,10,B,True,0.0,0.0,0.0,0.0,0.0,0.0,0.0,0.0,0.0,0.0,0.0,0.0,0.00653119496947252,0.004036710768538954,0.0,0.0,0.48524435617492145,0.00653119496947252,0.28,0.22,0.0,0.0,1.0,1.0,0.0,0.0,20260818
frozen_plasticity,39,Ext2,Ext2,3,11,B,True,0.0,0.0,0.0,0.0,0.0,0.0,0.0,0.0,0.0,0.0,0.0,0.0,0.00653119496947252,0.004036710768538954,0.0,0.0,0.48524435617492145,0.00653119496947252,0.28,0.22,0.0,0.0,1.0,1.0,0.0,0.0,20260818
frozen_plasticity,40,Ext2,Ext2,3,12,B,True,0.0,0.0,0.0,0.0,0.0,0.0,0.0,0.0,0.0,0.0,0.0,0.0,0.00653119496947252,0.004036710768538954,0.0,0.0,0.48524435617492145,0.00653119496947252,0.28,0.22,0.0,0.0,1.0,1.0,0.0,0.0,20260818
frozen_plasticity,41,Ext2,Ext2,3,13,B,True,0.0,0.0,0.0,0.0,0.0,0.0,0.0,0.0,0.0,0.0,0.0,0.0,0.00653119496947252,0.004036710768538954,0.0,0.0,0.48524435617492145,0.00653119496947252,0.28,0.22,0.0,0.0,1.0,1.0,0.0,0.0,20260818
frozen_plasticity,42,Ext2,Ext2,3,14,B,True,0.0,0.0,0.0,0.0,0.0,0.0,0.0,0.0,0.0,0.0,0.0,0.0,0.00653119496947252,0.004036710768538954,0.0,0.0,0.48524435617492145,0.00653119496947252,0.28,0.22,0.0,0.0,1.0,1.0,0.0,0.0,20260818
frozen_plasticity,43,Ext2,Ext2,3,15,B,True,0.0,0.0,0.0,0.0,0.0,0.0,0.0,0.0,0.0,0.0,0.0,0.0,0.00653119496947252,0.004036710768538954,0.0,0.0,0.48524435617492145,0.00653119496947252,0.28,0.22,0.0,0.0,1.0,1.0,0.0,0.0,20260818
frozen_plasticity,44,Ext2,Ext2,3,16,B,True,0.0,0.0,0.0,0.0,0.0,0.0,0.0,0.0,0.0,0.0,0.0,0.0,0.00653119496947252,0.004036710768538954,0.0,0.0,0.48524435617492145,0.00653119496947252,0.28,0.22,0.0,0.0,1.0,1.0,0.0,0.0,20260818
frozen_plasticity,45,Ext2,Ext2,3,17,B,True,0.0,0.0,0.0,0.0,0.0,0.0,0.0,0.0,0.0,0.0,0.0,0.0,0.00653119496947252,0.004036710768538954,0.0,0.0,0.48524435617492145,0.00653119496947252,0.28,0.22,0.0,0.0,1.0,1.0,0.0,0.0,20260818
frozen_plasticity,46,Ext2,Ext2,3,18,B,True,0.0,0.0,0.0,0.0,0.0,0.0,0.0,0.0,0.0,0.0,0.0,0.0,0.00653119496947252,0.004036710768538954,0.0,0.0,0.48524435617492145,0.00653119496947252,0.28,0.22,0.0,0.0,1.0,1.0,0.0,0.0,20260818
frozen_plasticity,47,Ext2,Ext2,3,19,B,True,0.0,0.0,0.0,0.0,0.0,0.0,0.0,0.0,0.0,0.0,0.0,0.0,0.00653119496947252,0.004036710768538954,0.0,0.0,0.48524435617492145,0.00653119496947252,0.28,0.22,0.0,0.0,1.0,1.0,0.0,0.0,20260818
frozen_plasticity,48,Ext2,Ext2,3,20,B,True,0.0,0.0,0.0,0.0,0.0,0.0,0.0,0.0,0.0,0.0,0.0,0.0,0.00653119496947252,0.004036710768538954,0.0,0.0,0.48524435617492145,0.00653119496947252,0.28,0.22,0.0,0.0,1.0,1.0,0.0,0.0,20260818
frozen_plasticity,49,Ext2,L-Ext,3,21,B,True,0.0,0.0,0.0,0.0,0.0,0.0,0.0,0.0,0.0,0.0,0.0,0.0,0.00653119496947252,0.004036710768538954,0.0,0.0,0.48524435617492145,0.00653119496947252,0.28,0.22,0.0,0.0,1.0,1.0,0.0,0.0,20260818
frozen_plasticity,50,Ext2,L-Ext,3,22,B,True,0.0,0.0,0.0,0.0,0.0,0.0,0.0,0.0,0.0,0.0,0.0,0.0,0.00653119496947252,0.004036710768538954,0.0,0.0,0.48524435617492145,0.00653119496947252,0.28,0.22,0.0,0.0,1.0,1.0,0.0,0.0,20260818
frozen_plasticity,51,Ext2,L-Ext,3,23,B,True,0.0,0.0,0.0,0.0,0.0,0.0,0.0,0.0,0.0,0.0,0.0,0.0,0.00653119496947252,0.004036710768538954,0.0,0.0,0.48524435617492145,0.00653119496947252,0.28,0.22,0.0,0.0,1.0,1.0,0.0,0.0,20260818
frozen_plasticity,52,Ext2,L-Ext,3,24,B,True,0.0,0.0,0.0,0.0,0.0,0.0,0.0,0.0,0.0,0.0,0.0,0.0,0.00653119496947252,0.004036710768538954,0.0,0.0,0.48524435617492145,0.00653119496947252,0.28,0.22,0.0,0.0,1.0,1.0,0.0,0.0,20260818
frozen_plasticity,53,Ext2,L-Ext,3,25,B,True,0.0,0.0,0.0,0.0,0.0,0.0,0.0,0.0,0.0,0.0,0.0,0.0,0.00653119496947252,0.004036710768538954,0.0,0.0,0.48524435617492145,0.00653119496947252,0.28,0.22,0.0,0.0,1.0,1.0,0.0,0.0,20260818
frozen_plasticity,54,E-Ret,E-Ret,4,1,B,False,0.0,0.0,0.0,0.0,0.0,0.0,0.0,0.0,0.0,0.0,0.0,0.0,0.00653119496947252,0.004036710768538954,0.0,0.0,0.48524435617492145,0.00653119496947252,0.28,0.22,0.0,0.0,1.0,1.0,0.0,0.0,20260818
frozen_plasticity,55,E-Ret,E-Ret,4,2,B,False,0.0,0.0,0.0,0.0,0.0,0.0,0.0,0.0,0.0,0.0,0.0,0.0,0.00653119496947252,0.004036710768538954,0.0,0.0,0.48524435617492145,0.00653119496947252,0.28,0.22,0.0,0.0,1.0,1.0,0.0,0.0,20260818
frozen_plasticity,56,E-Ret,E-Ret,4,3,B,False,0.0,0.0,0.0,0.0,0.0,0.0,0.0,0.0,0.0,0.0,0.0,0.0,0.00653119496947252,0.004036710768538954,0.0,0.0,0.48524435617492145,0.00653119496947252,0.28,0.22,0.0,0.0,1.0,1.0,0.0,0.0,20260818
frozen_plasticity,57,E-Ret,E-Ret,4,4,B,False,0.0,0.0,0.0,0.0,0.0,0.0,0.0,0.0,0.0,0.0,0.0,0.0,0.00653119496947252,0.004036710768538954,0.0,0.0,0.48524435617492145,0.00653119496947252,0.28,0.22,0.0,0.0,1.0,1.0,0.0,0.0,20260818
frozen_plasticity,58,E-Ret,E-Ret,4,5,B,False,0.0,0.0,0.0,0.0,0.0,0.0,0.0,0.0,0.0,0.0,0.0,0.0,0.00653119496947252,0.004036710768538954,0.0,0.0,0.48524435617492145,0.00653119496947252,0.28,0.22,0.0,0.0,1.0,1.0,0.0,0.0,20260818
frozen_plasticity,59,F-Ren,F-Ren,5,1,A,False,0.0,0.0,0.0,0.0,0.0,0.0,0.0,0.0,0.0,0.0,0.0,0.0,0.00653119496947252,0.004036710768538954,0.3842523215571083,0.0,0.0,0.00653119496947252,0.28,0.22,0.0,0.0,1.0,0.0,0.0,0.0,20260818
frozen_plasticity,60,F-Ren,F-Ren,5,2,A,False,0.0,0.0,0.0,0.0,0.0,0.0,0.0,0.0,0.0,0.0,0.0,0.0,0.00653119496947252,0.004036710768538954,0.3842523215571083,0.0,0.0,0.00653119496947252,0.28,0.22,0.0,0.0,1.0,0.0,0.0,0.0,20260818
frozen_plasticity,61,F-Ren,F-Ren,5,3,A,False,0.0,0.0,0.0,0.0,0.0,0.0,0.0,0.0,0.0,0.0,0.0,0.0,0.00653119496947252,0.004036710768538954,0.3842523215571083,0.0,0.0,0.00653119496947252,0.28,0.22,0.0,0.0,1.0,0.0,0.0,0.0,20260818
frozen_plasticity,62,F-Ren,F-Ren,5,4,A,False,0.0,0.0,0.0,0.0,0.0,0.0,0.0,0.0,0.0,0.0,0.0,0.0,0.00653119496947252,0.004036710768538954,0.3842523215571083,0.0,0.0,0.00653119496947252,0.28,0.22,0.0,0.0,1.0,0.0,0.0,0.0,20260818
frozen_plasticity,63,F-Ren,F-Ren,5,5,A,False,0.0,0.0,0.0,0.0,0.0,0.0,0.0,0.0,0.0,0.0,0.0,0.0,0.00653119496947252,0.004036710768538954,0.3842523215571083,0.0,0.0,0.00653119496947252,0.28,0.22,0.0,0.0,1.0,0.0,0.0,0.0,20260818
no_tripartite,0,Pre-Con,Pre-Con,0,1,A,False,0.0,0.0,0.0,0.0,0.0,0.0,0.0,0.0,0.0,0.0,0.0,0.0,0.00653119496947252,0.004036710768538954,0.3842523215571083,0.0,0.0,0.00653119496947252,,,0.0,0.0,,,0.0,0.0,20260818
no_tripartite,1,F-Con,F-Con,1,1,A,True,0.08328698219138453,0.0,0.7998359770879381,0.0,0.9523716522139278,0.0,0.0,0.7998359770879381,0.0,0.27872687616858605,0.0,0.7165859895183705,0.00653119496947252,0.004036710768538954,0.3842523215571083,0.4215770703060906,0.0,0.00653119496947252,0.28,0.22,0.0,0.0,1.0,0.0,0.0,0.0,20260818
no_tripartite,2,F-Con,F-Con,1,2,A,True,0.08328698219138453,0.0,0.7998359770879381,0.0,0.9523716522139278,0.0,0.0,0.7998359770879381,0.0,0.27872687616858605,0.0,0.5809773719640225,0.20091824478858633,0.004036710768538954,0.38339246276680483,0.4215770703060906,0.0,0.20091824478858633,0.3196005221444273,0.22,0.0,0.0,1.1414304362300973,0.0,0.0,0.0,20260818
no_tripartite,3,F-Con,F-Con,1,3,A,True,0.08328698219138453,0.0,0.7998359770879381,0.0,0.9523716522139278,0.0,0.0,0.7998359770879381,0.0,0.27872687616858605,0.0,0.5743304500324237,0.21875400386090688,0.004036710768538954,0.3794442919795385,0.4215770703060906,0.0,0.21875400386090688,0.37800000000000006,0.22,0.0,0.0,1.35,0.0,0.0,0.0,20260818
no_tripartite,4,Ext1,E-Ext,2,1,B,True,0.0,0.0,0.0,0.0,0.0,0.0,0.0,0.0,0.0,0.0,0.0,0.0015828149709894226,0.0048155984015039776,0.004036710768538954,0.000135961607765816,0.0,0.48524435617492145,0.0048155984015039776,0.28,0.22,0.0,0.0,1.0,1.0,0.0,0.0,20260818
no_tripartite,5,Ext1,E-Ext,2,2,B,True,0.0,0.0,0.0,0.0,0.0,0.0,0.0,0.0,0.0,0.0,0.0,0.0015828149709894226,0.0048155984015039776,0.004036710768538954,0.000135961607765816,0.0,0.48524435617492145,0.0048155984015039776,0.28,0.22,0.0,0.0,1.0,1.0,0.0,0.0,20260818
no_tripartite,6,Ext1,E-Ext,2,3,B,True,0.0,0.0,0.0,0.0,0.0,0.0,0.0,0.0,0.0,0.0,0.0,0.0015828149709894226,0.0048155984015039776,0.011056016955004211,0.000135961607765816,0.0,0.4792927906814628,0.0048155984015039776,0.28,0.22,0.0,0.0,1.0,1.0,0.0,0.0,20260818
no_tripartite,7,Ext1,E-Ext,2,4,B,True,0.0,0.0,0.0,0.0,0.0,0.0,0.0,0.0,0.0,0.0,0.0,0.0015828149709894226,0.0048155984015039776,0.03138608000674985,0.000135961607765816,0.0,0.4621186090596081,0.0048155984015039776,0.28,0.22,0.0,0.0,1.0,1.0,0.0,0.0,20260818
no_tripartite,8,Ext1,E-Ext,2,5,B,True,0.0,0.0,0.0,0.0,0.0,0.0,0.0,0.0,0.0,0.0,0.0,0.0015828149709894226,0.0048155984015039776,0.07133577941293712,0.000135961607765816,0.0,0.42868294477964497,0.0048155984015039776,0.28,0.22,0.0,0.0,1.0,1.0,0.0,0.0,20260818
no_tripartite,9,Ext1,Ext1,2,6,B,True,0.0,0.0,0.0,0.0,0.0,0.0,0.0,0.0,0.0,0.0,0.0,0.0015828149709894226,0.0048155984015039776,0.1254805532512948,0.000135961607765816,0.0,0.3842177004149573,0.0048155984015039776,0.28,0.22,0.0,0.0,1.0,1.0,0.0,0.0,20260818
no_tripartite,10,Ext1,Ext1,2,7,B,True,0.0,0.0,0.0,0.0,0.0,0.0,0.0,0.0,0.0,0.0,0.0,0.0015828149709894226,0.0048155984015039776,0.1254805532512948,0.000135961607765816,0.0,0.3842177004149573,0.0048155984015039776,0.28,0.22,0.0,0.0,1.0,1.0,0.0,0.0,20260818
no_tripartite,11,Ext1,Ext1,2,8,B,True,0.0,0.0,0.0,0.0,0.0,0.0,0.0,0.0,0.0,0.0,0.0,0.0015828149709894226,0.0048155984015039776,0.1254805532512948,0.000135961607765816,0.0,0.3842177004149573,0.0048155984015039776,0.28,0.22,0.0,0.0,1.0,1.0,0.0,0.0,20260818
no_tripartite,12,Ext1,Ext1,2,9,B,True,0.0,0.0,0.0,0.0,0.0,0.0,0.0,0.0,0.0,0.0,0.0,0.0015828149709894226,0.0048155984015039776,0.1254805532512948,0.000135961607765816,0.0,0.3842177004149573,0.0048155984015039776,0.28,0.22,0.0,0.0,1.0,1.0,0.0,0.0,20260818
no_tripartite,13,Ext1,Ext1,2,10,B,True,0.0,0.0,0.0,0.0,0.0,0.0,0.0,0.0,0.0,0.0,0.0,0.0015828149709894226,0.0048155984015039776,0.1254805532512948,0.000135961607765816,0.0,0.3842177004149573,0.0048155984015039776,0.28,0.22,0.0,0.0,1.0,1.0,0.0,0.0,20260818
no_tripartite,14,Ext1,Ext1,2,11,B,True,0.0,0.0,0.0,0.0,0.0,0.0,0.0,0.0,0.0,0.0,0.0,0.0015828149709894226,0.0048155984015039776,0.1254805532512948,0.000135961607765816,0.0,0.3842177004149573,0.0048155984015039776,0.28,0.22,0.0,0.0,1.0,1.0,0.0,0.0,20260818
no_tripartite,15,Ext1,Ext1,2,12,B,True,0.0,0.0,0.0,0.0,0.0,0.0,0.0,0.0,0.0,0.0,0.0,0.0015828149709894226,0.0048155984015039776,0.1254805532512948,0.000135961607765816,0.0,0.3842177004149573,0.0048155984015039776,0.28,0.22,0.0,0.0,1.0,1.0,0.0,0.0,20260818
no_tripartite,16,Ext1,Ext1,2,13,B,True,0.0,0.0,0.0,0.0,0.0,0.0,0.0,0.0,0.0,0.0,0.0,0.0015828149709894226,0.0048155984015039776,0.1254805532512948,0.000135961607765816,0.0,0.3842177004149573,0.0048155984015039776,0.28,0.22,0.0,0.0,1.0,1.0,0.0,0.0,20260818
no_tripartite,17,Ext1,Ext1,2,14,B,True,0.0,0.0,0.0,0.0,0.0,0.0,0.0,0.0,0.0,0.0,0.0,0.0015828149709894226,0.0048155984015039776,0.1254805532512948,0.000135961607765816,0.0,0.3842177004149573,0.0048155984015039776,0.28,0.22,0.0,0.0,1.0,1.0,0.0,0.0,20260818
no_tripartite,18,Ext1,Ext1,2,15,B,True,0.0,0.0,0.0,0.0,0.0,0.0,0.0,0.0,0.0,0.0,0.0,0.0015828149709894226,0.0048155984015039776,0.1254805532512948,0.000135961607765816,0.0,0.3842177004149573,0.0048155984015039776,0.28,0.22,0.0,0.0,1.0,1.0,0.0,0.0,20260818
no_tripartite,19,Ext1,Ext1,2,16,B,True,0.0,0.0,0.0,0.0,0.0,0.0,0.0,0.0,0.0,0.0,0.0,0.0015828149709894226,0.0048155984015039776,0.1254805532512948,0.000135961607765816,0.0,0.3842177004149573,0.0048155984015039776,0.28,0.22,0.0,0.0,1.0,1.0,0.0,0.0,20260818
no_tripartite,20,Ext1,Ext1,2,17,B,True,0.0,0.0,0.0,0.0,0.0,0.0,0.0,0.0,0.0,0.0,0.0,0.0015828149709894226,0.0048155984015039776,0.1254805532512948,0.000135961607765816,0.0,0.3842177004149573,0.0048155984015039776,0.28,0.22,0.0,0.0,1.0,1.0,0.0,0.0,20260818
no_tripartite,21,Ext1,Ext1,2,18,B,True,0.0,0.0,0.0,0.0,0.0,0.0,0.0,0.0,0.0,0.0,0.0,0.0015828149709894226,0.0048155984015039776,0.1254805532512948,0.000135961607765816,0.0,0.3842177004149573,0.0048155984015039776,0.28,0.22,0.0,0.0,1.0,1.0,0.0,0.0,20260818
no_tripartite,22,Ext1,Ext1,2,19,B,True,0.0,0.0,0.0,0.0,0.0,0.0,0.0,0.0,0.0,0.0,0.0,0.0015828149709894226,0.0048155984015039776,0.1254805532512948,0.000135961607765816,0.0,0.3842177004149573,0.0048155984015039776,0.28,0.22,0.0,0.0,1.0,1.0,0.0,0.0,20260818
no_tripartite,23,Ext1,Ext1,2,20,B,True,0.0,0.0,0.0,0.0,0.0,0.0,0.0,0.0,0.0,0.0,0.0,0.0015828149709894226,0.0048155984015039776,0.1254805532512948,0.000135961607765816,0.0,0.3842177004149573,0.0048155984015039776,0.28,0.22,0.0,0.0,1.0,1.0,0.0,0.0,20260818
no_tripartite,24,Ext1,Ext1,2,21,B,True,0.0,0.0,0.0,0.0,0.0,0.0,0.0,0.0,0.0,0.0,0.0,0.0015828149709894226,0.0048155984015039776,0.1254805532512948,0.000135961607765816,0.0,0.3842177004149573,0.0048155984015039776,0.28,0.22,0.0,0.0,1.0,1.0,0.0,0.0,20260818
no_tripartite,25,Ext1,Ext1,2,22,B,True,0.0,0.0,0.0,0.0,0.0,0.0,0.0,0.0,0.0,0.0,0.0,0.0015828149709894226,0.0048155984015039776,0.1254805532512948,0.000135961607765816,0.0,0.3842177004149573,0.0048155984015039776,0.28,0.22,0.0,0.0,1.0,1.0,0.0,0.0,20260818
no_tripartite,26,Ext1,Ext1,2,23,B,True,0.0,0.0,0.0,0.0,0.0,0.0,0.0,0.0,0.0,0.0,0.0,0.0015828149709894226,0.0048155984015039776,0.1254805532512948,0.000135961607765816,0.0,0.3842177004149573,0.0048155984015039776,0.28,0.22,0.0,0.0,1.0,1.0,0.0,0.0,20260818
no_tripartite,27,Ext1,Ext1,2,24,B,True,0.0,0.0,0.0,0.0,0.0,0.0,0.0,0.0,0.0,0.0,0.0,0.0015826462647004446,0.004815780847727482,0.1254805532512948,0.00013594747597163318,0.0,0.3842177004149573,0.004815780847727482,0.28,0.22,0.0,0.0,1.0,1.0,0.0,0.0,20260818
no_tripartite,28,Ext1,Ext1,2,25,B,True,0.0,0.0,0.0,0.0,0.0,0.0,0.0,0.0,0.0,0.0,0.0,0.001582340567127766,0.004816111440778771,0.1254805532512948,0.00013592187048208464,0.0,0.3842177004149573,0.004816111440778771,0.28,0.22,0.0,0.0,1.0,1.0,0.0,0.0,20260818
no_tripartite,29,Ext2,Ext2,3,1,B,True,0.0,0.0,0.0,0.0,0.0,0.0,0.0,0.0,0.0,0.0,0.0,0.00158192525074463,0.004816560576860911,0.1254805532512948,0.00013588708626272858,0.0,0.3842177004149573,0.004816560576860911,0.28,0.22,0.0,0.0,1.0,1.0,0.0,0.0,20260818
no_tripartite,30,Ext2,Ext2,3,2,B,True,0.0,0.0,0.0,0.0,0.0,0.0,0.0,0.0,0.0,0.0,0.0,0.0015814222080771836,0.004817104578342064,0.1254805532512948,0.00013584495933408375,0.0,0.3842177004149573,0.004817104578342064,0.28,0.22,0.0,0.0,1.0,1.0,0.0,0.0,20260818
no_tripartite,31,Ext2,Ext2,3,3,B,True,0.0,0.0,0.0,0.0,0.0,0.0,0.0,0.0,0.0,0.0,0.0,0.001580848950344692,0.004817724505892513,0.1254805532512948,0.0001357969585401305,0.0,0.3842177004149573,0.004817724505892513,0.28,0.22,0.0,0.0,1.0,1.0,0.0,0.0,20260818
no_tripartite,32,Ext2,Ext2,3,4,B,True,0.0,0.0,0.0,0.0,0.0,0.0,0.0,0.0,0.0,0.0,0.0,0.0015802194852857024,0.0048184052092738626,0.1254805532512948,0.00013574425896853664,0.0,0.3842177004149573,0.0048184052092738626,0.28,0.22,0.0,0.0,1.0,1.0,0.0,0.0,20260818
no_tripartite,33,Ext2,Ext2,3,5,B,True,0.0,0.0,0.0,0.0,0.0,0.0,0.0,0.0,0.0,0.0,0.0,0.001579545018747951,0.00481913456863227,0.1254805532512948,0.00013568780069533632,0.0,0.3842177004149573,0.00481913456863227,0.28,0.22,0.0,0.0,1.0,1.0,0.0,0.0,20260818
no_tripartite,34,Ext2,Ext2,3,6,B,True,0.0,0.0,0.0,0.0,0.0,0.0,0.0,0.0,0.0,0.0,0.0,0.0015788345155533156,0.004819902887939973,0.1254805532512948,0.0001356283357827269,0.0,0.3842177004149573,0.004819902887939973,0.28,0.22,0.0,0.0,1.0,1.0,0.0,0.0,20260818
no_tripartite,35,Ext2,Ext2,3,7,B,True,0.0,0.0,0.0,0.0,0.0,0.0,0.0,0.0,0.0,0.0,0.0,0.0015780951479458338,0.004820702409989707,0.1254805532512948,0.00013556646587936834,0.0,0.3842177004149573,0.004820702409989707,0.28,0.22,0.0,0.0,1.0,1.0,0.0,0.0,20260818
no_tripartite,36,Ext2,Ext2,3,8,B,True,0.0,0.0,0.0,0.0,0.0,0.0,0.0,0.0,0.0,0.0,0.0,0.0015773326542069246,0.004821526928530547,0.1254805532512948,0.00013550267230297736,0.0,0.3842177004149573,0.004821526928530547,0.28,0.22,0.0,0.0,1.0,1.0,0.0,0.0,20260818
no_tripartite,37,Ext2,Ext2,3,9,B,True,0.0,0.0,0.0,0.0,0.0,0.0,0.0,0.0,0.0,0.0,0.0,0.0015765516254681515,0.004822371478057019,0.1254805532512948,0.00013543734010503517,0.0,0.3842177004149573,0.004822371478057019,0.28,0.22,0.0,0.0,1.0,1.0,0.0,0.0,20260818
no_tripartite,38,Ext2,Ext2,3,10,B,True,0.0,0.0,0.0,0.0,0.0,0.0,0.0,0.0,0.0,0.0,0.0,0.0015757557351199004,0.004823232085682459,0.1254805532512948,0.00013537077732553985,0.0,0.3842177004149573,0.004823232085682459,0.28,0.22,0.0,0.0,1.0,1.0,0.0,0.0,20260818
no_tripartite,39,Ext2,Ext2,3,11,B,True,0.0,0.0,0.0,0.0,0.0,0.0,0.0,0.0,0.0,0.0,0.0,0.0015749479223158194,0.004824105572656538,0.1254805532512948,0.00013530323039426188,0.0,0.3842177004149573,0.004824105572656538,0.28,0.22,0.0,0.0,1.0,1.0,0.0,0.0,20260818
no_tripartite,40,Ext2,Ext2,3,12,B,True,0.0,0.0,0.0,0.0,0.0,0.0,0.0,0.0,0.0,0.0,0.0,0.00157413053877245,0.004824989395587776,0.1254805532512948,0.0001352348964544324,0.0,0.3842177004149573,0.004824989395587776,0.28,0.22,0.0,0.0,1.0,1.0,0.0,0.0,20260818
no_tripartite,41,Ext2,Ext2,3,13,B,True,0.0,0.0,0.0,0.0,0.0,0.0,0.0,0.0,0.0,0.0,0.0,0.0015733054662061075,0.004825881519419581,0.1254805532512948,0.00013516593321927814,0.0,0.3842177004149573,0.004825881519419581,0.28,0.22,0.0,0.0,1.0,1.0,0.0,0.0,20260818
no_tripartite,42,Ext2,Ext2,3,14,B,True,0.0,0.0,0.0,0.0,0.0,0.0,0.0,0.0,0.0,0.0,0.0,0.0015724742102872908,0.004826780315810145,0.1254805532512948,0.0001350964668593042,0.0,0.3842177004149573,0.004826780315810145,0.28,0.22,0.0,0.0,1.0,1.0,0.0,0.0,20260818
no_tripartite,43,Ext2,Ext2,3,15,B,True,0.0,0.0,0.0,0.0,0.0,0.0,0.0,0.0,0.0,0.0,0.0,0.0015716379758096584,0.004827684481829334,0.1254805532512948,0.00013502659831063647,0.0,0.3842177004149573,0.004827684481829334,0.28,0.22,0.0,0.0,1.0,1.0,0.0,0.0,20260818
no_tripartite,44,Ext2,Ext2,3,16,B,True,0.0,0.0,0.0,0.0,0.0,0.0,0.0,0.0,0.0,0.0,0.0,0.001570797726829535,0.0048285929749109,0.1254805532512948,0.00013495640832263028,0.0,0.3842177004149573,0.0048285929749109,0.28,0.22,0.0,0.0,1.0,1.0,0.0,0.0,20260818
no_tripartite,45,Ext2,Ext2,3,17,B,True,0.0,0.0,0.0,0.0,0.0,0.0,0.0,0.0,0.0,0.0,0.0,0.0015699542347841213,0.004829504960809555,0.1254805532512948,0.00013488596149505052,0.0,0.3842177004149573,0.004829504960809555,0.28,0.22,0.0,0.0,1.0,1.0,0.0,0.0,20260818
no_tripartite,46,Ext2,Ext2,3,18,B,True,0.0,0.0,0.0,0.0,0.0,0.0,0.0,0.0,0.0,0.0,0.0,0.0015691081169903567,0.0048304197719611424,0.1254805532512948,0.00013481530950808115,0.0,0.3842177004149573,0.0048304197719611424,0.28,0.22,0.0,0.0,1.0,1.0,0.0,0.0,20260818
no_tripartite,47,Ext2,Ext2,3,19,B,True,0.0,0.0,0.0,0.0,0.0,0.0,0.0,0.0,0.0,0.0,0.0,0.0015682598674485663,0.00483133687416685,0.1254805532512948,0.00013474449370728817,0.0,0.3842177004149573,0.00483133687416685,0.28,0.22,0.0,0.0,1.0,1.0,0.0,0.0,20260818
no_tripartite,48,Ext2,Ext2,3,20,B,True,0.0,0.0,0.0,0.0,0.0,0.0,0.0,0.0,0.0,0.0,0.0,0.0015674098814891417,0.004832255839936721,0.1254805532512948,0.0001346735471696168,0.0,0.3842177004149573,0.004832255839936721,0.28,0.22,0.0,0.0,1.0,1.0,0.0,0.0,20260818
no_tripartite,49,Ext2,L-Ext,3,21,B,True,0.0,0.0,0.0,0.0,0.0,0.0,0.0,0.0,0.0,0.0,0.0,0.001566558475492762,0.004833176327161669,0.1254805532512948,0.0001346024963582185,0.0,0.3842177004149573,0.004833176327161669,0.28,0.22,0.0,0.0,1.0,1.0,0.0,0.0,20260818
no_tripartite,50,Ext2,L-Ext,3,22,B,True,0.0,0.0,0.0,0.0,0.0,0.0,0.0,0.0,0.0,0.0,0.0,0.001565705902669049,0.004834098062047411,0.1254805532512948,0.00013453136244417403,0.0,0.3842177004149573,0.004834098062047411,0.28,0.22,0.0,0.0,1.0,1.0,0.0,0.0,20260818
no_tripartite,51,Ext2,L-Ext,3,23,B,True,0.0,0.0,0.0,0.0,0.0,0.0,0.0,0.0,0.0,0.0,0.0,0.0015648523656825214,0.0048350208254615305,0.1254805532512948,0.00013446016236600544,0.0,0.3842177004149573,0.0048350208254615305,0.28,0.22,0.0,0.0,1.0,1.0,0.0,0.0,20260818
no_tripartite,52,Ext2,L-Ext,3,24,B,True,0.0,0.0,0.0,0.0,0.0,0.0,0.0,0.0,0.0,0.0,0.0,0.0015639980267534142,0.0048359444420072615,0.1254805532512948,0.00013438890967616774,0.0,0.3842177004149573,0.0048359444420072615,0.28,0.22,0.0,0.0,1.0,1.0,0.0,0.0,20260818
no_tripartite,53,Ext2,L-Ext,3,25,B,True,0.0,0.0,0.0,0.0,0.0,0.0,0.0,0.0,0.0,0.0,0.0,0.0015631430157418253,0.004836868771282932,0.1254805532512948,0.0001343176152172093,0.0,0.3842177004149573,0.004836868771282932,0.28,0.22,0.0,0.0,1.0,1.0,0.0,0.0,20260818
no_tripartite,54,E-Ret,E-Ret,4,1,B,False,0.0,0.0,0.0,0.0,0.0,0.0,0.0,0.0,0.0,0.0,0.0,0.0015622874366141336,0.0048377937008868555,0.1254805532512948,0.00013424628766547543,0.0,0.3842177004149573,0.0048377937008868555,0.28,0.22,0.0,0.0,1.0,1.0,0.0,0.0,20260818
no_tripartite,55,E-Ret,E-Ret,4,2,B,False,0.0,0.0,0.0,0.0,0.0,0.0,0.0,0.0,0.0,0.0,0.0,0.0015622874366141336,0.0048377937008868555,0.1254805532512948,0.00013424628766547543,0.0,0.3842177004149573,0.0048377937008868555,0.28,0.22,0.0,0.0,1.0,1.0,0.0,0.0,20260818
no_tripartite,56,E-Ret,E-Ret,4,3,B,False,0.0,0.0,0.0,0.0,0.0,0.0,0.0,0.0,0.0,0.0,0.0,0.0015622874366141336,0.0048377937008868555,0.1254805532512948,0.00013424628766547543,0.0,0.3842177004149573,0.0048377937008868555,0.28,0.22,0.0,0.0,1.0,1.0,0.0,0.0,20260818
no_tripartite,57,E-Ret,E-Ret,4,4,B,False,0.0,0.0,0.0,0.0,0.0,0.0,0.0,0.0,0.0,0.0,0.0,0.0015622874366141336,0.0048377937008868555,0.1254805532512948,0.00013424628766547543,0.0,0.3842177004149573,0.0048377937008868555,0.28,0.22,0.0,0.0,1.0,1.0,0.0,0.0,20260818
no_tripartite,58,E-Ret,E-Ret,4,5,B,False,0.0,0.0,0.0,0.0,0.0,0.0,0.0,0.0,0.0,0.0,0.0,0.0015622874366141336,0.0048377937008868555,0.1254805532512948,0.00013424628766547543,0.0,0.3842177004149573,0.0048377937008868555,0.28,0.22,0.0,0.0,1.0,1.0,0.0,0.0,20260818
no_tripartite,59,F-Ren,F-Ren,5,1,A,False,0.0,0.0,0.0,0.0,0.0,0.0,0.0,0.0,0.0,0.0,0.0,0.004045556386043423,0.01805942181979383,0.003104369761767212,0.375132066560834,0.0,0.0009333987317583388,0.01805942181979383,0.37717693775088246,0.22,0.0,0.0,1.3470604919674372,0.0,0.0,0.0,20260818
no_tripartite,60,F-Ren,F-Ren,5,2,A,False,0.0,0.0,0.0,0.0,0.0,0.0,0.0,0.0,0.0,0.0,0.0,0.004045556386043423,0.01805942181979383,0.003104369761767212,0.375132066560834,0.0,0.0009333987317583388,0.01805942181979383,0.37717693775088246,0.22,0.0,0.0,1.3470604919674372,0.0,0.0,0.0,20260818
no_tripartite,61,F-Ren,F-Ren,5,3,A,False,0.0,0.0,0.0,0.0,0.0,0.0,0.0,0.0,0.0,0.0,0.0,0.004045556386043423,0.01805942181979383,0.003104369761767212,0.375132066560834,0.0,0.0009333987317583388,0.01805942181979383,0.37717693775088246,0.22,0.0,0.0,1.3470604919674372,0.0,0.0,0.0,20260818
no_tripartite,62,F-Ren,F-Ren,5,4,A,False,0.0,0.0,0.0,0.0,0.0,0.0,0.0,0.0,0.0,0.0,0.0,0.004045556386043423,0.01805942181979383,0.003104369761767212,0.375132066560834,0.0,0.0009333987317583388,0.01805942181979383,0.37717693775088246,0.22,0.0,0.0,1.3470604919674372,0.0,0.0,0.0,20260818
no_tripartite,63,F-Ren,F-Ren,5,5,A,False,0.0,0.0,0.0,0.0,0.0,0.0,0.0,0.0,0.0,0.0,0.0,0.004045556386043423,0.01805942181979383,0.003104369761767212,0.375132066560834,0.0,0.0009333987317583388,0.01805942181979383,0.37717693775088246,0.22,0.0,0.0,1.3470604919674372,0.0,0.0,0.0,20260818
no_glia_glia,0,Pre-Con,Pre-Con,0,1,A,False,0.0,0.0,0.0,0.0,0.0,0.0,0.0,0.0,0.0,0.0,0.0,0.0,0.00653119496947252,0.004036710768538954,0.3842523215571083,0.0,0.0,0.00653119496947252,,,0.0,0.0,,,0.0,0.0,20260818
no_glia_glia,1,F-Con,F-Con,1,1,A,True,0.08328698219138453,0.0,0.7998359770879381,0.0,0.9523716522139278,0.0,0.0,0.7998359770879381,0.0,0.27872687616858605,0.0,0.7165859895183705,0.00653119496947252,0.004036710768538954,0.3842523215571083,0.4215770703060906,0.0,0.00653119496947252,0.28,0.22,0.0,0.0,1.0,0.0,0.0,0.0,20260818
no_glia_glia,2,F-Con,F-Con,1,2,A,True,0.08328698219138453,0.0,0.7998359770879381,0.0,0.9523716522139278,0.0,0.0,0.7998359770879381,0.0,0.27872687616858605,0.0,0.7165859895183705,0.00653119496947252,0.004036710768538954,0.3842523215571083,0.4215770703060906,0.0,0.00653119496947252,0.28,0.22,0.0,0.0,1.0,0.0,0.0,0.0,20260818
no_glia_glia,3,F-Con,F-Con,1,3,A,True,0.08328698219138453,0.0,0.7998359770879381,0.0,0.9523716522139278,0.0,0.0,0.7998359770879381,0.0,0.27872687616858605,0.0,0.7165859895183705,0.00653119496947252,0.004036710768538954,0.3842523215571083,0.4215770703060906,0.0,0.00653119496947252,0.28,0.22,0.0,0.0,1.0,0.0,0.0,0.0,20260818
no_glia_glia,4,Ext1,E-Ext,2,1,B,True,0.0,0.0,0.0,0.0,0.0,0.0,0.0,0.0,0.0,0.0,0.0,0.0,0.00653119496947252,0.004036710768538954,0.0,0.0,0.48524435617492145,0.00653119496947252,0.28,0.22,0.0,0.0,1.0,1.0,0.0,0.0,20260818
no_glia_glia,5,Ext1,E-Ext,2,2,B,True,0.0,0.0,0.0,0.0,0.0,0.0,0.0,0.0,0.0,0.0,0.0,0.0,0.00653119496947252,0.004036710768538954,0.0,0.0,0.48524435617492145,0.00653119496947252,0.28,0.22,0.0,0.0,1.0,1.0,0.0,0.0,20260818
no_glia_glia,6,Ext1,E-Ext,2,3,B,True,0.0,0.0,0.0,0.0,0.0,0.0,0.0,0.0,0.0,0.0,0.0,0.0,0.00653119496947252,0.004036710768538954,0.0,0.0,0.48524435617492145,0.00653119496947252,0.28,0.22,0.0,0.0,1.0,1.0,0.0,0.0,20260818
no_glia_glia,7,Ext1,E-Ext,2,4,B,True,0.0,0.0,0.0,0.0,0.0,0.0,0.0,0.0,0.0,0.0,0.0,0.0,0.00653119496947252,0.004036710768538954,0.0,0.0,0.48524435617492145,0.00653119496947252,0.28,0.22,0.0,0.0,1.0,1.0,0.0,0.0,20260818
no_glia_glia,8,Ext1,E-Ext,2,5,B,True,0.0,0.0,0.0,0.0,0.0,0.0,0.0,0.0,0.0,0.0,0.0,0.0,0.00653119496947252,0.004036710768538954,0.0,0.0,0.48524435617492145,0.00653119496947252,0.28,0.22,0.0,0.0,1.0,1.0,0.0,0.0,20260818
no_glia_glia,9,Ext1,Ext1,2,6,B,True,0.0,0.0,0.0,0.0,0.0,0.0,0.0,0.0,0.0,0.0,0.0,0.0,0.00653119496947252,0.004036710768538954,0.0,0.0,0.48524435617492145,0.00653119496947252,0.28,0.22,0.0,0.0,1.0,1.0,0.0,0.0,20260818
no_glia_glia,10,Ext1,Ext1,2,7,B,True,0.0,0.0,0.0,0.0,0.0,0.0,0.0,0.0,0.0,0.0,0.0,0.0,0.00653119496947252,0.004036710768538954,0.0,0.0,0.48524435617492145,0.00653119496947252,0.28,0.22,0.0,0.0,1.0,1.0,0.0,0.0,20260818
no_glia_glia,11,Ext1,Ext1,2,8,B,True,0.0,0.0,0.0,0.0,0.0,0.0,0.0,0.0,0.0,0.0,0.0,0.0,0.00653119496947252,0.004036710768538954,0.0,0.0,0.48524435617492145,0.00653119496947252,0.28,0.22,0.0,0.0,1.0,1.0,0.0,0.0,20260818
no_glia_glia,12,Ext1,Ext1,2,9,B,True,0.0,0.0,0.0,0.0,0.0,0.0,0.0,0.0,0.0,0.0,0.0,0.0,0.00653119496947252,0.004036710768538954,0.0,0.0,0.48524435617492145,0.00653119496947252,0.28,0.22,0.0,0.0,1.0,1.0,0.0,0.0,20260818
no_glia_glia,13,Ext1,Ext1,2,10,B,True,0.0,0.0,0.0,0.0,0.0,0.0,0.0,0.0,0.0,0.0,0.0,0.0,0.00653119496947252,0.004036710768538954,0.0,0.0,0.48524435617492145,0.00653119496947252,0.28,0.22,0.0,0.0,1.0,1.0,0.0,0.0,20260818
no_glia_glia,14,Ext1,Ext1,2,11,B,True,0.0,0.0,0.0,0.0,0.0,0.0,0.0,0.0,0.0,0.0,0.0,0.0,0.00653119496947252,0.004036710768538954,0.0,0.0,0.48524435617492145,0.00653119496947252,0.28,0.22,0.0,0.0,1.0,1.0,0.0,0.0,20260818
no_glia_glia,15,Ext1,Ext1,2,12,B,True,0.0,0.0,0.0,0.0,0.0,0.0,0.0,0.0,0.0,0.0,0.0,0.0,0.00653119496947252,0.004036710768538954,0.0,0.0,0.48524435617492145,0.00653119496947252,0.28,0.22,0.0,0.0,1.0,1.0,0.0,0.0,20260818
no_glia_glia,16,Ext1,Ext1,2,13,B,True,0.0,0.0,0.0,0.0,0.0,0.0,0.0,0.0,0.0,0.0,0.0,0.0,0.00653119496947252,0.004036710768538954,0.0,0.0,0.48524435617492145,0.00653119496947252,0.28,0.22,0.0,0.0,1.0,1.0,0.0,0.0,20260818
no_glia_glia,17,Ext1,Ext1,2,14,B,True,0.0,0.0,0.0,0.0,0.0,0.0,0.0,0.0,0.0,0.0,0.0,0.0,0.00653119496947252,0.004036710768538954,0.0,0.0,0.48524435617492145,0.00653119496947252,0.28,0.22,0.0,0.0,1.0,1.0,0.0,0.0,20260818
no_glia_glia,18,Ext1,Ext1,2,15,B,True,0.0,0.0,0.0,0.0,0.0,0.0,0.0,0.0,0.0,0.0,0.0,0.0,0.00653119496947252,0.004036710768538954,0.0,0.0,0.48524435617492145,0.00653119496947252,0.28,0.22,0.0,0.0,1.0,1.0,0.0,0.0,20260818
no_glia_glia,19,Ext1,Ext1,2,16,B,True,0.0,0.0,0.0,0.0,0.0,0.0,0.0,0.0,0.0,0.0,0.0,0.0,0.00653119496947252,0.004036710768538954,0.0,0.0,0.48524435617492145,0.00653119496947252,0.28,0.22,0.0,0.0,1.0,1.0,0.0,0.0,20260818
no_glia_glia,20,Ext1,Ext1,2,17,B,True,0.0,0.0,0.0,0.0,0.0,0.0,0.0,0.0,0.0,0.0,0.0,0.0,0.00653119496947252,0.004036710768538954,0.0,0.0,0.48524435617492145,0.00653119496947252,0.28,0.22,0.0,0.0,1.0,1.0,0.0,0.0,20260818
no_glia_glia,21,Ext1,Ext1,2,18,B,True,0.0,0.0,0.0,0.0,0.0,0.0,0.0,0.0,0.0,0.0,0.0,0.0,0.00653119496947252,0.004036710768538954,0.0,0.0,0.48524435617492145,0.00653119496947252,0.28,0.22,0.0,0.0,1.0,1.0,0.0,0.0,20260818
no_glia_glia,22,Ext1,Ext1,2,19,B,True,0.0,0.0,0.0,0.0,0.0,0.0,0.0,0.0,0.0,0.0,0.0,0.0,0.00653119496947252,0.004036710768538954,0.0,0.0,0.48524435617492145,0.00653119496947252,0.28,0.22,0.0,0.0,1.0,1.0,0.0,0.0,20260818
no_glia_glia,23,Ext1,Ext1,2,20,B,True,0.0,0.0,0.0,0.0,0.0,0.0,0.0,0.0,0.0,0.0,0.0,0.0,0.00653119496947252,0.004036710768538954,0.0,0.0,0.48524435617492145,0.00653119496947252,0.28,0.22,0.0,0.0,1.0,1.0,0.0,0.0,20260818
no_glia_glia,24,Ext1,Ext1,2,21,B,True,0.0,0.0,0.0,0.0,0.0,0.0,0.0,0.0,0.0,0.0,0.0,0.0,0.00653119496947252,0.004036710768538954,0.0,0.0,0.48524435617492145,0.00653119496947252,0.28,0.22,0.0,0.0,1.0,1.0,0.0,0.0,20260818
no_glia_glia,25,Ext1,Ext1,2,22,B,True,0.0,0.0,0.0,0.0,0.0,0.0,0.0,0.0,0.0,0.0,0.0,0.0,0.00653119496947252,0.004036710768538954,0.0,0.0,0.48524435617492145,0.00653119496947252,0.28,0.22,0.0,0.0,1.0,1.0,0.0,0.0,20260818
no_glia_glia,26,Ext1,Ext1,2,23,B,True,0.0,0.0,0.0,0.0,0.0,0.0,0.0,0.0,0.0,0.0,0.0,0.0,0.00653119496947252,0.004036710768538954,0.0,0.0,0.48524435617492145,0.00653119496947252,0.28,0.22,0.0,0.0,1.0,1.0,0.0,0.0,20260818
no_glia_glia,27,Ext1,Ext1,2,24,B,True,0.0,0.0,0.0,0.0,0.0,0.0,0.0,0.0,0.0,0.0,0.0,0.0,0.00653119496947252,0.004036710768538954,0.0,0.0,0.48524435617492145,0.00653119496947252,0.28,0.22,0.0,0.0,1.0,1.0,0.0,0.0,20260818
no_glia_glia,28,Ext1,Ext1,2,25,B,True,0.0,0.0,0.0,0.0,0.0,0.0,0.0,0.0,0.0,0.0,0.0,0.0,0.00653119496947252,0.004036710768538954,0.0,0.0,0.48524435617492145,0.00653119496947252,0.28,0.22,0.0,0.0,1.0,1.0,0.0,0.0,20260818
no_glia_glia,29,Ext2,Ext2,3,1,B,True,0.0,0.0,0.0,0.0,0.0,0.0,0.0,0.0,0.0,0.0,0.0,0.0,0.00653119496947252,0.004036710768538954,0.0,0.0,0.48524435617492145,0.00653119496947252,0.28,0.22,0.0,0.0,1.0,1.0,0.0,0.0,20260818
no_glia_glia,30,Ext2,Ext2,3,2,B,True,0.0,0.0,0.0,0.0,0.0,0.0,0.0,0.0,0.0,0.0,0.0,0.0,0.00653119496947252,0.004036710768538954,0.0,0.0,0.48524435617492145,0.00653119496947252,0.28,0.22,0.0,0.0,1.0,1.0,0.0,0.0,20260818
no_glia_glia,31,Ext2,Ext2,3,3,B,True,0.0,0.0,0.0,0.0,0.0,0.0,0.0,0.0,0.0,0.0,0.0,0.0,0.00653119496947252,0.004036710768538954,0.0,0.0,0.48524435617492145,0.00653119496947252,0.28,0.22,0.0,0.0,1.0,1.0,0.0,0.0,20260818
no_glia_glia,32,Ext2,Ext2,3,4,B,True,0.0,0.0,0.0,0.0,0.0,0.0,0.0,0.0,0.0,0.0,0.0,0.0,0.00653119496947252,0.004036710768538954,0.0,0.0,0.48524435617492145,0.00653119496947252,0.28,0.22,0.0,0.0,1.0,1.0,0.0,0.0,20260818
no_glia_glia,33,Ext2,Ext2,3,5,B,True,0.0,0.0,0.0,0.0,0.0,0.0,0.0,0.0,0.0,0.0,0.0,0.0,0.00653119496947252,0.004036710768538954,0.0,0.0,0.48524435617492145,0.00653119496947252,0.28,0.22,0.0,0.0,1.0,1.0,0.0,0.0,20260818
no_glia_glia,34,Ext2,Ext2,3,6,B,True,0.0,0.0,0.0,0.0,0.0,0.0,0.0,0.0,0.0,0.0,0.0,0.0,0.00653119496947252,0.004036710768538954,0.0,0.0,0.48524435617492145,0.00653119496947252,0.28,0.22,0.0,0.0,1.0,1.0,0.0,0.0,20260818
no_glia_glia,35,Ext2,Ext2,3,7,B,True,0.0,0.0,0.0,0.0,0.0,0.0,0.0,0.0,0.0,0.0,0.0,0.0,0.00653119496947252,0.004036710768538954,0.0,0.0,0.48524435617492145,0.00653119496947252,0.28,0.22,0.0,0.0,1.0,1.0,0.0,0.0,20260818
no_glia_glia,36,Ext2,Ext2,3,8,B,True,0.0,0.0,0.0,0.0,0.0,0.0,0.0,0.0,0.0,0.0,0.0,0.0,0.00653119496947252,0.004036710768538954,0.0,0.0,0.48524435617492145,0.00653119496947252,0.28,0.22,0.0,0.0,1.0,1.0,0.0,0.0,20260818
no_glia_glia,37,Ext2,Ext2,3,9,B,True,0.0,0.0,0.0,0.0,0.0,0.0,0.0,0.0,0.0,0.0,0.0,0.0,0.00653119496947252,0.004036710768538954,0.0,0.0,0.48524435617492145,0.00653119496947252,0.28,0.22,0.0,0.0,1.0,1.0,0.0,0.0,20260818
no_glia_glia,38,Ext2,Ext2,3,10,B,True,0.0,0.0,0.0,0.0,0.0,0.0,0.0,0.0,0.0,0.0,0.0,0.0,0.00653119496947252,0.004036710768538954,0.0,0.0,0.48524435617492145,0.00653119496947252,0.28,0.22,0.0,0.0,1.0,1.0,0.0,0.0,20260818
no_glia_glia,39,Ext2,Ext2,3,11,B,True,0.0,0.0,0.0,0.0,0.0,0.0,0.0,0.0,0.0,0.0,0.0,0.0,0.00653119496947252,0.004036710768538954,0.0,0.0,0.48524435617492145,0.00653119496947252,0.28,0.22,0.0,0.0,1.0,1.0,0.0,0.0,20260818
no_glia_glia,40,Ext2,Ext2,3,12,B,True,0.0,0.0,0.0,0.0,0.0,0.0,0.0,0.0,0.0,0.0,0.0,0.0,0.00653119496947252,0.004036710768538954,0.0,0.0,0.48524435617492145,0.00653119496947252,0.28,0.22,0.0,0.0,1.0,1.0,0.0,0.0,20260818
no_glia_glia,41,Ext2,Ext2,3,13,B,True,0.0,0.0,0.0,0.0,0.0,0.0,0.0,0.0,0.0,0.0,0.0,0.0,0.00653119496947252,0.004036710768538954,0.0,0.0,0.48524435617492145,0.00653119496947252,0.28,0.22,0.0,0.0,1.0,1.0,0.0,0.0,20260818
no_glia_glia,42,Ext2,Ext2,3,14,B,True,0.0,0.0,0.0,0.0,0.0,0.0,0.0,0.0,0.0,0.0,0.0,0.0,0.00653119496947252,0.004036710768538954,0.0,0.0,0.48524435617492145,0.00653119496947252,0.28,0.22,0.0,0.0,1.0,1.0,0.0,0.0,20260818
no_glia_glia,43,Ext2,Ext2,3,15,B,True,0.0,0.0,0.0,0.0,0.0,0.0,0.0,0.0,0.0,0.0,0.0,0.0,0.00653119496947252,0.004036710768538954,0.0,0.0,0.48524435617492145,0.00653119496947252,0.28,0.22,0.0,0.0,1.0,1.0,0.0,0.0,20260818
no_glia_glia,44,Ext2,Ext2,3,16,B,True,0.0,0.0,0.0,0.0,0.0,0.0,0.0,0.0,0.0,0.0,0.0,0.0,0.00653119496947252,0.004036710768538954,0.0,0.0,0.48524435617492145,0.00653119496947252,0.28,0.22,0.0,0.0,1.0,1.0,0.0,0.0,20260818
no_glia_glia,45,Ext2,Ext2,3,17,B,True,0.0,0.0,0.0,0.0,0.0,0.0,0.0,0.0,0.0,0.0,0.0,0.0,0.00653119496947252,0.004036710768538954,0.0,0.0,0.48524435617492145,0.00653119496947252,0.28,0.22,0.0,0.0,1.0,1.0,0.0,0.0,20260818
no_glia_glia,46,Ext2,Ext2,3,18,B,True,0.0,0.0,0.0,0.0,0.0,0.0,0.0,0.0,0.0,0.0,0.0,0.0,0.00653119496947252,0.004036710768538954,0.0,0.0,0.48524435617492145,0.00653119496947252,0.28,0.22,0.0,0.0,1.0,1.0,0.0,0.0,20260818
no_glia_glia,47,Ext2,Ext2,3,19,B,True,0.0,0.0,0.0,0.0,0.0,0.0,0.0,0.0,0.0,0.0,0.0,0.0,0.00653119496947252,0.004036710768538954,0.0,0.0,0.48524435617492145,0.00653119496947252,0.28,0.22,0.0,0.0,1.0,1.0,0.0,0.0,20260818
no_glia_glia,48,Ext2,Ext2,3,20,B,True,0.0,0.0,0.0,0.0,0.0,0.0,0.0,0.0,0.0,0.0,0.0,0.0,0.00653119496947252,0.004036710768538954,0.0,0.0,0.48524435617492145,0.00653119496947252,0.28,0.22,0.0,0.0,1.0,1.0,0.0,0.0,20260818
no_glia_glia,49,Ext2,L-Ext,3,21,B,True,0.0,0.0,0.0,0.0,0.0,0.0,0.0,0.0,0.0,0.0,0.0,0.0,0.00653119496947252,0.004036710768538954,0.0,0.0,0.48524435617492145,0.00653119496947252,0.28,0.22,0.0,0.0,1.0,1.0,0.0,0.0,20260818
no_glia_glia,50,Ext2,L-Ext,3,22,B,True,0.0,0.0,0.0,0.0,0.0,0.0,0.0,0.0,0.0,0.0,0.0,0.0,0.00653119496947252,0.004036710768538954,0.0,0.0,0.48524435617492145,0.00653119496947252,0.28,0.22,0.0,0.0,1.0,1.0,0.0,0.0,20260818
no_glia_glia,51,Ext2,L-Ext,3,23,B,True,0.0,0.0,0.0,0.0,0.0,0.0,0.0,0.0,0.0,0.0,0.0,0.0,0.00653119496947252,0.004036710768538954,0.0,0.0,0.48524435617492145,0.00653119496947252,0.28,0.22,0.0,0.0,1.0,1.0,0.0,0.0,20260818
no_glia_glia,52,Ext2,L-Ext,3,24,B,True,0.0,0.0,0.0,0.0,0.0,0.0,0.0,0.0,0.0,0.0,0.0,0.0,0.00653119496947252,0.004036710768538954,0.0,0.0,0.48524435617492145,0.00653119496947252,0.28,0.22,0.0,0.0,1.0,1.0,0.0,0.0,20260818
no_glia_glia,53,Ext2,L-Ext,3,25,B,True,0.0,0.0,0.0,0.0,0.0,0.0,0.0,0.0,0.0,0.0,0.0,0.0,0.00653119496947252,0.004036710768538954,0.0,0.0,0.48524435617492145,0.00653119496947252,0.28,0.22,0.0,0.0,1.0,1.0,0.0,0.0,20260818
no_glia_glia,54,E-Ret,E-Ret,4,1,B,False,0.0,0.0,0.0,0.0,0.0,0.0,0.0,0.0,0.0,0.0,0.0,0.0,0.00653119496947252,0.004036710768538954,0.0,0.0,0.48524435617492145,0.00653119496947252,0.28,0.22,0.0,0.0,1.0,1.0,0.0,0.0,20260818
no_glia_glia,55,E-Ret,E-Ret,4,2,B,False,0.0,0.0,0.0,0.0,0.0,0.0,0.0,0.0,0.0,0.0,0.0,0.0,0.00653119496947252,0.004036710768538954,0.0,0.0,0.48524435617492145,0.00653119496947252,0.28,0.22,0.0,0.0,1.0,1.0,0.0,0.0,20260818
no_glia_glia,56,E-Ret,E-Ret,4,3,B,False,0.0,0.0,0.0,0.0,0.0,0.0,0.0,0.0,0.0,0.0,0.0,0.0,0.00653119496947252,0.004036710768538954,0.0,0.0,0.48524435617492145,0.00653119496947252,0.28,0.22,0.0,0.0,1.0,1.0,0.0,0.0,20260818
no_glia_glia,57,E-Ret,E-Ret,4,4,B,False,0.0,0.0,0.0,0.0,0.0,0.0,0.0,0.0,0.0,0.0,0.0,0.0,0.00653119496947252,0.004036710768538954,0.0,0.0,0.48524435617492145,0.00653119496947252,0.28,0.22,0.0,0.0,1.0,1.0,0.0,0.0,20260818
no_glia_glia,58,E-Ret,E-Ret,4,5,B,False,0.0,0.0,0.0,0.0,0.0,0.0,0.0,0.0,0.0,0.0,0.0,0.0,0.00653119496947252,0.004036710768538954,0.0,0.0,0.48524435617492145,0.00653119496947252,0.28,0.22,0.0,0.0,1.0,1.0,0.0,0.0,20260818
no_glia_glia,59,F-Ren,F-Ren,5,1,A,False,0.0,0.0,0.0,0.0,0.0,0.0,0.0,0.0,0.0,0.0,0.0,0.0,0.00653119496947252,0.004036710768538954,0.3842523215571083,0.0,0.0,0.00653119496947252,0.28,0.22,0.0,0.0,1.0,0.0,0.0,0.0,20260818
no_glia_glia,60,F-Ren,F-Ren,5,2,A,False,0.0,0.0,0.0,0.0,0.0,0.0,0.0,0.0,0.0,0.0,0.0,0.0,0.00653119496947252,0.004036710768538954,0.3842523215571083,0.0,0.0,0.00653119496947252,0.28,0.22,0.0,0.0,1.0,0.0,0.0,0.0,20260818
no_glia_glia,61,F-Ren,F-Ren,5,3,A,False,0.0,0.0,0.0,0.0,0.0,0.0,0.0,0.0,0.0,0.0,0.0,0.0,0.00653119496947252,0.004036710768538954,0.3842523215571083,0.0,0.0,0.00653119496947252,0.28,0.22,0.0,0.0,1.0,0.0,0.0,0.0,20260818
no_glia_glia,62,F-Ren,F-Ren,5,4,A,False,0.0,0.0,0.0,0.0,0.0,0.0,0.0,0.0,0.0,0.0,0.0,0.0,0.00653119496947252,0.004036710768538954,0.3842523215571083,0.0,0.0,0.00653119496947252,0.28,0.22,0.0,0.0,1.0,0.0,0.0,0.0,20260818
no_glia_glia,63,F-Ren,F-Ren,5,5,A,False,0.0,0.0,0.0,0.0,0.0,0.0,0.0,0.0,0.0,0.0,0.0,0.0,0.00653119496947252,0.004036710768538954,0.3842523215571083,0.0,0.0,0.00653119496947252,0.28,0.22,0.0,0.0,1.0,0.0,0.0,0.0,20260818
calex_like,0,Pre-Con,Pre-Con,0,1,A,False,0.0,0.0,0.0,0.0,0.0,0.0,0.0,0.0,0.0,0.0,0.0,0.0,0.00653119496947252,0.004036710768538954,0.3842523215571083,0.0,0.0,0.00653119496947252,,,0.0,0.0,,,0.0,0.0,20260818
calex_like,1,F-Con,F-Con,1,1,A,True,0.0343651538830938,0.0,0.7998359770879381,0.0,0.9523716522139278,0.0,0.0,0.7998359770879381,0.0,0.11883992226181772,0.0,0.7165859895183705,0.00653119496947252,0.004036710768538954,0.3842523215571083,0.4215770703060906,0.0,0.00653119496947252,0.28,0.22,0.0,0.0,1.0,0.0,0.0,0.0,20260818
calex_like,2,F-Con,F-Con,1,2,A,True,0.0343651538830938,0.0,0.7998359770879381,0.0,0.9523716522139278,0.0,0.0,0.7998359770879381,0.0,0.11883992226181772,0.0,0.5809773719640225,0.20091824478858633,0.004036710768538954,0.38339246276680483,0.4215770703060906,0.0,0.20091824478858633,0.3196005221444273,0.22,0.0,0.0,1.1414304362300973,0.0,0.0,0.0,20260818
calex_like,3,F-Con,F-Con,1,3,A,True,0.03499503626131506,0.0,0.8103155951462515,0.0,0.9529586423813382,0.0,0.0,0.8103155951462515,0.0,0.12099684218686435,0.0,0.6214799987386012,0.39277771805901573,0.004036710768538954,0.3841122813893348,0.4286546895842237,0.0,0.39277771805901573,1.92421809064276,0.22,0.6563894360681201,0.0,1.35,0.0,0.6563894360681201,0.0,20260818
calex_like,4,Ext1,E-Ext,2,1,B,True,0.0025640724962076034,0.0,0.07222303399805885,0.0,0.6435669347462848,0.0,0.0,0.07222303399805885,0.0,0.011589038245721994,0.0,0.08599868374783626,0.2522086817136901,0.004036710768538954,0.007430816940880166,0.045494616034054136,0.48524435617492145,0.2522086817136901,2.1957125324889537,0.22,1.0,0.0,1.0,1.0,1.0,0.0,20260818
calex_like,5,Ext1,E-Ext,2,2,B,True,0.002767128840538202,0.0,0.07797393901431282,0.0,0.6609420662376364,0.0,0.0,0.07797393901431282,0.0,0.012498579847740166,0.0,0.0921878846491803,0.2695469685530145,0.004036710768538954,0.007969448869371568,0.0490566990025082,0.48524435617492145,0.2695469685530145,2.284905064146642,0.22,1.0,0.0,1.0,1.0,1.0,0.0,20260818
calex_like,6,Ext1,E-Ext,2,3,B,True,0.002974475183097347,0.0,0.08385113431742086,0.0,0.6770316217089857,0.0,0.0,0.08385113431742086,0.0,0.013426093054458965,0.0,0.0984181706005787,0.2868782236809258,0.011056016955004211,0.008512249477860893,0.05268783805066746,0.4792927906814628,0.2868782236809258,2.3731366162978116,0.22,1.0,0.0,1.0,1.0,1.0,0.0,20260818
calex_like,7,Ext1,E-Ext,2,4,B,True,0.0031859703935784855,0.0,0.08985092421415719,0.0,0.6919544451294791,0.0,0.0,0.08985092421415719,0.0,0.014370870179801876,0.0,0.10468072149433713,0.3041731252977954,0.03138608000674985,0.009058477081936411,0.05638517349440564,0.4621186090596081,0.3041731252977954,2.4605000593375754,0.22,1.0,0.0,1.0,1.0,1.0,0.0,20260818
calex_like,8,Ext1,E-Ext,2,5,B,True,0.0034014492488118053,0.0,0.09596892227241993,0.0,0.7058151279609455,0.0,0.0,0.09596892227241993,0.0,0.015332098128824745,0.0,0.11096626866119574,0.32140164937773963,0.07133577941293712,0.009607348632223796,0.06014543461643074,0.42868294477964497,0.32140164937773963,2.547065517915506,0.22,1.0,0.0,1.0,1.0,1.0,0.0,20260818
calex_like,9,Ext1,Ext1,2,6,B,True,0.0036207181490581775,0.0,0.1021999258881019,0.0,0.7187059012149114,0.0,0.0,0.1021999258881019,0.0,0.01630884026935342,0.0,0.11726503669778174,0.3385329968151699,0.1254805532512948,0.0101580341927041,0.06396486982599803,0.3842177004149573,0.3385329968151699,2.632882323188338,0.22,1.0,0.0,1.0,1.0,1.0,0.0,20260818
calex_like,10,Ext1,Ext1,2,7,B,True,0.0038241554117900423,0.0,0.1079859164005369,0.0,0.7297040085102661,0.0,0.0,0.1079859164005369,0.0,0.01721380367887093,0.0,0.12302215428350274,0.35407180071110883,0.1257372307887064,0.010661958291117567,0.067502245662452,0.38428596601723913,0.35407180071110883,2.7106526865051674,0.22937187801858083,1.0,0.010133884436773048,0.9973038624577653,1.0,1.0,0.010133884436773048,20260818
calex_like,11,Ext1,Ext1,2,8,B,True,0.004002727518307547,0.0,0.11306858915688489,0.0,0.7386792403306028,0.0,0.0,0.11306858915688489,0.0,0.018007161657823012,0.0,0.1280073979350674,0.36743328177031026,0.12634288212880954,0.011098789974838746,0.07060227214346348,0.38444706081780045,0.36743328177031026,2.7775786575387693,0.25010761448239494,1.0,0.030469233174460257,0.9913898890629849,1.0,1.0,0.030469233174460257,20260818
calex_like,12,Ext1,Ext1,2,9,B,True,0.004149992629534527,0.0,0.11726290603933343,0.0,0.7456488563806934,0.0,0.0,0.11726290603933343,0.0,0.01866072878835978,0.0,0.1320710885502576,0.37825911108865096,0.12740237251442482,0.011455201005380167,0.07315529182767277,0.3847289266372748,0.37825911108865096,2.831900061279928,0.2827783492345102,1.0,0.06004627466001505,0.982212968624904,1.0,1.0,0.06004627466001505,20260818
calex_like,13,Ext1,Ext1,2,10,B,True,0.00426085570459378,0.0,0.1204220725526961,0.0,0.750657753241153,0.0,0.0,0.1204220725526961,0.0,0.019152324868859316,0.0,0.13510214296160145,0.3862949662154371,0.1290659445543326,0.011721240316495771,0.07507514053116471,0.3851716462833068,0.3862949662154371,2.8723057771025613,0.3276340387827559,1.0,0.0980464558330073,0.9698866861932864,1.0,1.0,0.0980464558330073,20260818
calex_like,14,Ext1,Ext1,2,11,B,True,0.004331683798817876,0.0,0.1224411318222135,0.0,0.7537569484323792,0.0,0.0,0.1224411318222135,0.0,0.01946620749611694,0.0,0.1370260354402662,0.3913780643819897,0.131532887136529,0.011890191241964675,0.07630074796628383,0.38582848973868844,0.3913780643819897,2.8979104932518083,0.38476893158318193,1.0,0.1437932973406087,0.9546270539225337,1.0,1.0,0.1437932973406087,20260818
calex_like,15,Ext1,Ext1,2,12,B,True,0.0043602447733286365,0.0,0.12325546653117492,0.0,0.7549852335734087,0.0,0.0,0.12325546653117492,0.0,0.019592737229696677,0.0,0.13779906687197926,0.3934166340549609,0.13505488298253454,0.011958096273765755,0.07679475808484626,0.386766927781208,0.3934166340549609,2.9081905055884185,0.4542756255221113,1.0,0.19675805245179293,0.9366983846204319,1.0,1.0,0.19675805245179293,20260818
calex_like,16,Ext1,Ext1,2,13,B,True,0.004345503705131537,0.0,0.12283515539493983,0.0,0.7543527999037791,0.0,0.0,0.12283515539493983,0.0,0.019527434887469886,0.0,0.13740028327618792,0.39236527380735714,0.13994336945964253,0.011923064711925013,0.07653980144778116,0.38807079858344234,0.39236527380735714,2.902887908591954,0.5363977412140669,1.0,0.25657002300467263,0.9163646961561217,1.0,1.0,0.25657002300467263,20260818
calex_like,17,Ext1,Ext1,2,14,B,True,0.004287335149155136,0.003351063808639476,0.1211768411571933,0.003351063808639476,0.7365123939453181,0.020367753478264892,0.003351063808639476,0.1211768411571933,0.0024642137582522317,0.0192696886276994,0.0015755786689986007,0.13582254564978866,0.3881999322621996,0.14658536273049155,0.011784495988899139,0.07553342625493542,0.3898448706331918,0.3881999322621996,2.8818970017367733,0.6316915876250407,1.0,0.3230318004525869,0.8938490050088921,1.0,1.0,0.3230318004525869,20260818
calex_like,18,Ext1,Ext1,2,15,B,True,0.004186214571981539,0.005484438324155239,0.11829493639318522,0.005484438324155239,0.7222822568308445,0.03348674601805378,0.005484438324155239,0.11829493639318522,0.004035100779417489,0.01882138588180493,0.002579114295379159,0.13306406597958975,0.3808953600516226,0.15547280021596424,0.011542337154052548,0.07378275614482799,0.3922232630707944,0.3808953600516226,2.8451466305438733,0.7412109348990858,1.0,0.3961405169430844,0.8693011704535656,1.0,1.0,0.3961405169430844,20260818
calex_like,19,Ext1,Ext1,2,16,B,True,0.003967033433474043,0.008740743903677406,0.11205234336941883,0.008740743903677406,0.6968728896852727,0.05436019702035971,0.008740743903677406,0.11205234336941883,0.006436011110974915,0.017848654870970426,0.004111597177784532,0.12701598625815552,0.3647831250355654,0.16725202187731678,0.01101188229195489,0.06998299335167635,0.39538372053181403,0.3647831250355654,2.7642961320105757,0.8667372971830231,1.0,0.4761174304552753,0.842773210978834,1.0,1.0,0.4761174304552753,20260818
calex_like,20,Ext1,Ext1,2,17,B,True,0.003718763961894078,0.013681108952076304,0.1049878753210467,0.013681108952076304,0.6616786248554225,0.0862242171319789,0.013681108952076304,0.1049878753210467,0.01008592461750557,0.016745134841273268,0.006438301031353788,0.12005003967447467,0.346064275124688,0.18280313968221942,0.010401735457965756,0.06567045063013466,0.3995708278156475,0.346064275124688,2.670574997577674,1.0110930581043471,1.0,0.5634499431740698,0.8141996943834372,1.0,1.0,0.5634499431740698,20260818
calex_like,21,Ext1,Ext1,2,18,B,True,0.0034582011850471384,0.021159285516966886,0.09758112966499533,0.021159285516966886,0.614721396269118,0.13329488582168728,0.021159285516966886,0.09758112966499533,0.015627647256165167,0.015585036652590145,0.009964040374423333,0.1126059120983549,0.3258741178405919,0.20336432168232493,0.009750634246029304,0.061134668206823894,0.40513321990504536,0.3258741178405919,2.5694869905447852,1.1786005981642198,1.0,0.6589527217914009,0.7833801800441418,1.0,1.0,0.6589527217914009,20260818
calex_like,22,Ext1,Ext1,2,19,B,True,0.003184428885195323,0.0324809888052614,0.08980717574623831,0.0324809888052614,0.5533809319640148,0.20014391619392582,0.0324809888052614,0.08980717574623831,0.024056627729832747,0.014363988788209325,0.015310695749747305,0.10463541139715199,0.3040484557192745,0.230723175706341,0.009054522819796402,0.0563582486361307,0.41258305133984796,0.3040484557192745,2.459872218154448,1.375795663997672,1.0,0.763858398907373,0.7499610421202585,1.0,1.0,0.763858398907373,20260818
calex_like,23,Ext1,Ext1,2,20,B,True,0.0028958691188597507,0.049645949920405275,0.08162248915169545,0.049645949920405275,0.4765763592750089,0.2898721456759776,0.049645949920405275,0.08162248915169545,0.03692654023498343,0.01307461599488191,0.02343712549738819,0.09606684351947176,0.2803519185419695,0.26750175136516174,0.008307324111953793,0.05131199230416428,0.42269025574147845,0.2803519185419695,2.340004686204563,1.612582861209127,1.0,0.8799539756701181,0.7134160628672447,1.0,1.0,0.8799539756701181,20260818
calex_like,24,Ext1,Ext1,2,21,B,True,0.0025968117385147815,0.0738387856314453,0.07314995213208975,0.0738387856314453,0.3911997749543332,0.3948835984166139,0.07314995213208975,0.07314995213208975,0.05525446006406187,0.011735767290184773,0.03493254086714492,0.08700249543719463,0.2550288484244635,0.3146249002882216,0.007518137104392044,0.046069344961165215,0.43580788995246644,0.2550288484244635,2.210293978120637,1.887837047224029,1.0,1.0,0.6751707389534213,1.0,1.0,1.0,20260818
calex_like,25,Ext1,Ext1,2,22,B,True,0.002471798115214918,0.08017272044980983,0.06961119652196834,0.08017272044980983,0.36679186325530355,0.4224421211715844,0.06961119652196834,0.06961119652196834,0.06008992602783925,0.011175318949508073,0.037950269354529054,0.08315718571967187,0.24420875441492323,0.3337419868343502,0.007183720412551303,0.04387392341888041,0.44118745720389807,0.24420875441492323,2.1541740372718836,1.9937432307999774,1.0,1.0,0.661525860475637,1.0,1.0,1.0,20260818
calex_like,26,Ext1,Ext1,2,23,B,True,0.0023487067164663644,0.08686633591353465,0.06612856785213006,0.08686633591353465,0.3426441142322787,0.45009652699953234,0.06612856785213006,0.06612856785213006,0.0652168830313703,0.010623041348884699,0.041143034049493266,0.0793383488553791,0.23341832186065667,0.3535193969573022,0.006851821981002617,0.0417100364907419,0.4467904863388122,0.23341832186065667,2.0976934028546057,2.100888449173076,1.0,1.0,0.6482713299014378,1.0,1.0,1.0,20260818
calex_like,27,Ext1,Ext1,2,24,B,True,0.0022276247707910812,0.09393837108653869,0.06270445077728404,0.09393837108653869,0.31887485229797785,0.47771065425206327,0.06270445077728404,0.06270445077728404,0.07065268482142584,0.010079347020606422,0.044520405568615584,0.07554342127337299,0.22268268204000016,0.3739447054667095,0.00652222773842384,0.03957932438064804,0.4526192527200616,0.22268268204000016,2.040872232940164,2.2095574070929467,0.9999209420771187,1.0,0.6353600255053232,1.0,0.9999209420771187,1.0,20260818
calex_like,28,Ext1,Ext1,2,25,B,True,0.0021090793668544494,0.10140699566283728,0.059353656833426416,0.10140699566283728,0.2956438729174335,0.5051138975787327,0.059353656833426416,0.059353656833426416,0.07641465694927474,0.009546626808906278,0.04809176440281715,0.0717926877350292,0.21205129360193237,0.3949963303641781,0.006196685552358942,0.037491183418479235,0.4586739944718797,0.21205129360193237,1.9839154711992175,2.3199986501264522,0.9997776957388137,1.0,0.6227546420311411,1.0,0.9997776957388137,1.0,20260818
calex_like,29,Ext2,Ext2,3,1,B,True,0.0019935489897532355,0.10928898877653037,0.05608959879182496,0.10928898877653037,0.2731034401196127,0.5321342895113452,0.05608959879182496,0.05608959879182496,0.08251948958423538,0.009027059723633601,0.05186591223299453,0.06810496359679288,0.20157210173883838,0.4166412088060523,0.005876812913037559,0.03545418630770336,0.4649522179591124,0.20157210173883838,1.9270260999296946,2.4324225143431604,0.9995830986681696,1.0,0.6104265237212284,1.0,0.9995830986681696,1.0,20260818
calex_like,30,Ext2,Ext2,3,2,B,True,0.0018814583682605912,0.11759880950961488,0.05292414992991723,0.11759880950961488,0.2513937200522705,0.5586032507936144,0.05292414992991723,0.05292414992991723,0.0889825311224669,0.008522588514989993,0.05585062784787054,0.06449734871670625,0.1912907339638792,0.43883263144306567,0.005564076233973349,0.03347598501184501,0.47144800240850676,0.1912907339638792,1.8704029355146672,2.5469978429180293,0.9993474210116544,1.0,0.5983547478338828,1.0,0.9993474210116544,1.0,20260818
calex_like,31,Ext2,Ext2,3,3,B,True,0.0017731787048055336,0.12634756048989115,0.04986765555392347,0.12634756048989115,0.2306389738260517,0.5843601703974786,0.04986765555392347,0.04986765555392347,0.09581697747123785,0.008034919404160012,0.06005216706062144,0.06098523331782412,0.1812499969346254,0.4615083614642371,0.005259791846279991,0.031563308308239946,0.47815132998127,0.1812499969346254,1.8142403467491102,2.6638476909631956,0.9990788788864422,1.0,0.5865253778110798,1.0,0.9990788788864422,1.0,20260818
calex_like,32,Ext2,Ext2,3,4,B,True,0.0016690277557480648,0.13554186138307056,0.046928940132694,0.13554186138307056,0.21094426690132886,0.6092568573474838,0.046928940132694,0.046928940132694,0.10303296296747333,0.007565521176690182,0.06447471326972376,0.0575822817058715,0.17148938695541585,0.4845892069304564,0.004965125097983186,0.029721956896538004,0.485047480788276,0.17148938695541585,1.7587276694103924,2.7830442959409463,0.9987840451862725,1.0,0.5749308197631201,1.0,0.9987840451862725,1.0,20260818
calex_like,33,Ext2,Ext2,3,5,B,True,0.0016122166321859144,0.13844534080979798,0.04532647153669689,0.13844534080979798,0.2025566627959023,0.6186898133328121,0.04532647153669689,0.04532647153669689,0.10531888599336503,0.007309345027531999,0.06587281496264441,0.05570736714527267,0.16613872500682833,0.49172013521799024,0.0048028616589610605,0.028716893399293508,0.4871938170571956,0.16613872500682833,1.7278123951106699,2.8200000000000003,0.9984681782261368,1.0,0.5714285714285714,1.0,0.9984681782261368,1.0,20260818
calex_like,34,Ext2,Ext2,3,6,B,True,0.0015765288603446503,0.13844534080979798,0.04432001223454052,0.13844534080979798,0.19895379433497096,0.6214850690100011,0.04432001223454052,0.04432001223454052,0.10531888599336503,0.007148371221404437,0.06587281496264441,0.05451852089814434,0.16277623929627047,0.49172013521799024,0.004700017049295952,0.028085290427976473,0.4871938170571956,0.16277623929627047,1.7081654779163762,2.8200000000000003,0.9981354846580281,1.0,0.5714285714285714,1.0,0.9981354846580281,1.0,20260818
calex_like,35,Ext2,Ext2,3,7,B,True,0.0015430309572604939,0.13844534080979798,0.04337544025722939,0.13844534080979798,0.1955427261980593,0.624131517993186,0.04337544025722939,0.04337544025722939,0.10531888599336503,0.0069972411236148835,0.06587281496264441,0.053398851900515576,0.15961157332601428,0.49172013521799024,0.004603177287461778,0.02749227579395419,0.4871938170571956,0.15961157332601428,1.6895424944327668,2.8200000000000003,0.9977893298035413,1.0,0.5714285714285714,1.0,0.9977893298035413,1.0,20260818
calex_like,36,Ext2,Ext2,3,8,B,True,0.0015115865891793812,0.13844534080979798,0.042488887454636304,0.13844534080979798,0.19231464399342285,0.6266359988552518,0.042488887454636304,0.042488887454636304,0.10531888599336503,0.006855345900259602,0.06587281496264441,0.05234448507293703,0.15663344007987634,0.49172013521799024,0.00451200366652643,0.026935466952612064,0.4871938170571956,0.15663344007987634,1.671895792201632,2.8200000000000003,0.9974324059199517,1.0,0.5714285714285714,1.0,0.9974324059199517,1.0,20260818
calex_like,37,Ext2,Ext2,3,9,B,True,0.0014820668700084028,0.13844534080979798,0.041656699016851095,0.13844534080979798,0.1892608494208397,0.6290052601004362,0.041656699016851095,0.041656699016851095,0.10531888599336503,0.006722109446049562,0.06587281496264441,0.05135168263290774,0.15383106776445815,0.49172013521799024,0.004426169868717913,0.02641260887765917,0.4871938170571956,0.15383106776445815,1.6551789156305745,2.8200000000000003,0.9970668668130801,1.0,0.5714285714285714,1.0,0.9970668668130801,1.0,20260818
calex_like,38,Ext2,Ext2,3,10,B,True,0.001454350237548363,0.13844534080979798,0.04087542956611978,0.13844534080979798,0.18637281592645752,0.6312459169849779,0.04087542956611978,0.04087542956611978,0.10531888599336503,0.006596987934961773,0.06587281496264441,0.050416858768169946,0.15119420219202695,0.49172013521799024,0.0043453631638274755,0.025921572412189953,0.4871938170571956,0.15119420219202695,1.639346749861447,2.8200000000000003,0.9966944355275829,1.0,0.5714285714285714,1.0,0.9966944355275829,1.0,20260818
calex_like,39,Ext2,Ext2,3,11,B,True,0.0014283222514739347,0.13844534080979798,0.0401418370876131,0.13844534080979798,0.18364223132270255,0.6333644184508121,0.0401418370876131,0.0401418370876131,0.10531888599336503,0.006479469006101413,0.06587281496264441,0.049536588347115613,0.1487131027301644,0.49172013521799024,0.004269285101228363,0.025460351175814244,0.4871938170571956,0.1487131027301644,1.6243556231565413,2.8200000000000003,0.996316490499185,1.0,0.5714285714285714,1.0,0.996316490499185,1.0,20260818
calex_like,40,Ext2,Ext2,3,12,B,True,0.0014038753381323543,0.13844534080979798,0.039452875402927856,0.13844534080979798,0.18106102972596846,0.6353670223469796,0.039452875402927856,0.039452875402927856,0.10531888599336503,0.006369070698654888,0.06587281496264441,0.04870761113593823,0.14637853337079187,0.49172013521799024,0.00419765182146513,0.02502705747557954,0.4871938170571956,0.14637853337079187,1.610163376359557,2.8200000000000003,0.9959341344764667,1.0,0.5714285714285714,1.0,0.9959341344764667,1.0,20260818
calex_like,41,Ext2,Ext2,3,13,B,True,0.0013809085009857114,0.13844534080979798,0.03880568571361942,0.13844534080979798,0.17862141475053775,0.6372597774348145,0.03880568571361942,0.03880568571361942,0.10531888599336503,0.00626534022174563,0.06587281496264441,0.04792683265846502,0.1441817501575732,0.49172013521799024,0.004130194084624087,0.024619917558377225,0.4871938170571956,0.1441817501575732,1.5967294061815547,2.8200000000000003,0.9955482496582921,1.0,0.5714285714285714,1.0,0.9955482496582921,1.0,20260818
calex_like,42,Ext2,Ext2,3,14,B,True,0.0013593270107614686,0.13844534080979798,0.03819758760776715,0.13844534080979798,0.1763158755597311,0.6390485109347931,0.03819758760776715,0.03819758760776715,0.10531888599336503,0.006167852623576775,0.06587281496264441,0.047191322575998396,0.14211448595944878,0.49172013521799024,0.0040666570904469975,0.024237266458509543,0.4871938170571956,0.14211448595944878,1.5840146876594519,2.8200000000000003,0.9951595418037524,1.0,0.5714285714285714,1.0,0.9951595418037524,1.0,20260818
calex_like,43,Ext2,Ext2,3,15,B,True,0.0013390420857503083,0.13844534080979798,0.03762606982041239,0.13844534080979798,0.17413719709918735,0.6407388205871277,0.03762606982041239,0.03762606982041239,0.10531888599336503,0.006076209407887112,0.06587281496264441,0.046498311263977896,0.14016893337632316,0.49172013521799024,0.0040068001479088644,0.02387754262986408,0.4871938170571956,0.14016893337632316,1.5719817800425884,2.8200000000000003,0.9947685755201207,1.0,0.5714285714285714,1.0,0.9947685755201207,1.0,20260818
calex_like,44,Ext2,Ext2,3,16,B,True,0.0013199705699367126,0.13844534080979798,0.037088780961004875,0.13844534080979798,0.17207846561040005,0.6423360703741358,0.037088780961004875,0.037088780961004875,0.10531888599336503,0.005990037133260073,0.06587281496264441,0.045845185106679315,0.13833772640064826,0.49172013521799024,0.003950396238619922,0.02353928250305859,0.4871938170571956,0.13833772640064826,1.560594819509924,2.8200000000000003,0.9943758024932152,1.0,0.5714285714285714,1.0,0.9943758024932152,1.0,20260818
calex_like,45,Ext2,Ext2,3,17,B,True,0.0013020346145320438,0.13844534080979798,0.036583520361926136,0.13844534080979798,0.17013307033566152,0.6438453891974724,0.036583520361926136,0.036583520361926136,0.10531888599336503,0.0059089860212538925,0.06587281496264441,0.045229480910368824,0.13661392132789932,0.49172013521799024,0.0038972315080595403,0.023221115070399034,0.4871938170571956,0.13661392132789932,1.549819501451721,2.8200000000000003,0.9939815840716909,1.0,0.5714285714285714,1.0,0.9939815840716909,1.0,20260818
calex_like,46,Ext2,Ext2,3,18,B,True,0.0012851613668918294,0.13844534080979798,0.03610822915731415,0.13844534080979798,0.16829470217087977,0.6452716719233317,0.03610822915731415,0.03610822915731415,0.10531888599336503,0.005832728592069181,0.06587281496264441,0.04464887974148152,0.13499097730349416,0.49172013521799024,0.0038471047106056304,0.022921756572841567,0.4871938170571956,0.13499097730349416,1.539623054523022,2.8200000000000003,0.9935862093344714,1.0,0.5714285714285714,1.0,0.9935862093344714,1.0,20260818
calex_like,47,Ext2,Ext2,3,19,B,True,0.0012692826695803738,0.13844534080979798,0.035660981667440805,0.13844534080979798,0.1665573498943818,0.6466195823082983,0.035660981667440805,0.035660981667440805,0.10531888599336503,0.005760958340900957,0.06587281496264441,0.04410120042346569,0.1334627368085946,0.49172013521799024,0.0037998266280874736,0.02264000534129651,0.4871938170571956,0.1334627368085946,1.5299742082596777,2.8200000000000003,0.9931899095446959,1.0,0.5714285714285714,1.0,0.9931899095446959,1.0,20260818
calex_like,48,Ext2,Ext2,3,20,B,True,0.0012543347714207842,0.13844534080979798,0.03523997713823279,0.13844534080979798,0.16491529449301384,0.6478935574013958,0.03523997713823279,0.03523997713823279,0.10531888599336503,0.005693388463909099,0.06587281496264441,0.043584392869239666,0.1320234063185362,0.49172013521799024,0.003755219476753077,0.022374736827993624,0.4871938170571956,0.1320234063185362,1.5208431557163746,2.8200000000000003,0.9927928697128754,1.0,0.5714285714285714,1.0,0.9927928697128754,1.0,20260818
calex_like,49,Ext2,L-Ext,3,21,B,True,0.0012402580516883699,0.13844534080979798,0.03484353186623679,0.13844534080979798,0.16336310201780077,0.6490978130869635,0.03484353186623679,0.03484353186623679,0.10531888599336503,0.005629750639553732,0.06587281496264441,0.04309653138214814,0.13066753731221104,0.49172013521799024,0.0037131163137855117,0.022124898851020647,0.4871938170571956,0.13066753731221104,1.5122015123210868,2.8200000000000003,0.992395237847419,1.0,0.5714285714285714,1.0,0.992395237847419,1.0,20260818
calex_like,50,Ext2,L-Ext,3,22,B,True,0.001226996758067922,0.13844534080979798,0.03447007172491168,0.13844534080979798,0.1618956153270132,0.6502363504907307,0.03447007172491168,0.03447007172491168,0.10531888599336503,0.00556979386862555,0.06587281496264441,0.04263580802407503,0.1293900077660586,0.49172013521799024,0.003673360451585044,0.021889507065638192,0.4871938170571956,0.1293900077660586,1.5040222719270568,2.8200000000000003,0.9919971323550539,1.0,0.5714285714285714,1.0,0.9919971323550539,1.0,20260818
calex_like,51,Ext2,L-Ext,3,23,B,True,0.0012144987586293343,0.13844534080979798,0.03411812509745504,0.13844534080979798,0.16050794501225185,0.6513129630197377,0.03411812509745504,0.03411812509745504,0.10531888599336503,0.005513283374514177,0.06587281496264441,0.04220052612280781,0.12818600423039755,0.49172013521799024,0.003635804885788651,0.02166764066885274,0.4871938170571956,0.12818600423039755,1.4962797608706098,2.8200000000000003,0.9915986479611618,1.0,0.5714285714285714,1.0,0.9915986479611618,1.0,20260818
calex_like,52,Ext2,L-Ext,3,24,B,True,0.0012027153077710517,0.13844534080979798,0.03378631621355077,0.13844534080979798,0.15919545975101046,0.6523312438472214,0.03378631621355077,0.03378631621355077,0.10531888599336503,0.005459999563903972,0.06587281496264441,0.041789093970166113,0.12705100455700916,0.49172013521799024,0.0036003117412464515,0.021458438338427643,0.4871938170571956,0.12705100455700916,1.4889495907021792,2.8200000000000003,0.9911998604460481,1.0,0.5714285714285714,1.0,0.9911998604460481,1.0,20260818
calex_like,53,Ext2,L-Ext,3,25,B,True,0.0011916008258914257,0.13844534080979798,0.033473358881802695,0.13844534080979798,0.15795377628550727,0.6532945936874546,0.033473358881802695,0.033473358881802695,0.10531888599336503,0.0054097370471314354,0.06587281496264441,0.041400018746504896,0.12598076132385552,0.49172013521799024,0.0035667517388345313,0.021261094403651315,0.4871938170571956,0.12598076132385552,1.4820086101422405,2.8200000000000003,0.9908008304339572,1.0,0.5714285714285714,1.0,0.9908008304339572,1.0,20260818
calex_like,54,E-Ret,E-Ret,4,1,B,False,0.0011811126923940707,0.13844534080979798,0.03317805060566037,0.13844534080979798,0.15677874919094048,0.6542062287339613,0.03317805060566037,0.03317805060566037,0.10531888599336503,0.005362303716728856,0.06587281496264441,0.0410319006949474,0.12497128598449414,0.49172013521799024,0.003535003684952808,0.021074855242379953,0.4871938170571956,0.12497128598449414,1.4754348567182507,2.8200000000000003,0.9904016064242844,1.0,0.5714285714285714,1.0,0.9904016064242844,1.0,20260818
calex_like,55,E-Ret,E-Ret,4,2,B,False,0.0011811126923940707,0.13844534080979798,0.03317805060566037,0.13844534080979798,0.15677874919094048,0.6542062287339613,0.03317805060566037,0.03317805060566037,0.10531888599336503,0.005362303716728856,0.06587281496264441,0.0410319006949474,0.12497128598449414,0.49172013521799024,0.003535003684952808,0.021074855242379953,0.4871938170571956,0.12497128598449414,1.4754348567182507,2.8200000000000003,0.9904016064242844,1.0,0.5714285714285714,1.0,0.9904016064242844,1.0,20260818
calex_like,56,E-Ret,E-Ret,4,3,B,False,0.0011811126923940707,0.13844534080979798,0.03317805060566037,0.13844534080979798,0.15677874919094048,0.6542062287339613,0.03317805060566037,0.03317805060566037,0.10531888599336503,0.005362303716728856,0.06587281496264441,0.0410319006949474,0.12497128598449414,0.49172013521799024,0.003535003684952808,0.021074855242379953,0.4871938170571956,0.12497128598449414,1.4754348567182507,2.8200000000000003,0.9904016064242844,1.0,0.5714285714285714,1.0,0.9904016064242844,1.0,20260818
calex_like,57,E-Ret,E-Ret,4,4,B,False,0.0011811126923940707,0.13844534080979798,0.03317805060566037,0.13844534080979798,0.15677874919094048,0.6542062287339613,0.03317805060566037,0.03317805060566037,0.10531888599336503,0.005362303716728856,0.06587281496264441,0.0410319006949474,0.12497128598449414,0.49172013521799024,0.003535003684952808,0.021074855242379953,0.4871938170571956,0.12497128598449414,1.4754348567182507,2.8200000000000003,0.9904016064242844,1.0,0.5714285714285714,1.0,0.9904016064242844,1.0,20260818
calex_like,58,E-Ret,E-Ret,4,5,B,False,0.0011811126923940707,0.13844534080979798,0.03317805060566037,0.13844534080979798,0.15677874919094048,0.6542062287339613,0.03317805060566037,0.03317805060566037,0.10531888599336503,0.005362303716728856,0.06587281496264441,0.0410319006949474,0.12497128598449414,0.49172013521799024,0.003535003684952808,0.021074855242379953,0.4871938170571956,0.12497128598449414,1.4754348567182507,2.8200000000000003,0.9904016064242844,1.0,0.5714285714285714,1.0,0.9904016064242844,1.0,20260818
calex_like,59,F-Ren,F-Ren,5,1,A,False,0.005824193942725042,0.0,0.16512109074047288,0.0,0.8049932366505912,0.0,0.0,0.16512109074047288,0.0,0.026046408925326947,0.0,0.17338912946676055,0.4978171629852228,0.39033817861529113,0.3880758151876531,0.1019555990075437,0.12490910631891254,0.4978171629852228,3.4,2.8200000000000003,0.9904016064242844,1.0,1.3470604919674372,0.0,0.9904016064242844,1.0,20260818
calex_like,60,F-Ren,F-Ren,5,2,A,False,0.005824193942725042,0.0,0.16512109074047288,0.0,0.8049932366505912,0.0,0.0,0.16512109074047288,0.0,0.026046408925326947,0.0,0.17338912946676055,0.4978171629852228,0.39033817861529113,0.3880758151876531,0.1019555990075437,0.12490910631891254,0.4978171629852228,3.4,2.8200000000000003,0.9904016064242844,1.0,1.3470604919674372,0.0,0.9904016064242844,1.0,20260818
calex_like,61,F-Ren,F-Ren,5,3,A,False,0.005824193942725042,0.0,0.16512109074047288,0.0,0.8049932366505912,0.0,0.0,0.16512109074047288,0.0,0.026046408925326947,0.0,0.17338912946676055,0.4978171629852228,0.39033817861529113,0.3880758151876531,0.1019555990075437,0.12490910631891254,0.4978171629852228,3.4,2.8200000000000003,0.9904016064242844,1.0,1.3470604919674372,0.0,0.9904016064242844,1.0,20260818
calex_like,62,F-Ren,F-Ren,5,4,A,False,0.005824193942725042,0.0,0.16512109074047288,0.0,0.8049932366505912,0.0,0.0,0.16512109074047288,0.0,0.026046408925326947,0.0,0.17338912946676055,0.4978171629852228,0.39033817861529113,0.3880758151876531,0.1019555990075437,0.12490910631891254,0.4978171629852228,3.4,2.8200000000000003,0.9904016064242844,1.0,1.3470604919674372,0.0,0.9904016064242844,1.0,20260818
calex_like,63,F-Ren,F-Ren,5,5,A,False,0.005824193942725042,0.0,0.16512109074047288,0.0,0.8049932366505912,0.0,0.0,0.16512109074047288,0.0,0.026046408925326947,0.0,0.17338912946676055,0.4978171629852228,0.39033817861529113,0.3880758151876531,0.1019555990075437,0.12490910631891254,0.4978171629852228,3.4,2.8200000000000003,0.9904016064242844,1.0,1.3470604919674372,0.0,0.9904016064242844,1.0,20260818
hm3dq_like,0,Pre-Con,Pre-Con,0,1,A,False,0.0,0.0,0.0,0.0,0.0,0.0,0.0,0.0,0.0,0.0,0.0,0.0,0.00653119496947252,0.004036710768538954,0.3842523215571083,0.0,0.0,0.00653119496947252,,,0.0,0.0,,,0.0,0.0,20260818
hm3dq_like,1,F-Con,F-Con,1,1,A,True,0.08328698219138453,0.0,0.7998359770879381,0.0,0.9523716522139278,0.0,0.0,0.7998359770879381,0.0,0.27872687616858605,0.0,0.7165859895183705,0.00653119496947252,0.004036710768538954,0.3842523215571083,0.4215770703060906,0.0,0.00653119496947252,0.28,0.22,0.0,0.0,1.0,0.0,0.0,0.0,20260818
hm3dq_like,2,F-Con,F-Con,1,2,A,True,0.08328698219138453,0.0,0.7998359770879381,0.0,0.9523716522139278,0.0,0.0,0.7998359770879381,0.0,0.27872687616858605,0.0,0.5809773719640225,0.20091824478858633,0.004036710768538954,0.38339246276680483,0.4215770703060906,0.0,0.20091824478858633,0.3196005221444273,0.22,0.0,0.0,1.1414304362300973,0.0,0.0,0.0,20260818
hm3dq_like,3,F-Con,F-Con,1,3,A,True,0.08474756609711354,0.0,0.8103155951462515,0.0,0.9529586423813382,0.0,0.0,0.8103155951462515,0.0,0.2834107344521434,0.0,0.6214799987386012,0.39277771805901573,0.004036710768538954,0.3841122813893348,0.4286546895842237,0.0,0.39277771805901573,1.92421809064276,0.22,0.6563894360681201,0.0,1.35,0.0,0.6563894360681201,0.0,20260818
hm3dq_like,4,Ext1,E-Ext,2,1,B,True,0.0005381321593033173,0.0,0.020354350179140113,0.0,0.3372474414640464,0.0,0.0,0.020354350179140113,0.0,0.0013891633489639954,0.0,0.02584721971905842,0.07787072036602066,0.001109571691901623,0.0022237378174023497,0.003776367811482939,0.48524435617492145,0.07787072036602066,2.1957125324889537,0.22,1.0,0.0,1.0,1.0,1.0,0.0,20260818
hm3dq_like,5,Ext1,E-Ext,2,2,B,True,0.0005425895520413393,0.0,0.02052303526634458,0.0,0.3390946137454701,0.0,0.0,0.02052303526634458,0.0,0.0014006647245866644,0.0,0.02605596648591049,0.07849280609611564,0.001109571691901623,0.0022417283323483478,0.0038076243760650774,0.48524435617492145,0.07849280609611564,2.204883939888062,0.22,1.0,0.0,1.0,1.0,1.0,0.0,20260818
hm3dq_like,6,Ext1,E-Ext,2,3,B,True,0.0005467559737570848,0.0,0.02068071019096107,0.0,0.340811933905837,0.0,0.0,0.02068071019096107,0.0,0.0014114152330366725,0.0,0.026251008163085496,0.07907394819589299,0.001109571691901623,0.0022585381615465834,0.003836840217392501,0.48524435617492145,0.07907394819589299,2.2134237438973727,0.22,1.0,0.0,1.0,1.0,1.0,0.0,20260818
hm3dq_like,7,Ext1,E-Ext,2,4,B,True,0.0005506497555602952,0.0,0.020828068421456014,0.0,0.3424088412136606,0.0,0.0,0.020828068421456014,0.0,0.0014214621886980972,0.0,0.026433218305095815,0.07961676940751684,0.001109571691901623,0.0022742425012814895,0.003864143945427001,0.48524435617492145,0.07961676940751684,2.22137631172955,0.22,1.0,0.0,1.0,1.0,1.0,0.0,20260818
hm3dq_like,8,Ext1,E-Ext,2,5,B,True,0.0005542881693709756,0.0,0.020965763379282354,0.0,0.34389405163106723,0.0,0.0,0.020965763379282354,0.0,0.001430850170778153,0.0,0.026603418654094116,0.08012373520981111,0.004376223155211439,0.002288912095618402,0.003889656733019997,0.48247527005964946,0.08012373520981111,2.2287827777146454,0.22,1.0,0.0,1.0,1.0,1.0,0.0,20260818
hm3dq_like,9,Ext1,Ext1,2,6,B,True,0.0005576874744589455,0.0,0.021094410195329982,0.0,0.34527561732550166,0.0,0.0,0.021094410195329982,0.0,0.001439621143672909,0.0,0.026762381607376155,0.08059716154552242,0.008173600235887627,0.0023026134473436923,0.003913492643528693,0.47925921620304773,0.08059716154552242,2.2356812944044844,0.22,1.0,0.0,1.0,1.0,1.0,0.0,20260818
hm3dq_like,10,Ext1,Ext1,2,7,B,True,0.0005608629644576757,0.0,0.02121458748485816,0.0,0.3465609809117105,0.0,0.0,0.02121458748485816,0.0,0.0014478145785223884,0.0,0.02691083267272408,0.08103922246751688,0.014226018020126897,0.0023154090280623394,0.003935758961602254,0.47413997480398473,0.08103922246751688,2.2421072621134304,0.22,1.0,0.0,1.0,1.0,1.0,0.0,20260818
hm3dq_like,11,Ext1,Ext1,2,8,B,True,0.0005638290142722102,0.0,0.02132683911901334,0.0,0.3477570249075713,0.0,0.0,0.02132683911901334,0.0,0.0014554675744671286,0.0,0.02704945288818416,0.08145195763893633,0.022938041183819678,0.0023273574854143367,0.003956556523107779,0.46678600101604917,0.08145195763893633,2.2480935390146777,0.22,1.0,0.0,1.0,1.0,1.0,0.0,20260818
hm3dq_like,12,Ext1,Ext1,2,9,B,True,0.0005665991264329762,0.0,0.021431675975776776,0.0,0.34887011684700797,0.0,0.0,0.021431675975776776,0.0,0.0014626149784443543,0.0,0.02717888118845139,0.08183727963857622,0.03265499299917078,0.0023385138458524644,0.003975980041037608,0.4586053121059749,0.08183727963857622,2.253670633669482,0.22,1.0,0.0,1.0,1.0,1.0,0.0,20260818
hm3dq_like,13,Ext1,Ext1,2,10,B,True,0.0005691859765463159,0.0,0.021529577657063093,0.0,0.3499061504543201,0.0,0.0,0.021529577657063093,0.0,0.001469289502628257,0.0,0.027299716704536826,0.08219698103578282,0.03265499299917078,0.00234892971181645,0.003994118424965443,0.4586053121059749,0.08219698103578282,2.2588668816566404,0.22,1.0,0.0,1.0,1.0,1.0,0.0,20260818
hm3dq_like,14,Ext1,Ext1,2,11,B,True,0.0005716014575692929,0.0,0.021620994161856255,0.0,0.35087058324741816,0.0,0.0,0.021620994161856255,0.0,0.0014755218388227131,0.0,0.027412520987025124,0.08253274120961605,0.03265499299917078,0.00235865345244985,0.00401105509219446,0.4586053121059749,0.08253274120961605,2.2637086077864,0.22,1.0,0.0,1.0,1.0,1.0,0.0,20260818
hm3dq_like,15,Ext1,Ext1,2,12,B,True,0.0005738567227202562,0.0,0.02170634750785494,0.0,0.3517684709031242,0.0,0.0,0.02170634750785494,0.0,0.001481340769306505,0.0,0.02751782014615713,0.08284613289538047,0.03265499299917078,0.00236773038726186,0.00402686826922205,0.4586053121059749,0.08284613289538047,2.268220275222974,0.22,1.0,0.0,1.0,1.0,1.0,0.0,20260818
hm3dq_like,16,Ext1,Ext1,2,13,B,True,0.0005757752897544988,0.0,0.021778958382894675,0.0,0.3525303590894602,0.0,0.0,0.021778958382894675,0.0,0.0014862909497928012,0.0,0.02760738129895675,0.08311266257306973,0.0326603425632825,0.0023754507877355164,0.0040403205523342756,0.4586056072908861,0.08311266257306973,2.2720516403868127,0.22056909153304718,1.0,0.0006534418095531098,0.9998358659252687,1.0,1.0,0.0006534418095531098,20260818
hm3dq_like,17,Ext1,Ext1,2,14,B,True,0.0005773078794250042,0.0,0.021836961593607263,0.0,0.35313768708624227,0.0,0.0,0.021836961593607263,0.0,0.0014902452415220813,0.0,0.027678913014092036,0.08332552264924498,0.03267256316245587,0.0023816170731367184,0.004051066453581886,0.45860628161563,0.08332552264924498,2.275107784369603,0.2218636651226103,1.0,0.0021129206689477916,0.9994626931454139,1.0,1.0,0.0021129206689477916,20260818
hm3dq_like,18,Ext1,Ext1,2,15,B,True,0.0005784713340747372,0.0,0.02188099443699154,0.0,0.3535979768274604,0.0,0.0,0.02188099443699154,0.0,0.0014932471075115306,0.0,0.02773320897890988,0.08348708472982684,0.03269130325344001,0.002386297616914377,0.004059224098429182,0.4586073156852268,0.08348708472982684,2.2774252197439013,0.2238343588524995,1.0,0.004298381072643434,0.9988951569746544,1.0,1.0,0.004298381072643434,20260818
hm3dq_like,19,Ext1,Ext1,2,16,B,True,0.0005792836543848656,0.0,0.021911738085878985,0.0,0.3539189621115916,0.0,0.0,0.021911738085878985,0.0,0.001495342997295257,0.0,0.02777111475184248,0.08359987194532535,0.0327162570149925,0.002389565277044042,0.004064919724394489,0.4586086926289198,0.08359987194532535,2.2790419119016088,0.2264319100428216,1.0,0.007138065521181419,0.998148077314605,1.0,1.0,0.007138065521181419,20260818
hm3dq_like,20,Ext1,Ext1,2,17,B,True,0.0005797635087435582,0.0,0.021929899015932786,0.0,0.35410842524207653,0.0,0.0,0.021929899015932786,0.0,0.0014965810812839209,0.0,0.027793505123121266,0.08366649191889605,0.032747161208371664,0.002391495442888813,0.004068284242103037,0.4586103979267512,0.08366649191889605,2.2799964111097624,0.2296082268917417,1.0,0.010567671001852285,0.9972360566451329,1.0,1.0,0.010567671001852285,20260818
hm3dq_like,21,Ext1,Ext1,2,18,B,True,0.0005799298400341879,0.0,0.021936194119362096,0.0,0.3541740727092003,0.0,0.0,0.021936194119362096,0.0,0.001497010236492624,0.0,0.027801266034232608,0.08368958331496908,0.032783790872637546,0.0023921644749726402,0.004069450479447956,0.4586124191718951,0.08368958331496908,2.2803271789092894,0.2333171335586145,1.0,0.014529591731489197,0.9961732196690822,1.0,1.0,0.014529591731489197,20260818
hm3dq_like,22,Ext1,Ext1,2,19,B,True,0.0005798015545863677,0.0,0.021931338928325994,0.0,0.3541234423125817,0.0,0.0,0.021931338928325994,0.0,0.0014966792442534516,0.0,0.027795280328329064,0.08367177378237929,0.03282595467881839,0.0023916484750175935,0.00406855100183634,0.45861474581420675,0.08367177378237929,2.2800720734325504,0.23751486506613695,1.0,0.01897223934207215,0.9949730331480673,1.0,1.0,0.01897223934207215,20260818
hm3dq_like,23,Ext1,Ext1,2,20,B,True,0.0005793972799807978,0.0,0.02191603844438139,0.0,0.3539638354619275,0.0,0.0,0.02191603844438139,0.0,0.0014956361655686923,0.0,0.02777641669966215,0.0836156473979605,0.03287349043277035,0.0023900223318372195,0.0040657164151326475,0.4586173689120062,0.0836156473979605,2.2792679640044384,0.24216037211839506,1.0,0.023849432556456055,0.9936481883819291,1.0,1.0,0.023849432556456055,20260818
hm3dq_like,24,Ext1,Ext1,2,21,B,True,0.000578735180152834,0.0,0.02189098013695323,0.0,0.3537022695150822,0.0,0.0,0.02189098013695323,0.0,0.001493927864282485,0.0,0.027745521296401926,0.08352371997855938,0.03292626099198225,0.0023873589960854307,0.004061074070284887,0.45862028090672385,0.08352371997855938,2.2779504503088686,0.24721548298100632,1.0,0.029119849203474744,0.9922105320628084,1.0,1.0,0.029119849203474744,20260818
hm3dq_like,25,Ext1,Ext1,2,22,B,True,0.0005778328178420722,0.0,0.02185682873398953,0.0,0.3533454459487912,0.0,0.0,0.02185682873398953,0.0,0.0014915996523846564,0.0,0.027703411508523013,0.08339842086339924,0.03298415071548199,0.0023837289435142675,0.004054747099794254,0.4586234754269797,0.08339842086339924,2.276153665574958,0.25264495928589153,1.0,0.03474653415531671,0.990671033970287,1.0,1.0,0.03474653415531671,20260818
hm3dq_like,26,Ext1,Ext1,2,23,B,True,0.0005767070558529985,0.0,0.021814222481970957,0.0,0.35289973093705745,0.0,0.0,0.021814222481970957,0.0,0.001488695035429366,0.0,0.027650871541280708,0.0832420799764034,0.033047062474966915,0.00237919979230802,0.004046853726203392,0.45862694712364155,0.0832420799764034,2.273910146770249,0.2584164744706114,1.0,0.04069645743569307,0.989039782246607,1.0,1.0,0.04069645743569307,20260818
hm3dq_like,27,Ext1,Ext1,2,24,B,True,0.000575282693816348,0.0,0.02176031536925338,0.0,0.35233491343352963,0.0,0.0,0.02176031536925338,0.0,0.001485019982517044,0.0,0.027582012979230804,0.08304901909798777,0.03311491520192568,0.0023732701185335083,0.0040368666584346125,0.45863069153446945,0.08304901909798777,2.271093053068423,0.2645005371095549,0.9999209420771187,0.04694011734764183,0.9873259988696366,1.0,0.9999209420771187,0.04694011734764183,20260818
hm3dq_like,28,Ext1,Ext1,2,25,B,True,0.0005735910635605856,0.0,0.021696293283521295,0.0,0.35166283302981255,0.0,0.0,0.021696293283521295,0.0,0.0014806553290024338,0.0,0.027498759450476265,0.0828226351614879,0.03318764191729906,0.002366104603467695,0.004025005559739392,0.45863470497539316,0.0828226351614879,2.2677581945501535,0.27087037629592237,0.9997776957388137,0.05345118400897215,0.9855380694859499,1.0,0.9997776957388137,0.05345118400897215,20260818
hm3dq_like,29,Ext2,Ext2,3,1,B,True,0.0005716608041470561,0.0,0.021623240202956806,0.0,0.35089424268734376,0.0,0.0,0.021623240202956806,0.0,0.0014756749623872079,0.0,0.02740284819090119,0.08256607424171947,0.03326518817823816,0.0023578520301249816,0.004011471212126749,0.4586389844548135,0.08256607424171947,2.263956585090616,0.27750180221295073,0.9995830986681696,0.060206179166197804,0.9836835830293802,1.0,0.9995830986681696,0.060206179166197804,20260818
hm3dq_like,30,Ext2,Ext2,3,2,B,True,0.0005695171261643761,0.0,0.021542110349066834,0.0,0.35003853827696174,0.0,0.0,0.021542110349066834,0.0,0.0014701439242942316,0.0,0.027295778278112102,0.08228216391199573,0.03334751087453091,0.0023486408542863534,0.003996440358763009,0.4586435276072019,0.08228216391199573,2.2597332049714276,0.2843730518694326,0.9993474210116544,0.06718418858943463,0.9817693775769477,1.0,0.9993474210116544,0.06718418858943463,20260818
hm3dq_like,31,Ext2,Ext2,3,3,B,True,0.000567182309324954,0.0,0.02145374701685665,0.0,0.3491039693799619,0.0,0.0,0.02145374701685665,0.0,0.0014641196944563672,0.0,0.027178848722588425,0.0819734523466597,0.03343457731114695,0.00233858244373762,0.003980069193479263,0.45864833264249816,0.0819734523466597,2.255127875577789,0.29146462749219454,0.9990788788864422,0.0743666037361749,0.9798015897233163,1.0,0.9990788788864422,0.0743666037361749,20260818
hm3dq_like,32,Ext2,Ext2,3,4,B,True,0.0005646761158043523,0.0,0.0213588982169427,0.0,0.348097812014574,0.0,0.0,0.0213588982169427,0.0,0.0014576532572727618,0.0,0.027053189915200358,0.08164224141690378,0.03352636452019576,0.0023277737551743324,0.003962496259309445,0.4586533983081693,0.08164224141690378,2.250175984535651,0.2987591331264545,0.9987840451862725,0.08173688971589511,0.9777857054204744,1.0,0.9987840451862725,0.08173688971589511,20260818
hm3dq_like,33,Ext2,Ext2,3,5,B,True,0.0005620161347043018,0.0,0.021258229711420218,0.0,0.34702651074908714,0.0,0.0,0.021258229711420218,0.0,0.0014507899906183175,0.0,0.026919789604210664,0.08129061484899056,0.03362285875370357,0.0023162995472440526,0.003943844863951607,0.45865872386125517,0.08129061484899056,2.244909089062973,0.3062411134820267,0.9984681782261368,0.08928037689454926,0.9757266107598161,1.0,0.9984681782261368,0.08928037689454926,20260818
hm3dq_like,34,Ext2,Ext2,3,6,B,True,0.0005592180701300409,0.0,0.021152335916072462,0.0,0.3458957961164827,0.0,0.0,0.021152335916072462,0.0,0.001443570409150774,0.0,0.026779514377380537,0.08092046230810772,0.03372405511684389,0.002304234211920593,0.003924225099769529,0.4586643090481696,0.08092046230810772,2.239355419952977,0.3138968978900674,0.9981354846580281,0.0969840737522057,0.9736286415934955,1.0,0.9981354846580281,0.0969840737522057,20260818
hm3dq_like,35,Ext2,Ext2,3,7,B,True,0.0005562959830306413,0.0,0.021041749053040237,0.0,0.34471078203799005,0.0,0.0,0.021041749053040237,0.0,0.0014360307883053425,0.0,0.026633127456266274,0.08053350010692972,0.03382995730896575,0.002291643292397241,0.0039037355395464823,0.45867015409045625,0.08053350010692972,2.2335403043060493,0.32171445133049426,0.9977893298035413,0.10483649885206048,0.9714956312212569,1.0,0.9977893298035413,0.10483649885206048,20260818
hm3dq_like,36,Ext2,Ext2,3,8,B,True,0.0005532624950648213,0.0,0.02092694686635843,0.0,0.3434760470151427,0.0,0.0,0.02092694686635843,0.0,0.0014282036902971695,0.0,0.026481303467581818,0.08013128910658175,0.03394057744664586,0.002278584743792027,0.003882464665905472,0.45867625967507775,0.08013128910658175,2.2274865216678283,0.32968323379782527,0.9974324059199517,0.11282752999807227,0.9693309556250131,1.0,0.9974324059199517,0.11282752999807227,20260818
hm3dq_like,37,Ext2,Ext2,3,9,B,True,0.0005501289612043214,0.0,0.020808359154571687,0.0,0.34219570210204026,0.0,0.0,0.020808359154571687,0.0,0.001420118409456328,0.0,0.026324640737530068,0.07971525027220573,0.034055935948923775,0.0022651099829610007,0.003860492081517286,0.45868262694814277,0.07971525027220573,2.221214605446124,0.33779406874798285,0.9970668668130801,0.12094826885441934,0.9671375759304122,1.0,0.9970668668130801,0.12094826885441934,20260818
hm3dq_like,38,Ext2,Ext2,3,10,B,True,0.0005469056165511299,0.0,0.02068637332740042,0.0,0.34087344807702236,0.0,0.0,0.02068637332740042,0.0,0.0014118013510227012,0.0,0.026163671556155097,0.07928667826040767,0.03417606146982185,0.0022512647653822803,0.003837889538458872,0.4586892575112504,0.07928667826040767,2.214743099235098,0.3460390209747711,0.9966944355275829,0.1291909194754478,0.9649180779242972,1.0,0.9966944355275829,0.1291909194754478,20260818
hm3dq_like,39,Ext2,Ext2,3,11,B,True,0.0005436017018195516,0.0,0.020561339155077962,0.0,0.33951262376195207,0.0,0.0,0.020561339155077962,0.0,0.0014032763548922356,0.0,0.025998870777076903,0.07884675334735651,0.03430099086731288,0.002237089920163154,0.0038147218179735987,0.4586961534198506,0.07884675334735651,2.2080887758652614,0.3544112839737855,0.996316490499185,0.1375486793520354,0.9626747085688938,1.0,0.996316490499185,0.1375486793520354,20260818
hm3dq_like,40,Ext2,Ext2,3,12,B,True,0.0005402255711169923,0.0,0.0204335728478372,0.0,0.3381162470616443,0.0,0.0,0.0204335728478372,0.0,0.001394564973689394,0.0,0.025830663050763585,0.07839655195094773,0.034430769201146946,0.002222621968537712,0.003791047486114696,0.45870331718320884,0.07839655195094773,2.201266825537256,0.3629050766408174,0.9959341344764667,0.1460156417213367,0.960409409535694,1.0,0.9959341344764667,0.1460156417213367,20260818
hm3dq_like,41,Ext2,Ext2,3,13,B,True,0.0005367847849923058,0.0,0.020303360577744956,0.0,0.3366870499956505,0.0,0.0,0.020303360577744956,0.0,0.001385686712822909,0.0,0.02565942893438997,0.07793705595561147,0.034565449754492314,0.0022078936465363473,0.0037669195460652283,0.45871075176568776,0.07793705595561147,2.1942910182177737,0.3715155490034167,0.9955482496582921,0.15458670801347446,0.9581238478407157,1.0,0.9955482496582921,0.15458670801347446,20260818
hm3dq_like,42,Ext2,Ext2,3,14,B,True,0.0005332861911698794,0.0,0.020170961534558773,0.0,0.3352275087539314,0.0,0.0,0.020170961534558773,0.0,0.001376659238772282,0.0,0.02548551007629596,0.07746916101201655,0.034705094076348746,0.0021929343486948812,0.00374238600412391,0.45871846058918836,0.07746916101201655,2.187173844522809,0.3802386965839356,0.9951595418037524,0.16325750942245337,0.9558194437032892,1.0,0.9951595418037524,0.16325750942245337,20260818
hm3dq_like,43,Ext2,Ext2,3,15,B,True,0.0005297359949524294,0.0,0.020036610590618786,0.0,0.33373986961465263,0.0,0.0,0.020036610590618786,0.0,0.0013674985607164958,0.0,0.0253092136363213,0.0769936839544072,0.034849772043170496,0.0021777705065390337,0.003717490363256526,0.4587264475366571,0.0769936839544072,2.1799266385424563,0.3890712829288487,0.9947685755201207,0.17202433669077608,0.9534973957769266,1.0,0.9947685755201207,0.17202433669077608,20260818
hm3dq_like,44,Ext2,Ext2,3,16,B,True,0.0005261398209210899,0.0,0.019900520636263686,0.0,0.33222617140686317,0.0,0.0,0.019900520636263686,0.0,0.0013582191897071327,0.0,0.025130816073390592,0.0765113694542932,0.03499956193927778,0.002162425913039282,0.0036922720556087363,0.4587347169566395,0.0765113694542932,2.1725596854375557,0.3980107698035476,0.9943758024932152,0.18088407728915595,0.9511587039164852,1.0,0.9943758024932152,0.18088407728915595,20260818
hm3dq_like,45,Ext2,Ext2,3,17,B,True,0.0005225027672617344,0.0,0.019762884636278732,0.0,0.33068826507550775,0.0,0.0,0.019762884636278732,0.0,0.0013488342788193775,0.0,0.02495056640742818,0.07602289600966705,0.03515455055645902,0.002146922002166524,0.0036667668233398842,0.45874327366890233,0.07602289600966705,2.165082316132934,0.40705525453715835,0.9939815840716909,0.18983415925542418,0.9488041896534022,1.0,0.9939815840716909,0.18983415925542418,20260818
hm3dq_like,46,Ext2,Ext2,3,18,B,True,0.0005188294538213123,0.0,0.019623877448961324,0.0,0.3291278308050256,0.0,0.0,0.019623877448961324,0.0,0.0013393557471237383,0.0,0.024768689042938243,0.07552888135292225,0.035314833313772054,0.0021312780909915666,0.0036410070554843132,0.4587521229711836,0.07552888135292225,2.1575029910219765,0.41620341400276,0.9935862093344714,0.19887250103117943,0.9464345145523421,1.0,0.9935862093344714,0.19887250103117943,20260818
hm3dq_like,47,Ext2,Ext2,3,19,B,True,0.0005151240647980337,0.0,0.019483657442144753,0.0,0.3275463930760315,0.0,0.0,0.019483657442144753,0.0,0.0013297943898161746,0.0,0.0245853862255931,0.0750298873475982,0.03548051439897325,0.0021155115904142622,0.0036150220871995487,0.4587612706471434,0.0750298873475982,2.1498293742643466,0.42545445473042687,0.9931899095446959,0.20799746670178007,0.9440501966198055,1.0,0.9931899095446959,0.20799746670178007,20260818
hm3dq_like,48,Ext2,Ext2,3,20,B,True,0.0005113903868209091,0.0,0.019342367934619187,0.0,0.32594533396324454,0.0,0.0,0.019342367934619187,0.0,0.0013201599764485206,0.0,0.024400840190179268,0.07452642443331069,0.035651706933320156,0.0020996381894985905,0.0035888384666769024,0.45877072297561977,0.07452642443331069,2.142068399987827,0.43480806867045935,0.9927928697128754,0.21720782610568926,0.9416516249293808,1.0,0.9927928697128754,0.21720782610568926,20260818
hm3dq_like,49,Ext2,L-Ext,3,21,B,True,0.0005076318430379256,0.0,0.01920013848659452,0.0,0.32432590492912894,0.0,0.0,0.01920013848659452,0.0,0.0013104613388650321,0.0,0.024215215047737597,0.07401895566943009,0.03582853316170326,0.002083672017496031,0.0035624801940891127,0.45878048674129474,0.07401895566943009,2.1342263314847263,0.44426439414946695,0.992395237847419,0.22650271933362998,0.9392390726203708,1.0,0.992395237847419,0.22650271933362998,20260818
hm3dq_like,50,Ext2,L-Ext,3,22,B,True,0.0005038515237397734,0.0,0.019057086058932193,0.0,0.3226892373239582,0.0,0.0,0.019057086058932193,0.0,0.0013007064502023047,0.0,0.024028658451197064,0.07350790042075175,0.0360111246702306,0.0020676257869096386,0.003535968936234868,0.45879056924688993,0.07350790042075175,2.126308814313199,0.4538239815906716,0.9919971323550539,0.23588162518709846,0.9368127084172513,1.0,0.9919971323550539,0.23588162518709846,20260818
hm3dq_like,51,Ext2,L-Ext,3,23,B,True,0.0005000522139524399,0.0,0.01891331605767521,0.0,0.3210363517673894,0.0,0.0,0.01891331605767521,0.0,0.0012909024960634508,0.0,0.023841303071880385,0.07299363772236675,0.03619962263351379,0.0020515109203631788,0.003509324219939991,0.4588009783270162,0.07299363772236675,2.1183209240665852,0.4634877636004374,0.9915986479611618,0.2453443332100606,0.9343726068073915,1.0,0.9915986479611618,0.2453443332100606,20260818
hm3dq_like,52,Ext2,L-Ext,3,24,B,True,0.0004962364183668244,0.0,0.018768923277797,0.0,0.31936816655764616,0.0,0.0,0.018768923277797,0.0,0.001281055938829101,0.0,0.023653267913641085,0.07247650935591946,0.03639417809401478,0.002035337663561217,0.003482563606794553,0.45881172236381146,0.07247650935591946,2.110267209453072,0.4732570290545126,0.9911998604460481,0.25489091894760585,0.9319187570041235,1.0,0.9911998604460481,0.25489091894760585,20260818
hm3dq_like,53,Ext2,L-Ext,3,25,B,True,0.0004924063839170101,0.0,0.018623992757933028,0.0,0.3176855052304983,0.0,0.0,0.018623992757933028,0.0,0.0012711725758988157,0.0,0.02346465948682514,0.0719568226652205,0.036594952275937995,0.0020191151862331805,0.0034557028514062837,0.4588228103045017,0.0719568226652205,2.102151731228688,0.48313340084898826,0.9908008304339572,0.264521722121394,0.929451070811885,1.0,0.9908008304339572,0.264521722121394,20260818
hm3dq_like,54,E-Ret,E-Ret,4,1,B,False,0.0059032130247343995,0.0,0.06572461064593516,0.0,0.6216585735751026,0.0,0.0,0.06572461064593516,0.0,0.02639678260082079,0.0,0.07805425442752915,0.23370692131904539,0.050366955168369684,0.006742558399633284,0.041458831725412426,0.45958456465500647,0.23370692131904539,2.0939780974447055,0.4931188170119657,0.9904016064242844,0.2742373274442968,0.9269693895000327,1.0,0.9904016064242844,0.2742373274442968,20260818
hm3dq_like,55,E-Ret,E-Ret,4,2,B,False,0.0059032130247343995,0.0,0.06572461064593516,0.0,0.6216585735751026,0.0,0.0,0.06572461064593516,0.0,0.02639678260082079,0.0,0.07805425442752915,0.23370692131904539,0.050366955168369684,0.006742558399633284,0.041458831725412426,0.45958456465500647,0.23370692131904539,2.0939780974447055,0.4931188170119657,0.9904016064242844,0.2742373274442968,0.9269693895000327,1.0,0.9904016064242844,0.2742373274442968,20260818
hm3dq_like,56,E-Ret,E-Ret,4,3,B,False,0.0059032130247343995,0.0,0.06572461064593516,0.0,0.6216585735751026,0.0,0.0,0.06572461064593516,0.0,0.02639678260082079,0.0,0.07805425442752915,0.23370692131904539,0.050366955168369684,0.006742558399633284,0.041458831725412426,0.45958456465500647,0.23370692131904539,2.0939780974447055,0.4931188170119657,0.9904016064242844,0.2742373274442968,0.9269693895000327,1.0,0.9904016064242844,0.2742373274442968,20260818
hm3dq_like,57,E-Ret,E-Ret,4,4,B,False,0.0059032130247343995,0.0,0.06572461064593516,0.0,0.6216585735751026,0.0,0.0,0.06572461064593516,0.0,0.02639678260082079,0.0,0.07805425442752915,0.23370692131904539,0.050366955168369684,0.006742558399633284,0.041458831725412426,0.45958456465500647,0.23370692131904539,2.0939780974447055,0.4931188170119657,0.9904016064242844,0.2742373274442968,0.9269693895000327,1.0,0.9904016064242844,0.2742373274442968,20260818
hm3dq_like,58,E-Ret,E-Ret,4,5,B,False,0.0059032130247343995,0.0,0.06572461064593516,0.0,0.6216585735751026,0.0,0.0,0.06572461064593516,0.0,0.02639678260082079,0.0,0.07805425442752915,0.23370692131904539,0.050366955168369684,0.006742558399633284,0.041458831725412426,0.45958456465500647,0.23370692131904539,2.0939780974447055,0.4931188170119657,0.9904016064242844,0.2742373274442968,0.9269693895000327,1.0,0.9904016064242844,0.2742373274442968,20260818
hm3dq_like,59,F-Ren,F-Ren,5,1,A,False,0.01201271817952343,0.0,0.13479041291141958,0.0,0.7711544967842645,0.0,0.0,0.13479041291141958,0.0,0.05315213068639413,0.0,0.1469185797923684,0.42950783400305526,0.018921901963644794,0.3860487381226154,0.08377344146410226,0.00121259887175257,0.42950783400305526,3.042943163025346,0.4931188170119657,0.9904016064242844,0.2742373274442968,1.3470604919674372,0.0,0.9904016064242844,0.2742373274442968,20260818
hm3dq_like,60,F-Ren,F-Ren,5,2,A,False,0.01201271817952343,0.0,0.13479041291141958,0.0,0.7711544967842645,0.0,0.0,0.13479041291141958,0.0,0.05315213068639413,0.0,0.1469185797923684,0.42950783400305526,0.018921901963644794,0.3860487381226154,0.08377344146410226,0.00121259887175257,0.42950783400305526,3.042943163025346,0.4931188170119657,0.9904016064242844,0.2742373274442968,1.3470604919674372,0.0,0.9904016064242844,0.2742373274442968,20260818
hm3dq_like,61,F-Ren,F-Ren,5,3,A,False,0.01201271817952343,0.0,0.13479041291141958,0.0,0.7711544967842645,0.0,0.0,0.13479041291141958,0.0,0.05315213068639413,0.0,0.1469185797923684,0.42950783400305526,0.018921901963644794,0.3860487381226154,0.08377344146410226,0.00121259887175257,0.42950783400305526,3.042943163025346,0.4931188170119657,0.9904016064242844,0.2742373274442968,1.3470604919674372,0.0,0.9904016064242844,0.2742373274442968,20260818
hm3dq_like,62,F-Ren,F-Ren,5,4,A,False,0.01201271817952343,0.0,0.13479041291141958,0.0,0.7711544967842645,0.0,0.0,0.13479041291141958,0.0,0.05315213068639413,0.0,0.1469185797923684,0.42950783400305526,0.018921901963644794,0.3860487381226154,0.08377344146410226,0.00121259887175257,0.42950783400305526,3.042943163025346,0.4931188170119657,0.9904016064242844,0.2742373274442968,1.3470604919674372,0.0,0.9904016064242844,0.2742373274442968,20260818
hm3dq_like,63,F-Ren,F-Ren,5,5,A,False,0.01201271817952343,0.0,0.13479041291141958,0.0,0.7711544967842645,0.0,0.0,0.13479041291141958,0.0,0.05315213068639413,0.0,0.1469185797923684,0.42950783400305526,0.018921901963644794,0.3860487381226154,0.08377344146410226,0.00121259887175257,0.42950783400305526,3.042943163025346,0.4931188170119657,0.9904016064242844,0.2742373274442968,1.3470604919674372,0.0,0.9904016064242844,0.2742373274442968,20260818
hm4di_like,0,Pre-Con,Pre-Con,0,1,A,False,0.0,0.0,0.0,0.0,0.0,0.0,0.0,0.0,0.0,0.0,0.0,0.0,0.00653119496947252,0.004036710768538954,0.3842523215571083,0.0,0.0,0.00653119496947252,,,0.0,0.0,,,0.0,0.0,20260818
hm4di_like,1,F-Con,F-Con,1,1,A,True,0.08328698219138453,0.0,0.7998359770879381,0.0,0.9523716522139278,0.0,0.0,0.7998359770879381,0.0,0.27872687616858605,0.0,0.7165859895183705,0.00653119496947252,0.004036710768538954,0.3842523215571083,0.4215770703060906,0.0,0.00653119496947252,0.28,0.22,0.0,0.0,1.0,0.0,0.0,0.0,20260818
hm4di_like,2,F-Con,F-Con,1,2,A,True,0.08328698219138453,0.0,0.7998359770879381,0.0,0.9523716522139278,0.0,0.0,0.7998359770879381,0.0,0.27872687616858605,0.0,0.5809773719640225,0.20091824478858633,0.004036710768538954,0.38339246276680483,0.4215770703060906,0.0,0.20091824478858633,0.3196005221444273,0.22,0.0,0.0,1.1414304362300973,0.0,0.0,0.0,20260818
hm4di_like,3,F-Con,F-Con,1,3,A,True,0.08474756609711354,0.0,0.8103155951462515,0.0,0.9529586423813382,0.0,0.0,0.8103155951462515,0.0,0.2834107344521434,0.0,0.6214799987386012,0.39277771805901573,0.004036710768538954,0.3841122813893348,0.4286546895842237,0.0,0.39277771805901573,1.92421809064276,0.22,0.6563894360681201,0.0,1.35,0.0,0.6563894360681201,0.0,20260818
hm4di_like,4,Ext1,E-Ext,2,1,B,True,0.01884326598699848,0.0,0.11055530116449008,0.0,0.7343168942533762,0.0,0.0,0.11055530116449008,0.0,0.08954937812381714,0.0,0.12555066176984447,0.36085973322334025,0.0063006991581587846,0.010883463369899659,0.10205875596544434,0.48524435617492145,0.36085973322334025,2.1957125324889537,0.22,1.0,0.0,1.0,1.0,1.0,0.0,20260818
hm4di_like,5,Ext1,E-Ext,2,2,B,True,0.021091171660070906,0.0,0.1240718607401119,0.0,0.7562043861783248,0.0,0.0,0.1240718607401119,0.0,0.09985925931718376,0.0,0.13857237275159187,0.39545371004124646,0.0063006991581587846,0.012026036687688632,0.11403788097047107,0.48524435617492145,0.39545371004124646,2.334775896789571,0.22,1.0,0.0,1.0,1.0,1.0,0.0,20260818
hm4di_like,6,Ext1,E-Ext,2,3,B,True,0.02345998393665072,0.0,0.13839401448949273,0.0,0.7757772304498705,0.0,0.0,0.13839401448949273,0.0,0.11063798647057799,0.0,0.15186801563858798,0.4301242562030883,0.0063006991581587846,0.013195960439815448,0.1266142050452086,0.48524435617492145,0.4301242562030883,2.4758115600195465,0.22,1.0,0.0,1.0,1.0,1.0,0.0,20260818
hm4di_like,7,Ext1,E-Ext,2,4,B,True,0.025942192714248136,0.0,0.1534893410705871,0.0,0.7932702660586995,0.0,0.0,0.1534893410705871,0.0,0.12183847154802108,0.0,0.16533908767275296,0.46454652860614026,0.008661172888445494,0.014384969131214391,0.13974002642525618,0.4832406268570432,0.46454652860614026,2.618657437614809,0.22,1.0,0.0,1.0,1.0,1.0,0.0,20260818
hm4di_like,8,Ext1,E-Ext,2,5,B,True,0.02852672927168931,0.0,0.1693033895464383,0.0,0.8088898603759822,0.0,0.0,0.1693033895464383,0.0,0.13339835305661718,0.0,0.17887391366018063,0.49837752985780176,0.012704235884775091,0.015583570078252902,0.15334904697948515,0.47981142648490094,0.49837752985780176,2.7630185504835474,0.22,1.0,0.0,1.0,1.0,1.0,0.0,20260818
hm4di_like,9,Ext1,Ext1,2,6,B,True,0.03119886220962209,0.0,0.1857582084425624,0.0,0.8228192884947666,0.0,0.0,0.1857582084425624,0.0,0.14524041050079606,0.0,0.1923512585429152,0.5312713913494056,0.02002790290050874,0.016781329241857417,0.1673563262574954,0.47360902453588805,0.5312713913494056,2.9084719816399227,0.22,1.0,0.0,1.0,1.0,1.0,0.0,20260818
hm4di_like,10,Ext1,Ext1,2,7,B,True,0.033940370205623904,0.0,0.20275247656689532,0.0,0.8352231022904634,0.0,0.0,0.20275247656689532,0.0,0.15727426827769864,0.0,0.20564533383019434,0.5628972480479477,0.03143919864097828,0.017967282909552625,0.18165974994884593,0.4639697223088988,0.5628972480479477,3.054478352105308,0.22,1.0,0.0,1.0,1.0,1.0,0.0,20260818
hm4di_like,11,Ext1,Ext1,2,8,B,True,0.03670899153181717,0.0,0.22011519042390892,0.0,0.8462219759837474,0.0,0.0,0.22011519042390892,0.0,0.16930262963086562,0.0,0.21859658560364137,0.59287739586133,0.047304639149071646,0.019127284393017988,0.19606320130316957,0.4506204402206624,0.59287739586133,3.200400353748785,0.22,1.0,0.0,1.0,1.0,1.0,0.0,20260818
hm4di_like,12,Ext1,Ext1,2,9,B,True,0.03418516945928407,0.0,0.22011519042390892,0.0,0.8462219759837474,0.0,0.0,0.22011519042390892,0.0,0.15723817637107462,0.0,0.21859658560364137,0.59287739586133,0.04894586913282374,0.019127284393017988,0.18833662394064632,0.4489934400318876,0.59287739586133,3.2800000000000002,0.22,1.0,0.0,1.0,1.0,1.0,0.0,20260818
hm4di_like,13,Ext1,Ext1,2,10,B,True,0.034219984868735676,0.0,0.22011519042390892,0.0,0.8462219759837474,0.0,0.0,0.22011519042390892,0.0,0.1574052115862411,0.0,0.21859658560364137,0.59287739586133,0.04900979581923443,0.019127284393017988,0.18844539609950106,0.44899842598240813,0.59287739586133,3.278848771164611,0.2212171731323652,1.0,0.0013863242880154188,0.9996490155989667,1.0,1.0,0.0013863242880154188,20260818
hm4di_like,14,Ext1,Ext1,2,11,B,True,0.034301990528895265,0.0,0.22011519042390892,0.0,0.8462219759837474,0.0,0.0,0.22011519042390892,0.0,0.15779858566738558,0.0,0.21859658560364137,0.59287739586133,0.049161834491797396,0.019127284393017988,0.18870135088192552,0.449010284498973,0.59287739586133,3.276143349687334,0.2240809328704084,1.0,0.004541866245517803,0.9988241919778457,1.0,1.0,0.004541866245517803,20260818
hm4di_like,15,Ext1,Ext1,2,12,B,True,0.034429559207697524,0.0,0.22011519042390892,0.0,0.8462219759837474,0.0,0.0,0.22011519042390892,0.0,0.15841033304081087,0.0,0.21859658560364137,0.59287739586133,0.04940242820903798,0.019127284393017988,0.1890988168536798,0.4490290508448313,0.59287739586133,3.2719520560591864,0.22852687891411966,1.0,0.009297812310637381,0.9975463585546299,1.0,1.0,0.009297812310637381,20260818
hm4di_like,16,Ext1,Ext1,2,13,B,True,0.034600937836892665,0.0,0.22011519042390892,0.0,0.8462219759837474,0.0,0.0,0.22011519042390892,0.0,0.1592318070124733,0.0,0.21859658560364137,0.59287739586133,0.04973346188885408,0.019127284393017988,0.1896314500833537,0.4490548731784616,0.59287739586133,3.266354183621879,0.23448265990708742,1.0,0.015506952908130815,0.9958396901286215,1.0,1.0,0.015506952908130815,20260818
hm4di_like,17,Ext1,Ext1,2,14,B,True,0.03481440203729347,0.0,0.22011519042390892,0.0,0.8462219759837474,0.0,0.0,0.22011519042390892,0.0,0.16025443216730284,0.0,0.21859658560364137,0.59287739586133,0.0501583050054957,0.019127284393017988,0.19029276614150337,0.44908801594560754,0.59287739586133,3.2594335760322197,0.24187402650138698,1.0,0.023041622573175206,0.9937297487903108,1.0,1.0,0.023041622573175206,20260818
hm4di_like,18,Ext1,Ext1,2,15,B,True,0.03506836925118262,0.0,0.22011519042390892,0.0,0.8462219759837474,0.0,0.0,0.22011519042390892,0.0,0.16147025609478993,0.0,0.21859658560364137,0.59287739586133,0.05068182251482982,0.019127284393017988,0.191076536253029,0.4491288608309015,0.59287739586133,3.2512737244258925,0.25062935650175866,1.0,0.03179192523400377,0.9912419891542354,1.0,1.0,0.03179192523400377,20260818
hm4di_like,19,Ext1,Ext1,2,16,B,True,0.03536148339852996,0.0,0.22011519042390892,0.0,0.8462219759837474,0.0,0.0,0.22011519042390892,0.0,0.1628723615054315,0.0,0.21859658560364137,0.59287739586133,0.05131039721189399,0.019127284393017988,0.19197708405653147,0.4491779086429045,0.59287739586133,3.2419540616639675,0.2606830521725178,1.0,0.04166421672014213,0.9884006285560876,1.0,1.0,0.04166421672014213,20260818
hm4di_like,20,Ext1,Ext1,2,17,B,True,0.03569268072799614,0.0,0.22011519042390892,0.0,0.8462219759837474,0.0,0.0,0.22011519042390892,0.0,0.16445518462538133,0.0,0.21859658560364137,0.59287739586133,0.05205199210874896,0.019127284393017988,0.19298951115963447,0.4492357843700844,0.59287739586133,3.2315471869294408,0.2719781213956344,1.0,0.052579819966010896,0.9852278008931221,1.0,1.0,0.052579819966010896,20260818
hm4di_like,21,Ext1,Ext1,2,18,B,True,0.036061244241040624,0.0,0.2201151904239088,0.0,0.8462219759837474,0.0,0.0,0.2201151904239088,0.0,0.1662147749390247,0.0,0.21859658560364134,0.5928773958613298,0.05291627313188081,0.019127284393017984,0.1941098735856085,0.4493032470039839,0.5928773958613298,3.2201167986248262,0.2844681889145315,1.0,0.06447395296696182,0.9817429264100079,1.0,1.0,0.06447395296696182,20260818
hm4di_like,22,Ext1,Ext1,2,19,B,True,0.03646685253145909,0.0,0.22011519042390892,0.0,0.8462219759837474,0.0,0.0,0.22011519042390892,0.0,0.16814902400553278,0.0,0.21859658560364137,0.59287739586133,0.053914808872161255,0.019127284393017988,0.19533532687060728,0.44938120545471605,0.59287739586133,3.2077161488283226,0.29811913703358045,1.0,0.07729485475594247,0.9779622404964398,1.0,1.0,0.07729485475594247,20260818
hm4di_like,23,Ext1,Ext1,2,20,B,True,0.036614196157967904,0.0,0.21943822553262204,0.0,0.8458207154405227,0.0,0.0,0.21943822553262204,0.0,0.16889838195174123,0.0,0.21810326297035604,0.5917510199158678,0.055021131935899845,0.019083010854495666,0.1955432074407627,0.4494675997011931,0.5917510199158678,3.1943868599158276,0.3129105433918189,1.0,0.09100310025136929,0.9738984329011668,1.0,1.0,0.09100310025136929,20260818
hm4di_like,24,Ext1,Ext1,2,21,B,True,0.03634050342647477,0.0,0.2177251908642911,0.0,0.8447959244268731,0.0,0.0,0.2177251908642911,0.0,0.1677136437103819,0.0,0.21685075797542025,0.5888856049655022,0.05621401912991726,0.018970636169780133,0.19412515818125564,0.44956077809196665,0.5888856049655022,3.180162269331145,0.3288322241676548,1.0,0.10556895516549186,0.9695616674790076,1.0,1.0,0.10556895516549186,20260818
hm4di_like,25,Ext1,Ext1,2,22,B,True,0.03605053435990635,0.0,0.2159115521680428,0.0,0.8436959970695882,0.0,0.0,0.2159115521680428,0.0,0.16645718001471765,0.0,0.21551815869565547,0.5858281096795539,0.05755534394380871,0.018851125727026984,0.19262201389123645,0.44966558128584755,0.5858281096795539,3.165069346954795,0.3458823173253321,1.0,0.12097027509453631,0.9649601667545106,1.0,1.0,0.12097027509453631,20260818
hm4di_like,26,Ext1,Ext1,2,23,B,True,0.03574461761725378,0.0,0.2139995805186634,0.0,0.8425194249599918,0.0,0.0,0.2139995805186634,0.0,0.1651301970316672,0.0,0.2141059971774258,0.5825781759521058,0.05905927147642345,0.018724536084596507,0.19103534855147197,0.4497831272621267,0.5825781759521058,3.149120644303451,0.36407676014851265,1.0,0.1371950462364556,0.9600977574095887,1.0,1.0,0.1371950462364556,20260818
hm4di_like,27,Ext1,Ext1,2,24,B,True,0.03541779255359889,0.0,0.21195853311684265,0.0,0.8412437177452113,0.0,0.0,0.21195853311684265,0.0,0.16371091229811596,0.0,0.21257023530421432,0.579102774646652,0.06074242279011732,0.018586982145244752,0.18933927611808188,0.44991472896183093,0.579102774646652,3.132089815792254,0.3834477722427835,0.9999209420771187,0.15424112775386398,0.9549744849664061,1.0,0.9999209420771187,0.15424112775386398,20260818
hm4di_like,28,Ext1,Ext1,2,25,B,True,0.0350709827888267,0.0,0.20979448504497133,0.0,0.8398683622146474,0.0,0.0,0.20979448504497133,0.0,0.16220302510029272,0.0,0.21091798189383665,0.5754015646227539,0.06262438486898486,0.01843910503415214,0.18753840493340435,0.4500619350520643,0.5754015646227539,3.1140103615216264,0.40404523937699555,0.9997776957388137,0.1721161508769319,0.9495864795377819,1.0,0.9997776957388137,0.1721161508769319,20260818
hm4di_like,29,Ext2,Ext2,3,1,B,True,0.034704720961237334,0.0,0.20751107318482465,0.0,0.83839106879016,0.0,0.0,0.20751107318482465,0.0,0.16060853208495007,0.0,0.20915392552452802,0.5714705211048818,0.06472835210190259,0.018281330526593285,0.18563531224673313,0.4502265812901569,0.5714705211048818,3.0948959868040458,0.4259384681356535,0.9995830986681696,0.19083758626825978,0.9439257800453034,1.0,0.9995830986681696,0.19083758626825978,20260818
hm4di_like,30,Ext2,Ext2,3,2,B,True,0.034319106941288924,0.0,0.20510924479516313,0.0,0.8368074609612222,0.0,0.0,0.20510924479516313,0.0,0.15892753607185495,0.0,0.2072799700193409,0.5673014705677232,0.06708193554373776,0.018113837063898044,0.1836303216237044,0.45041085544997583,0.5673014705677232,3.0747383916750004,0.4492184453663163,0.9993474210116544,0.21043299703374999,0.9379800945056349,1.0,0.9993474210116544,0.21043299703374999,20260818
hm4di_like,31,Ext2,Ext2,3,3,B,True,0.0339138290931299,0.0,0.20258740150707522,0.0,0.8351109754608036,0.0,0.0,0.20258740150707522,0.0,0.15715832689873155,0.0,0.20529542367381245,0.5628819452969288,0.06971818998366094,0.017936572838876966,0.18152160653552962,0.4506173799078369,0.5628819452969288,3.053507793769645,0.4740007671177645,0.9990788788864422,0.23094050197268584,0.9317324722947864,1.0,0.9990788788864422,0.23094050197268584,20260818
hm4di_like,32,Ext2,Ext2,3,4,B,True,0.033488172534919314,0.0,0.19994146358580067,0.0,0.8332926731286008,0.0,0.0,0.19994146358580067,0.0,0.15529740424089633,0.0,0.20319709419491783,0.5581949001725022,0.07267692789812259,0.017749264592743848,0.17930522560149442,0.45084931756302826,0.5581949001725022,3.0311527622735155,0.500429447382307,0.9987840451862725,0.2524094828165325,0.9251608608781361,1.0,0.9987840451862725,0.2524094828165325,20260818
hm4di_like,33,Ext2,Ext2,3,5,B,True,0.033041014228822,0.0,0.19716485394046535,0.0,0.831340945610596,0.0,0.0,0.19716485394046535,0.0,0.15333944109992026,0.0,0.20097929075610194,0.5532182714265029,0.07600641609307299,0.01755141824869616,0.17697508828433606,0.4511105089938064,0.5532182714265029,3.007599317043552,0.5286818832126796,0.9984681782261368,0.2749015811305502,0.9182375139316489,1.0,0.9984681782261368,0.2749015811305502,20260818
hm4di_like,34,Ext2,Ext2,3,6,B,True,0.03257080412778457,0.0,0.19424839782257852,0.0,0.8292410946165946,0.0,0.0,0.19424839782257852,0.0,0.15127718379075272,0.0,0.19863372989552697,0.5479243474069893,0.07976558888653865,0.01734231110716854,0.17452284656650352,0.4514056519379358,0.5479243474069893,2.982749208196056,0.5589753483974577,0.9981354846580281,0.2984920463936746,0.9109282094701316,1.0,0.9981354846580281,0.2984920463936746,20260818
hm4di_like,35,Ext2,Ext2,3,7,B,True,0.03207553091396509,0.0006427252778998804,0.19118013012053447,0.0006427252778998804,0.8246819744841501,0.002772484519678732,0.0006427252778998804,0.19118013012053447,0.000472317163685565,0.14910128094206587,0.00030212031512732995,0.19614933665641937,0.5422789089274371,0.08402696660393744,0.01712097486972604,0.17193770436923972,0.4517405388214103,0.5422789089274371,2.956477243107772,0.5915755261584386,0.9977893298035413,0.3232715181676128,0.903191224656685,1.0,0.9977893298035413,0.3232715181676128,20260818
hm4di_like,36,Ext2,Ext2,3,8,B,True,0.031552670036404606,0.0008104441530641937,0.18794499737742332,0.0008104441530641937,0.8215979306108652,0.003542840981801,0.0008104441530641937,0.18794499737742332,0.000595592506959286,0.14680003001690467,0.0003809640628512634,0.19351192598751693,0.5362400803429499,0.0888805485153367,0.016886168209381068,0.16920613195117573,0.4521223748949113,0.5362400803429499,2.928627465327972,0.626807792797837,0.9974324059199517,0.34934835458925473,0.894975997117049,1.0,0.9974324059199517,0.34934835458925473,20260818
hm4di_like,37,Ext2,Ext2,3,9,B,True,0.030999110739009295,0.0010228830718135296,0.18452443584556444,0.0010228830718135296,0.8181185071552948,0.004535115188792069,0.0010228830718135296,0.18452443584556444,0.0007517521032641694,0.1443590248696901,0.0004808337835320309,0.19070374146761554,0.529756810386351,0.09443906846617425,0.016636336921403,0.16631146692736487,0.45256020976797473,0.529756810386351,2.899007907095661,0.6650722609044953,0.9970668668130801,0.3768516601639701,0.8862213789965669,1.0,0.9970668668130801,0.3768516601639701,20260818
hm4di_like,38,Ext2,Ext2,3,10,B,True,0.030411057504497352,0.001293681388498391,0.18089579974077818,0.001293681388498391,0.8141510517121534,0.005822424094620789,0.001293681388498391,0.18089579974077818,0.000950834017637181,0.14176068154450172,0.0006081442361078881,0.18770281822519894,0.5227668717452039,0.10084518029682285,0.01636955881489321,0.16323337653158043,0.4530655306663165,0.5227668717452039,2.867383525337345,0.7068640333535994,0.9966944355275829,0.4059352232118883,0.8768533570888666,1.0,0.9966944355275829,0.4059352232118883,20260818
hm4di_like,39,Ext2,Ext2,3,11,B,True,0.029783899770169486,0.001641524096215874,0.17703160512503024,0.001641524096215874,0.8095718287632662,0.007506748095030162,0.001641524096215874,0.17703160512503024,0.0012065950481338072,0.13898361153719063,0.0007716844252462218,0.1844821236722921,0.5151942273557242,0.10828141190452797,0.016083469373744115,0.1599471469573125,0.45365308967622586,0.5151942273557242,2.8334667782883898,0.7528007894874231,0.996316490499185,0.43678265519947057,0.8667820665304857,1.0,0.996316490499185,0.43678265519947057,20260818
hm4di_like,40,Ext2,Ext2,3,12,B,True,0.029112041874592376,0.0020924154120838256,0.17289854452406273,0.0020924154120838256,0.8042130914500522,0.009732573931040095,0.0020924154120838256,0.17289854452406273,0.0015381901298756606,0.13600180183604516,0.0009836882980009953,0.18100841244823573,0.5069455556560187,0.11698414423275671,0.01577516275234158,0.15642275485644908,0.45434207466008636,0.5069455556560187,2.79690509029835,0.8036608558927445,0.9959341344764667,0.46961414261683276,0.8558978619279836,1.0,0.9959341344764667,0.46961414261683276,20260818
hm4di_like,41,Ext2,Ext2,3,13,B,True,0.02838868305291553,0.0026831867274801358,0.16845621617594542,0.0026831867274801358,0.7978435756635947,0.012708128802975805,0.0026831867274801358,0.16845621617594542,0.0019727665379268844,0.1327835493672792,0.0012614874285146183,0.17724071002433375,0.49790565242498,0.12726351810685863,0.015441060820541216,0.15262366366685343,0.45515779281991203,0.49790565242498,2.7572641658453145,0.8604365276480896,0.9955482496582921,0.5046953956441532,0.8440661221917648,1.0,0.9955482496582921,0.5046953956441532,20260818
hm4di_like,42,Ext2,Ext2,3,14,B,True,0.02760553527241416,0.0034670360946409406,0.16365550217712677,0.0034670360946409406,0.790138550554033,0.01673905758190258,0.0034670360946409406,0.16365550217712677,0.002549566558913252,0.12929008529689445,0.0016301222030298268,0.17312831293027642,0.48793133040689723,0.13953217749382046,0.015076740764787419,0.14850527511518397,0.4561341309394827,0.48793133040689723,2.7140057284223382,0.9244099758304152,0.9951595418037524,0.5423496355575336,0.8311203470457669,1.0,0.9951595418037524,0.5423496355575336,20260818
hm4di_like,43,Ext2,Ext2,3,15,B,True,0.026752465825742866,0.004522500904701521,0.15843652842034195,0.004522500904701521,0.7806330614963785,0.022282826833284825,0.004522500904701521,0.15843652842034195,0.0033265857091250295,0.12547381621328468,0.002126574256354208,0.16860816565263342,0.4768433228437864,0.1543473143944212,0.0146767094850262,0.14401295926162905,0.45731720990493135,0.4768433228437864,2.666457762053042,0.9972632440636489,0.9947685755201207,0.582973849875134,0.8168529498806228,1.0,0.9947685755201207,0.582973849875134,20260818
hm4di_like,44,Ext2,Ext2,3,16,B,True,0.02581705450597449,0.005968400749746805,0.1527261624782129,0.005968400749746805,0.7686479186800503,0.030038067739676075,0.005968400749746805,0.1527261624782129,0.004391689476379468,0.12127611589641552,0.0028068214984046103,0.16360145610059112,0.4644155857846279,0.17247283641212213,0.01423411171350029,0.13907959848861962,0.4587708991720365,0.4644155857846279,2.613774747813347,1.0812407102255983,0.9943758024932152,0.6270611307188623,0.8010029708990611,1.0,0.9943758024932152,0.6270611307188623,20260818
hm4di_like,45,Ext2,Ext2,3,17,B,True,0.024784068170067508,0.00798948454402404,0.14643509184949455,0.00798948454402404,0.7531717160751709,0.04109297647563438,0.00798948454402404,0.14643509184949455,0.005881759311373025,0.11662465134096767,0.003757961910700547,0.15800929489650234,0.4503613627302704,0.19497182432792654,0.013740361246640631,0.1336226451281205,0.46058525095470043,0.4503613627302704,2.5548848640857957,1.179393896754683,0.9939815840716909,0.6752318034594236,0.7832397720258328,1.0,0.9939815840716909,0.6752318034594236,20260818
hm4di_like,46,Ext2,Ext2,3,18,B,True,0.023634893169749427,0.010881895016789489,0.13945476184237637,0.010881895016789489,0.732674221264493,0.057171830147469876,0.010881895016789489,0.13945476184237637,0.0080167949534522,0.11143038704075459,0.0051197420453164,0.15170749121941746,0.4343156401288601,0.22334339598359132,0.01318469818934807,0.12754088702706468,0.46288950676977936,0.4343156401288601,2.4884211576883555,1.295957964545722,0.9935862093344714,0.7282773973683256,0.7631417843436125,1.0,0.9935862093344714,0.7282773973683256,20260818
hm4di_like,47,Ext2,Ext2,3,19,B,True,0.022347061594260142,0.015136524737659474,0.13165503530148048,0.015136524737659474,0.7048232547225032,0.08103430762336261,0.015136524737659474,0.13165503530148048,0.011162867036588309,0.10558483762515469,0.0071241245390686325,0.14454091426445023,0.4158147528135163,0.2597197387032817,0.01255371752530686,0.12071161882931158,0.46587208535756475,0.4158147528135163,2.412635731928408,1.436942042427431,0.9931899095446959,0.7872234730114349,0.7401700018055497,1.0,0.9931899095446959,0.7872234730114349,20260818
hm4di_like,48,Ext2,Ext2,3,20,B,True,0.0208942330504438,0.0215969938846442,0.12288478724411911,0.0215969938846442,0.6661079836298244,0.11706843761211347,0.0215969938846442,0.12288478724411911,0.01595264489576098,0.0989591785663273,0.010170550141528234,0.13631922239642624,0.39427731903395224,0.3071263960048579,0.011831027907644474,0.11299012412079357,0.4698103826594827,0.39427731903395224,2.3253038865981237,1.611069380988588,0.9927928697128754,0.8534199284265188,0.7136383353599394,1.0,0.9927928697128754,0.8534199284265188,20260818
hm4di_like,49,Ext2,L-Ext,3,21,B,True,0.10326137589196449,0.031767586175774576,0.1129806147580138,0.031767586175774576,0.6115383759461059,0.17195072003521003,0.031767586175774576,0.1129806147580138,0.023524106395671485,0.0914092084522341,0.014973478845236032,0.12681894808576877,0.36899975359486004,0.369739858076774,0.010997478601991111,0.10421610323408059,0.47511096282499954,0.36899975359486004,2.223648640471432,1.8312835700604428,0.992395237847419,0.9286699172670219,0.6826901613949325,1.0,0.992395237847419,0.9286699172670219,20260818
hm4di_like,50,Ext2,L-Ext,3,22,B,True,0.0967305450843724,0.04598149886883751,0.10283794108513622,0.04598149886883751,0.5446364056063496,0.24352100016844597,0.04598149886883751,0.10283794108513622,0.03416977082654604,0.0836023982209505,0.021700200125156943,0.11683976563112916,0.34204510561980733,0.4444518207984406,0.010123620915787189,0.09517102484942697,0.4816064251561197,0.34204510561980733,2.11573257498637,2.088335013889272,0.9919971323550539,1.0,0.6497967337669929,1.0,0.9919971323550539,1.0,20260818
hm4di_like,51,Ext2,L-Ext,3,23,B,True,0.09246158079865785,0.05276001859798862,0.09694491338838673,0.05276001859798862,0.511030010518384,0.278116219992519,0.05276001859798862,0.09694491338838673,0.03927322676359679,0.07903139636856726,0.024914053853561935,0.1109016795918579,0.3259120402433635,0.4925440734806298,0.009604495970475463,0.08988785582489123,0.4859029895919039,0.3259120402433635,2.0510621193124345,2.2545282992104196,0.9915986479611618,1.0,0.6301661163019618,1.0,0.9915986479611618,1.0,20260818
hm4di_like,52,Ext2,L-Ext,3,24,B,True,0.08701812693977007,0.060477832862006364,0.09112769276697663,0.060477832862006364,0.4756005468413918,0.3156372065130999,0.060477832862006364,0.09112769276697663,0.04510498171604527,0.07449369726928434,0.02857792107596835,0.10495453591026618,0.30961030753230695,0.5433941858091774,0.00908515392524981,0.08465251806077234,0.49056227701472405,0.30961030753230695,1.9855802847809427,2.4338617419591912,0.9911998604460481,1.0,0.6102718650966604,1.0,0.9911998604460481,1.0,20260818
hm4di_like,53,Ext2,L-Ext,3,25,B,True,0.08167240671640463,0.06920085271696952,0.08542819877095831,0.06920085271696952,0.4389283003635103,0.3555525353894139,0.06920085271696952,0.08542819877095831,0.05172356632301778,0.07002313358969703,0.032724990838608026,0.09904419681935607,0.29327006046133886,0.5960945892379593,0.008569581270724836,0.07950369665322765,0.49554015761248865,0.29327006046133886,1.919672719840243,2.6267278899419915,0.9908008304339572,1.0,0.5902322129484769,1.0,0.9908008304339572,1.0,20260818
hm4di_like,54,E-Ret,E-Ret,4,1,B,False,0.04598548964666982,0.05282170040059242,0.05208992303432969,0.05282170040059242,0.35945993702653245,0.36450975531520385,0.05208992303432969,0.05208992303432969,0.0393197455966644,0.02099680375731694,0.02494331623551982,0.06292045337997726,0.18975010421168018,0.49296673383275613,0.005429159942331188,0.03295419707705827,0.48594119955621146,0.18975010421168018,1.8576111492601284,2.8200000000000003,0.9904016064242844,1.0,0.5714285714285714,1.0,0.9904016064242844,1.0,20260818
hm4di_like,55,E-Ret,E-Ret,4,2,B,False,0.04598548964666982,0.05282170040059242,0.05208992303432969,0.05282170040059242,0.35945993702653245,0.36450975531520385,0.05208992303432969,0.05208992303432969,0.0393197455966644,0.02099680375731694,0.02494331623551982,0.06292045337997726,0.18975010421168018,0.49296673383275613,0.005429159942331188,0.03295419707705827,0.48594119955621146,0.18975010421168018,1.8576111492601284,2.8200000000000003,0.9904016064242844,1.0,0.5714285714285714,1.0,0.9904016064242844,1.0,20260818
hm4di_like,56,E-Ret,E-Ret,4,3,B,False,0.04598548964666982,0.05282170040059242,0.05208992303432969,0.05282170040059242,0.35945993702653245,0.36450975531520385,0.05208992303432969,0.05208992303432969,0.0393197455966644,0.02099680375731694,0.02494331623551982,0.06292045337997726,0.18975010421168018,0.49296673383275613,0.005429159942331188,0.03295419707705827,0.48594119955621146,0.18975010421168018,1.8576111492601284,2.8200000000000003,0.9904016064242844,1.0,0.5714285714285714,1.0,0.9904016064242844,1.0,20260818
hm4di_like,57,E-Ret,E-Ret,4,4,B,False,0.04598548964666982,0.05282170040059242,0.05208992303432969,0.05282170040059242,0.35945993702653245,0.36450975531520385,0.05208992303432969,0.05208992303432969,0.0393197455966644,0.02099680375731694,0.02494331623551982,0.06292045337997726,0.18975010421168018,0.49296673383275613,0.005429159942331188,0.03295419707705827,0.48594119955621146,0.18975010421168018,1.8576111492601284,2.8200000000000003,0.9904016064242844,1.0,0.5714285714285714,1.0,0.9904016064242844,1.0,20260818
hm4di_like,58,E-Ret,E-Ret,4,5,B,False,0.04598548964666982,0.05282170040059242,0.05208992303432969,0.05282170040059242,0.35945993702653245,0.36450975531520385,0.05208992303432969,0.05208992303432969,0.0393197455966644,0.02099680375731694,0.02494331623551982,0.06292045337997726,0.18975010421168018,0.49296673383275613,0.005429159942331188,0.03295419707705827,0.48594119955621146,0.18975010421168018,1.8576111492601284,2.8200000000000003,0.9904016064242844,1.0,0.5714285714285714,1.0,0.9904016064242844,1.0,20260818
hm4di_like,59,F-Ren,F-Ren,5,1,A,False,0.14426996611800436,0.0,0.16512109074047288,0.0,0.8049932366505912,0.0,0.0,0.16512109074047288,0.0,0.06459232681376814,0.0,0.17338912946676055,0.4978171629852228,0.4564351897192668,0.3880758151876531,0.1019555990075437,0.04435598168123475,0.4978171629852228,3.4,2.8200000000000003,0.9904016064242844,1.0,1.3470604919674372,0.0,0.9904016064242844,1.0,20260818
hm4di_like,60,F-Ren,F-Ren,5,2,A,False,0.14426996611800436,0.0,0.16512109074047288,0.0,0.8049932366505912,0.0,0.0,0.16512109074047288,0.0,0.06459232681376814,0.0,0.17338912946676055,0.4978171629852228,0.4564351897192668,0.3880758151876531,0.1019555990075437,0.04435598168123475,0.4978171629852228,3.4,2.8200000000000003,0.9904016064242844,1.0,1.3470604919674372,0.0,0.9904016064242844,1.0,20260818
hm4di_like,61,F-Ren,F-Ren,5,3,A,False,0.14426996611800436,0.0,0.16512109074047288,0.0,0.8049932366505912,0.0,0.0,0.16512109074047288,0.0,0.06459232681376814,0.0,0.17338912946676055,0.4978171629852228,0.4564351897192668,0.3880758151876531,0.1019555990075437,0.04435598168123475,0.4978171629852228,3.4,2.8200000000000003,0.9904016064242844,1.0,1.3470604919674372,0.0,0.9904016064242844,1.0,20260818
hm4di_like,62,F-Ren,F-Ren,5,4,A,False,0.14426996611800436,0.0,0.16512109074047288,0.0,0.8049932366505912,0.0,0.0,0.16512109074047288,0.0,0.06459232681376814,0.0,0.17338912946676055,0.4978171629852228,0.4564351897192668,0.3880758151876531,0.1019555990075437,0.04435598168123475,0.4978171629852228,3.4,2.8200000000000003,0.9904016064242844,1.0,1.3470604919674372,0.0,0.9904016064242844,1.0,20260818
hm4di_like,63,F-Ren,F-Ren,5,5,A,False,0.14426996611800436,0.0,0.16512109074047288,0.0,0.8049932366505912,0.0,0.0,0.16512109074047288,0.0,0.06459232681376814,0.0,0.17338912946676055,0.4978171629852228,0.4564351897192668,0.3880758151876531,0.1019555990075437,0.04435598168123475,0.4978171629852228,3.4,2.8200000000000003,0.9904016064242844,1.0,1.3470604919674372,0.0,0.9904016064242844,1.0,20260818
full_biological,0,Pre-Con,Pre-Con,0,1,A,False,0.0,0.0,0.0,0.0,0.0,0.0,0.0,0.0,0.0,0.0,0.0,0.0,0.00653119496947252,0.004036710768538954,0.3842523215571083,0.0,0.0,0.00653119496947252,,,0.0,0.0,,,0.0,0.0,20260819
full_biological,1,F-Con,F-Con,1,1,A,True,0.08328698219138453,0.0,0.7998359770879381,0.0,0.9523716522139278,0.0,0.0,0.7998359770879381,0.0,0.27872687616858605,0.0,0.7165859895183705,0.00653119496947252,0.004036710768538954,0.3842523215571083,0.4215770703060906,0.0,0.00653119496947252,0.28,0.22,0.0,0.0,1.0,0.0,0.0,0.0,20260819
full_biological,2,F-Con,F-Con,1,2,A,True,0.08328698219138453,0.0,0.7998359770879381,0.0,0.9523716522139278,0.0,0.0,0.7998359770879381,0.0,0.27872687616858605,0.0,0.5809773719640225,0.20091824478858633,0.004036710768538954,0.38339246276680483,0.4215770703060906,0.0,0.20091824478858633,0.3196005221444273,0.22,0.0,0.0,1.1414304362300973,0.0,0.0,0.0,20260819
full_biological,3,F-Con,F-Con,1,3,A,True,0.08474756609711354,0.0,0.8103155951462515,0.0,0.9529586423813382,0.0,0.0,0.8103155951462515,0.0,0.2834107344521434,0.0,0.6214799987386012,0.39277771805901573,0.004036710768538954,0.3841122813893348,0.4286546895842237,0.0,0.39277771805901573,1.92421809064276,0.22,0.6563894360681201,0.0,1.35,0.0,0.6563894360681201,0.0,20260819
full_biological,4,Ext1,E-Ext,2,1,B,True,0.0064821341191168,0.0,0.07222303399805885,0.0,0.6435669347462848,0.0,0.0,0.07222303399805885,0.0,0.02895662110742303,0.0,0.08599868374783626,0.2522086817136901,0.004036710768538954,0.007430816940880166,0.045494616034054136,0.48524435617492145,0.2522086817136901,2.1957125324889537,0.22,1.0,0.0,1.0,1.0,1.0,0.0,20260819
full_biological,5,Ext1,E-Ext,2,2,B,True,0.006993752464845904,0.0,0.07797393901431282,0.0,0.6609420662376364,0.0,0.0,0.07797393901431282,0.0,0.031214578674507387,0.0,0.0921878846491803,0.2695469685530145,0.004036710768538954,0.007969448869371568,0.0490566990025082,0.48524435617492145,0.2695469685530145,2.284905064146642,0.22,1.0,0.0,1.0,1.0,1.0,0.0,20260819
full_biological,6,Ext1,E-Ext,2,3,B,True,0.007515919018287964,0.0,0.08385113431742086,0.0,0.6770316217089857,0.0,0.0,0.08385113431742086,0.0,0.03351494416619172,0.0,0.0984181706005787,0.2868782236809258,0.011056016955004211,0.008512249477860893,0.05268783805066746,0.4792927906814628,0.2868782236809258,2.3731366162978116,0.22,1.0,0.0,1.0,1.0,1.0,0.0,20260819
full_biological,7,Ext1,E-Ext,2,4,B,True,0.008048262231552972,0.0,0.08985092421415719,0.0,0.6919544451294791,0.0,0.0,0.08985092421415719,0.0,0.03585583279889493,0.0,0.10468072149433713,0.3041731252977954,0.03138608000674985,0.009058477081936411,0.05638517349440564,0.4621186090596081,0.3041731252977954,2.4605000593375754,0.22,1.0,0.0,1.0,1.0,1.0,0.0,20260819
full_biological,8,Ext1,E-Ext,2,5,B,True,0.008590350363750887,0.0,0.09596892227241993,0.0,0.7058151279609455,0.0,0.0,0.09596892227241993,0.0,0.03823510326060875,0.0,0.11096626866119574,0.32140164937773963,0.07133577941293712,0.009607348632223796,0.06014543461643074,0.42868294477964497,0.32140164937773963,2.547065517915506,0.22,1.0,0.0,1.0,1.0,1.0,0.0,20260819
full_biological,9,Ext1,Ext1,2,6,B,True,0.009141680910343397,0.0,0.1021999258881019,0.0,0.7187059012149114,0.0,0.0,0.1021999258881019,0.0,0.04065031456377244,0.0,0.11726503669778174,0.3385329968151699,0.1254805532512948,0.0101580341927041,0.06396486982599803,0.3842177004149573,0.3385329968151699,2.632882323188338,0.22,1.0,0.0,1.0,1.0,1.0,0.0,20260819
full_biological,10,Ext1,Ext1,2,7,B,True,0.009652940557351775,0.0,0.1079859164005369,0.0,0.7297040085102661,0.0,0.0,0.1079859164005369,0.0,0.042885820908620365,0.0,0.12302215428350274,0.35407180071110883,0.1257372307887064,0.010661958291117567,0.067502245662452,0.38428596601723913,0.35407180071110883,2.7106526865051674,0.22937187801858083,1.0,0.010133884436773048,0.9973038624577653,1.0,1.0,0.010133884436773048,20260819
full_biological,11,Ext1,Ext1,2,8,B,True,0.010101502124933104,0.0,0.11306858915688489,0.0,0.7386792403306028,0.0,0.0,0.11306858915688489,0.0,0.044843875951134704,0.0,0.1280073979350674,0.36743328177031026,0.12634288212880954,0.011098789974838746,0.07060227214346348,0.38444706081780045,0.36743328177031026,2.7775786575387693,0.25010761448239494,1.0,0.030469233174460257,0.9913898890629849,1.0,1.0,0.030469233174460257,20260819
full_biological,12,Ext1,Ext1,2,9,B,True,0.01047127531645975,0.0,0.11726290603933343,0.0,0.7456488563806934,0.0,0.0,0.11726290603933343,0.0,0.0464556855072612,0.0,0.1320710885502576,0.37825911108865096,0.12740237251442482,0.011455201005380167,0.07315529182767277,0.3847289266372748,0.37825911108865096,2.831900061279928,0.2827783492345102,1.0,0.06004627466001505,0.982212968624904,1.0,1.0,0.06004627466001505,20260819
full_biological,13,Ext1,Ext1,2,10,B,True,0.010749557527564568,0.0,0.1204220725526961,0.0,0.750657753241153,0.0,0.0,0.1204220725526961,0.0,0.04766731166319227,0.0,0.13510214296160145,0.3862949662154371,0.1290659445543326,0.011721240316495771,0.07507514053116471,0.3851716462833068,0.3862949662154371,2.8723057771025613,0.3276340387827559,1.0,0.0980464558330073,0.9698866861932864,1.0,1.0,0.0980464558330073,20260819
full_biological,14,Ext1,Ext1,2,11,B,True,0.010927306703273687,0.0,0.1224411318222135,0.0,0.7537569484323792,0.0,0.0,0.1224411318222135,0.0,0.04844060114504134,0.0,0.1370260354402662,0.3913780643819897,0.131532887136529,0.011890191241964675,0.07630074796628383,0.38582848973868844,0.3913780643819897,2.8979104932518083,0.38476893158318193,1.0,0.1437932973406087,0.9546270539225337,1.0,1.0,0.1437932973406087,20260819
full_biological,15,Ext1,Ext1,2,12,B,True,0.010998974205505552,0.0,0.12325546653117492,0.0,0.7549852335734087,0.0,0.0,0.12325546653117492,0.0,0.04875225031212593,0.0,0.13779906687197926,0.3934166340549609,0.13505488298253454,0.011958096273765755,0.07679475808484626,0.386766927781208,0.3934166340549609,2.9081905055884185,0.4542756255221113,1.0,0.19675805245179293,0.9366983846204319,1.0,1.0,0.19675805245179293,20260819
full_biological,16,Ext1,Ext1,2,13,B,True,0.010961985352787473,0.0,0.12283515539493983,0.0,0.7543527999037791,0.0,0.0,0.12283515539493983,0.0,0.04859141254770172,0.0,0.13740028327618792,0.39236527380735714,0.13994336945964253,0.011923064711925013,0.07653980144778116,0.38807079858344234,0.39236527380735714,2.902887908591954,0.5363977412140669,1.0,0.25657002300467263,0.9163646961561217,1.0,1.0,0.25657002300467263,20260819
full_biological,17,Ext1,Ext1,2,14,B,True,0.01081601356834716,0.003351063808639476,0.1211768411571933,0.003351063808639476,0.7365123939453181,0.020367753478264892,0.003351063808639476,0.1211768411571933,0.0024642137582522317,0.04795648223096605,0.0015755786689986007,0.13582254564978866,0.3881999322621996,0.14658536273049155,0.011784495988899139,0.07553342625493542,0.3898448706331918,0.3881999322621996,2.8818970017367733,0.6316915876250407,1.0,0.3230318004525869,0.8938490050088921,1.0,1.0,0.3230318004525869,20260819
full_biological,18,Ext1,Ext1,2,15,B,True,0.010562205881687547,0.005484438324155239,0.11829493639318522,0.005484438324155239,0.7222822568308445,0.03348674601805378,0.005484438324155239,0.11829493639318522,0.004035100779417489,0.04685172296666562,0.002579114295379159,0.13306406597958975,0.3808953600516226,0.15547280021596424,0.011542337154052548,0.07378275614482799,0.3922232630707944,0.3808953600516226,2.8451466305438733,0.7412109348990858,1.0,0.3961405169430844,0.8693011704535656,1.0,1.0,0.3961405169430844,20260819
full_biological,19,Ext1,Ext1,2,16,B,True,0.010011856542571307,0.008740743903677406,0.11205234336941883,0.008740743903677406,0.6968728896852727,0.05436019702035971,0.008740743903677406,0.11205234336941883,0.006436011110974915,0.04445280289142961,0.004111597177784532,0.12701598625815552,0.3647831250355654,0.16725202187731678,0.01101188229195489,0.06998299335167635,0.39538372053181403,0.3647831250355654,2.7642961320105757,0.8667372971830231,1.0,0.4761174304552753,0.842773210978834,1.0,1.0,0.4761174304552753,20260819
full_biological,20,Ext1,Ext1,2,17,B,True,0.009388112245207636,0.013681108952076304,0.1049878753210467,0.013681108952076304,0.6616786248554225,0.0862242171319789,0.013681108952076304,0.1049878753210467,0.01008592461750557,0.041728347372608,0.006438301031353788,0.12005003967447467,0.346064275124688,0.18280313968221942,0.010401735457965756,0.06567045063013466,0.3995708278156475,0.346064275124688,2.670574997577674,1.0110930581043471,1.0,0.5634499431740698,0.8141996943834372,1.0,1.0,0.5634499431740698,20260819
full_biological,21,Ext1,Ext1,2,18,B,True,0.008733075932697454,0.021159285516966886,0.09758112966499533,0.021159285516966886,0.614721396269118,0.13329488582168728,0.021159285516966886,0.09758112966499533,0.015627647256165167,0.038860787887459836,0.009964040374423333,0.1126059120983549,0.3258741178405919,0.20336432168232493,0.009750634246029304,0.061134668206823894,0.40513321990504536,0.3258741178405919,2.5694869905447852,1.1786005981642198,1.0,0.6589527217914009,0.7833801800441418,1.0,1.0,0.6589527217914009,20260819
full_biological,22,Ext1,Ext1,2,19,B,True,0.008044383176041059,0.0324809888052614,0.08980717574623831,0.0324809888052614,0.5533809319640148,0.20014391619392582,0.0324809888052614,0.08980717574623831,0.024056627729832747,0.035838791046322926,0.015310695749747305,0.10463541139715199,0.3040484557192745,0.230723175706341,0.009054522819796402,0.0563582486361307,0.41258305133984796,0.3040484557192745,2.459872218154448,1.375795663997672,1.0,0.763858398907373,0.7499610421202585,1.0,1.0,0.763858398907373,20260819
full_biological,23,Ext1,Ext1,2,20,B,True,0.007317994014373275,0.049645949920405275,0.08162248915169545,0.049645949920405275,0.4765763592750089,0.2898721456759776,0.049645949920405275,0.08162248915169545,0.03692654023498343,0.03264349316361004,0.02343712549738819,0.09606684351947176,0.2803519185419695,0.26750175136516174,0.008307324111953793,0.05131199230416428,0.42269025574147845,0.2803519185419695,2.340004686204563,1.612582861209127,1.0,0.8799539756701181,0.7134160628672447,1.0,1.0,0.8799539756701181,20260819
full_biological,24,Ext1,Ext1,2,21,B,True,0.006564640612843453,0.0738387856314453,0.07314995213208975,0.0738387856314453,0.3911997749543332,0.3948835984166139,0.07314995213208975,0.07314995213208975,0.05525446006406187,0.029321024146400143,0.03493254086714492,0.08700249543719463,0.2550288484244635,0.3146249002882216,0.007518137104392044,0.046069344961165215,0.43580788995246644,0.2550288484244635,2.210293978120637,1.887837047224029,1.0,1.0,0.6751707389534213,1.0,1.0,1.0,20260819
full_biological,25,Ext1,Ext1,2,22,B,True,0.006249557173886422,0.08017272044980983,0.06961119652196834,0.08017272044980983,0.36679186325530355,0.4224421211715844,0.06961119652196834,0.06961119652196834,0.06008992602783925,0.0279288451733275,0.037950269354529054,0.08315718571967187,0.24420875441492323,0.3337419868343502,0.007183720412551303,0.04387392341888041,0.44118745720389807,0.24420875441492323,2.1541740372718836,1.9937432307999774,1.0,1.0,0.661525860475637,1.0,1.0,1.0,20260819
full_biological,26,Ext1,Ext1,2,23,B,True,0.005939224915429087,0.08686633591353465,0.06612856785213006,0.08686633591353465,0.3426441142322787,0.45009652699953234,0.06612856785213006,0.06612856785213006,0.0652168830313703,0.026556168022958793,0.041143034049493266,0.0793383488553791,0.23341832186065667,0.3535193969573022,0.006851821981002617,0.0417100364907419,0.4467904863388122,0.23341832186065667,2.0976934028546057,2.100888449173076,1.0,1.0,0.6482713299014378,1.0,1.0,1.0,20260819
full_biological,27,Ext1,Ext1,2,24,B,True,0.005633868211614046,0.09393837108653869,0.06270445077728404,0.09393837108653869,0.31887485229797785,0.47771065425206327,0.06270445077728404,0.06270445077728404,0.07065268482142584,0.025204054454882052,0.044520405568615584,0.07554342127337299,0.22268268204000016,0.3739447054667095,0.00652222773842384,0.03957932438064804,0.4526192527200616,0.22268268204000016,2.040872232940164,2.2095574070929467,0.9999209420771187,1.0,0.6353600255053232,1.0,0.9999209420771187,1.0,20260819
full_biological,28,Ext1,Ext1,2,25,B,True,0.005334821389433753,0.10140699566283728,0.059353656833426416,0.10140699566283728,0.2956438729174335,0.5051138975787327,0.059353656833426416,0.059353656833426416,0.07641465694927474,0.02387849192327307,0.04809176440281715,0.0717926877350292,0.21205129360193237,0.3949963303641781,0.006196685552358942,0.037491183418479235,0.4586739944718797,0.21205129360193237,1.9839154711992175,2.3199986501264522,0.9997776957388137,1.0,0.6227546420311411,1.0,0.9997776957388137,1.0,20260819
full_biological,29,Ext2,Ext2,3,1,B,True,0.005043297541399427,0.10928898877653037,0.05608959879182496,0.10928898877653037,0.2731034401196127,0.5321342895113452,0.05608959879182496,0.05608959879182496,0.08251948958423538,0.022584952631016675,0.05186591223299453,0.06810496359679288,0.20157210173883838,0.4166412088060523,0.005876812913037559,0.03545418630770336,0.4649522179591124,0.20157210173883838,1.9270260999296946,2.4324225143431604,0.9995830986681696,1.0,0.6104265237212284,1.0,0.9995830986681696,1.0,20260819
full_biological,30,Ext2,Ext2,3,2,B,True,0.004760375260500216,0.11759880950961488,0.05292414992991723,0.11759880950961488,0.2513937200522705,0.5586032507936144,0.05292414992991723,0.05292414992991723,0.0889825311224669,0.02132833052573846,0.05585062784787054,0.06449734871670625,0.1912907339638792,0.43883263144306567,0.005564076233973349,0.03347598501184501,0.47144800240850676,0.1912907339638792,1.8704029355146672,2.5469978429180293,0.9993474210116544,1.0,0.5983547478338828,1.0,0.9993474210116544,1.0,20260819
full_biological,31,Ext2,Ext2,3,3,B,True,0.004486998947186849,0.12634756048989115,0.04986765555392347,0.12634756048989115,0.2306389738260517,0.5843601703974786,0.04986765555392347,0.04986765555392347,0.09581697747123785,0.020112938330885566,0.06005216706062144,0.06098523331782412,0.1812499969346254,0.4615083614642371,0.005259791846279991,0.031563308308239946,0.47815132998127,0.1812499969346254,1.8142403467491102,2.6638476909631956,0.9990788788864422,1.0,0.5865253778110798,1.0,0.9990788788864422,1.0,20260819
full_biological,32,Ext2,Ext2,3,4,B,True,0.004223978746402568,0.13554186138307056,0.046928940132694,0.13554186138307056,0.21094426690132886,0.6092568573474838,0.046928940132694,0.046928940132694,0.10303296296747333,0.018942503042050363,0.06447471326972376,0.0575822817058715,0.17148938695541585,0.4845892069304564,0.004965125097983186,0.029721956896538004,0.485047480788276,0.17148938695541585,1.7587276694103924,2.7830442959409463,0.9987840451862725,1.0,0.5749308197631201,1.0,0.9987840451862725,1.0,20260819
full_biological,33,Ext2,Ext2,3,5,B,True,0.004080481355379306,0.13844534080979798,0.04532647153669689,0.13844534080979798,0.2025566627959023,0.6186898133328121,0.04532647153669689,0.04532647153669689,0.10531888599336503,0.018303493530922754,0.06587281496264441,0.05570736714527267,0.16613872500682833,0.49172013521799024,0.0048028616589610605,0.028716893399293508,0.4871938170571956,0.16613872500682833,1.7278123951106699,2.8200000000000003,0.9984681782261368,1.0,0.5714285714285714,1.0,0.9984681782261368,1.0,20260819
full_biological,34,Ext2,Ext2,3,6,B,True,0.003990328651939157,0.13844534080979798,0.04432001223454052,0.13844534080979798,0.19895379433497096,0.6214850690100011,0.04432001223454052,0.04432001223454052,0.10531888599336503,0.01790187170952806,0.06587281496264441,0.05451852089814434,0.16277623929627047,0.49172013521799024,0.004700017049295952,0.028085290427976473,0.4871938170571956,0.16277623929627047,1.7081654779163762,2.8200000000000003,0.9981354846580281,1.0,0.5714285714285714,1.0,0.9981354846580281,1.0,20260819
full_biological,35,Ext2,Ext2,3,7,B,True,0.0039057007918976705,0.13844534080979798,0.04337544025722939,0.13844534080979798,0.1955427261980593,0.624131517993186,0.04337544025722939,0.04337544025722939,0.10531888599336503,0.017524748773040444,0.06587281496264441,0.053398851900515576,0.15961157332601428,0.49172013521799024,0.004603177287461778,0.02749227579395419,0.4871938170571956,0.15961157332601428,1.6895424944327668,2.8200000000000003,0.9977893298035413,1.0,0.5714285714285714,1.0,0.9977893298035413,1.0,20260819
full_biological,36,Ext2,Ext2,3,8,B,True,0.0038262546543297304,0.13844534080979798,0.042488887454636304,0.13844534080979798,0.19231464399342285,0.6266359988552518,0.042488887454636304,0.042488887454636304,0.10531888599336503,0.017170616620529655,0.06587281496264441,0.05234448507293703,0.15663344007987634,0.49172013521799024,0.00451200366652643,0.026935466952612064,0.4871938170571956,0.15663344007987634,1.671895792201632,2.8200000000000003,0.9974324059199517,1.0,0.5714285714285714,1.0,0.9974324059199517,1.0,20260819
full_biological,37,Ext2,Ext2,3,9,B,True,0.0037516657512665086,0.13844534080979798,0.041656699016851095,0.13844534080979798,0.1892608494208397,0.6290052601004362,0.041656699016851095,0.041656699016851095,0.10531888599336503,0.016838047269012835,0.06587281496264441,0.05135168263290774,0.15383106776445815,0.49172013521799024,0.004426169868717913,0.02641260887765917,0.4871938170571956,0.15383106776445815,1.6551789156305745,2.8200000000000003,0.9970668668130801,1.0,0.5714285714285714,1.0,0.9970668668130801,1.0,20260819
full_biological,38,Ext2,Ext2,3,10,B,True,0.0036816279378476535,0.13844534080979798,0.04087542956611978,0.13844534080979798,0.18637281592645752,0.6312459169849779,0.04087542956611978,0.04087542956611978,0.10531888599336503,0.016525691925117436,0.06587281496264441,0.050416858768169946,0.15119420219202695,0.49172013521799024,0.0043453631638274755,0.025921572412189953,0.4871938170571956,0.15119420219202695,1.639346749861447,2.8200000000000003,0.9966944355275829,1.0,0.5714285714285714,1.0,0.9966944355275829,1.0,20260819
full_biological,39,Ext2,Ext2,3,11,B,True,0.003615852922317697,0.13844534080979798,0.0401418370876131,0.13844534080979798,0.18364223132270255,0.6333644184508121,0.0401418370876131,0.0401418370876131,0.10531888599336503,0.016232279125895643,0.06587281496264441,0.049536588347115613,0.1487131027301644,0.49172013521799024,0.004269285101228363,0.025460351175814244,0.4871938170571956,0.1487131027301644,1.6243556231565413,2.8200000000000003,0.996316490499185,1.0,0.5714285714285714,1.0,0.996316490499185,1.0,20260819
full_biological,40,Ext2,Ext2,3,12,B,True,0.0035540696393661086,0.13844534080979798,0.039452875402927856,0.13844534080979798,0.18106102972596846,0.6353670223469796,0.039452875402927856,0.039452875402927856,0.10531888599336503,0.015956612234244716,0.06587281496264441,0.04870761113593823,0.14637853337079187,0.49172013521799024,0.00419765182146513,0.02502705747557954,0.4871938170571956,0.14637853337079187,1.610163376359557,2.8200000000000003,0.9959341344764667,1.0,0.5714285714285714,1.0,0.9959341344764667,1.0,20260819
full_biological,41,Ext2,Ext2,3,13,B,True,0.0034960235345524726,0.13844534080979798,0.03880568571361942,0.13844534080979798,0.17862141475053775,0.6372597774348145,0.03880568571361942,0.03880568571361942,0.10531888599336503,0.015697566504577543,0.06587281496264441,0.04792683265846502,0.1441817501575732,0.49172013521799024,0.004130194084624087,0.024619917558377225,0.4871938170571956,0.1441817501575732,1.5967294061815547,2.8200000000000003,0.9955482496582921,1.0,0.5714285714285714,1.0,0.9955482496582921,1.0,20260819
full_biological,42,Ext2,Ext2,3,14,B,True,0.0034414757955494313,0.13844534080979798,0.03819758760776715,0.13844534080979798,0.1763158755597311,0.6390485109347931,0.03819758760776715,0.03819758760776715,0.10531888599336503,0.01545408588102426,0.06587281496264441,0.047191322575998396,0.14211448595944878,0.49172013521799024,0.0040666570904469975,0.024237266458509543,0.4871938170571956,0.14211448595944878,1.5840146876594519,2.8200000000000003,0.9951595418037524,1.0,0.5714285714285714,1.0,0.9951595418037524,1.0,20260819
full_biological,43,Ext2,Ext2,3,15,B,True,0.00339020255677136,0.13844534080979798,0.03762606982041239,0.13844534080979798,0.17413719709918735,0.6407388205871277,0.03762606982041239,0.03762606982041239,0.10531888599336503,0.015225179649603904,0.06587281496264441,0.046498311263977896,0.14016893337632316,0.49172013521799024,0.0040068001479088644,0.02387754262986408,0.4871938170571956,0.14016893337632316,1.5719817800425884,2.8200000000000003,0.9947685755201207,1.0,0.5714285714285714,1.0,0.9947685755201207,1.0,20260819
full_biological,44,Ext2,Ext2,3,16,B,True,0.0033419940969764417,0.13844534080979798,0.037088780961004875,0.13844534080979798,0.17207846561040005,0.6423360703741358,0.037088780961004875,0.037088780961004875,0.10531888599336503,0.015009919034571828,0.06587281496264441,0.045845185106679315,0.13833772640064826,0.49172013521799024,0.003950396238619922,0.02353928250305859,0.4871938170571956,0.13833772640064826,1.560594819509924,2.8200000000000003,0.9943758024932152,1.0,0.5714285714285714,1.0,0.9943758024932152,1.0,20260819
full_biological,45,Ext2,Ext2,3,17,B,True,0.0032966540441085046,0.13844534080979798,0.036583520361926136,0.13844534080979798,0.17013307033566152,0.6438453891974724,0.036583520361926136,0.036583520361926136,0.10531888599336503,0.014807433805226866,0.06587281496264441,0.045229480910368824,0.13661392132789932,0.49172013521799024,0.0038972315080595403,0.023221115070399034,0.4871938170571956,0.13661392132789932,1.549819501451721,2.8200000000000003,0.9939815840716909,1.0,0.5714285714285714,1.0,0.9939815840716909,1.0,20260819
full_biological,46,Ext2,Ext2,3,18,B,True,0.0032539985975760244,0.13844534080979798,0.03610822915731415,0.13844534080979798,0.16829470217087977,0.6452716719233317,0.03610822915731415,0.03610822915731415,0.10531888599336503,0.014616908941174622,0.06587281496264441,0.04464887974148152,0.13499097730349416,0.49172013521799024,0.0038471047106056304,0.022921756572841567,0.4871938170571956,0.13499097730349416,1.539623054523022,2.8200000000000003,0.9935862093344714,1.0,0.5714285714285714,1.0,0.9935862093344714,1.0,20260819
full_biological,47,Ext2,Ext2,3,19,B,True,0.003213855775102026,0.13844534080979798,0.035660981667440805,0.13844534080979798,0.1665573498943818,0.6466195823082983,0.035660981667440805,0.035660981667440805,0.10531888599336503,0.014437581390083887,0.06587281496264441,0.04410120042346569,0.1334627368085946,0.49172013521799024,0.0037998266280874736,0.02264000534129651,0.4871938170571956,0.1334627368085946,1.5299742082596777,2.8200000000000003,0.9931899095446959,1.0,0.5714285714285714,1.0,0.9931899095446959,1.0,20260819
full_biological,48,Ext2,Ext2,3,20,B,True,0.0031760646889261723,0.13844534080979798,0.03523997713823279,0.13844534080979798,0.16491529449301384,0.6478935574013958,0.03523997713823279,0.03523997713823279,0.10531888599336503,0.01426873694132813,0.06587281496264441,0.043584392869239666,0.1320234063185362,0.49172013521799024,0.003755219476753077,0.022374736827993624,0.4871938170571956,0.1320234063185362,1.5208431557163746,2.8200000000000003,0.9927928697128754,1.0,0.5714285714285714,1.0,0.9927928697128754,1.0,20260819
full_biological,49,Ext2,L-Ext,3,21,B,True,0.003140474854380959,0.13844534080979798,0.03484353186623679,0.13844534080979798,0.16336310201780077,0.6490978130869635,0.03484353186623679,0.03484353186623679,0.10531888599336503,0.014109707230815283,0.06587281496264441,0.04309653138214814,0.13066753731221104,0.49172013521799024,0.0037131163137855117,0.022124898851020647,0.4871938170571956,0.13066753731221104,1.5122015123210868,2.8200000000000003,0.992395237847419,1.0,0.5714285714285714,1.0,0.992395237847419,1.0,20260819
full_biological,50,Ext2,L-Ext,3,22,B,True,0.0031069455325362094,0.13844534080979798,0.03447007172491168,0.13844534080979798,0.1618956153270132,0.6502363504907307,0.03447007172491168,0.03447007172491168,0.10531888599336503,0.013959866886199213,0.06587281496264441,0.04263580802407503,0.1293900077660586,0.49172013521799024,0.003673360451585044,0.021889507065638192,0.4871938170571956,0.1293900077660586,1.5040222719270568,2.8200000000000003,0.9919971323550539,1.0,0.5714285714285714,1.0,0.9919971323550539,1.0,20260819
full_biological,51,Ext2,L-Ext,3,23,B,True,0.0030753451076233063,0.13844534080979798,0.03411812509745504,0.13844534080979798,0.16050794501225185,0.6513129630197377,0.03411812509745504,0.03411812509745504,0.10531888599336503,0.01381863081707757,0.06587281496264441,0.04220052612280781,0.12818600423039755,0.49172013521799024,0.003635804885788651,0.02166764066885274,0.4871938170571956,0.12818600423039755,1.4962797608706098,2.8200000000000003,0.9915986479611618,1.0,0.5714285714285714,1.0,0.9915986479611618,1.0,20260819
full_biological,52,Ext2,L-Ext,3,24,B,True,0.0030455504992107363,0.13844534080979798,0.03378631621355077,0.13844534080979798,0.15919545975101046,0.6523312438472214,0.03378631621355077,0.03378631621355077,0.10531888599336503,0.013685451651349267,0.06587281496264441,0.041789093970166113,0.12705100455700916,0.49172013521799024,0.0036003117412464515,0.021458438338427643,0.4871938170571956,0.12705100455700916,1.4889495907021792,2.8200000000000003,0.9911998604460481,1.0,0.5714285714285714,1.0,0.9911998604460481,1.0,20260819
full_biological,53,Ext2,L-Ext,3,25,B,True,0.003017446608582275,0.13844534080979798,0.033473358881802695,0.13844534080979798,0.15795377628550727,0.6532945936874546,0.033473358881802695,0.033473358881802695,0.10531888599336503,0.013559817316401102,0.06587281496264441,0.041400018746504896,0.12598076132385552,0.49172013521799024,0.0035667517388345313,0.021261094403651315,0.4871938170571956,0.12598076132385552,1.4820086101422405,2.8200000000000003,0.9908008304339572,1.0,0.5714285714285714,1.0,0.9908008304339572,1.0,20260819
full_biological,54,E-Ret,E-Ret,4,1,B,False,0.002990925798392441,0.13844534080979798,0.03317805060566037,0.13844534080979798,0.15677874919094048,0.6542062287339613,0.03317805060566037,0.03317805060566037,0.10531888599336503,0.01344124876197128,0.06587281496264441,0.0410319006949474,0.12497128598449414,0.49172013521799024,0.003535003684952808,0.021074855242379953,0.4871938170571956,0.12497128598449414,1.4754348567182507,2.8200000000000003,0.9904016064242844,1.0,0.5714285714285714,1.0,0.9904016064242844,1.0,20260819
full_biological,55,E-Ret,E-Ret,4,2,B,False,0.002990925798392441,0.13844534080979798,0.03317805060566037,0.13844534080979798,0.15677874919094048,0.6542062287339613,0.03317805060566037,0.03317805060566037,0.10531888599336503,0.01344124876197128,0.06587281496264441,0.0410319006949474,0.12497128598449414,0.49172013521799024,0.003535003684952808,0.021074855242379953,0.4871938170571956,0.12497128598449414,1.4754348567182507,2.8200000000000003,0.9904016064242844,1.0,0.5714285714285714,1.0,0.9904016064242844,1.0,20260819
full_biological,56,E-Ret,E-Ret,4,3,B,False,0.002990925798392441,0.13844534080979798,0.03317805060566037,0.13844534080979798,0.15677874919094048,0.6542062287339613,0.03317805060566037,0.03317805060566037,0.10531888599336503,0.01344124876197128,0.06587281496264441,0.0410319006949474,0.12497128598449414,0.49172013521799024,0.003535003684952808,0.021074855242379953,0.4871938170571956,0.12497128598449414,1.4754348567182507,2.8200000000000003,0.9904016064242844,1.0,0.5714285714285714,1.0,0.9904016064242844,1.0,20260819
full_biological,57,E-Ret,E-Ret,4,4,B,False,0.002990925798392441,0.13844534080979798,0.03317805060566037,0.13844534080979798,0.15677874919094048,0.6542062287339613,0.03317805060566037,0.03317805060566037,0.10531888599336503,0.01344124876197128,0.06587281496264441,0.0410319006949474,0.12497128598449414,0.49172013521799024,0.003535003684952808,0.021074855242379953,0.4871938170571956,0.12497128598449414,1.4754348567182507,2.8200000000000003,0.9904016064242844,1.0,0.5714285714285714,1.0,0.9904016064242844,1.0,20260819
full_biological,58,E-Ret,E-Ret,4,5,B,False,0.002990925798392441,0.13844534080979798,0.03317805060566037,0.13844534080979798,0.15677874919094048,0.6542062287339613,0.03317805060566037,0.03317805060566037,0.10531888599336503,0.01344124876197128,0.06587281496264441,0.0410319006949474,0.12497128598449414,0.49172013521799024,0.003535003684952808,0.021074855242379953,0.4871938170571956,0.12497128598449414,1.4754348567182507,2.8200000000000003,0.9904016064242844,1.0,0.5714285714285714,1.0,0.9904016064242844,1.0,20260819
full_biological,59,F-Ren,F-Ren,5,1,A,False,0.01466572460233706,0.0,0.16512109074047288,0.0,0.8049932366505912,0.0,0.0,0.16512109074047288,0.0,0.06459232681376814,0.0,0.17338912946676055,0.4978171629852228,0.39033817861529113,0.3880758151876531,0.1019555990075437,0.12490910631891254,0.4978171629852228,3.4,2.8200000000000003,0.9904016064242844,1.0,1.3470604919674372,0.0,0.9904016064242844,1.0,20260819
full_biological,60,F-Ren,F-Ren,5,2,A,False,0.01466572460233706,0.0,0.16512109074047288,0.0,0.8049932366505912,0.0,0.0,0.16512109074047288,0.0,0.06459232681376814,0.0,0.17338912946676055,0.4978171629852228,0.39033817861529113,0.3880758151876531,0.1019555990075437,0.12490910631891254,0.4978171629852228,3.4,2.8200000000000003,0.9904016064242844,1.0,1.3470604919674372,0.0,0.9904016064242844,1.0,20260819
full_biological,61,F-Ren,F-Ren,5,3,A,False,0.01466572460233706,0.0,0.16512109074047288,0.0,0.8049932366505912,0.0,0.0,0.16512109074047288,0.0,0.06459232681376814,0.0,0.17338912946676055,0.4978171629852228,0.39033817861529113,0.3880758151876531,0.1019555990075437,0.12490910631891254,0.4978171629852228,3.4,2.8200000000000003,0.9904016064242844,1.0,1.3470604919674372,0.0,0.9904016064242844,1.0,20260819
full_biological,62,F-Ren,F-Ren,5,4,A,False,0.01466572460233706,0.0,0.16512109074047288,0.0,0.8049932366505912,0.0,0.0,0.16512109074047288,0.0,0.06459232681376814,0.0,0.17338912946676055,0.4978171629852228,0.39033817861529113,0.3880758151876531,0.1019555990075437,0.12490910631891254,0.4978171629852228,3.4,2.8200000000000003,0.9904016064242844,1.0,1.3470604919674372,0.0,0.9904016064242844,1.0,20260819
full_biological,63,F-Ren,F-Ren,5,5,A,False,0.01466572460233706,0.0,0.16512109074047288,0.0,0.8049932366505912,0.0,0.0,0.16512109074047288,0.0,0.06459232681376814,0.0,0.17338912946676055,0.4978171629852228,0.39033817861529113,0.3880758151876531,0.1019555990075437,0.12490910631891254,0.4978171629852228,3.4,2.8200000000000003,0.9904016064242844,1.0,1.3470604919674372,0.0,0.9904016064242844,1.0,20260819
no_retained_fear_memory,0,Pre-Con,Pre-Con,0,1,A,False,0.0,0.0,0.0,0.0,0.0,0.0,0.0,0.0,0.0,0.0,0.0,0.0,0.00653119496947252,0.004036710768538954,0.3842523215571083,0.0,0.0,0.00653119496947252,,,0.0,0.0,,,0.0,0.0,20260819
no_retained_fear_memory,1,F-Con,F-Con,1,1,A,True,0.08328698219138453,0.0,0.7998359770879381,0.0,0.9523716522139278,0.0,0.0,0.7998359770879381,0.0,0.27872687616858605,0.0,0.7165859895183705,0.00653119496947252,0.004036710768538954,0.3842523215571083,0.4215770703060906,0.0,0.00653119496947252,0.28,0.22,0.0,0.0,1.0,0.0,0.0,0.0,20260819
no_retained_fear_memory,2,F-Con,F-Con,1,2,A,True,0.08328698219138453,0.0,0.7998359770879381,0.0,0.9523716522139278,0.0,0.0,0.7998359770879381,0.0,0.27872687616858605,0.0,0.5809773719640225,0.20091824478858633,0.004036710768538954,0.38339246276680483,0.4215770703060906,0.0,0.20091824478858633,0.3196005221444273,0.22,0.0,0.0,1.1414304362300973,0.0,0.0,0.0,20260819
no_retained_fear_memory,3,F-Con,F-Con,1,3,A,True,0.08388097634562164,0.0,0.8040925882673495,0.0,0.9526118336353276,0.0,0.0,0.8040925882673495,0.0,0.2806344441455867,0.0,0.5769088475743472,0.2284730601636541,0.004036710768538954,0.3796972215616657,0.42445855327323456,0.0,0.2284730601636541,0.5649124928911603,0.22,0.6563894360681201,0.0,1.35,0.0,0.6563894360681201,0.0,20260819
no_retained_fear_memory,4,Ext1,E-Ext,2,1,B,True,0.0006912680725136289,0.0,0.007646099214551061,0.0,0.16047691921474133,0.0,0.0,0.007646099214551061,0.0,0.0031188113872023804,0.0,0.009864015970586282,0.02991207090062521,0.004036710768538954,0.0008477523966452462,0.004883391940176618,0.48524435617492145,0.02991207090062521,0.7028815433666277,0.22,1.0,0.0,1.0,1.0,1.0,0.0,20260819
no_retained_fear_memory,5,Ext1,E-Ext,2,2,B,True,0.0006683971537245759,0.0,0.007392913148445035,0.0,0.15599195443607367,0.0,0.0,0.007392913148445035,0.0,0.0030157419049383627,0.0,0.009540389186402291,0.028934440641725366,0.004036710768538954,0.0008199215808669759,0.004721942747113905,0.48524435617492145,0.028934440641725366,0.6911037013486027,0.22,1.0,0.0,1.0,1.0,1.0,0.0,20260819
no_retained_fear_memory,6,Ext1,E-Ext,2,3,B,True,0.0006462479389763853,0.0,0.007147730308156297,0.0,0.15160285047528108,0.0,0.0,0.007147730308156297,0.0,0.0029159171511872195,0.0,0.009226797224463675,0.027986879374886166,0.011056016955004211,0.0007929548416116586,0.004565580329809693,0.4792927906814628,0.027986879374886166,0.6795064606683022,0.22,1.0,0.0,1.0,1.0,1.0,0.0,20260819
no_retained_fear_memory,7,Ext1,E-Ext,2,4,B,True,0.0006248270407195333,0.0,0.00691062255563879,0.0,0.1473146630582952,0.0,0.0,0.00691062255563879,0.0,0.0028193676700387638,0.0,0.008923350786243138,0.027069745054259464,0.03138608000674985,0.0007668615913324188,0.004414352127128041,0.4621186090596081,0.027069745054259464,0.668102431563856,0.22,1.0,0.0,1.0,1.0,1.0,0.0,20260819
no_retained_fear_memory,8,Ext1,E-Ext,2,5,B,True,0.0006041381107503296,0.0,0.0066816290123665745,0.0,0.1431318733670696,0.0,0.0,0.0066816290123665745,0.0,0.002726110644098112,0.0,0.008630118249993178,0.02618326720897997,0.07133577941293712,0.0007416476054797009,0.004268284658591415,0.42868294477964497,0.02618326720897997,0.656903328362815,0.22,1.0,0.0,1.0,1.0,1.0,0.0,20260819
no_retained_fear_memory,9,Ext1,Ext1,2,6,B,True,0.0005841819685094007,0.0,0.006460757488774949,0.0,0.13905837610021501,0.0,0.0,0.006460757488774949,0.0,0.0026361504675581626,0.0,0.00834712736734082,0.025327551902743703,0.1254805532512948,0.0007173151691542686,0.004127384424855607,0.3842177004149573,0.025327551902743703,0.6459199280796931,0.22,1.0,0.0,1.0,1.0,1.0,0.0,20260819
no_retained_fear_memory,10,Ext1,Ext1,2,7,B,True,0.0005619257442375236,0.0,0.006214442010162857,0.0,0.13446969691414343,0.0,0.0,0.006214442010162857,0.0,0.0025358145248352004,0.0,0.008031352491432662,0.024372472672959056,0.1257372307887064,0.0006901649142271927,0.0039702370914661556,0.38428596601723913,0.024372472672959056,0.6334495539958953,0.22937187801858083,1.0,0.010133884436773048,0.9973038624577653,1.0,1.0,0.010133884436773048,20260819
no_retained_fear_memory,11,Ext1,Ext1,2,8,B,True,0.0005368942738827043,0.0,0.00593742853189505,0.0,0.1292503459955884,0.0,0.0,0.00593742853189505,0.0,0.0024229580419983243,0.0,0.007675991049754817,0.02329737071242902,0.12634288212880954,0.0006596123394095442,0.0037934849266734183,0.38444706081780045,0.02329737071242902,0.6191286926732665,0.25010761448239494,1.0,0.030469233174460257,0.9913898890629849,1.0,1.0,0.030469233174460257,20260819
no_retained_fear_memory,12,Ext1,Ext1,2,9,B,True,0.0005092110744853162,0.0,0.005631089595516059,0.0,0.12340467092570584,0.0,0.0,0.005631089595516059,0.0,0.002298134770403193,0.0,0.007282723958595942,0.022107231177586933,0.12740237251442482,0.0006258024192886047,0.003597996913217716,0.3847289266372748,0.022107231177586933,0.6029004900924015,0.2827783492345102,1.0,0.06004627466001505,0.982212968624904,1.0,1.0,0.06004627466001505,20260819
no_retained_fear_memory,13,Ext1,Ext1,2,10,B,True,0.00047923582689268773,0.0,0.005299411037883006,0.0,0.11698631210571839,0.0,0.0,0.005299411037883006,0.0,0.0021629633568460704,0.0,0.00685658782989873,0.02081719546435015,0.1290659445543326,0.000589168619502955,0.003386309767832163,0.3851716462833068,0.02081719546435015,0.584828117505766,0.3276340387827559,1.0,0.0980464558330073,0.9698866861932864,1.0,1.0,0.0980464558330073,20260819
no_retained_fear_memory,14,Ext1,Ext1,2,11,B,True,0.0004474855322811333,0.0,0.00494811854491406,0.0,0.110085109346005,0.0,0.0,0.00494811854491406,0.0,0.0020197723816383073,0.0,0.0064048674759538664,0.019449226914771828,0.131532887136529,0.0005503376045006589,0.0031620717322331515,0.38582848973868844,0.019449226914771828,0.5650637638977603,0.38476893158318193,1.0,0.1437932973406087,0.9546270539225337,1.0,1.0,0.1437932973406087,20260819
no_retained_fear_memory,15,Ext1,Ext1,2,12,B,True,0.00041455588212224725,0.0,0.004583806845617544,0.0,0.10281326719115998,0.0,0.0,0.004583806845617544,0.0,0.0018712462043453115,0.0,0.005935987882466663,0.018028770033255506,0.13505488298253454,0.0005100339218765412,0.0029294877133451136,0.386766927781208,0.018028770033255506,0.5438162432401625,0.4542756255221113,1.0,0.19675805245179293,0.9366983846204319,1.0,1.0,0.19675805245179293,20260819
no_retained_fear_memory,16,Ext1,Ext1,2,13,B,True,0.0003810510165955794,0.0,0.004213162121243674,0.0,0.09529203339245716,0.0,0.0,0.004213162121243674,0.0,0.0017201084160646252,0.0,0.005458520341102407,0.016581748301466328,0.13994336945964253,0.0004689945325748352,0.0026928234381925487,0.38807079858344234,0.016581748301466328,0.5213196142798787,0.5363977412140669,1.0,0.25657002300467263,0.9163646961561217,1.0,1.0,0.25657002300467263,20260819
no_retained_fear_memory,17,Ext1,Ext1,2,14,B,True,0.00034752823700834323,0.003351063808639476,0.003842350284468554,0.003351063808639476,0.08141708664874234,0.07100702233638262,0.003351063808639476,0.003842350284468554,0.0024642137582522317,0.0015688725015137184,0.0015755786689986007,0.004980395984097568,0.015132182715662598,0.14658536273049155,0.00042790120341881105,0.0024560149862757896,0.3898448706331918,0.015132182715662598,0.497805182552516,0.6316915876250407,1.0,0.3230318004525869,0.8938490050088921,1.0,1.0,0.3230318004525869,20260819
no_retained_fear_memory,18,Ext1,Ext1,2,15,B,True,0.00031446092426290484,0.005484438324155239,0.0034766070220113576,0.005484438324155239,0.07100761426621702,0.112016364956649,0.0034766070220113576,0.0034766070220113576,0.004035100779417489,0.0014196744261417704,0.002579114295379159,0.004508374109302558,0.0137005760815866,0.15547280021596424,0.0003873348286056825,0.002222406717019121,0.3922232630707944,0.0137005760815866,0.47347847860512726,0.7412109348990858,1.0,0.3961405169430844,0.8693011704535656,1.0,1.0,0.3961405169430844,20260819
no_retained_fear_memory,19,Ext1,Ext1,2,16,B,True,0.000282219438783593,0.008740743903677406,0.003120026975437118,0.008740743903677406,0.06016160042645301,0.16854249860750714,0.003120026975437118,0.003120026975437118,0.006436011110974915,0.0012741862135087212,0.004111597177784532,0.004047763902623241,0.012303061319670069,0.16725202187731678,0.0003477515491527303,0.0019946160858437256,0.39538372053181403,0.012303061319670069,0.4485017074890206,0.8667372971830231,1.0,0.4761174304552753,0.842773210978834,1.0,1.0,0.4761174304552753,20260819
no_retained_fear_memory,20,Ext1,Ext1,2,17,B,True,0.00025106728191737204,0.013681108952076304,0.002775521824196492,0.013681108952076304,0.0491620166849023,0.2423295326689262,0.002775521824196492,0.002775521824196492,0.01008592461750557,0.0011335983248328407,0.006438301031353788,0.0036023626823640685,0.010951204616117935,0.18280313968221942,0.00030947748897025855,0.0017745062191663052,0.3995708278156475,0.010951204616117935,0.4229811542103164,1.0110930581043471,1.0,0.5634499431740698,0.8141996943834372,1.0,1.0,0.5634499431740698,20260819
no_retained_fear_memory,21,Ext1,Ext1,2,18,B,True,0.00022116878114697425,0.021159285516966886,0.0024449058073294783,0.021159285516966886,0.03843938200336085,0.33267124502979384,0.0024449058073294783,0.0024449058073294783,0.015627647256165167,0.0009986540450493964,0.009964040374423333,0.003174558900217132,0.00965230860488318,0.20336432168232493,0.0002727176488329697,0.0015632399128762131,0.40513321990504536,0.00965230860488318,0.39695840533980703,1.1786005981642198,1.0,0.6589527217914009,0.7833801800441418,1.0,1.0,0.6589527217914009,20260819
no_retained_fear_memory,22,Ext1,Ext1,2,19,B,True,0.0001926049991758383,0.0324809888052614,0.0021290721040504446,0.0324809888052614,0.028535992037834156,0.43534328225173113,0.0021290721040504446,0.0021290721040504446,0.024056627729832747,0.0008697210312221815,0.015310695749747305,0.0027655538398717594,0.008410077331497155,0.230723175706341,0.00023757499330353973,0.0013613917872565828,0.41258305133984796,0.008410077331497155,0.37040422190573175,1.375795663997672,1.0,0.763858398907373,0.7499610421202585,1.0,1.0,0.763858398907373,20260819
no_retained_fear_memory,23,Ext1,Ext1,2,20,B,True,0.00016539624926537044,0.049645949920405275,0.0018282421350881428,0.049645949920405275,0.01998642561367503,0.5427317673414074,0.0018282421350881428,0.0018282421350881428,0.03692654023498343,0.0007468927505778211,0.02343712549738819,0.0023756795270057267,0.007225575639108164,0.26750175136516174,0.00020407779430429944,0.0011691071967592226,0.42269025574147845,0.007225575639108164,0.3432147900892736,1.612582861209127,1.0,0.8799539756701181,0.7134160628672447,1.0,1.0,0.8799539756701181,20260819
no_retained_fear_memory,24,Ext1,Ext1,2,21,B,True,0.00014042018949711466,0.0738387856314453,0.001552115608434157,0.0738387856314453,0.01345093583425225,0.6399012819732305,0.001552115608434157,0.001552115608434157,0.05525446006406187,0.0006341334420560951,0.03493254086714492,0.0020175637522354918,0.006137239929027952,0.3146249002882216,0.0001733106825861711,0.0009925908359874613,0.43580788995246644,0.006137239929027952,0.31621478308902046,1.887837047224029,1.0,1.0,0.6751707389534213,1.0,1.0,1.0,20260819
no_retained_fear_memory,25,Ext1,Ext1,2,22,B,True,0.0001276711333589864,0.08017272044980983,0.001411173171102953,0.08017272044980983,0.011606579860839619,0.6594024756254383,0.001411173171102953,0.001411173171102953,0.06008992602783925,0.000576571626453859,0.037950269354529054,0.001834676912633216,0.0055813169551018295,0.3337419868343502,0.0001575987049756836,0.0009024841017265528,0.44118745720389807,0.0055813169551018295,0.30150567576049253,1.9937432307999774,1.0,1.0,0.661525860475637,1.0,1.0,1.0,20260819
no_retained_fear_memory,26,Ext1,Ext1,2,23,B,True,0.0001163043906532435,0.08686633591353465,0.0012855161689107053,0.08686633591353465,0.010031194618113515,0.6778390987096305,0.0012855161689107053,0.0012855161689107053,0.0652168830313703,0.000525248824331026,0.041143034049493266,0.0016715703584356983,0.0050854526558891415,0.3535193969573022,0.00014358637679873985,0.0008221450199414893,0.4467904863388122,0.0050854526558891415,0.28776032499781934,2.100888449173076,1.0,1.0,0.6482713299014378,1.0,1.0,1.0,20260819
no_retained_fear_memory,27,Ext1,Ext1,2,24,B,True,0.00010614934208907911,0.09393837108653869,0.001173257213235246,0.09393837108653869,0.008683613897629335,0.6952648877720309,0.001173257213235246,0.001173257213235246,0.07065268482142584,0.0004793953454155231,0.044520405568615584,0.0015256816732030262,0.004642549213443581,0.3739447054667095,0.000131053812534233,0.0007503683664107363,0.4526192527200616,0.004642549213443581,0.27490435486362935,2.2095574070929467,0.9999209420771187,1.0,0.6353600255053232,1.0,0.9999209420771187,1.0,20260819
no_retained_fear_memory,28,Ext1,Ext1,2,25,B,True,9.706738967640849e-05,0.10140699566283728,0.0010728632076022482,0.10140699566283728,0.007529928904392229,0.7117286363615026,0.0010728632076022482,0.0010728632076022482,0.07641465694927474,0.0004383859118753941,0.04809176440281715,0.0013950898124049822,0.004246495971673308,0.3949963303641781,0.00011983575481163051,0.0006861750682768397,0.4586739944718797,0.004246495971673308,0.2628784974403675,2.3199986501264522,0.9997776957388137,1.0,0.6227546420311411,1.0,0.9997776957388137,1.0,20260819
no_retained_fear_memory,29,Ext2,Ext2,3,1,B,True,8.893590870440171e-05,0.10928898877653037,0.000982977865477741,0.10928898877653037,0.006541325620762537,0.7272746289192367,0.000982977865477741,0.000982977865477741,0.08251948958423538,0.0004016672403728272,0.05186591223299453,0.001278082704560648,0.0038919023820410607,0.4166412088060523,0.00010978496332714668,0.0006286988204962096,0.4649522179591124,0.0038919023820410607,0.25162673380389766,2.4324225143431604,0.9995830986681696,1.0,0.6104265237212284,1.0,0.9995830986681696,1.0,20260819
no_retained_fear_memory,30,Ext2,Ext2,3,2,B,True,8.164661496101733e-05,0.11759880950961488,0.000902403607458635,0.11759880950961488,0.005693354578883216,0.7419426463490412,0.000902403607458635,0.000902403607458635,0.0889825311224669,0.00036875069922237547,0.05585062784787054,0.0011731382269811273,0.003574021902270843,0.43883263144306567,0.00010077056595253519,0.0005771745754657998,0.47144800240850676,0.003574021902270843,0.2410964228486229,2.5469978429180293,0.9993474210116544,1.0,0.5983547478338828,1.0,0.9993474210116544,1.0,20260819
no_retained_fear_memory,31,Ext2,Ext2,3,3,B,True,7.510412935862743e-05,0.12634756048989115,0.0008300856522298616,0.12634756048989115,0.004965290942810556,0.7557682704928181,0.0008300856522298616,0.0008300856522298616,0.09581697747123785,0.0003392058504598783,0.06005216706062144,0.001078908393520764,0.00328868278261834,0.4615083614642371,9.267668564766617e-05,0.0005309284213679266,0.47815132998127,0.00328868278261834,0.23123847230690073,2.6638476909631956,0.9990788788864422,1.0,0.5865253778110798,1.0,0.9990788788864422,1.0,20260819
no_retained_fear_memory,32,Ext2,Ext2,3,4,B,True,6.922461050162809e-05,0.13554186138307056,0.0007650968677748171,0.13554186138307056,0.0043395727279592405,0.7687833919193637,0.0007650968677748171,0.0007650968677748171,0.10303296296747333,0.000312654293562864,0.06447471326972376,0.0009942031209152454,0.0030322240038878024,0.4845892069304564,8.54010354414202e-05,0.0004893679355069125,0.485047480788276,0.0030322240038878024,0.22200742326137463,2.7830442959409463,0.9987840451862725,1.0,0.5749308197631201,1.0,0.9987840451862725,1.0,20260819
no_retained_fear_memory,33,Ext2,Ext2,3,5,B,True,6.572934429405208e-05,0.13844534080979798,0.0007264626786890327,0.13844534080979798,0.004054559169159185,0.77269602757944,0.0007264626786890327,0.0007264626786890327,0.10531888599336503,0.0002968696270126969,0.06587281496264441,0.0009437239036085914,0.002879989050342768,0.49172013521799024,8.106555242224739e-05,0.00046466073151141263,0.4871938170571956,0.002879989050342768,0.21633692076859362,2.8200000000000003,0.9984681782261368,1.0,0.5714285714285714,1.0,0.9984681782261368,1.0,20260819
no_retained_fear_memory,34,Ext2,Ext2,3,6,B,True,6.333126373980758e-05,0.13844534080979798,0.0006999561952503175,0.13844534080979798,0.003907198273983116,0.7728103563103674,0.0006999561952503175,0.0006999561952503175,0.10531888599336503,0.0002860397558565042,0.06587281496264441,0.0009089940169052671,0.0027757313608863477,0.49172013521799024,7.808300420898962e-05,0.0004477091607015815,0.4871938170571956,0.0027757313608863477,0.21236182654679372,2.8200000000000003,0.9981354846580281,1.0,0.5714285714285714,1.0,0.9981354846580281,1.0,20260819
no_retained_fear_memory,35,Ext2,Ext2,3,7,B,True,6.117487673429345e-05,0.13844534080979798,0.000676121336447344,0.13844534080979798,0.0037746528436403597,0.7729131905855203,0.000676121336447344,0.000676121336447344,0.10531888599336503,0.00027630131110845113,0.06587281496264441,0.0008777393459925942,0.0026820245116724256,0.49172013521799024,7.539898414385003e-05,0.00043246599818969056,0.4871938170571956,0.0026820245116724256,0.20872357895632898,2.8200000000000003,0.9977893298035413,1.0,0.5714285714285714,1.0,0.9977893298035413,1.0,20260819
no_retained_fear_memory,36,Ext2,Ext2,3,8,B,True,5.923407200336683e-05,0.13844534080979798,0.0006546694495819239,0.13844534080979798,0.003655328934006229,0.773005767053256,0.0006546694495819239,0.0006546694495819239,0.10531888599336503,0.00026753639471488455,0.06587281496264441,0.0008495861535897949,0.00259772722949638,0.49172013521799024,7.298138227247006e-05,0.0004187466907409343,0.4871938170571956,0.00259772722949638,0.20539475822101413,2.8200000000000003,0.9974324059199517,1.0,0.5714285714285714,1.0,0.9974324059199517,1.0,20260819
no_retained_fear_memory,37,Ext2,Ext2,3,9,B,True,5.748575811848067e-05,0.13844534080979798,0.0006353452701246542,0.13844534080979798,0.003547815702700086,0.7730891803039589,0.0006353452701246542,0.0006353452701246542,0.10531888599336503,0.00025964074128981274,0.06587281496264441,0.0008242033694532051,0.002521831009430483,0.49172013521799024,7.080175608366134e-05,0.00040638802661241424,0.4871938170571956,0.002521831009430483,0.2023499725543878,2.8200000000000003,0.9970668668130801,1.0,0.5714285714285714,1.0,0.9970668668130801,1.0,20260819
no_retained_fear_memory,38,Ext2,Ext2,3,10,B,True,5.59094985469466e-05,0.13844534080979798,0.0006179228858135266,0.13844534080979798,0.003450863527562693,0.7731643998466392,0.0006179228858135266,0.0006179228858135266,0.10531888599336503,0.00025252207111459146,0.06587281496264441,0.000801297586628366,0.0024534438287291795,0.49172013521799024,6.883489997332152e-05,0.00039524555694503416,0.4871938170571956,0.0024534438287291795,0.19956574680685168,2.8200000000000003,0.9966944355275829,1.0,0.5714285714285714,1.0,0.9966944355275829,1.0,20260819
no_retained_fear_memory,39,Ext2,Ext2,3,11,B,True,5.448719002620894e-05,0.13844534080979798,0.0006022021800803357,0.13844534080979798,0.0033633646685359907,0.7732322851122531,0.0006022021800803357,0.0006022021800803357,0.10531888599336503,0.0002460986385471875,0.06587281496264441,0.0007806086091744061,0.0023917758658019025,0.49172013521799024,6.70584622825543e-05,0.0003851913231613935,0.4871938170571956,0.0023917758658019025,0.19702040899658718,2.8200000000000003,0.996316490499185,1.0,0.5714285714285714,1.0,0.996316490499185,1.0,20260819
no_retained_fear_memory,40,Ext2,Ext2,3,12,B,True,5.320277992959532e-05,0.13844534080979798,0.0005880057067824129,0.13844534080979798,0.003284336232456881,0.7732935986703263,0.0005880057067824129,0.0005880057067824129,0.10531888599336503,0.0002402979563170815,0.06587281496264441,0.000761905509351907,0.0023361270004672286,0.49172013521799024,6.545260624354492e-05,0.00037611185977315387,0.4871938170571956,0.0023361270004672286,0.1946939770909112,2.8200000000000003,0.9959341344764667,1.0,0.5714285714285714,1.0,0.9959341344764667,1.0,20260819
no_retained_fear_memory,41,Ext2,Ext2,3,13,B,True,5.2042018410358715e-05,0.13844534080979798,0.0005751759496506192,0.13844534080979798,0.0032129052024997117,0.7733490178437378,0.0005751759496506192,0.0005751759496506192,0.10531888599336503,0.00023505567674175776,0.06587281496264441,0.0007449831483614929,0.0022858758875610222,0.49172013521799024,6.399971085010741e-05,0.0003679064428976364,0.4871938170571956,0.0022858758875610222,0.19256804778025322,2.8200000000000003,0.9955482496582921,1.0,0.5714285714285714,1.0,0.9955482496582921,1.0,20260819
no_retained_fear_memory,42,Ext2,Ext2,3,14,B,True,5.0992241369285374e-05,0.13844534080979798,0.0005635729225953456,0.13844534080979798,0.0031482953046564513,0.7733991448982521,0.0005635729225953456,0.0005635729225953456,0.10531888599336503,0.00023031461200495595,0.06587281496264441,0.0007296591141279978,0.002240470413919415,0.49172013521799024,6.268410762767836e-05,0.0003604855565064735,0.4871938170571956,0.002240470413919415,0.1906256885010632,2.8200000000000003,0.9951595418037524,1.0,0.5714285714285714,1.0,0.9951595418037524,1.0,20260819
no_retained_fear_memory,43,Ext2,Ext2,3,15,B,True,5.004218058246579e-05,0.13844534080979798,0.0005530720704531866,0.13844534080979798,0.0030898154992200317,0.7734445159713067,0.0005530720704531866,0.0005530720704531866,0.10531888599336503,0.0002260238770270817,0.06587281496264441,0.0007157710311241467,0.002199419367372138,0.49172013521799024,6.14918494169685e-05,0.00035376955061172666,0.4871938170571956,0.002199419367372138,0.1888513335867344,2.8200000000000003,0.9947685755201207,1.0,0.5714285714285714,1.0,0.9947685755201207,1.0,20260819
no_retained_fear_memory,44,Ext2,Ext2,3,16,B,True,4.9181797683539585e-05,0.13844534080979798,0.0005435624334833022,0.13844534080979798,0.0030368499031724525,0.7734856088906439,0.0005435624334833022,0.0005435624334833022,0.10531888599336503,0.00022213813997029597,0.06587281496264441,0.0007031741999414447,0.002162285164647182,0.49172013521799024,6.0410507521560015e-05,0.0003476874679733122,0.4871938170571956,0.002162285164647182,0.18723068513370816,2.8200000000000003,0.9943758024932152,1.0,0.5714285714285714,1.0,0.9943758024932152,1.0,20260819
no_retained_fear_memory,45,Ext2,Ext2,3,17,B,True,4.840213902035373e-05,0.13844534080979798,0.0005349450426992419,0.13844534080979798,0.0029888489682048302,0.773522850018771,0.0005349450426992419,0.0005349450426992419,0.10531888599336503,0.0002186169669636806,0.06587281496264441,0.0006917395276952196,0.0021286775024819825,0.49172013521799024,5.942899386824934e-05,0.00034217601830821565,0.4871938170571956,0.0021286775024819825,0.18575061894503644,2.8200000000000003,0.9939815840716909,1.0,0.5714285714285714,1.0,0.9939815840716909,1.0,20260819
no_retained_fear_memory,46,Ext2,Ext2,3,18,B,True,4.769520873904032e-05,0.13844534080979798,0.0005271315167603152,0.13844534080979798,0.002945321757630391,0.7735566202448533,0.0005271315167603152,0.0005271315167603152,0.10531888599336503,0.000215424249100149,0.06587281496264441,0.0006813517139794886,0.002098247812363212,0.49172013521799024,5.8537405138349584e-05,0.00033717868130700435,0.4871938170571956,0.002098247812363212,0.18439909574152202,2.8200000000000003,0.9935862093344714,1.0,0.5714285714285714,1.0,0.9935862093344714,1.0,20260819
no_retained_fear_memory,47,Ext2,Ext2,3,19,B,True,4.705385775682913e-05,0.13844534080979798,0.0005200428345670804,0.13844534080979798,0.002905829183148037,0.7735872602319152,0.0005200428345670804,0.0005200428345670804,0.10531888599336503,0.0002125277011618687,0.06587281496264441,0.0006719076607424044,0.0020706844140385193,0.49172013521799024,5.772688614876939e-05,0.0003326449219420713,0.4871938170571956,0.0020706844140385193,0.18316507769988116,2.8200000000000003,0.9931899095446959,1.0,0.5714285714285714,1.0,0.9931899095446959,1.0,20260819
no_retained_fear_memory,48,Ext2,Ext2,3,20,B,True,4.647168657645473e-05,0.13844534080979798,0.0005136082608453441,0.13844534080979798,0.0028699780788419764,0.7736150750144785,0.0005136082608453441,0.0005136082608453441,0.10531888599336503,0.00020989842280894067,0.06587281496264441,0.0006633150779707619,0.002045708276216012,0.49172013521799024,5.698951006426946e-05,0.00032852950355966026,0.4871938170571956,0.002045708276216012,0.1820384502793297,2.8200000000000003,0.9927928697128754,1.0,0.5714285714285714,1.0,0.9927928697128754,1.0,20260819
no_retained_fear_memory,49,Ext2,L-Ext,3,21,B,True,4.594296013515908e-05,0.13844534080979798,0.0005077644048427921,0.13844534080979798,0.00283741600478945,0.7736403380301404,0.0005077644048427921,0.0005077644048427921,0.10531888599336503,0.00020751051411560528,0.06587281496264441,0.0006554912603529181,0.0020230693046809777,0.49172013521799024,5.631817330299183e-05,0.00032479188605272213,0.4871938170571956,0.0020230693046809777,0.18100994922560223,2.8200000000000003,0.992395237847419,1.0,0.5714285714285714,1.0,0.992395237847419,1.0,20260819
no_retained_fear_memory,50,Ext2,L-Ext,3,22,B,True,4.5462533128759475e-05,0.13844534080979798,0.0005024543948127791,0.13844534080979798,0.002807826686203468,0.7736632946580769,0.0005024543948127791,0.0005024543948127791,0.10531888599336503,0.0002053407383845185,0.06587281496264441,0.0006483620131102754,0.0020025430885395414,0.49172013521799024,5.570650326221753e-05,0.0003213956980472332,0.4871938170571956,0.0020025430885395414,0.18007109258913837,2.8200000000000003,0.9919971323550539,1.0,0.5714285714285714,1.0,0.9919971323550539,1.0,20260819
no_retained_fear_memory,51,Ext2,L-Ext,3,23,B,True,4.5025784445540395e-05,0.13844534080979798,0.0004976271532084464,0.13844534080979798,0.002780926006051955,0.7736841653281358,0.0004976271532084464,0.0004976271532084464,0.10531888599336503,0.00020336822608946203,0.06587281496264441,0.0006418607079040851,0.0019839280444936946,0.49172013521799024,5.5148777219287086e-05,0.00031830827346879254,0.4871938170571956,0.0019839280444936946,0.17921411755765299,2.8200000000000003,0.9915986479611618,1.0,0.5714285714285714,1.0,0.9915986479611618,1.0,20260819
no_retained_fear_memory,52,Ext2,L-Ext,3,24,B,True,4.462855952436229e-05,0.13844534080979798,0.0004932367595029685,0.13844534080979798,0.0027564584797928403,0.7737031482558847,0.0004932367595029685,0.0004932367595029685,0.10531888599336503,0.00020157421459876534,0.06587281496264441,0.0006359274521583278,0.001967042907099141,0.49172013521799024,5.463985097989148e-05,0.00031550024412385635,0.4871938170571956,0.001967042907099141,0.17843192187906606,2.8200000000000003,0.9911998604460481,1.0,0.5714285714285714,1.0,0.9911998604460481,1.0,20260819
no_retained_fear_memory,53,Ext2,L-Ext,3,25,B,True,4.426711961369456e-05,0.13844534080979798,0.0004892418892885608,0.13844534080979798,0.0027341941502236973,0.7737204218517159,0.0004892418892885608,0.0004892418892885608,0.10531888599336503,0.00019994181905091946,0.06587281496264441,0.0006305083572947203,0.0019517245199776926,0.49172013521799024,5.417509602137319e-05,0.000312945181046409,0.4871938170571956,0.0019517245199776926,0.17771800963604947,2.8200000000000003,0.9908008304339572,1.0,0.5714285714285714,1.0,0.9908008304339572,1.0,20260819
no_retained_fear_memory,54,E-Ret,E-Ret,4,1,B,False,4.393809704139606e-05,0.13844534080979798,0.0004856053198295518,0.13844534080979798,0.0027139258486776918,0.7737361468457249,0.0004856053198295518,0.0004856053198295518,0.10531888599336503,0.00019845583037303438,0.06587281496264441,0.0006255548932710087,0.0019378258890421708,0.49172013521799024,5.375034405312138e-05,0.00031061927833186953,0.4871938170571956,0.0019378258890421708,0.17706644112607406,2.8200000000000003,0.9904016064242844,1.0,0.5714285714285714,1.0,0.9904016064242844,1.0,20260819
no_retained_fear_memory,55,E-Ret,E-Ret,4,2,B,False,4.393809704139606e-05,0.13844534080979798,0.0004856053198295518,0.13844534080979798,0.0027139258486776918,0.7737361468457249,0.0004856053198295518,0.0004856053198295518,0.10531888599336503,0.00019845583037303438,0.06587281496264441,0.0006255548932710087,0.0019378258890421708,0.49172013521799024,5.375034405312138e-05,0.00031061927833186953,0.4871938170571956,0.0019378258890421708,0.17706644112607406,2.8200000000000003,0.9904016064242844,1.0,0.5714285714285714,1.0,0.9904016064242844,1.0,20260819
no_retained_fear_memory,56,E-Ret,E-Ret,4,3,B,False,4.393809704139606e-05,0.13844534080979798,0.0004856053198295518,0.13844534080979798,0.0027139258486776918,0.7737361468457249,0.0004856053198295518,0.0004856053198295518,0.10531888599336503,0.00019845583037303438,0.06587281496264441,0.0006255548932710087,0.0019378258890421708,0.49172013521799024,5.375034405312138e-05,0.00031061927833186953,0.4871938170571956,0.0019378258890421708,0.17706644112607406,2.8200000000000003,0.9904016064242844,1.0,0.5714285714285714,1.0,0.9904016064242844,1.0,20260819
no_retained_fear_memory,57,E-Ret,E-Ret,4,4,B,False,4.393809704139606e-05,0.13844534080979798,0.0004856053198295518,0.13844534080979798,0.0027139258486776918,0.7737361468457249,0.0004856053198295518,0.0004856053198295518,0.10531888599336503,0.00019845583037303438,0.06587281496264441,0.0006255548932710087,0.0019378258890421708,0.49172013521799024,5.375034405312138e-05,0.00031061927833186953,0.4871938170571956,0.0019378258890421708,0.17706644112607406,2.8200000000000003,0.9904016064242844,1.0,0.5714285714285714,1.0,0.9904016064242844,1.0,20260819
no_retained_fear_memory,58,E-Ret,E-Ret,4,5,B,False,4.393809704139606e-05,0.13844534080979798,0.0004856053198295518,0.13844534080979798,0.0027139258486776918,0.7737361468457249,0.0004856053198295518,0.0004856053198295518,0.10531888599336503,0.00019845583037303438,0.06587281496264441,0.0006255548932710087,0.0019378258890421708,0.49172013521799024,5.375034405312138e-05,0.00031061927833186953,0.4871938170571956,0.0019378258890421708,0.17706644112607406,2.8200000000000003,0.9904016064242844,1.0,0.5714285714285714,1.0,0.9904016064242844,1.0,20260819
no_retained_fear_memory,59,F-Ren,F-Ren,5,1,A,False,0.0003369600138392048,0.0,0.003725456447029374,0.0,0.08520108764427717,0.0,0.0,0.003725456447029374,0.0,0.0015211910352225244,0.0,0.004677318171905893,0.02000990892009987,0.39033817861529113,0.3751802671909512,0.0023813562852877945,0.12490910631891254,0.02000990892009987,0.417408612764872,2.8200000000000003,0.9904016064242844,1.0,1.3470604919674372,0.0,0.9904016064242844,1.0,20260819
no_retained_fear_memory,60,F-Ren,F-Ren,5,2,A,False,0.0003369600138392048,0.0,0.003725456447029374,0.0,0.08520108764427717,0.0,0.0,0.003725456447029374,0.0,0.0015211910352225244,0.0,0.004677318171905893,0.02000990892009987,0.39033817861529113,0.3751802671909512,0.0023813562852877945,0.12490910631891254,0.02000990892009987,0.417408612764872,2.8200000000000003,0.9904016064242844,1.0,1.3470604919674372,0.0,0.9904016064242844,1.0,20260819
no_retained_fear_memory,61,F-Ren,F-Ren,5,3,A,False,0.0003369600138392048,0.0,0.003725456447029374,0.0,0.08520108764427717,0.0,0.0,0.003725456447029374,0.0,0.0015211910352225244,0.0,0.004677318171905893,0.02000990892009987,0.39033817861529113,0.3751802671909512,0.0023813562852877945,0.12490910631891254,0.02000990892009987,0.417408612764872,2.8200000000000003,0.9904016064242844,1.0,1.3470604919674372,0.0,0.9904016064242844,1.0,20260819
no_retained_fear_memory,62,F-Ren,F-Ren,5,4,A,False,0.0003369600138392048,0.0,0.003725456447029374,0.0,0.08520108764427717,0.0,0.0,0.003725456447029374,0.0,0.0015211910352225244,0.0,0.004677318171905893,0.02000990892009987,0.39033817861529113,0.3751802671909512,0.0023813562852877945,0.12490910631891254,0.02000990892009987,0.417408612764872,2.8200000000000003,0.9904016064242844,1.0,1.3470604919674372,0.0,0.9904016064242844,1.0,20260819
no_retained_fear_memory,63,F-Ren,F-Ren,5,5,A,False,0.0003369600138392048,0.0,0.003725456447029374,0.0,0.08520108764427717,0.0,0.0,0.003725456447029374,0.0,0.0015211910352225244,0.0,0.004677318171905893,0.02000990892009987,0.39033817861529113,0.3751802671909512,0.0023813562852877945,0.12490910631891254,0.02000990892009987,0.417408612764872,2.8200000000000003,0.9904016064242844,1.0,1.3470604919674372,0.0,0.9904016064242844,1.0,20260819
no_context_reinstatement,0,Pre-Con,Pre-Con,0,1,A,False,0.0,0.0,0.0,0.0,0.0,0.0,0.0,0.0,0.0,0.0,0.0,0.0,0.00653119496947252,0.004036710768538954,0.3842523215571083,0.0,0.0,0.00653119496947252,,,0.0,0.0,,,0.0,0.0,20260819
no_context_reinstatement,1,F-Con,F-Con,1,1,A,True,0.08328698219138453,0.0,0.7998359770879381,0.0,0.9523716522139278,0.0,0.0,0.7998359770879381,0.0,0.27872687616858605,0.0,0.7165859895183705,0.00653119496947252,0.004036710768538954,0.3842523215571083,0.4215770703060906,0.0,0.00653119496947252,0.28,0.22,0.0,0.0,1.0,0.0,0.0,0.0,20260819
no_context_reinstatement,2,F-Con,F-Con,1,2,A,True,0.08328698219138453,0.0,0.7998359770879381,0.0,0.9523716522139278,0.0,0.0,0.7998359770879381,0.0,0.27872687616858605,0.0,0.5805372048907905,0.1986622902493556,0.004036710768538954,0.3842523215571083,0.4215770703060906,0.0,0.1986622902493556,0.28,0.22,0.0,0.0,1.0,0.0,0.0,0.0,20260819
no_context_reinstatement,3,F-Con,F-Con,1,3,A,True,0.08429029614292105,0.0,0.8070300068909039,0.0,0.9527761712399972,0.0,0.0,0.8070300068909039,0.0,0.28194677084665154,0.0,0.5997601495783692,0.31260751976175133,0.004036710768538954,0.3842523215571083,0.42644167451621484,0.0,0.31260751976175133,1.4112238189449247,0.22,0.6486806466878341,0.0,1.0,0.0,0.0,0.0,20260819
no_context_reinstatement,4,Ext1,E-Ext,2,1,B,True,0.006338182123501457,0.0,0.07060627219884141,0.0,0.6383568562179696,0.0,0.0,0.07060627219884141,0.0,0.028320583843529756,0.0,0.08417006343792927,0.25072459944867925,0.004036710768538954,0.0,0.04449160210727965,0.48524435617492145,0.25072459944867925,2.157982476650353,0.22,1.0,0.0,1.0,1.0,0.0,0.0,20260819
no_context_reinstatement,5,Ext1,E-Ext,2,2,B,True,0.006866124735382728,0.0,0.07653862453876537,0.0,0.6567661566428182,0.0,0.0,0.07653862453876537,0.0,0.030651687527312177,0.0,0.09057398267984937,0.26896567814094036,0.004036710768538954,0.0,0.04816850346546553,0.48524435617492145,0.26896567814094036,2.2502668201322615,0.22,1.0,0.0,1.0,1.0,0.0,0.0,20260819
no_context_reinstatement,6,Ext1,E-Ext,2,3,B,True,0.007406760308517724,0.0,0.08262186302770724,0.0,0.6737938976594922,0.0,0.0,0.08262186302770724,0.0,0.033034399808976045,0.0,0.09703906282631944,0.2872483800431978,0.011056016955004211,0.0,0.05192911665314326,0.4792927906814628,0.2872483800431978,2.3416953843857273,0.22,1.0,0.0,1.0,1.0,0.0,0.0,20260819
no_context_reinstatement,7,Ext1,E-Ext,2,4,B,True,0.007959771886432154,0.0,0.08885302683304896,0.0,0.6895687980087047,0.0,0.0,0.08885302683304896,0.0,0.035467013031956984,0.0,0.10355588755292147,0.30553959111972007,0.03138608000674985,0.0,0.0557708932537867,0.4621186090596081,0.30553959111972007,2.4323728523869823,0.22,1.0,0.0,1.0,1.0,0.0,0.0,20260819
no_context_reinstatement,8,Ext1,E-Ext,2,5,B,True,0.008524770974307927,0.0,0.09522834404449221,0.0,0.7042040240702837,0.0,0.0,0.09522834404449221,0.0,0.037947509566864435,0.0,0.11011441332332969,0.3238049674159831,0.07133577941293712,0.0,0.05969079075150907,0.42868294477964497,0.3238049674159831,2.5223782394722356,0.22,1.0,0.0,1.0,1.0,0.0,0.0,20260819
no_context_reinstatement,9,Ext1,Ext1,2,6,B,True,0.009101283039239627,0.0,0.10174306069799832,0.0,0.717799236145852,0.0,0.0,0.10174306069799832,0.0,0.040473502107839066,0.0,0.1167038826454569,0.3420088106247383,0.1254805532512948,0.0,0.06368517611843916,0.3842177004149573,0.3420088106247383,2.611766895568948,0.22,1.0,0.0,1.0,1.0,0.0,0.0,20260819
no_context_reinstatement,10,Ext1,Ext1,2,7,B,True,0.009640030921327702,0.0,0.10783972317198287,0.0,0.7294367228118538,0.0,0.0,0.10783972317198287,0.0,0.04282942226276554,0.0,0.1227688763273406,0.3586298848723991,0.1257372307887064,0.0,0.06741297757007014,0.38428596601723913,0.3586298848723991,2.693291135859827,0.22937187801858083,1.0,0.010133884436773048,0.9973038624577653,1.0,0.0,0.010133884436773048,20260819
no_context_reinstatement,11,Ext1,Ext1,2,8,B,True,0.010117834208659193,0.0,0.11325375909533919,0.0,0.7389949829869035,0.0,0.0,0.11325375909533919,0.0,0.04491511034356699,0.0,0.12807344783951174,0.3730595284312385,0.12634288212880954,0.0,0.07071508118873227,0.38444706081780045,0.3730595284312385,2.7641200668453116,0.25010761448239494,1.0,0.030469233174460257,0.9913898890629849,1.0,0.0,0.030469233174460257,20260819
no_context_reinstatement,12,Ext1,Ext1,2,9,B,True,0.010517834326093323,0.0,0.11779130453551812,0.0,0.7465006064957389,0.0,0.0,0.11779130453551812,0.0,0.04665848366889158,0.0,0.1324609702613409,0.3849173204287461,0.12740237251442482,0.0,0.07347658831318293,0.3847289266372748,0.3849173204287461,2.8224359657690767,0.2827783492345102,1.0,0.06004627466001505,0.982212968624904,1.0,0.0,0.06004627466001505,20260819
no_context_reinstatement,13,Ext1,Ext1,2,10,B,True,0.010826451699779915,0.0,0.12129540302424036,0.0,0.7520078114440212,0.0,0.0,0.12129540302424036,0.0,0.04800189558490564,0.0,0.1358131882544535,0.3939291710679725,0.1290659445543326,0.0,0.07560540172498942,0.3851716462833068,0.3939291710679725,2.866859072093644,0.3276340387827559,1.0,0.0980464558330073,0.9698866861932864,1.0,0.0,0.0980464558330073,20260819
no_context_reinstatement,14,Ext1,Ext1,2,11,B,True,0.011033732628730086,0.0,0.12365046931729218,0.0,0.7555766251886123,0.0,0.0,0.12365046931729218,0.0,0.048903370446551464,0.0,0.1380486650470953,0.3999155039038747,0.131532887136529,0.0,0.07703432014581713,0.38582848973868844,0.3999155039038747,2.896430693185574,0.38476893158318193,1.0,0.1437932973406087,0.9546270539225337,1.0,0.0,0.1437932973406087,20260819
no_context_reinstatement,15,Ext1,Ext1,2,12,B,True,0.011133244004512877,0.0,0.12478153492541155,0.0,0.7572543548759512,0.0,0.0,0.12478153492541155,0.0,0.04933591637993073,0.0,0.13911731602376523,0.40277056295802033,0.13505488298253454,0.0,0.0777200617832563,0.386766927781208,0.40277056295802033,2.910554323854581,0.4542756255221113,1.0,0.19675805245179293,0.9366983846204319,1.0,0.0,0.19675805245179293,20260819
no_context_reinstatement,16,Ext1,Ext1,2,13,B,True,0.011121595969536546,0.0,0.12464912614113866,0.0,0.7570591418401355,0.0,0.0,0.12464912614113866,0.0,0.04928529372569257,0.0,0.13899238043220097,0.40243700224541024,0.13994336945964253,0.0,0.07763980264124859,0.38807079858344234,0.40243700224541024,2.9089035320944774,0.5363977412140669,1.0,0.25657002300467263,0.9163646961561217,1.0,0.0,0.25657002300467263,20260819
no_context_reinstatement,17,Ext1,Ext1,2,14,B,True,0.010997736733084351,0.003351063808639476,0.1232414042582155,0.003351063808639476,0.7397777683968141,0.02011533803133684,0.003351063808639476,0.1232414042582155,0.0024642137582522317,0.048746869778638624,0.0015755786689986007,0.1376613785600266,0.39887974521598046,0.14658536273049155,0.0,0.07678622880602559,0.3898448706331918,0.39887974521598046,2.89131023123858,0.6316915876250407,1.0,0.3230318004525869,0.8938490050088921,1.0,0.0,0.3230318004525869,20260819
no_context_reinstatement,18,Ext1,Ext1,2,15,B,True,0.01071803373052116,0.005484438324155239,0.1200640888805693,0.005484438324155239,0.7252501179433194,0.033128886235109435,0.005484438324155239,0.1200640888805693,0.004035100779417489,0.047530118310307956,0.002579114295379159,0.13463880445773327,0.39077680758711203,0.15547280021596424,0.0,0.07485772453751927,0.3922232630707944,0.39077680758711203,2.851307839087695,0.7412109348990858,1.0,0.3961405169430844,0.8693011704535656,1.0,0.0,0.3961405169430844,20260819
no_context_reinstatement,19,Ext1,Ext1,2,16,B,True,0.010119032977874975,0.008740743903677406,0.11326735080943107,0.008740743903677406,0.6991462433405577,0.053952513417035886,0.008740743903677406,0.11326735080943107,0.006436011110974915,0.044920338761894496,0.004111597177784532,0.128086669233407,0.3730953665692632,0.16725202187731678,0.0,0.07072336115961053,0.39538372053181403,0.3730953665692632,2.7642961320105757,0.8667372971830231,1.0,0.4761174304552753,0.842773210978834,1.0,0.0,0.4761174304552753,20260819
no_context_reinstatement,20,Ext1,Ext1,2,17,B,True,0.009488693097780998,0.013681108952076304,0.1061262812284145,0.013681108952076304,0.6640886952008451,0.08560998922906186,0.013681108952076304,0.1061262812284145,0.01008592461750557,0.042168078385190766,0.006438301031353788,0.12107418644607587,0.3539986878540489,0.18280313968221942,0.0,0.0663662958169301,0.3995708278156475,0.3539986878540489,2.670574997577674,1.0110930581043471,1.0,0.5634499431740698,0.8141996943834372,1.0,0.0,0.5634499431740698,20260819
no_context_reinstatement,21,Ext1,Ext1,2,18,B,True,0.008826718552733426,0.021159285516966886,0.0986392226506716,0.021159285516966886,0.6172724875953971,0.13241228444241476,0.021159285516966886,0.0986392226506716,0.015627647256165167,0.039271131412875304,0.009964040374423333,0.11357851228274524,0.3333934465839487,0.20336432168232493,0.0,0.06178352557134037,0.40513321990504536,0.3333934465839487,2.5694869905447852,1.1786005981642198,1.0,0.6589527217914009,0.7833801800441418,1.0,0.0,0.6589527217914009,20260819
no_context_reinstatement,22,Ext1,Ext1,2,19,B,True,0.008130718098656842,0.0324809888052614,0.0907809740927703,0.0324809888052614,0.5560448525874288,0.1989501303836951,0.0324809888052614,0.0907809740927703,0.024056627729832747,0.03621802936020879,0.015310695749747305,0.10555080856405805,0.3111107291060114,0.230723175706341,0.0,0.056957448621914986,0.41258305133984796,0.3111107291060114,2.459872218154448,1.375795663997672,1.0,0.763858398907373,0.7499610421202585,1.0,0.0,0.763858398907373,20260819
no_context_reinstatement,23,Ext1,Ext1,2,20,B,True,0.007396606863967481,0.049645949920405275,0.08250753919714326,0.049645949920405275,0.47926730744798374,0.2883818978917494,0.049645949920405275,0.08250753919714326,0.03692654023498343,0.03298969246784178,0.02343712549738819,0.0969185049233885,0.286908689045476,0.26750175136516174,0.0,0.05185853399223306,0.42269025574147845,0.286908689045476,2.340004686204563,1.612582861209127,1.0,0.8799539756701181,0.7134160628672447,1.0,0.0,0.8799539756701181,20260819
no_context_reinstatement,24,Ext1,Ext1,2,21,B,True,0.006646885091810439,0.0738387856314453,0.07407412005803926,0.0738387856314453,0.39419389416734657,0.3929415351251058,0.0738387856314453,0.07407412005803926,0.05525446006406187,0.029684165881562308,0.03493254086714492,0.08792553562991526,0.26143746598941575,0.3146249002882216,0.0,0.04664213891640101,0.43580788995246644,0.26143746598941575,2.2123259433906113,1.887837047224029,1.0,1.0,0.6751707389534213,1.0,0.0,1.0,20260819
no_context_reinstatement,25,Ext1,Ext1,2,22,B,True,0.006337784541806557,0.08017272044980983,0.07060180767517155,0.08017272044980983,0.3700798443538461,0.4202485585354801,0.07060180767517155,0.07060180767517155,0.06008992602783925,0.028318826728361723,0.037950269354529054,0.08416520683947054,0.25071071690658614,0.3337419868343502,0.0,0.044488831413702745,0.44118745720389807,0.25071071690658614,2.1579117624795017,1.9937432307999774,1.0,1.0,0.661525860475637,1.0,0.0,1.0,20260819
no_context_reinstatement,26,Ext1,Ext1,2,23,B,True,0.006031898335834618,0.08686633591353465,0.06716828572329359,0.08686633591353465,0.34616649934263527,0.4476847233795271,0.06716828572329359,0.06716828572329359,0.0652168830313703,0.026966240700508237,0.041143034049493266,0.08041348605022286,0.23996456850039177,0.3535193969573022,0.0,0.04235639342150521,0.4467904863388122,0.23996456850039177,2.1029246558413552,2.100888449173076,1.0,1.0,0.6482713299014378,1.0,0.0,1.0,20260819
no_context_reinstatement,27,Ext1,Ext1,2,24,B,True,0.005729564391406372,0.09393837108653869,0.06377725461039363,0.09393837108653869,0.322570633381068,0.47511859902530806,0.06377725461039363,0.06377725461039363,0.07065268482142584,0.025627949459973154,0.044520405568615584,0.07666865236166484,0.22922632834610293,0.3739447054667095,0.0,0.04024723327203439,0.4526192527200616,0.22922632834610293,2.0473951589672668,2.2095574070929467,0.9999209420771187,1.0,0.6353600255053232,1.0,0.0,1.0,20260819
no_context_reinstatement,28,Ext1,Ext1,2,25,B,True,0.005432257514533245,0.10140699566283728,0.060445141463710717,0.10140699566283728,0.2994525711948028,0.5023825712544315,0.060445141463710717,0.060445141463710717,0.07641465694927474,0.024310540740324904,0.04809176440281715,0.07295226259281756,0.2185492901977835,0.3949963303641781,0.0,0.03817170462584418,0.4586739944718797,0.2185492901977835,1.9915388571154609,2.3199986501264522,0.9997776957388137,1.0,0.6227546420311411,1.0,0.0,1.0,20260819
no_context_reinstatement,29,Ext2,Ext2,3,1,B,True,0.005141332179027014,0.10928898877653037,0.057186978623401274,0.10928898877653037,0.27696675474406907,0.5293060986843283,0.057186978623401274,0.057186978623401274,0.08251948958423538,0.023020094261526736,0.05186591223299453,0.0692844882919318,0.20798548103391942,0.4166412088060523,0.0,0.036139347298995594,0.4649522179591124,0.20798548103391942,1.935569903396947,2.4324225143431604,0.9995830986681696,1.0,0.6104265237212284,1.0,0.0,1.0,20260819
no_context_reinstatement,30,Ext2,Ext2,3,2,B,True,0.0048580074002709805,0.11759880950961488,0.05401624182730369,0.11759880950961488,0.255257088217713,0.5557204403309779,0.05401624182730369,0.05401624182730369,0.0889825311224669,0.02176211061992006,0.05585062784787054,0.06568384634543753,0.1975848039243934,0.43883263144306567,0.0,0.03415877728528338,0.47144800240850676,0.1975848039243934,1.8796987677237462,2.5469978429180293,0.9993474210116544,1.0,0.5983547478338828,1.0,0.0,1.0,20260819
no_context_reinstatement,31,Ext2,Ext2,3,3,B,True,0.004583365463705302,0.12634756048989115,0.05094484409526634,0.12634756048989115,0.2344529446048857,0.581463308536287,0.05094484409526634,0.05094484409526634,0.09581697747123785,0.020541501314915944,0.06005216706062144,0.0621671838318021,0.187394484239617,0.4615083614642371,0.0,0.032237673260389954,0.47815132998127,0.187394484239617,1.824131890904635,2.6638476909631956,0.9990788788864422,1.0,0.5865253778110798,1.0,0.0,1.0,20260819
no_context_reinstatement,32,Ext2,Ext2,3,4,B,True,0.0043183502863965995,0.13554186138307056,0.04798312546752104,0.13554186138307056,0.21466560022479222,0.6063834889012625,0.04798312546752104,0.04798312546752104,0.10303296296747333,0.01936257714048517,0.06447471326972376,0.05874963904775447,0.17745851749209182,0.4845892069304564,0.0,0.030382760543512743,0.485047480788276,0.17745851749209182,1.7690710166562487,2.7830442959409463,0.9987840451862725,1.0,0.5749308197631201,1.0,0.0,1.0,20260819
no_context_reinstatement,33,Ext2,Ext2,3,5,B,True,0.004174718036752401,0.13844534080979798,0.04637876894713766,0.13844534080979798,0.20628912529567756,0.6157940131931382,0.04637876894713766,0.04637876894713766,0.10531888599336503,0.018723175440540807,0.06587281496264441,0.05687876526301868,0.17204744984675113,0.49172013521799024,0.0,0.029376969376776918,0.4871938170571956,0.17204744984675113,1.7386249942188714,2.8200000000000003,0.9984681782261368,1.0,0.5714285714285714,1.0,0.0,1.0,20260819
no_context_reinstatement,34,Ext2,Ext2,3,6,B,True,0.004085199768265491,0.13844534080979798,0.04537915391757119,0.13844534080979798,0.20274435991845108,0.6185441900737102,0.04537915391757119,0.04537915391757119,0.10531888599336503,0.01832451017380521,0.06587281496264441,0.05570159980900334,0.16867438998978324,0.49172013521799024,0.0,0.028749946659318182,0.4871938170571956,0.16867438998978324,1.7194404591303765,2.8200000000000003,0.9981354846580281,1.0,0.5714285714285714,1.0,0.0,1.0,20260819
no_context_reinstatement,35,Ext2,Ext2,3,7,B,True,0.004001020507531372,0.13844534080979798,0.044439363493741335,0.13844534080979798,0.1993827419992932,0.6211522735147129,0.044439363493741335,0.044439363493741335,0.10531888599336503,0.01794950945618312,0.06587281496264441,0.054590981601566196,0.16549426384058727,0.49172013521799024,0.0,0.028160203549337903,0.4871938170571956,0.16549426384058727,1.7012300391226454,2.8200000000000003,0.9977893298035413,1.0,0.5714285714285714,1.0,0.0,1.0,20260819
no_context_reinstatement,36,Ext2,Ext2,3,8,B,True,0.0039218589417050476,0.13844534080979798,0.04355577351027151,0.13844534080979798,0.19619619317529682,0.6236245310471495,0.04355577351027151,0.04355577351027151,0.10531888599336503,0.017596762044969183,0.06587281496264441,0.05354332028467706,0.16249642522311109,0.49172013521799024,0.0,0.02760550999223188,0.4871938170571956,0.16249642522311109,1.6839498037222542,2.8200000000000003,0.9974324059199517,1.0,0.5714285714285714,1.0,0.0,1.0,20260819
no_context_reinstatement,37,Ext2,Ext2,3,9,B,True,0.0038474102471148797,0.13844534080979798,0.04272494891531042,0.13844534080979798,0.19317670998402667,0.6259671720911117,0.04272494891531042,0.04272494891531042,0.10531888599336503,0.017264927426261623,0.06587281496264441,0.052555137639719474,0.15967068325649753,0.49172013521799024,0.0,0.02708374859928575,0.4871938170571956,0.15967068325649753,1.6675568169402155,2.8200000000000003,0.9970668668130801,1.0,0.5714285714285714,1.0,0.0,1.0,20260819
no_context_reinstatement,38,Ext2,Ext2,3,10,B,True,0.0037773859861792713,0.13844534080979798,0.04194364201134837,0.13844534080979798,0.19031641906250438,0.6281863051301044,0.04194364201134837,0.04194364201134837,0.10531888599336503,0.01695273568386446,0.06587281496264441,0.05162308399112081,0.1570073090717198,0.49172013521799024,0.0,0.026592914270948342,0.4871938170571956,0.1570073090717198,1.6520092846692391,2.8200000000000003,0.9966944355275829,1.0,0.5714285714285714,1.0,0.0,1.0,20260819
no_context_reinstatement,39,Ext2,Ext2,3,11,B,True,0.0037115137912410168,0.13844534080979798,0.041208788379306194,0.13844534080979798,0.18760761990423958,0.6302879045383568,0.041208788379306194,0.041208788379306194,0.10531888599336503,0.016658986385824748,0.06587281496264441,0.050743948618778616,0.15449703592603126,0.49172013521799024,0.0,0.0261311122919764,0.4871938170571956,0.15449703592603126,1.63726666169289,2.8200000000000003,0.996316490499185,1.0,0.5714285714285714,1.0,0.0,1.0,20260819
no_context_reinstatement,40,Ext2,Ext2,3,12,B,True,0.003649536898985728,0.13844534080979798,0.0405175011934501,0.13844534080979798,0.1850428174148793,0.6322777853227913,0.0405175011934501,0.0405175011934501,0.10531888599336503,0.01638254677386697,0.06587281496264441,0.049914665623536414,0.15213105425308468,0.49172013521799024,0.0,0.025696555346367278,0.4871938170571956,0.15213105425308468,1.623289726620725,2.8200000000000003,0.9959341344764667,1.0,0.5714285714285714,1.0,0.0,1.0,20260819
no_context_reinstatement,41,Ext2,Ext2,3,13,B,True,0.003591213583574171,0.13844534080979798,0.039867064460230695,0.13844534080979798,0.18261474610624842,0.634161584352278,0.039867064460230695,0.039867064460230695,0.10531888599336503,0.01612234947227975,0.06587281496264441,0.04913231636583292,0.14990100287645236,0.49172013521799024,0.0,0.0252875597916139,0.4871938170571956,0.14990100287645236,1.6100406313020013,2.8200000000000003,0.9955482496582921,1.0,0.5714285714285714,1.0,0.0,1.0,20260819
no_context_reinstatement,42,Ext2,Ext2,3,14,B,True,0.003536316524737737,0.13844534080979798,0.03925492558118959,0.13844534080979798,0.1803163874438634,0.6359447468987084,0.03925492558118959,0.03925492558118959,0.10531888599336503,0.015877389880160186,0.06587281496264441,0.048394129344720295,0.14779895736654416,0.49172013521799024,0.0,0.02490254144887738,0.4871938170571956,0.14779895736654416,1.5974829299027624,2.8200000000000003,0.9951595418037524,1.0,0.5714285714285714,1.0,0.0,1.0,20260819
no_context_reinstatement,43,Ext2,Ext2,3,15,B,True,0.0034846321380230805,0.13844534080979798,0.038678687538691414,0.13844534080979798,0.17814098159882688,0.6376325175193867,0.038678687538691414,0.038678687538691414,0.10531888599336503,0.015646723370585924,0.06587281496264441,0.04769747818815432,0.1458174163225152,0.49172013521799024,0.0,0.024540011102177184,0.4871938170571956,0.1458174163225152,1.585581591766482,2.8200000000000003,0.9947685755201207,1.0,0.5714285714285714,1.0,0.0,1.0,20260819
no_context_reinstatement,44,Ext2,Ext2,3,16,B,True,0.0034359598874255104,0.13844534080979798,0.03813610092590869,0.13844534080979798,0.1760820346391728,0.6392299344776834,0.03813610092590869,0.03813610092590869,0.10531888599336503,0.015429462389329962,0.06587281496264441,0.04703987827301993,0.143949286201531,0.49172013521799024,0.0,0.024198569851029528,0.4871938170571956,0.143949286201531,1.5743030013473462,2.8200000000000003,0.9943758024932152,1.0,0.5714285714285714,1.0,0.0,1.0,20260819
no_context_reinstatement,45,Ext2,Ext2,3,17,B,True,0.003390111595359624,0.13844534080979798,0.03762505598351651,0.13844534080979798,0.1741333220186907,0.6407418270362599,0.03762505598351651,0.03762505598351651,0.10531888599336503,0.015224773522007795,0.06587281496264441,0.04641898237487284,0.14218786518968562,0.49172013521799024,0.0,0.02387690442369328,0.4871938170571956,0.14218786518968562,1.5636149478543802,2.8200000000000003,0.9939815840716909,1.0,0.5714285714285714,1.0,0.0,1.0,20260819
no_context_reinstatement,46,Ext2,Ext2,3,18,B,True,0.003346910760848587,0.13844534080979798,0.03714357476060981,0.13844534080979798,0.17228888907546513,0.6421728150702813,0.03714357476060981,0.03714357476060981,0.10531888599336503,0.015031874580328619,0.06587281496264441,0.04583257565523391,0.14052682650570125,0.49172013521799024,0.0,0.023573782529608733,0.4871938170571956,0.14052682650570125,1.5534866067329012,2.8200000000000003,0.9935862093344714,1.0,0.5714285714285714,1.0,0.0,1.0,20260819
no_context_reinstatement,47,Ext2,Ext2,3,19,B,True,0.003306191893734489,0.13844534080979798,0.03668980348314843,0.13844534080979798,0.17054304913189106,0.6435273105415029,0.03668980348314843,0.03668980348314843,0.10531888599336503,0.01485003174416788,0.06587281496264441,0.04527857022255394,0.13896020144530336,0.49172013521799024,0.0,0.023288048307753106,0.4871938170571956,0.13896020144530336,1.5438885147057606,2.8200000000000003,0.9931899095446959,1.0,0.5714285714285714,1.0,0.0,1.0,20260819
no_context_reinstatement,48,Ext2,Ext2,3,20,B,True,0.0032677998703405375,0.13844534080979798,0.036262005187254975,0.13844534080979798,0.16889037968804618,0.6448095204516117,0.036262005187254975,0.036262005187254975,0.10531888599336503,0.014678556785490793,0.06587281496264441,0.044754999447122856,0.137482362406968,0.49172013521799024,0.0,0.02301861791091231,0.4871938170571956,0.137482362406968,1.534792539776288,2.8200000000000003,0.9927928697128754,1.0,0.5714285714285714,1.0,0.0,1.0,20260819
no_context_reinstatement,49,Ext2,L-Ext,3,21,B,True,0.003231589314233063,0.13844534080979798,0.03585855265501492,0.13844534080979798,0.16732571711723299,0.6460234509576452,0.03585855265501492,0.03585855265501492,0.10531888599336503,0.014516804391997873,0.06587281496264441,0.04426001216670371,0.13608800608545105,0.49172013521799024,0.0,0.022764475253131744,0.4871938170571956,0.13608800608545105,1.5261718473391759,2.8200000000000003,0.992395237847419,1.0,0.5714285714285714,1.0,0.0,1.0,20260819
no_context_reinstatement,50,Ext2,L-Ext,3,22,B,True,0.003197424004369176,0.13844534080979798,0.03547792167560149,0.13844534080979798,0.16584415020326693,0.6471729123860339,0.03547792167560149,0.03547792167560149,0.10531888599336503,0.01436416960214193,0.06587281496264441,0.0437918668857907,0.13477213697566398,0.49172013521799024,0.0,0.022524667937905085,0.4871938170571956,0.13477213697566398,1.5180008633404047,2.8200000000000003,0.9919971323550539,1.0,0.5714285714285714,1.0,0.0,1.0,20260819
no_context_reinstatement,51,Ext2,L-Ext,3,23,B,True,0.0031651763118963894,0.13844534080979798,0.03511868464343526,0.13844534080979798,0.16444101280122028,0.648261524926702,0.03511868464343526,0.03511868464343526,0.10531888599336503,0.014220085358454981,0.06587281496264441,0.04334892604501918,0.13353005129408346,0.49172013521799024,0.0,0.022298303377342288,0.4871938170571956,0.13353005129408346,1.5102552352617333,2.8200000000000003,0.9915986479611618,1.0,0.5714285714285714,1.0,0.0,1.0,20260819
no_context_reinstatement,52,Ext2,L-Ext,3,24,B,True,0.0031347266661047035,0.13844534080979798,0.03477950449683742,0.13844534080979798,0.16311187585490586,0.6492927248262361,0.03477950449683742,0.03477950449683742,0.10531888599336503,0.014084020182579149,0.06587281496264441,0.0429296504167293,0.13235732139635642,0.49172013521799024,0.0,0.022084545107038944,0.4871938170571956,0.13235732139635642,1.5029117915707038,2.8200000000000003,0.9911998604460481,1.0,0.5714285714285714,1.0,0.0,1.0,20260819
no_context_reinstatement,53,Ext2,L-Ext,3,25,B,True,0.0031059630494664203,0.13844534080979798,0.03445912899457315,0.13844534080979798,0.16185253896377177,0.650269770930641,0.03445912899457315,0.03445912899457315,0.10531888599336503,0.013955475972732834,0.06587281496264441,0.042532593666754576,0.13124978074684512,0.49172013521799024,0.0,0.02188260929727648,0.4871938170571956,0.13124978074684512,1.495948500167065,2.8200000000000003,0.9908008304339572,1.0,0.5714285714285714,1.0,0.0,1.0,20260819
no_context_reinstatement,54,E-Ret,E-Ret,4,1,B,False,0.003078780521290403,0.13844534080979798,0.03415638532331,0.13844534080979798,0.1606590216578251,0.6511957514546172,0.03415638532331,0.03415638532331,0.10531888599336503,0.013833985922397485,0.06587281496264441,0.042156397110149776,0.13020350947747622,0.49172013521799024,0.0,0.021691761458164427,0.4871938170571956,0.13020350947747622,1.4893444262658868,2.8200000000000003,0.9904016064242844,1.0,0.5714285714285714,1.0,0.0,1.0,20260819
no_context_reinstatement,55,E-Ret,E-Ret,4,2,B,False,0.003078780521290403,0.13844534080979798,0.03415638532331,0.13844534080979798,0.1606590216578251,0.6511957514546172,0.03415638532331,0.03415638532331,0.10531888599336503,0.013833985922397485,0.06587281496264441,0.042156397110149776,0.13020350947747622,0.49172013521799024,0.0,0.021691761458164427,0.4871938170571956,0.13020350947747622,1.4893444262658868,2.8200000000000003,0.9904016064242844,1.0,0.5714285714285714,1.0,0.0,1.0,20260819
no_context_reinstatement,56,E-Ret,E-Ret,4,3,B,False,0.003078780521290403,0.13844534080979798,0.03415638532331,0.13844534080979798,0.1606590216578251,0.6511957514546172,0.03415638532331,0.03415638532331,0.10531888599336503,0.013833985922397485,0.06587281496264441,0.042156397110149776,0.13020350947747622,0.49172013521799024,0.0,0.021691761458164427,0.4871938170571956,0.13020350947747622,1.4893444262658868,2.8200000000000003,0.9904016064242844,1.0,0.5714285714285714,1.0,0.0,1.0,20260819
no_context_reinstatement,57,E-Ret,E-Ret,4,4,B,False,0.003078780521290403,0.13844534080979798,0.03415638532331,0.13844534080979798,0.1606590216578251,0.6511957514546172,0.03415638532331,0.03415638532331,0.10531888599336503,0.013833985922397485,0.06587281496264441,0.042156397110149776,0.13020350947747622,0.49172013521799024,0.0,0.021691761458164427,0.4871938170571956,0.13020350947747622,1.4893444262658868,2.8200000000000003,0.9904016064242844,1.0,0.5714285714285714,1.0,0.0,1.0,20260819
no_context_reinstatement,58,E-Ret,E-Ret,4,5,B,False,0.003078780521290403,0.13844534080979798,0.03415638532331,0.13844534080979798,0.1606590216578251,0.6511957514546172,0.03415638532331,0.03415638532331,0.10531888599336503,0.013833985922397485,0.06587281496264441,0.042156397110149776,0.13020350947747622,0.49172013521799024,0.0,0.021691761458164427,0.4871938170571956,0.13020350947747622,1.4893444262658868,2.8200000000000003,0.9904016064242844,1.0,0.5714285714285714,1.0,0.0,1.0,20260819
no_context_reinstatement,59,F-Ren,F-Ren,5,1,A,False,0.00904016491134374,0.0,0.10105195695167357,0.0,0.7164165541233534,0.0,0.0,0.10105195695167357,0.0,0.04020595413105754,0.0,0.11475911592045475,0.34218356070357037,0.39033817861529113,0.3842523215571083,0.0632619752571576,0.12490910631891254,0.34218356070357037,2.606352745965302,2.8200000000000003,0.9904016064242844,1.0,1.0,0.0,0.0,1.0,20260819
no_context_reinstatement,60,F-Ren,F-Ren,5,2,A,False,0.00904016491134374,0.0,0.10105195695167357,0.0,0.7164165541233534,0.0,0.0,0.10105195695167357,0.0,0.04020595413105754,0.0,0.11475911592045475,0.34218356070357037,0.39033817861529113,0.3842523215571083,0.0632619752571576,0.12490910631891254,0.34218356070357037,2.606352745965302,2.8200000000000003,0.9904016064242844,1.0,1.0,0.0,0.0,1.0,20260819
no_context_reinstatement,61,F-Ren,F-Ren,5,3,A,False,0.00904016491134374,0.0,0.10105195695167357,0.0,0.7164165541233534,0.0,0.0,0.10105195695167357,0.0,0.04020595413105754,0.0,0.11475911592045475,0.34218356070357037,0.39033817861529113,0.3842523215571083,0.0632619752571576,0.12490910631891254,0.34218356070357037,2.606352745965302,2.8200000000000003,0.9904016064242844,1.0,1.0,0.0,0.0,1.0,20260819
no_context_reinstatement,62,F-Ren,F-Ren,5,4,A,False,0.00904016491134374,0.0,0.10105195695167357,0.0,0.7164165541233534,0.0,0.0,0.10105195695167357,0.0,0.04020595413105754,0.0,0.11475911592045475,0.34218356070357037,0.39033817861529113,0.3842523215571083,0.0632619752571576,0.12490910631891254,0.34218356070357037,2.606352745965302,2.8200000000000003,0.9904016064242844,1.0,1.0,0.0,0.0,1.0,20260819
no_context_reinstatement,63,F-Ren,F-Ren,5,5,A,False,0.00904016491134374,0.0,0.10105195695167357,0.0,0.7164165541233534,0.0,0.0,0.10105195695167357,0.0,0.04020595413105754,0.0,0.11475911592045475,0.34218356070357037,0.39033817861529113,0.3842523215571083,0.0632619752571576,0.12490910631891254,0.34218356070357037,2.606352745965302,2.8200000000000003,0.9904016064242844,1.0,1.0,0.0,0.0,1.0,20260819
frozen_plasticity,0,Pre-Con,Pre-Con,0,1,A,False,0.0,0.0,0.0,0.0,0.0,0.0,0.0,0.0,0.0,0.0,0.0,0.0,0.00653119496947252,0.004036710768538954,0.3842523215571083,0.0,0.0,0.00653119496947252,,,0.0,0.0,,,0.0,0.0,20260819
frozen_plasticity,1,F-Con,F-Con,1,1,A,True,0.08328698219138453,0.0,0.7998359770879381,0.0,0.9523716522139278,0.0,0.0,0.7998359770879381,0.0,0.27872687616858605,0.0,0.7165859895183705,0.00653119496947252,0.004036710768538954,0.3842523215571083,0.4215770703060906,0.0,0.00653119496947252,0.28,0.22,0.0,0.0,1.0,0.0,0.0,0.0,20260819
frozen_plasticity,2,F-Con,F-Con,1,2,A,True,0.08328698219138453,0.0,0.7998359770879381,0.0,0.9523716522139278,0.0,0.0,0.7998359770879381,0.0,0.27872687616858605,0.0,0.7165859895183705,0.00653119496947252,0.004036710768538954,0.3842523215571083,0.4215770703060906,0.0,0.00653119496947252,0.28,0.22,0.0,0.0,1.0,0.0,0.0,0.0,20260819
frozen_plasticity,3,F-Con,F-Con,1,3,A,True,0.08328698219138453,0.0,0.7998359770879381,0.0,0.9523716522139278,0.0,0.0,0.7998359770879381,0.0,0.27872687616858605,0.0,0.7165859895183705,0.00653119496947252,0.004036710768538954,0.3842523215571083,0.4215770703060906,0.0,0.00653119496947252,0.28,0.22,0.0,0.0,1.0,0.0,0.0,0.0,20260819
frozen_plasticity,4,Ext1,E-Ext,2,1,B,True,0.0,0.0,0.0,0.0,0.0,0.0,0.0,0.0,0.0,0.0,0.0,0.0,0.00653119496947252,0.004036710768538954,0.0,0.0,0.48524435617492145,0.00653119496947252,0.28,0.22,0.0,0.0,1.0,1.0,0.0,0.0,20260819
frozen_plasticity,5,Ext1,E-Ext,2,2,B,True,0.0,0.0,0.0,0.0,0.0,0.0,0.0,0.0,0.0,0.0,0.0,0.0,0.00653119496947252,0.004036710768538954,0.0,0.0,0.48524435617492145,0.00653119496947252,0.28,0.22,0.0,0.0,1.0,1.0,0.0,0.0,20260819
frozen_plasticity,6,Ext1,E-Ext,2,3,B,True,0.0,0.0,0.0,0.0,0.0,0.0,0.0,0.0,0.0,0.0,0.0,0.0,0.00653119496947252,0.004036710768538954,0.0,0.0,0.48524435617492145,0.00653119496947252,0.28,0.22,0.0,0.0,1.0,1.0,0.0,0.0,20260819
frozen_plasticity,7,Ext1,E-Ext,2,4,B,True,0.0,0.0,0.0,0.0,0.0,0.0,0.0,0.0,0.0,0.0,0.0,0.0,0.00653119496947252,0.004036710768538954,0.0,0.0,0.48524435617492145,0.00653119496947252,0.28,0.22,0.0,0.0,1.0,1.0,0.0,0.0,20260819
frozen_plasticity,8,Ext1,E-Ext,2,5,B,True,0.0,0.0,0.0,0.0,0.0,0.0,0.0,0.0,0.0,0.0,0.0,0.0,0.00653119496947252,0.004036710768538954,0.0,0.0,0.48524435617492145,0.00653119496947252,0.28,0.22,0.0,0.0,1.0,1.0,0.0,0.0,20260819
frozen_plasticity,9,Ext1,Ext1,2,6,B,True,0.0,0.0,0.0,0.0,0.0,0.0,0.0,0.0,0.0,0.0,0.0,0.0,0.00653119496947252,0.004036710768538954,0.0,0.0,0.48524435617492145,0.00653119496947252,0.28,0.22,0.0,0.0,1.0,1.0,0.0,0.0,20260819
frozen_plasticity,10,Ext1,Ext1,2,7,B,True,0.0,0.0,0.0,0.0,0.0,0.0,0.0,0.0,0.0,0.0,0.0,0.0,0.00653119496947252,0.004036710768538954,0.0,0.0,0.48524435617492145,0.00653119496947252,0.28,0.22,0.0,0.0,1.0,1.0,0.0,0.0,20260819
frozen_plasticity,11,Ext1,Ext1,2,8,B,True,0.0,0.0,0.0,0.0,0.0,0.0,0.0,0.0,0.0,0.0,0.0,0.0,0.00653119496947252,0.004036710768538954,0.0,0.0,0.48524435617492145,0.00653119496947252,0.28,0.22,0.0,0.0,1.0,1.0,0.0,0.0,20260819
frozen_plasticity,12,Ext1,Ext1,2,9,B,True,0.0,0.0,0.0,0.0,0.0,0.0,0.0,0.0,0.0,0.0,0.0,0.0,0.00653119496947252,0.004036710768538954,0.0,0.0,0.48524435617492145,0.00653119496947252,0.28,0.22,0.0,0.0,1.0,1.0,0.0,0.0,20260819
frozen_plasticity,13,Ext1,Ext1,2,10,B,True,0.0,0.0,0.0,0.0,0.0,0.0,0.0,0.0,0.0,0.0,0.0,0.0,0.00653119496947252,0.004036710768538954,0.0,0.0,0.48524435617492145,0.00653119496947252,0.28,0.22,0.0,0.0,1.0,1.0,0.0,0.0,20260819
frozen_plasticity,14,Ext1,Ext1,2,11,B,True,0.0,0.0,0.0,0.0,0.0,0.0,0.0,0.0,0.0,0.0,0.0,0.0,0.00653119496947252,0.004036710768538954,0.0,0.0,0.48524435617492145,0.00653119496947252,0.28,0.22,0.0,0.0,1.0,1.0,0.0,0.0,20260819
frozen_plasticity,15,Ext1,Ext1,2,12,B,True,0.0,0.0,0.0,0.0,0.0,0.0,0.0,0.0,0.0,0.0,0.0,0.0,0.00653119496947252,0.004036710768538954,0.0,0.0,0.48524435617492145,0.00653119496947252,0.28,0.22,0.0,0.0,1.0,1.0,0.0,0.0,20260819
frozen_plasticity,16,Ext1,Ext1,2,13,B,True,0.0,0.0,0.0,0.0,0.0,0.0,0.0,0.0,0.0,0.0,0.0,0.0,0.00653119496947252,0.004036710768538954,0.0,0.0,0.48524435617492145,0.00653119496947252,0.28,0.22,0.0,0.0,1.0,1.0,0.0,0.0,20260819
frozen_plasticity,17,Ext1,Ext1,2,14,B,True,0.0,0.0,0.0,0.0,0.0,0.0,0.0,0.0,0.0,0.0,0.0,0.0,0.00653119496947252,0.004036710768538954,0.0,0.0,0.48524435617492145,0.00653119496947252,0.28,0.22,0.0,0.0,1.0,1.0,0.0,0.0,20260819
frozen_plasticity,18,Ext1,Ext1,2,15,B,True,0.0,0.0,0.0,0.0,0.0,0.0,0.0,0.0,0.0,0.0,0.0,0.0,0.00653119496947252,0.004036710768538954,0.0,0.0,0.48524435617492145,0.00653119496947252,0.28,0.22,0.0,0.0,1.0,1.0,0.0,0.0,20260819
frozen_plasticity,19,Ext1,Ext1,2,16,B,True,0.0,0.0,0.0,0.0,0.0,0.0,0.0,0.0,0.0,0.0,0.0,0.0,0.00653119496947252,0.004036710768538954,0.0,0.0,0.48524435617492145,0.00653119496947252,0.28,0.22,0.0,0.0,1.0,1.0,0.0,0.0,20260819
frozen_plasticity,20,Ext1,Ext1,2,17,B,True,0.0,0.0,0.0,0.0,0.0,0.0,0.0,0.0,0.0,0.0,0.0,0.0,0.00653119496947252,0.004036710768538954,0.0,0.0,0.48524435617492145,0.00653119496947252,0.28,0.22,0.0,0.0,1.0,1.0,0.0,0.0,20260819
frozen_plasticity,21,Ext1,Ext1,2,18,B,True,0.0,0.0,0.0,0.0,0.0,0.0,0.0,0.0,0.0,0.0,0.0,0.0,0.00653119496947252,0.004036710768538954,0.0,0.0,0.48524435617492145,0.00653119496947252,0.28,0.22,0.0,0.0,1.0,1.0,0.0,0.0,20260819
frozen_plasticity,22,Ext1,Ext1,2,19,B,True,0.0,0.0,0.0,0.0,0.0,0.0,0.0,0.0,0.0,0.0,0.0,0.0,0.00653119496947252,0.004036710768538954,0.0,0.0,0.48524435617492145,0.00653119496947252,0.28,0.22,0.0,0.0,1.0,1.0,0.0,0.0,20260819
frozen_plasticity,23,Ext1,Ext1,2,20,B,True,0.0,0.0,0.0,0.0,0.0,0.0,0.0,0.0,0.0,0.0,0.0,0.0,0.00653119496947252,0.004036710768538954,0.0,0.0,0.48524435617492145,0.00653119496947252,0.28,0.22,0.0,0.0,1.0,1.0,0.0,0.0,20260819
frozen_plasticity,24,Ext1,Ext1,2,21,B,True,0.0,0.0,0.0,0.0,0.0,0.0,0.0,0.0,0.0,0.0,0.0,0.0,0.00653119496947252,0.004036710768538954,0.0,0.0,0.48524435617492145,0.00653119496947252,0.28,0.22,0.0,0.0,1.0,1.0,0.0,0.0,20260819
frozen_plasticity,25,Ext1,Ext1,2,22,B,True,0.0,0.0,0.0,0.0,0.0,0.0,0.0,0.0,0.0,0.0,0.0,0.0,0.00653119496947252,0.004036710768538954,0.0,0.0,0.48524435617492145,0.00653119496947252,0.28,0.22,0.0,0.0,1.0,1.0,0.0,0.0,20260819
frozen_plasticity,26,Ext1,Ext1,2,23,B,True,0.0,0.0,0.0,0.0,0.0,0.0,0.0,0.0,0.0,0.0,0.0,0.0,0.00653119496947252,0.004036710768538954,0.0,0.0,0.48524435617492145,0.00653119496947252,0.28,0.22,0.0,0.0,1.0,1.0,0.0,0.0,20260819
frozen_plasticity,27,Ext1,Ext1,2,24,B,True,0.0,0.0,0.0,0.0,0.0,0.0,0.0,0.0,0.0,0.0,0.0,0.0,0.00653119496947252,0.004036710768538954,0.0,0.0,0.48524435617492145,0.00653119496947252,0.28,0.22,0.0,0.0,1.0,1.0,0.0,0.0,20260819
frozen_plasticity,28,Ext1,Ext1,2,25,B,True,0.0,0.0,0.0,0.0,0.0,0.0,0.0,0.0,0.0,0.0,0.0,0.0,0.00653119496947252,0.004036710768538954,0.0,0.0,0.48524435617492145,0.00653119496947252,0.28,0.22,0.0,0.0,1.0,1.0,0.0,0.0,20260819
frozen_plasticity,29,Ext2,Ext2,3,1,B,True,0.0,0.0,0.0,0.0,0.0,0.0,0.0,0.0,0.0,0.0,0.0,0.0,0.00653119496947252,0.004036710768538954,0.0,0.0,0.48524435617492145,0.00653119496947252,0.28,0.22,0.0,0.0,1.0,1.0,0.0,0.0,20260819
frozen_plasticity,30,Ext2,Ext2,3,2,B,True,0.0,0.0,0.0,0.0,0.0,0.0,0.0,0.0,0.0,0.0,0.0,0.0,0.00653119496947252,0.004036710768538954,0.0,0.0,0.48524435617492145,0.00653119496947252,0.28,0.22,0.0,0.0,1.0,1.0,0.0,0.0,20260819
frozen_plasticity,31,Ext2,Ext2,3,3,B,True,0.0,0.0,0.0,0.0,0.0,0.0,0.0,0.0,0.0,0.0,0.0,0.0,0.00653119496947252,0.004036710768538954,0.0,0.0,0.48524435617492145,0.00653119496947252,0.28,0.22,0.0,0.0,1.0,1.0,0.0,0.0,20260819
frozen_plasticity,32,Ext2,Ext2,3,4,B,True,0.0,0.0,0.0,0.0,0.0,0.0,0.0,0.0,0.0,0.0,0.0,0.0,0.00653119496947252,0.004036710768538954,0.0,0.0,0.48524435617492145,0.00653119496947252,0.28,0.22,0.0,0.0,1.0,1.0,0.0,0.0,20260819
frozen_plasticity,33,Ext2,Ext2,3,5,B,True,0.0,0.0,0.0,0.0,0.0,0.0,0.0,0.0,0.0,0.0,0.0,0.0,0.00653119496947252,0.004036710768538954,0.0,0.0,0.48524435617492145,0.00653119496947252,0.28,0.22,0.0,0.0,1.0,1.0,0.0,0.0,20260819
frozen_plasticity,34,Ext2,Ext2,3,6,B,True,0.0,0.0,0.0,0.0,0.0,0.0,0.0,0.0,0.0,0.0,0.0,0.0,0.00653119496947252,0.004036710768538954,0.0,0.0,0.48524435617492145,0.00653119496947252,0.28,0.22,0.0,0.0,1.0,1.0,0.0,0.0,20260819
frozen_plasticity,35,Ext2,Ext2,3,7,B,True,0.0,0.0,0.0,0.0,0.0,0.0,0.0,0.0,0.0,0.0,0.0,0.0,0.00653119496947252,0.004036710768538954,0.0,0.0,0.48524435617492145,0.00653119496947252,0.28,0.22,0.0,0.0,1.0,1.0,0.0,0.0,20260819
frozen_plasticity,36,Ext2,Ext2,3,8,B,True,0.0,0.0,0.0,0.0,0.0,0.0,0.0,0.0,0.0,0.0,0.0,0.0,0.00653119496947252,0.004036710768538954,0.0,0.0,0.48524435617492145,0.00653119496947252,0.28,0.22,0.0,0.0,1.0,1.0,0.0,0.0,20260819
frozen_plasticity,37,Ext2,Ext2,3,9,B,True,0.0,0.0,0.0,0.0,0.0,0.0,0.0,0.0,0.0,0.0,0.0,0.0,0.00653119496947252,0.004036710768538954,0.0,0.0,0.48524435617492145,0.00653119496947252,0.28,0.22,0.0,0.0,1.0,1.0,0.0,0.0,20260819
frozen_plasticity,38,Ext2,Ext2,3,10,B,True,0.0,0.0,0.0,0.0,0.0,0.0,0.0,0.0,0.0,0.0,0.0,0.0,0.00653119496947252,0.004036710768538954,0.0,0.0,0.48524435617492145,0.00653119496947252,0.28,0.22,0.0,0.0,1.0,1.0,0.0,0.0,20260819
frozen_plasticity,39,Ext2,Ext2,3,11,B,True,0.0,0.0,0.0,0.0,0.0,0.0,0.0,0.0,0.0,0.0,0.0,0.0,0.00653119496947252,0.004036710768538954,0.0,0.0,0.48524435617492145,0.00653119496947252,0.28,0.22,0.0,0.0,1.0,1.0,0.0,0.0,20260819
frozen_plasticity,40,Ext2,Ext2,3,12,B,True,0.0,0.0,0.0,0.0,0.0,0.0,0.0,0.0,0.0,0.0,0.0,0.0,0.00653119496947252,0.004036710768538954,0.0,0.0,0.48524435617492145,0.00653119496947252,0.28,0.22,0.0,0.0,1.0,1.0,0.0,0.0,20260819
frozen_plasticity,41,Ext2,Ext2,3,13,B,True,0.0,0.0,0.0,0.0,0.0,0.0,0.0,0.0,0.0,0.0,0.0,0.0,0.00653119496947252,0.004036710768538954,0.0,0.0,0.48524435617492145,0.00653119496947252,0.28,0.22,0.0,0.0,1.0,1.0,0.0,0.0,20260819
frozen_plasticity,42,Ext2,Ext2,3,14,B,True,0.0,0.0,0.0,0.0,0.0,0.0,0.0,0.0,0.0,0.0,0.0,0.0,0.00653119496947252,0.004036710768538954,0.0,0.0,0.48524435617492145,0.00653119496947252,0.28,0.22,0.0,0.0,1.0,1.0,0.0,0.0,20260819
frozen_plasticity,43,Ext2,Ext2,3,15,B,True,0.0,0.0,0.0,0.0,0.0,0.0,0.0,0.0,0.0,0.0,0.0,0.0,0.00653119496947252,0.004036710768538954,0.0,0.0,0.48524435617492145,0.00653119496947252,0.28,0.22,0.0,0.0,1.0,1.0,0.0,0.0,20260819
frozen_plasticity,44,Ext2,Ext2,3,16,B,True,0.0,0.0,0.0,0.0,0.0,0.0,0.0,0.0,0.0,0.0,0.0,0.0,0.00653119496947252,0.004036710768538954,0.0,0.0,0.48524435617492145,0.00653119496947252,0.28,0.22,0.0,0.0,1.0,1.0,0.0,0.0,20260819
frozen_plasticity,45,Ext2,Ext2,3,17,B,True,0.0,0.0,0.0,0.0,0.0,0.0,0.0,0.0,0.0,0.0,0.0,0.0,0.00653119496947252,0.004036710768538954,0.0,0.0,0.48524435617492145,0.00653119496947252,0.28,0.22,0.0,0.0,1.0,1.0,0.0,0.0,20260819
frozen_plasticity,46,Ext2,Ext2,3,18,B,True,0.0,0.0,0.0,0.0,0.0,0.0,0.0,0.0,0.0,0.0,0.0,0.0,0.00653119496947252,0.004036710768538954,0.0,0.0,0.48524435617492145,0.00653119496947252,0.28,0.22,0.0,0.0,1.0,1.0,0.0,0.0,20260819
frozen_plasticity,47,Ext2,Ext2,3,19,B,True,0.0,0.0,0.0,0.0,0.0,0.0,0.0,0.0,0.0,0.0,0.0,0.0,0.00653119496947252,0.004036710768538954,0.0,0.0,0.48524435617492145,0.00653119496947252,0.28,0.22,0.0,0.0,1.0,1.0,0.0,0.0,20260819
frozen_plasticity,48,Ext2,Ext2,3,20,B,True,0.0,0.0,0.0,0.0,0.0,0.0,0.0,0.0,0.0,0.0,0.0,0.0,0.00653119496947252,0.004036710768538954,0.0,0.0,0.48524435617492145,0.00653119496947252,0.28,0.22,0.0,0.0,1.0,1.0,0.0,0.0,20260819
frozen_plasticity,49,Ext2,L-Ext,3,21,B,True,0.0,0.0,0.0,0.0,0.0,0.0,0.0,0.0,0.0,0.0,0.0,0.0,0.00653119496947252,0.004036710768538954,0.0,0.0,0.48524435617492145,0.00653119496947252,0.28,0.22,0.0,0.0,1.0,1.0,0.0,0.0,20260819
frozen_plasticity,50,Ext2,L-Ext,3,22,B,True,0.0,0.0,0.0,0.0,0.0,0.0,0.0,0.0,0.0,0.0,0.0,0.0,0.00653119496947252,0.004036710768538954,0.0,0.0,0.48524435617492145,0.00653119496947252,0.28,0.22,0.0,0.0,1.0,1.0,0.0,0.0,20260819
frozen_plasticity,51,Ext2,L-Ext,3,23,B,True,0.0,0.0,0.0,0.0,0.0,0.0,0.0,0.0,0.0,0.0,0.0,0.0,0.00653119496947252,0.004036710768538954,0.0,0.0,0.48524435617492145,0.00653119496947252,0.28,0.22,0.0,0.0,1.0,1.0,0.0,0.0,20260819
frozen_plasticity,52,Ext2,L-Ext,3,24,B,True,0.0,0.0,0.0,0.0,0.0,0.0,0.0,0.0,0.0,0.0,0.0,0.0,0.00653119496947252,0.004036710768538954,0.0,0.0,0.48524435617492145,0.00653119496947252,0.28,0.22,0.0,0.0,1.0,1.0,0.0,0.0,20260819
frozen_plasticity,53,Ext2,L-Ext,3,25,B,True,0.0,0.0,0.0,0.0,0.0,0.0,0.0,0.0,0.0,0.0,0.0,0.0,0.00653119496947252,0.004036710768538954,0.0,0.0,0.48524435617492145,0.00653119496947252,0.28,0.22,0.0,0.0,1.0,1.0,0.0,0.0,20260819
frozen_plasticity,54,E-Ret,E-Ret,4,1,B,False,0.0,0.0,0.0,0.0,0.0,0.0,0.0,0.0,0.0,0.0,0.0,0.0,0.00653119496947252,0.004036710768538954,0.0,0.0,0.48524435617492145,0.00653119496947252,0.28,0.22,0.0,0.0,1.0,1.0,0.0,0.0,20260819
frozen_plasticity,55,E-Ret,E-Ret,4,2,B,False,0.0,0.0,0.0,0.0,0.0,0.0,0.0,0.0,0.0,0.0,0.0,0.0,0.00653119496947252,0.004036710768538954,0.0,0.0,0.48524435617492145,0.00653119496947252,0.28,0.22,0.0,0.0,1.0,1.0,0.0,0.0,20260819
frozen_plasticity,56,E-Ret,E-Ret,4,3,B,False,0.0,0.0,0.0,0.0,0.0,0.0,0.0,0.0,0.0,0.0,0.0,0.0,0.00653119496947252,0.004036710768538954,0.0,0.0,0.48524435617492145,0.00653119496947252,0.28,0.22,0.0,0.0,1.0,1.0,0.0,0.0,20260819
frozen_plasticity,57,E-Ret,E-Ret,4,4,B,False,0.0,0.0,0.0,0.0,0.0,0.0,0.0,0.0,0.0,0.0,0.0,0.0,0.00653119496947252,0.004036710768538954,0.0,0.0,0.48524435617492145,0.00653119496947252,0.28,0.22,0.0,0.0,1.0,1.0,0.0,0.0,20260819
frozen_plasticity,58,E-Ret,E-Ret,4,5,B,False,0.0,0.0,0.0,0.0,0.0,0.0,0.0,0.0,0.0,0.0,0.0,0.0,0.00653119496947252,0.004036710768538954,0.0,0.0,0.48524435617492145,0.00653119496947252,0.28,0.22,0.0,0.0,1.0,1.0,0.0,0.0,20260819
frozen_plasticity,59,F-Ren,F-Ren,5,1,A,False,0.0,0.0,0.0,0.0,0.0,0.0,0.0,0.0,0.0,0.0,0.0,0.0,0.00653119496947252,0.004036710768538954,0.3842523215571083,0.0,0.0,0.00653119496947252,0.28,0.22,0.0,0.0,1.0,0.0,0.0,0.0,20260819
frozen_plasticity,60,F-Ren,F-Ren,5,2,A,False,0.0,0.0,0.0,0.0,0.0,0.0,0.0,0.0,0.0,0.0,0.0,0.0,0.00653119496947252,0.004036710768538954,0.3842523215571083,0.0,0.0,0.00653119496947252,0.28,0.22,0.0,0.0,1.0,0.0,0.0,0.0,20260819
frozen_plasticity,61,F-Ren,F-Ren,5,3,A,False,0.0,0.0,0.0,0.0,0.0,0.0,0.0,0.0,0.0,0.0,0.0,0.0,0.00653119496947252,0.004036710768538954,0.3842523215571083,0.0,0.0,0.00653119496947252,0.28,0.22,0.0,0.0,1.0,0.0,0.0,0.0,20260819
frozen_plasticity,62,F-Ren,F-Ren,5,4,A,False,0.0,0.0,0.0,0.0,0.0,0.0,0.0,0.0,0.0,0.0,0.0,0.0,0.00653119496947252,0.004036710768538954,0.3842523215571083,0.0,0.0,0.00653119496947252,0.28,0.22,0.0,0.0,1.0,0.0,0.0,0.0,20260819
frozen_plasticity,63,F-Ren,F-Ren,5,5,A,False,0.0,0.0,0.0,0.0,0.0,0.0,0.0,0.0,0.0,0.0,0.0,0.0,0.00653119496947252,0.004036710768538954,0.3842523215571083,0.0,0.0,0.00653119496947252,0.28,0.22,0.0,0.0,1.0,0.0,0.0,0.0,20260819
no_tripartite,0,Pre-Con,Pre-Con,0,1,A,False,0.0,0.0,0.0,0.0,0.0,0.0,0.0,0.0,0.0,0.0,0.0,0.0,0.00653119496947252,0.004036710768538954,0.3842523215571083,0.0,0.0,0.00653119496947252,,,0.0,0.0,,,0.0,0.0,20260819
no_tripartite,1,F-Con,F-Con,1,1,A,True,0.08328698219138453,0.0,0.7998359770879381,0.0,0.9523716522139278,0.0,0.0,0.7998359770879381,0.0,0.27872687616858605,0.0,0.7165859895183705,0.00653119496947252,0.004036710768538954,0.3842523215571083,0.4215770703060906,0.0,0.00653119496947252,0.28,0.22,0.0,0.0,1.0,0.0,0.0,0.0,20260819
no_tripartite,2,F-Con,F-Con,1,2,A,True,0.08328698219138453,0.0,0.7998359770879381,0.0,0.9523716522139278,0.0,0.0,0.7998359770879381,0.0,0.27872687616858605,0.0,0.5809773719640225,0.20091824478858633,0.004036710768538954,0.38339246276680483,0.4215770703060906,0.0,0.20091824478858633,0.3196005221444273,0.22,0.0,0.0,1.1414304362300973,0.0,0.0,0.0,20260819
no_tripartite,3,F-Con,F-Con,1,3,A,True,0.08328698219138453,0.0,0.7998359770879381,0.0,0.9523716522139278,0.0,0.0,0.7998359770879381,0.0,0.27872687616858605,0.0,0.5743304500324237,0.21875400386090688,0.004036710768538954,0.3794442919795385,0.4215770703060906,0.0,0.21875400386090688,0.37800000000000006,0.22,0.0,0.0,1.35,0.0,0.0,0.0,20260819
no_tripartite,4,Ext1,E-Ext,2,1,B,True,0.0,0.0,0.0,0.0,0.0,0.0,0.0,0.0,0.0,0.0,0.0,0.0015828149709894226,0.0048155984015039776,0.004036710768538954,0.000135961607765816,0.0,0.48524435617492145,0.0048155984015039776,0.28,0.22,0.0,0.0,1.0,1.0,0.0,0.0,20260819
no_tripartite,5,Ext1,E-Ext,2,2,B,True,0.0,0.0,0.0,0.0,0.0,0.0,0.0,0.0,0.0,0.0,0.0,0.0015828149709894226,0.0048155984015039776,0.004036710768538954,0.000135961607765816,0.0,0.48524435617492145,0.0048155984015039776,0.28,0.22,0.0,0.0,1.0,1.0,0.0,0.0,20260819
no_tripartite,6,Ext1,E-Ext,2,3,B,True,0.0,0.0,0.0,0.0,0.0,0.0,0.0,0.0,0.0,0.0,0.0,0.0015828149709894226,0.0048155984015039776,0.011056016955004211,0.000135961607765816,0.0,0.4792927906814628,0.0048155984015039776,0.28,0.22,0.0,0.0,1.0,1.0,0.0,0.0,20260819
no_tripartite,7,Ext1,E-Ext,2,4,B,True,0.0,0.0,0.0,0.0,0.0,0.0,0.0,0.0,0.0,0.0,0.0,0.0015828149709894226,0.0048155984015039776,0.03138608000674985,0.000135961607765816,0.0,0.4621186090596081,0.0048155984015039776,0.28,0.22,0.0,0.0,1.0,1.0,0.0,0.0,20260819
no_tripartite,8,Ext1,E-Ext,2,5,B,True,0.0,0.0,0.0,0.0,0.0,0.0,0.0,0.0,0.0,0.0,0.0,0.0015828149709894226,0.0048155984015039776,0.07133577941293712,0.000135961607765816,0.0,0.42868294477964497,0.0048155984015039776,0.28,0.22,0.0,0.0,1.0,1.0,0.0,0.0,20260819
no_tripartite,9,Ext1,Ext1,2,6,B,True,0.0,0.0,0.0,0.0,0.0,0.0,0.0,0.0,0.0,0.0,0.0,0.0015828149709894226,0.0048155984015039776,0.1254805532512948,0.000135961607765816,0.0,0.3842177004149573,0.0048155984015039776,0.28,0.22,0.0,0.0,1.0,1.0,0.0,0.0,20260819
no_tripartite,10,Ext1,Ext1,2,7,B,True,0.0,0.0,0.0,0.0,0.0,0.0,0.0,0.0,0.0,0.0,0.0,0.0015828149709894226,0.0048155984015039776,0.1254805532512948,0.000135961607765816,0.0,0.3842177004149573,0.0048155984015039776,0.28,0.22,0.0,0.0,1.0,1.0,0.0,0.0,20260819
no_tripartite,11,Ext1,Ext1,2,8,B,True,0.0,0.0,0.0,0.0,0.0,0.0,0.0,0.0,0.0,0.0,0.0,0.0015828149709894226,0.0048155984015039776,0.1254805532512948,0.000135961607765816,0.0,0.3842177004149573,0.0048155984015039776,0.28,0.22,0.0,0.0,1.0,1.0,0.0,0.0,20260819
no_tripartite,12,Ext1,Ext1,2,9,B,True,0.0,0.0,0.0,0.0,0.0,0.0,0.0,0.0,0.0,0.0,0.0,0.0015828149709894226,0.0048155984015039776,0.1254805532512948,0.000135961607765816,0.0,0.3842177004149573,0.0048155984015039776,0.28,0.22,0.0,0.0,1.0,1.0,0.0,0.0,20260819
no_tripartite,13,Ext1,Ext1,2,10,B,True,0.0,0.0,0.0,0.0,0.0,0.0,0.0,0.0,0.0,0.0,0.0,0.0015828149709894226,0.0048155984015039776,0.1254805532512948,0.000135961607765816,0.0,0.3842177004149573,0.0048155984015039776,0.28,0.22,0.0,0.0,1.0,1.0,0.0,0.0,20260819
no_tripartite,14,Ext1,Ext1,2,11,B,True,0.0,0.0,0.0,0.0,0.0,0.0,0.0,0.0,0.0,0.0,0.0,0.0015828149709894226,0.0048155984015039776,0.1254805532512948,0.000135961607765816,0.0,0.3842177004149573,0.0048155984015039776,0.28,0.22,0.0,0.0,1.0,1.0,0.0,0.0,20260819
no_tripartite,15,Ext1,Ext1,2,12,B,True,0.0,0.0,0.0,0.0,0.0,0.0,0.0,0.0,0.0,0.0,0.0,0.0015828149709894226,0.0048155984015039776,0.1254805532512948,0.000135961607765816,0.0,0.3842177004149573,0.0048155984015039776,0.28,0.22,0.0,0.0,1.0,1.0,0.0,0.0,20260819
no_tripartite,16,Ext1,Ext1,2,13,B,True,0.0,0.0,0.0,0.0,0.0,0.0,0.0,0.0,0.0,0.0,0.0,0.0015828149709894226,0.0048155984015039776,0.1254805532512948,0.000135961607765816,0.0,0.3842177004149573,0.0048155984015039776,0.28,0.22,0.0,0.0,1.0,1.0,0.0,0.0,20260819
no_tripartite,17,Ext1,Ext1,2,14,B,True,0.0,0.0,0.0,0.0,0.0,0.0,0.0,0.0,0.0,0.0,0.0,0.0015828149709894226,0.0048155984015039776,0.1254805532512948,0.000135961607765816,0.0,0.3842177004149573,0.0048155984015039776,0.28,0.22,0.0,0.0,1.0,1.0,0.0,0.0,20260819
no_tripartite,18,Ext1,Ext1,2,15,B,True,0.0,0.0,0.0,0.0,0.0,0.0,0.0,0.0,0.0,0.0,0.0,0.0015828149709894226,0.0048155984015039776,0.1254805532512948,0.000135961607765816,0.0,0.3842177004149573,0.0048155984015039776,0.28,0.22,0.0,0.0,1.0,1.0,0.0,0.0,20260819
no_tripartite,19,Ext1,Ext1,2,16,B,True,0.0,0.0,0.0,0.0,0.0,0.0,0.0,0.0,0.0,0.0,0.0,0.0015828149709894226,0.0048155984015039776,0.1254805532512948,0.000135961607765816,0.0,0.3842177004149573,0.0048155984015039776,0.28,0.22,0.0,0.0,1.0,1.0,0.0,0.0,20260819
no_tripartite,20,Ext1,Ext1,2,17,B,True,0.0,0.0,0.0,0.0,0.0,0.0,0.0,0.0,0.0,0.0,0.0,0.0015828149709894226,0.0048155984015039776,0.1254805532512948,0.000135961607765816,0.0,0.3842177004149573,0.0048155984015039776,0.28,0.22,0.0,0.0,1.0,1.0,0.0,0.0,20260819
no_tripartite,21,Ext1,Ext1,2,18,B,True,0.0,0.0,0.0,0.0,0.0,0.0,0.0,0.0,0.0,0.0,0.0,0.0015828149709894226,0.0048155984015039776,0.1254805532512948,0.000135961607765816,0.0,0.3842177004149573,0.0048155984015039776,0.28,0.22,0.0,0.0,1.0,1.0,0.0,0.0,20260819
no_tripartite,22,Ext1,Ext1,2,19,B,True,0.0,0.0,0.0,0.0,0.0,0.0,0.0,0.0,0.0,0.0,0.0,0.0015828149709894226,0.0048155984015039776,0.1254805532512948,0.000135961607765816,0.0,0.3842177004149573,0.0048155984015039776,0.28,0.22,0.0,0.0,1.0,1.0,0.0,0.0,20260819
no_tripartite,23,Ext1,Ext1,2,20,B,True,0.0,0.0,0.0,0.0,0.0,0.0,0.0,0.0,0.0,0.0,0.0,0.0015828149709894226,0.0048155984015039776,0.1254805532512948,0.000135961607765816,0.0,0.3842177004149573,0.0048155984015039776,0.28,0.22,0.0,0.0,1.0,1.0,0.0,0.0,20260819
no_tripartite,24,Ext1,Ext1,2,21,B,True,0.0,0.0,0.0,0.0,0.0,0.0,0.0,0.0,0.0,0.0,0.0,0.0015828149709894226,0.0048155984015039776,0.1254805532512948,0.000135961607765816,0.0,0.3842177004149573,0.0048155984015039776,0.28,0.22,0.0,0.0,1.0,1.0,0.0,0.0,20260819
no_tripartite,25,Ext1,Ext1,2,22,B,True,0.0,0.0,0.0,0.0,0.0,0.0,0.0,0.0,0.0,0.0,0.0,0.0015828149709894226,0.0048155984015039776,0.1254805532512948,0.000135961607765816,0.0,0.3842177004149573,0.0048155984015039776,0.28,0.22,0.0,0.0,1.0,1.0,0.0,0.0,20260819
no_tripartite,26,Ext1,Ext1,2,23,B,True,0.0,0.0,0.0,0.0,0.0,0.0,0.0,0.0,0.0,0.0,0.0,0.0015828149709894226,0.0048155984015039776,0.1254805532512948,0.000135961607765816,0.0,0.3842177004149573,0.0048155984015039776,0.28,0.22,0.0,0.0,1.0,1.0,0.0,0.0,20260819
no_tripartite,27,Ext1,Ext1,2,24,B,True,0.0,0.0,0.0,0.0,0.0,0.0,0.0,0.0,0.0,0.0,0.0,0.0015826462647004446,0.004815780847727482,0.1254805532512948,0.00013594747597163318,0.0,0.3842177004149573,0.004815780847727482,0.28,0.22,0.0,0.0,1.0,1.0,0.0,0.0,20260819
no_tripartite,28,Ext1,Ext1,2,25,B,True,0.0,0.0,0.0,0.0,0.0,0.0,0.0,0.0,0.0,0.0,0.0,0.001582340567127766,0.004816111440778771,0.1254805532512948,0.00013592187048208464,0.0,0.3842177004149573,0.004816111440778771,0.28,0.22,0.0,0.0,1.0,1.0,0.0,0.0,20260819
no_tripartite,29,Ext2,Ext2,3,1,B,True,0.0,0.0,0.0,0.0,0.0,0.0,0.0,0.0,0.0,0.0,0.0,0.00158192525074463,0.004816560576860911,0.1254805532512948,0.00013588708626272858,0.0,0.3842177004149573,0.004816560576860911,0.28,0.22,0.0,0.0,1.0,1.0,0.0,0.0,20260819
no_tripartite,30,Ext2,Ext2,3,2,B,True,0.0,0.0,0.0,0.0,0.0,0.0,0.0,0.0,0.0,0.0,0.0,0.0015814222080771836,0.004817104578342064,0.1254805532512948,0.00013584495933408375,0.0,0.3842177004149573,0.004817104578342064,0.28,0.22,0.0,0.0,1.0,1.0,0.0,0.0,20260819
no_tripartite,31,Ext2,Ext2,3,3,B,True,0.0,0.0,0.0,0.0,0.0,0.0,0.0,0.0,0.0,0.0,0.0,0.001580848950344692,0.004817724505892513,0.1254805532512948,0.0001357969585401305,0.0,0.3842177004149573,0.004817724505892513,0.28,0.22,0.0,0.0,1.0,1.0,0.0,0.0,20260819
no_tripartite,32,Ext2,Ext2,3,4,B,True,0.0,0.0,0.0,0.0,0.0,0.0,0.0,0.0,0.0,0.0,0.0,0.0015802194852857024,0.0048184052092738626,0.1254805532512948,0.00013574425896853664,0.0,0.3842177004149573,0.0048184052092738626,0.28,0.22,0.0,0.0,1.0,1.0,0.0,0.0,20260819
no_tripartite,33,Ext2,Ext2,3,5,B,True,0.0,0.0,0.0,0.0,0.0,0.0,0.0,0.0,0.0,0.0,0.0,0.001579545018747951,0.00481913456863227,0.1254805532512948,0.00013568780069533632,0.0,0.3842177004149573,0.00481913456863227,0.28,0.22,0.0,0.0,1.0,1.0,0.0,0.0,20260819
no_tripartite,34,Ext2,Ext2,3,6,B,True,0.0,0.0,0.0,0.0,0.0,0.0,0.0,0.0,0.0,0.0,0.0,0.0015788345155533156,0.004819902887939973,0.1254805532512948,0.0001356283357827269,0.0,0.3842177004149573,0.004819902887939973,0.28,0.22,0.0,0.0,1.0,1.0,0.0,0.0,20260819
no_tripartite,35,Ext2,Ext2,3,7,B,True,0.0,0.0,0.0,0.0,0.0,0.0,0.0,0.0,0.0,0.0,0.0,0.0015780951479458338,0.004820702409989707,0.1254805532512948,0.00013556646587936834,0.0,0.3842177004149573,0.004820702409989707,0.28,0.22,0.0,0.0,1.0,1.0,0.0,0.0,20260819
no_tripartite,36,Ext2,Ext2,3,8,B,True,0.0,0.0,0.0,0.0,0.0,0.0,0.0,0.0,0.0,0.0,0.0,0.0015773326542069246,0.004821526928530547,0.1254805532512948,0.00013550267230297736,0.0,0.3842177004149573,0.004821526928530547,0.28,0.22,0.0,0.0,1.0,1.0,0.0,0.0,20260819
no_tripartite,37,Ext2,Ext2,3,9,B,True,0.0,0.0,0.0,0.0,0.0,0.0,0.0,0.0,0.0,0.0,0.0,0.0015765516254681515,0.004822371478057019,0.1254805532512948,0.00013543734010503517,0.0,0.3842177004149573,0.004822371478057019,0.28,0.22,0.0,0.0,1.0,1.0,0.0,0.0,20260819
no_tripartite,38,Ext2,Ext2,3,10,B,True,0.0,0.0,0.0,0.0,0.0,0.0,0.0,0.0,0.0,0.0,0.0,0.0015757557351199004,0.004823232085682459,0.1254805532512948,0.00013537077732553985,0.0,0.3842177004149573,0.004823232085682459,0.28,0.22,0.0,0.0,1.0,1.0,0.0,0.0,20260819
no_tripartite,39,Ext2,Ext2,3,11,B,True,0.0,0.0,0.0,0.0,0.0,0.0,0.0,0.0,0.0,0.0,0.0,0.0015749479223158194,0.004824105572656538,0.1254805532512948,0.00013530323039426188,0.0,0.3842177004149573,0.004824105572656538,0.28,0.22,0.0,0.0,1.0,1.0,0.0,0.0,20260819
no_tripartite,40,Ext2,Ext2,3,12,B,True,0.0,0.0,0.0,0.0,0.0,0.0,0.0,0.0,0.0,0.0,0.0,0.00157413053877245,0.004824989395587776,0.1254805532512948,0.0001352348964544324,0.0,0.3842177004149573,0.004824989395587776,0.28,0.22,0.0,0.0,1.0,1.0,0.0,0.0,20260819
no_tripartite,41,Ext2,Ext2,3,13,B,True,0.0,0.0,0.0,0.0,0.0,0.0,0.0,0.0,0.0,0.0,0.0,0.0015733054662061075,0.004825881519419581,0.1254805532512948,0.00013516593321927814,0.0,0.3842177004149573,0.004825881519419581,0.28,0.22,0.0,0.0,1.0,1.0,0.0,0.0,20260819
no_tripartite,42,Ext2,Ext2,3,14,B,True,0.0,0.0,0.0,0.0,0.0,0.0,0.0,0.0,0.0,0.0,0.0,0.0015724742102872908,0.004826780315810145,0.1254805532512948,0.0001350964668593042,0.0,0.3842177004149573,0.004826780315810145,0.28,0.22,0.0,0.0,1.0,1.0,0.0,0.0,20260819
no_tripartite,43,Ext2,Ext2,3,15,B,True,0.0,0.0,0.0,0.0,0.0,0.0,0.0,0.0,0.0,0.0,0.0,0.0015716379758096584,0.004827684481829334,0.1254805532512948,0.00013502659831063647,0.0,0.3842177004149573,0.004827684481829334,0.28,0.22,0.0,0.0,1.0,1.0,0.0,0.0,20260819
no_tripartite,44,Ext2,Ext2,3,16,B,True,0.0,0.0,0.0,0.0,0.0,0.0,0.0,0.0,0.0,0.0,0.0,0.001570797726829535,0.0048285929749109,0.1254805532512948,0.00013495640832263028,0.0,0.3842177004149573,0.0048285929749109,0.28,0.22,0.0,0.0,1.0,1.0,0.0,0.0,20260819
no_tripartite,45,Ext2,Ext2,3,17,B,True,0.0,0.0,0.0,0.0,0.0,0.0,0.0,0.0,0.0,0.0,0.0,0.0015699542347841213,0.004829504960809555,0.1254805532512948,0.00013488596149505052,0.0,0.3842177004149573,0.004829504960809555,0.28,0.22,0.0,0.0,1.0,1.0,0.0,0.0,20260819
no_tripartite,46,Ext2,Ext2,3,18,B,True,0.0,0.0,0.0,0.0,0.0,0.0,0.0,0.0,0.0,0.0,0.0,0.0015691081169903567,0.0048304197719611424,0.1254805532512948,0.00013481530950808115,0.0,0.3842177004149573,0.0048304197719611424,0.28,0.22,0.0,0.0,1.0,1.0,0.0,0.0,20260819
no_tripartite,47,Ext2,Ext2,3,19,B,True,0.0,0.0,0.0,0.0,0.0,0.0,0.0,0.0,0.0,0.0,0.0,0.0015682598674485663,0.00483133687416685,0.1254805532512948,0.00013474449370728817,0.0,0.3842177004149573,0.00483133687416685,0.28,0.22,0.0,0.0,1.0,1.0,0.0,0.0,20260819
no_tripartite,48,Ext2,Ext2,3,20,B,True,0.0,0.0,0.0,0.0,0.0,0.0,0.0,0.0,0.0,0.0,0.0,0.0015674098814891417,0.004832255839936721,0.1254805532512948,0.0001346735471696168,0.0,0.3842177004149573,0.004832255839936721,0.28,0.22,0.0,0.0,1.0,1.0,0.0,0.0,20260819
no_tripartite,49,Ext2,L-Ext,3,21,B,True,0.0,0.0,0.0,0.0,0.0,0.0,0.0,0.0,0.0,0.0,0.0,0.001566558475492762,0.004833176327161669,0.1254805532512948,0.0001346024963582185,0.0,0.3842177004149573,0.004833176327161669,0.28,0.22,0.0,0.0,1.0,1.0,0.0,0.0,20260819
no_tripartite,50,Ext2,L-Ext,3,22,B,True,0.0,0.0,0.0,0.0,0.0,0.0,0.0,0.0,0.0,0.0,0.0,0.001565705902669049,0.004834098062047411,0.1254805532512948,0.00013453136244417403,0.0,0.3842177004149573,0.004834098062047411,0.28,0.22,0.0,0.0,1.0,1.0,0.0,0.0,20260819
no_tripartite,51,Ext2,L-Ext,3,23,B,True,0.0,0.0,0.0,0.0,0.0,0.0,0.0,0.0,0.0,0.0,0.0,0.0015648523656825214,0.0048350208254615305,0.1254805532512948,0.00013446016236600544,0.0,0.3842177004149573,0.0048350208254615305,0.28,0.22,0.0,0.0,1.0,1.0,0.0,0.0,20260819
no_tripartite,52,Ext2,L-Ext,3,24,B,True,0.0,0.0,0.0,0.0,0.0,0.0,0.0,0.0,0.0,0.0,0.0,0.0015639980267534142,0.0048359444420072615,0.1254805532512948,0.00013438890967616774,0.0,0.3842177004149573,0.0048359444420072615,0.28,0.22,0.0,0.0,1.0,1.0,0.0,0.0,20260819
no_tripartite,53,Ext2,L-Ext,3,25,B,True,0.0,0.0,0.0,0.0,0.0,0.0,0.0,0.0,0.0,0.0,0.0,0.0015631430157418253,0.004836868771282932,0.1254805532512948,0.0001343176152172093,0.0,0.3842177004149573,0.004836868771282932,0.28,0.22,0.0,0.0,1.0,1.0,0.0,0.0,20260819
no_tripartite,54,E-Ret,E-Ret,4,1,B,False,0.0,0.0,0.0,0.0,0.0,0.0,0.0,0.0,0.0,0.0,0.0,0.0015622874366141336,0.0048377937008868555,0.1254805532512948,0.00013424628766547543,0.0,0.3842177004149573,0.0048377937008868555,0.28,0.22,0.0,0.0,1.0,1.0,0.0,0.0,20260819
no_tripartite,55,E-Ret,E-Ret,4,2,B,False,0.0,0.0,0.0,0.0,0.0,0.0,0.0,0.0,0.0,0.0,0.0,0.0015622874366141336,0.0048377937008868555,0.1254805532512948,0.00013424628766547543,0.0,0.3842177004149573,0.0048377937008868555,0.28,0.22,0.0,0.0,1.0,1.0,0.0,0.0,20260819
no_tripartite,56,E-Ret,E-Ret,4,3,B,False,0.0,0.0,0.0,0.0,0.0,0.0,0.0,0.0,0.0,0.0,0.0,0.0015622874366141336,0.0048377937008868555,0.1254805532512948,0.00013424628766547543,0.0,0.3842177004149573,0.0048377937008868555,0.28,0.22,0.0,0.0,1.0,1.0,0.0,0.0,20260819
no_tripartite,57,E-Ret,E-Ret,4,4,B,False,0.0,0.0,0.0,0.0,0.0,0.0,0.0,0.0,0.0,0.0,0.0,0.0015622874366141336,0.0048377937008868555,0.1254805532512948,0.00013424628766547543,0.0,0.3842177004149573,0.0048377937008868555,0.28,0.22,0.0,0.0,1.0,1.0,0.0,0.0,20260819
no_tripartite,58,E-Ret,E-Ret,4,5,B,False,0.0,0.0,0.0,0.0,0.0,0.0,0.0,0.0,0.0,0.0,0.0,0.0015622874366141336,0.0048377937008868555,0.1254805532512948,0.00013424628766547543,0.0,0.3842177004149573,0.0048377937008868555,0.28,0.22,0.0,0.0,1.0,1.0,0.0,0.0,20260819
no_tripartite,59,F-Ren,F-Ren,5,1,A,False,0.0,0.0,0.0,0.0,0.0,0.0,0.0,0.0,0.0,0.0,0.0,0.004045556386043423,0.01805942181979383,0.003104369761767212,0.375132066560834,0.0,0.0009333987317583388,0.01805942181979383,0.37717693775088246,0.22,0.0,0.0,1.3470604919674372,0.0,0.0,0.0,20260819
no_tripartite,60,F-Ren,F-Ren,5,2,A,False,0.0,0.0,0.0,0.0,0.0,0.0,0.0,0.0,0.0,0.0,0.0,0.004045556386043423,0.01805942181979383,0.003104369761767212,0.375132066560834,0.0,0.0009333987317583388,0.01805942181979383,0.37717693775088246,0.22,0.0,0.0,1.3470604919674372,0.0,0.0,0.0,20260819
no_tripartite,61,F-Ren,F-Ren,5,3,A,False,0.0,0.0,0.0,0.0,0.0,0.0,0.0,0.0,0.0,0.0,0.0,0.004045556386043423,0.01805942181979383,0.003104369761767212,0.375132066560834,0.0,0.0009333987317583388,0.01805942181979383,0.37717693775088246,0.22,0.0,0.0,1.3470604919674372,0.0,0.0,0.0,20260819
no_tripartite,62,F-Ren,F-Ren,5,4,A,False,0.0,0.0,0.0,0.0,0.0,0.0,0.0,0.0,0.0,0.0,0.0,0.004045556386043423,0.01805942181979383,0.003104369761767212,0.375132066560834,0.0,0.0009333987317583388,0.01805942181979383,0.37717693775088246,0.22,0.0,0.0,1.3470604919674372,0.0,0.0,0.0,20260819
no_tripartite,63,F-Ren,F-Ren,5,5,A,False,0.0,0.0,0.0,0.0,0.0,0.0,0.0,0.0,0.0,0.0,0.0,0.004045556386043423,0.01805942181979383,0.003104369761767212,0.375132066560834,0.0,0.0009333987317583388,0.01805942181979383,0.37717693775088246,0.22,0.0,0.0,1.3470604919674372,0.0,0.0,0.0,20260819
no_glia_glia,0,Pre-Con,Pre-Con,0,1,A,False,0.0,0.0,0.0,0.0,0.0,0.0,0.0,0.0,0.0,0.0,0.0,0.0,0.00653119496947252,0.004036710768538954,0.3842523215571083,0.0,0.0,0.00653119496947252,,,0.0,0.0,,,0.0,0.0,20260819
no_glia_glia,1,F-Con,F-Con,1,1,A,True,0.08328698219138453,0.0,0.7998359770879381,0.0,0.9523716522139278,0.0,0.0,0.7998359770879381,0.0,0.27872687616858605,0.0,0.7165859895183705,0.00653119496947252,0.004036710768538954,0.3842523215571083,0.4215770703060906,0.0,0.00653119496947252,0.28,0.22,0.0,0.0,1.0,0.0,0.0,0.0,20260819
no_glia_glia,2,F-Con,F-Con,1,2,A,True,0.08328698219138453,0.0,0.7998359770879381,0.0,0.9523716522139278,0.0,0.0,0.7998359770879381,0.0,0.27872687616858605,0.0,0.7165859895183705,0.00653119496947252,0.004036710768538954,0.3842523215571083,0.4215770703060906,0.0,0.00653119496947252,0.28,0.22,0.0,0.0,1.0,0.0,0.0,0.0,20260819
no_glia_glia,3,F-Con,F-Con,1,3,A,True,0.08328698219138453,0.0,0.7998359770879381,0.0,0.9523716522139278,0.0,0.0,0.7998359770879381,0.0,0.27872687616858605,0.0,0.7165859895183705,0.00653119496947252,0.004036710768538954,0.3842523215571083,0.4215770703060906,0.0,0.00653119496947252,0.28,0.22,0.0,0.0,1.0,0.0,0.0,0.0,20260819
no_glia_glia,4,Ext1,E-Ext,2,1,B,True,0.0,0.0,0.0,0.0,0.0,0.0,0.0,0.0,0.0,0.0,0.0,0.0,0.00653119496947252,0.004036710768538954,0.0,0.0,0.48524435617492145,0.00653119496947252,0.28,0.22,0.0,0.0,1.0,1.0,0.0,0.0,20260819
no_glia_glia,5,Ext1,E-Ext,2,2,B,True,0.0,0.0,0.0,0.0,0.0,0.0,0.0,0.0,0.0,0.0,0.0,0.0,0.00653119496947252,0.004036710768538954,0.0,0.0,0.48524435617492145,0.00653119496947252,0.28,0.22,0.0,0.0,1.0,1.0,0.0,0.0,20260819
no_glia_glia,6,Ext1,E-Ext,2,3,B,True,0.0,0.0,0.0,0.0,0.0,0.0,0.0,0.0,0.0,0.0,0.0,0.0,0.00653119496947252,0.004036710768538954,0.0,0.0,0.48524435617492145,0.00653119496947252,0.28,0.22,0.0,0.0,1.0,1.0,0.0,0.0,20260819
no_glia_glia,7,Ext1,E-Ext,2,4,B,True,0.0,0.0,0.0,0.0,0.0,0.0,0.0,0.0,0.0,0.0,0.0,0.0,0.00653119496947252,0.004036710768538954,0.0,0.0,0.48524435617492145,0.00653119496947252,0.28,0.22,0.0,0.0,1.0,1.0,0.0,0.0,20260819
no_glia_glia,8,Ext1,E-Ext,2,5,B,True,0.0,0.0,0.0,0.0,0.0,0.0,0.0,0.0,0.0,0.0,0.0,0.0,0.00653119496947252,0.004036710768538954,0.0,0.0,0.48524435617492145,0.00653119496947252,0.28,0.22,0.0,0.0,1.0,1.0,0.0,0.0,20260819
no_glia_glia,9,Ext1,Ext1,2,6,B,True,0.0,0.0,0.0,0.0,0.0,0.0,0.0,0.0,0.0,0.0,0.0,0.0,0.00653119496947252,0.004036710768538954,0.0,0.0,0.48524435617492145,0.00653119496947252,0.28,0.22,0.0,0.0,1.0,1.0,0.0,0.0,20260819
no_glia_glia,10,Ext1,Ext1,2,7,B,True,0.0,0.0,0.0,0.0,0.0,0.0,0.0,0.0,0.0,0.0,0.0,0.0,0.00653119496947252,0.004036710768538954,0.0,0.0,0.48524435617492145,0.00653119496947252,0.28,0.22,0.0,0.0,1.0,1.0,0.0,0.0,20260819
no_glia_glia,11,Ext1,Ext1,2,8,B,True,0.0,0.0,0.0,0.0,0.0,0.0,0.0,0.0,0.0,0.0,0.0,0.0,0.00653119496947252,0.004036710768538954,0.0,0.0,0.48524435617492145,0.00653119496947252,0.28,0.22,0.0,0.0,1.0,1.0,0.0,0.0,20260819
no_glia_glia,12,Ext1,Ext1,2,9,B,True,0.0,0.0,0.0,0.0,0.0,0.0,0.0,0.0,0.0,0.0,0.0,0.0,0.00653119496947252,0.004036710768538954,0.0,0.0,0.48524435617492145,0.00653119496947252,0.28,0.22,0.0,0.0,1.0,1.0,0.0,0.0,20260819
no_glia_glia,13,Ext1,Ext1,2,10,B,True,0.0,0.0,0.0,0.0,0.0,0.0,0.0,0.0,0.0,0.0,0.0,0.0,0.00653119496947252,0.004036710768538954,0.0,0.0,0.48524435617492145,0.00653119496947252,0.28,0.22,0.0,0.0,1.0,1.0,0.0,0.0,20260819
no_glia_glia,14,Ext1,Ext1,2,11,B,True,0.0,0.0,0.0,0.0,0.0,0.0,0.0,0.0,0.0,0.0,0.0,0.0,0.00653119496947252,0.004036710768538954,0.0,0.0,0.48524435617492145,0.00653119496947252,0.28,0.22,0.0,0.0,1.0,1.0,0.0,0.0,20260819
no_glia_glia,15,Ext1,Ext1,2,12,B,True,0.0,0.0,0.0,0.0,0.0,0.0,0.0,0.0,0.0,0.0,0.0,0.0,0.00653119496947252,0.004036710768538954,0.0,0.0,0.48524435617492145,0.00653119496947252,0.28,0.22,0.0,0.0,1.0,1.0,0.0,0.0,20260819
no_glia_glia,16,Ext1,Ext1,2,13,B,True,0.0,0.0,0.0,0.0,0.0,0.0,0.0,0.0,0.0,0.0,0.0,0.0,0.00653119496947252,0.004036710768538954,0.0,0.0,0.48524435617492145,0.00653119496947252,0.28,0.22,0.0,0.0,1.0,1.0,0.0,0.0,20260819
no_glia_glia,17,Ext1,Ext1,2,14,B,True,0.0,0.0,0.0,0.0,0.0,0.0,0.0,0.0,0.0,0.0,0.0,0.0,0.00653119496947252,0.004036710768538954,0.0,0.0,0.48524435617492145,0.00653119496947252,0.28,0.22,0.0,0.0,1.0,1.0,0.0,0.0,20260819
no_glia_glia,18,Ext1,Ext1,2,15,B,True,0.0,0.0,0.0,0.0,0.0,0.0,0.0,0.0,0.0,0.0,0.0,0.0,0.00653119496947252,0.004036710768538954,0.0,0.0,0.48524435617492145,0.00653119496947252,0.28,0.22,0.0,0.0,1.0,1.0,0.0,0.0,20260819
no_glia_glia,19,Ext1,Ext1,2,16,B,True,0.0,0.0,0.0,0.0,0.0,0.0,0.0,0.0,0.0,0.0,0.0,0.0,0.00653119496947252,0.004036710768538954,0.0,0.0,0.48524435617492145,0.00653119496947252,0.28,0.22,0.0,0.0,1.0,1.0,0.0,0.0,20260819
no_glia_glia,20,Ext1,Ext1,2,17,B,True,0.0,0.0,0.0,0.0,0.0,0.0,0.0,0.0,0.0,0.0,0.0,0.0,0.00653119496947252,0.004036710768538954,0.0,0.0,0.48524435617492145,0.00653119496947252,0.28,0.22,0.0,0.0,1.0,1.0,0.0,0.0,20260819
no_glia_glia,21,Ext1,Ext1,2,18,B,True,0.0,0.0,0.0,0.0,0.0,0.0,0.0,0.0,0.0,0.0,0.0,0.0,0.00653119496947252,0.004036710768538954,0.0,0.0,0.48524435617492145,0.00653119496947252,0.28,0.22,0.0,0.0,1.0,1.0,0.0,0.0,20260819
no_glia_glia,22,Ext1,Ext1,2,19,B,True,0.0,0.0,0.0,0.0,0.0,0.0,0.0,0.0,0.0,0.0,0.0,0.0,0.00653119496947252,0.004036710768538954,0.0,0.0,0.48524435617492145,0.00653119496947252,0.28,0.22,0.0,0.0,1.0,1.0,0.0,0.0,20260819
no_glia_glia,23,Ext1,Ext1,2,20,B,True,0.0,0.0,0.0,0.0,0.0,0.0,0.0,0.0,0.0,0.0,0.0,0.0,0.00653119496947252,0.004036710768538954,0.0,0.0,0.48524435617492145,0.00653119496947252,0.28,0.22,0.0,0.0,1.0,1.0,0.0,0.0,20260819
no_glia_glia,24,Ext1,Ext1,2,21,B,True,0.0,0.0,0.0,0.0,0.0,0.0,0.0,0.0,0.0,0.0,0.0,0.0,0.00653119496947252,0.004036710768538954,0.0,0.0,0.48524435617492145,0.00653119496947252,0.28,0.22,0.0,0.0,1.0,1.0,0.0,0.0,20260819
no_glia_glia,25,Ext1,Ext1,2,22,B,True,0.0,0.0,0.0,0.0,0.0,0.0,0.0,0.0,0.0,0.0,0.0,0.0,0.00653119496947252,0.004036710768538954,0.0,0.0,0.48524435617492145,0.00653119496947252,0.28,0.22,0.0,0.0,1.0,1.0,0.0,0.0,20260819
no_glia_glia,26,Ext1,Ext1,2,23,B,True,0.0,0.0,0.0,0.0,0.0,0.0,0.0,0.0,0.0,0.0,0.0,0.0,0.00653119496947252,0.004036710768538954,0.0,0.0,0.48524435617492145,0.00653119496947252,0.28,0.22,0.0,0.0,1.0,1.0,0.0,0.0,20260819
no_glia_glia,27,Ext1,Ext1,2,24,B,True,0.0,0.0,0.0,0.0,0.0,0.0,0.0,0.0,0.0,0.0,0.0,0.0,0.00653119496947252,0.004036710768538954,0.0,0.0,0.48524435617492145,0.00653119496947252,0.28,0.22,0.0,0.0,1.0,1.0,0.0,0.0,20260819
no_glia_glia,28,Ext1,Ext1,2,25,B,True,0.0,0.0,0.0,0.0,0.0,0.0,0.0,0.0,0.0,0.0,0.0,0.0,0.00653119496947252,0.004036710768538954,0.0,0.0,0.48524435617492145,0.00653119496947252,0.28,0.22,0.0,0.0,1.0,1.0,0.0,0.0,20260819
no_glia_glia,29,Ext2,Ext2,3,1,B,True,0.0,0.0,0.0,0.0,0.0,0.0,0.0,0.0,0.0,0.0,0.0,0.0,0.00653119496947252,0.004036710768538954,0.0,0.0,0.48524435617492145,0.00653119496947252,0.28,0.22,0.0,0.0,1.0,1.0,0.0,0.0,20260819
no_glia_glia,30,Ext2,Ext2,3,2,B,True,0.0,0.0,0.0,0.0,0.0,0.0,0.0,0.0,0.0,0.0,0.0,0.0,0.00653119496947252,0.004036710768538954,0.0,0.0,0.48524435617492145,0.00653119496947252,0.28,0.22,0.0,0.0,1.0,1.0,0.0,0.0,20260819
no_glia_glia,31,Ext2,Ext2,3,3,B,True,0.0,0.0,0.0,0.0,0.0,0.0,0.0,0.0,0.0,0.0,0.0,0.0,0.00653119496947252,0.004036710768538954,0.0,0.0,0.48524435617492145,0.00653119496947252,0.28,0.22,0.0,0.0,1.0,1.0,0.0,0.0,20260819
no_glia_glia,32,Ext2,Ext2,3,4,B,True,0.0,0.0,0.0,0.0,0.0,0.0,0.0,0.0,0.0,0.0,0.0,0.0,0.00653119496947252,0.004036710768538954,0.0,0.0,0.48524435617492145,0.00653119496947252,0.28,0.22,0.0,0.0,1.0,1.0,0.0,0.0,20260819
no_glia_glia,33,Ext2,Ext2,3,5,B,True,0.0,0.0,0.0,0.0,0.0,0.0,0.0,0.0,0.0,0.0,0.0,0.0,0.00653119496947252,0.004036710768538954,0.0,0.0,0.48524435617492145,0.00653119496947252,0.28,0.22,0.0,0.0,1.0,1.0,0.0,0.0,20260819
no_glia_glia,34,Ext2,Ext2,3,6,B,True,0.0,0.0,0.0,0.0,0.0,0.0,0.0,0.0,0.0,0.0,0.0,0.0,0.00653119496947252,0.004036710768538954,0.0,0.0,0.48524435617492145,0.00653119496947252,0.28,0.22,0.0,0.0,1.0,1.0,0.0,0.0,20260819
no_glia_glia,35,Ext2,Ext2,3,7,B,True,0.0,0.0,0.0,0.0,0.0,0.0,0.0,0.0,0.0,0.0,0.0,0.0,0.00653119496947252,0.004036710768538954,0.0,0.0,0.48524435617492145,0.00653119496947252,0.28,0.22,0.0,0.0,1.0,1.0,0.0,0.0,20260819
no_glia_glia,36,Ext2,Ext2,3,8,B,True,0.0,0.0,0.0,0.0,0.0,0.0,0.0,0.0,0.0,0.0,0.0,0.0,0.00653119496947252,0.004036710768538954,0.0,0.0,0.48524435617492145,0.00653119496947252,0.28,0.22,0.0,0.0,1.0,1.0,0.0,0.0,20260819
no_glia_glia,37,Ext2,Ext2,3,9,B,True,0.0,0.0,0.0,0.0,0.0,0.0,0.0,0.0,0.0,0.0,0.0,0.0,0.00653119496947252,0.004036710768538954,0.0,0.0,0.48524435617492145,0.00653119496947252,0.28,0.22,0.0,0.0,1.0,1.0,0.0,0.0,20260819
no_glia_glia,38,Ext2,Ext2,3,10,B,True,0.0,0.0,0.0,0.0,0.0,0.0,0.0,0.0,0.0,0.0,0.0,0.0,0.00653119496947252,0.004036710768538954,0.0,0.0,0.48524435617492145,0.00653119496947252,0.28,0.22,0.0,0.0,1.0,1.0,0.0,0.0,20260819
no_glia_glia,39,Ext2,Ext2,3,11,B,True,0.0,0.0,0.0,0.0,0.0,0.0,0.0,0.0,0.0,0.0,0.0,0.0,0.00653119496947252,0.004036710768538954,0.0,0.0,0.48524435617492145,0.00653119496947252,0.28,0.22,0.0,0.0,1.0,1.0,0.0,0.0,20260819
no_glia_glia,40,Ext2,Ext2,3,12,B,True,0.0,0.0,0.0,0.0,0.0,0.0,0.0,0.0,0.0,0.0,0.0,0.0,0.00653119496947252,0.004036710768538954,0.0,0.0,0.48524435617492145,0.00653119496947252,0.28,0.22,0.0,0.0,1.0,1.0,0.0,0.0,20260819
no_glia_glia,41,Ext2,Ext2,3,13,B,True,0.0,0.0,0.0,0.0,0.0,0.0,0.0,0.0,0.0,0.0,0.0,0.0,0.00653119496947252,0.004036710768538954,0.0,0.0,0.48524435617492145,0.00653119496947252,0.28,0.22,0.0,0.0,1.0,1.0,0.0,0.0,20260819
no_glia_glia,42,Ext2,Ext2,3,14,B,True,0.0,0.0,0.0,0.0,0.0,0.0,0.0,0.0,0.0,0.0,0.0,0.0,0.00653119496947252,0.004036710768538954,0.0,0.0,0.48524435617492145,0.00653119496947252,0.28,0.22,0.0,0.0,1.0,1.0,0.0,0.0,20260819
no_glia_glia,43,Ext2,Ext2,3,15,B,True,0.0,0.0,0.0,0.0,0.0,0.0,0.0,0.0,0.0,0.0,0.0,0.0,0.00653119496947252,0.004036710768538954,0.0,0.0,0.48524435617492145,0.00653119496947252,0.28,0.22,0.0,0.0,1.0,1.0,0.0,0.0,20260819
no_glia_glia,44,Ext2,Ext2,3,16,B,True,0.0,0.0,0.0,0.0,0.0,0.0,0.0,0.0,0.0,0.0,0.0,0.0,0.00653119496947252,0.004036710768538954,0.0,0.0,0.48524435617492145,0.00653119496947252,0.28,0.22,0.0,0.0,1.0,1.0,0.0,0.0,20260819
no_glia_glia,45,Ext2,Ext2,3,17,B,True,0.0,0.0,0.0,0.0,0.0,0.0,0.0,0.0,0.0,0.0,0.0,0.0,0.00653119496947252,0.004036710768538954,0.0,0.0,0.48524435617492145,0.00653119496947252,0.28,0.22,0.0,0.0,1.0,1.0,0.0,0.0,20260819
no_glia_glia,46,Ext2,Ext2,3,18,B,True,0.0,0.0,0.0,0.0,0.0,0.0,0.0,0.0,0.0,0.0,0.0,0.0,0.00653119496947252,0.004036710768538954,0.0,0.0,0.48524435617492145,0.00653119496947252,0.28,0.22,0.0,0.0,1.0,1.0,0.0,0.0,20260819
no_glia_glia,47,Ext2,Ext2,3,19,B,True,0.0,0.0,0.0,0.0,0.0,0.0,0.0,0.0,0.0,0.0,0.0,0.0,0.00653119496947252,0.004036710768538954,0.0,0.0,0.48524435617492145,0.00653119496947252,0.28,0.22,0.0,0.0,1.0,1.0,0.0,0.0,20260819
no_glia_glia,48,Ext2,Ext2,3,20,B,True,0.0,0.0,0.0,0.0,0.0,0.0,0.0,0.0,0.0,0.0,0.0,0.0,0.00653119496947252,0.004036710768538954,0.0,0.0,0.48524435617492145,0.00653119496947252,0.28,0.22,0.0,0.0,1.0,1.0,0.0,0.0,20260819
no_glia_glia,49,Ext2,L-Ext,3,21,B,True,0.0,0.0,0.0,0.0,0.0,0.0,0.0,0.0,0.0,0.0,0.0,0.0,0.00653119496947252,0.004036710768538954,0.0,0.0,0.48524435617492145,0.00653119496947252,0.28,0.22,0.0,0.0,1.0,1.0,0.0,0.0,20260819
no_glia_glia,50,Ext2,L-Ext,3,22,B,True,0.0,0.0,0.0,0.0,0.0,0.0,0.0,0.0,0.0,0.0,0.0,0.0,0.00653119496947252,0.004036710768538954,0.0,0.0,0.48524435617492145,0.00653119496947252,0.28,0.22,0.0,0.0,1.0,1.0,0.0,0.0,20260819
no_glia_glia,51,Ext2,L-Ext,3,23,B,True,0.0,0.0,0.0,0.0,0.0,0.0,0.0,0.0,0.0,0.0,0.0,0.0,0.00653119496947252,0.004036710768538954,0.0,0.0,0.48524435617492145,0.00653119496947252,0.28,0.22,0.0,0.0,1.0,1.0,0.0,0.0,20260819
no_glia_glia,52,Ext2,L-Ext,3,24,B,True,0.0,0.0,0.0,0.0,0.0,0.0,0.0,0.0,0.0,0.0,0.0,0.0,0.00653119496947252,0.004036710768538954,0.0,0.0,0.48524435617492145,0.00653119496947252,0.28,0.22,0.0,0.0,1.0,1.0,0.0,0.0,20260819
no_glia_glia,53,Ext2,L-Ext,3,25,B,True,0.0,0.0,0.0,0.0,0.0,0.0,0.0,0.0,0.0,0.0,0.0,0.0,0.00653119496947252,0.004036710768538954,0.0,0.0,0.48524435617492145,0.00653119496947252,0.28,0.22,0.0,0.0,1.0,1.0,0.0,0.0,20260819
no_glia_glia,54,E-Ret,E-Ret,4,1,B,False,0.0,0.0,0.0,0.0,0.0,0.0,0.0,0.0,0.0,0.0,0.0,0.0,0.00653119496947252,0.004036710768538954,0.0,0.0,0.48524435617492145,0.00653119496947252,0.28,0.22,0.0,0.0,1.0,1.0,0.0,0.0,20260819
no_glia_glia,55,E-Ret,E-Ret,4,2,B,False,0.0,0.0,0.0,0.0,0.0,0.0,0.0,0.0,0.0,0.0,0.0,0.0,0.00653119496947252,0.004036710768538954,0.0,0.0,0.48524435617492145,0.00653119496947252,0.28,0.22,0.0,0.0,1.0,1.0,0.0,0.0,20260819
no_glia_glia,56,E-Ret,E-Ret,4,3,B,False,0.0,0.0,0.0,0.0,0.0,0.0,0.0,0.0,0.0,0.0,0.0,0.0,0.00653119496947252,0.004036710768538954,0.0,0.0,0.48524435617492145,0.00653119496947252,0.28,0.22,0.0,0.0,1.0,1.0,0.0,0.0,20260819
no_glia_glia,57,E-Ret,E-Ret,4,4,B,False,0.0,0.0,0.0,0.0,0.0,0.0,0.0,0.0,0.0,0.0,0.0,0.0,0.00653119496947252,0.004036710768538954,0.0,0.0,0.48524435617492145,0.00653119496947252,0.28,0.22,0.0,0.0,1.0,1.0,0.0,0.0,20260819
no_glia_glia,58,E-Ret,E-Ret,4,5,B,False,0.0,0.0,0.0,0.0,0.0,0.0,0.0,0.0,0.0,0.0,0.0,0.0,0.00653119496947252,0.004036710768538954,0.0,0.0,0.48524435617492145,0.00653119496947252,0.28,0.22,0.0,0.0,1.0,1.0,0.0,0.0,20260819
no_glia_glia,59,F-Ren,F-Ren,5,1,A,False,0.0,0.0,0.0,0.0,0.0,0.0,0.0,0.0,0.0,0.0,0.0,0.0,0.00653119496947252,0.004036710768538954,0.3842523215571083,0.0,0.0,0.00653119496947252,0.28,0.22,0.0,0.0,1.0,0.0,0.0,0.0,20260819
no_glia_glia,60,F-Ren,F-Ren,5,2,A,False,0.0,0.0,0.0,0.0,0.0,0.0,0.0,0.0,0.0,0.0,0.0,0.0,0.00653119496947252,0.004036710768538954,0.3842523215571083,0.0,0.0,0.00653119496947252,0.28,0.22,0.0,0.0,1.0,0.0,0.0,0.0,20260819
no_glia_glia,61,F-Ren,F-Ren,5,3,A,False,0.0,0.0,0.0,0.0,0.0,0.0,0.0,0.0,0.0,0.0,0.0,0.0,0.00653119496947252,0.004036710768538954,0.3842523215571083,0.0,0.0,0.00653119496947252,0.28,0.22,0.0,0.0,1.0,0.0,0.0,0.0,20260819
no_glia_glia,62,F-Ren,F-Ren,5,4,A,False,0.0,0.0,0.0,0.0,0.0,0.0,0.0,0.0,0.0,0.0,0.0,0.0,0.00653119496947252,0.004036710768538954,0.3842523215571083,0.0,0.0,0.00653119496947252,0.28,0.22,0.0,0.0,1.0,0.0,0.0,0.0,20260819
no_glia_glia,63,F-Ren,F-Ren,5,5,A,False,0.0,0.0,0.0,0.0,0.0,0.0,0.0,0.0,0.0,0.0,0.0,0.0,0.00653119496947252,0.004036710768538954,0.3842523215571083,0.0,0.0,0.00653119496947252,0.28,0.22,0.0,0.0,1.0,0.0,0.0,0.0,20260819
calex_like,0,Pre-Con,Pre-Con,0,1,A,False,0.0,0.0,0.0,0.0,0.0,0.0,0.0,0.0,0.0,0.0,0.0,0.0,0.00653119496947252,0.004036710768538954,0.3842523215571083,0.0,0.0,0.00653119496947252,,,0.0,0.0,,,0.0,0.0,20260819
calex_like,1,F-Con,F-Con,1,1,A,True,0.0343651538830938,0.0,0.7998359770879381,0.0,0.9523716522139278,0.0,0.0,0.7998359770879381,0.0,0.11883992226181772,0.0,0.7165859895183705,0.00653119496947252,0.004036710768538954,0.3842523215571083,0.4215770703060906,0.0,0.00653119496947252,0.28,0.22,0.0,0.0,1.0,0.0,0.0,0.0,20260819
calex_like,2,F-Con,F-Con,1,2,A,True,0.0343651538830938,0.0,0.7998359770879381,0.0,0.9523716522139278,0.0,0.0,0.7998359770879381,0.0,0.11883992226181772,0.0,0.5809773719640225,0.20091824478858633,0.004036710768538954,0.38339246276680483,0.4215770703060906,0.0,0.20091824478858633,0.3196005221444273,0.22,0.0,0.0,1.1414304362300973,0.0,0.0,0.0,20260819
calex_like,3,F-Con,F-Con,1,3,A,True,0.03499503626131506,0.0,0.8103155951462515,0.0,0.9529586423813382,0.0,0.0,0.8103155951462515,0.0,0.12099684218686435,0.0,0.6214799987386012,0.39277771805901573,0.004036710768538954,0.3841122813893348,0.4286546895842237,0.0,0.39277771805901573,1.92421809064276,0.22,0.6563894360681201,0.0,1.35,0.0,0.6563894360681201,0.0,20260819
calex_like,4,Ext1,E-Ext,2,1,B,True,0.0025640724962076034,0.0,0.07222303399805885,0.0,0.6435669347462848,0.0,0.0,0.07222303399805885,0.0,0.011589038245721994,0.0,0.08599868374783626,0.2522086817136901,0.004036710768538954,0.007430816940880166,0.045494616034054136,0.48524435617492145,0.2522086817136901,2.1957125324889537,0.22,1.0,0.0,1.0,1.0,1.0,0.0,20260819
calex_like,5,Ext1,E-Ext,2,2,B,True,0.002767128840538202,0.0,0.07797393901431282,0.0,0.6609420662376364,0.0,0.0,0.07797393901431282,0.0,0.012498579847740166,0.0,0.0921878846491803,0.2695469685530145,0.004036710768538954,0.007969448869371568,0.0490566990025082,0.48524435617492145,0.2695469685530145,2.284905064146642,0.22,1.0,0.0,1.0,1.0,1.0,0.0,20260819
calex_like,6,Ext1,E-Ext,2,3,B,True,0.002974475183097347,0.0,0.08385113431742086,0.0,0.6770316217089857,0.0,0.0,0.08385113431742086,0.0,0.013426093054458965,0.0,0.0984181706005787,0.2868782236809258,0.011056016955004211,0.008512249477860893,0.05268783805066746,0.4792927906814628,0.2868782236809258,2.3731366162978116,0.22,1.0,0.0,1.0,1.0,1.0,0.0,20260819
calex_like,7,Ext1,E-Ext,2,4,B,True,0.0031859703935784855,0.0,0.08985092421415719,0.0,0.6919544451294791,0.0,0.0,0.08985092421415719,0.0,0.014370870179801876,0.0,0.10468072149433713,0.3041731252977954,0.03138608000674985,0.009058477081936411,0.05638517349440564,0.4621186090596081,0.3041731252977954,2.4605000593375754,0.22,1.0,0.0,1.0,1.0,1.0,0.0,20260819
calex_like,8,Ext1,E-Ext,2,5,B,True,0.0034014492488118053,0.0,0.09596892227241993,0.0,0.7058151279609455,0.0,0.0,0.09596892227241993,0.0,0.015332098128824745,0.0,0.11096626866119574,0.32140164937773963,0.07133577941293712,0.009607348632223796,0.06014543461643074,0.42868294477964497,0.32140164937773963,2.547065517915506,0.22,1.0,0.0,1.0,1.0,1.0,0.0,20260819
calex_like,9,Ext1,Ext1,2,6,B,True,0.0036207181490581775,0.0,0.1021999258881019,0.0,0.7187059012149114,0.0,0.0,0.1021999258881019,0.0,0.01630884026935342,0.0,0.11726503669778174,0.3385329968151699,0.1254805532512948,0.0101580341927041,0.06396486982599803,0.3842177004149573,0.3385329968151699,2.632882323188338,0.22,1.0,0.0,1.0,1.0,1.0,0.0,20260819
calex_like,10,Ext1,Ext1,2,7,B,True,0.0038241554117900423,0.0,0.1079859164005369,0.0,0.7297040085102661,0.0,0.0,0.1079859164005369,0.0,0.01721380367887093,0.0,0.12302215428350274,0.35407180071110883,0.1257372307887064,0.010661958291117567,0.067502245662452,0.38428596601723913,0.35407180071110883,2.7106526865051674,0.22937187801858083,1.0,0.010133884436773048,0.9973038624577653,1.0,1.0,0.010133884436773048,20260819
calex_like,11,Ext1,Ext1,2,8,B,True,0.004002727518307547,0.0,0.11306858915688489,0.0,0.7386792403306028,0.0,0.0,0.11306858915688489,0.0,0.018007161657823012,0.0,0.1280073979350674,0.36743328177031026,0.12634288212880954,0.011098789974838746,0.07060227214346348,0.38444706081780045,0.36743328177031026,2.7775786575387693,0.25010761448239494,1.0,0.030469233174460257,0.9913898890629849,1.0,1.0,0.030469233174460257,20260819
calex_like,12,Ext1,Ext1,2,9,B,True,0.004149992629534527,0.0,0.11726290603933343,0.0,0.7456488563806934,0.0,0.0,0.11726290603933343,0.0,0.01866072878835978,0.0,0.1320710885502576,0.37825911108865096,0.12740237251442482,0.011455201005380167,0.07315529182767277,0.3847289266372748,0.37825911108865096,2.831900061279928,0.2827783492345102,1.0,0.06004627466001505,0.982212968624904,1.0,1.0,0.06004627466001505,20260819
calex_like,13,Ext1,Ext1,2,10,B,True,0.00426085570459378,0.0,0.1204220725526961,0.0,0.750657753241153,0.0,0.0,0.1204220725526961,0.0,0.019152324868859316,0.0,0.13510214296160145,0.3862949662154371,0.1290659445543326,0.011721240316495771,0.07507514053116471,0.3851716462833068,0.3862949662154371,2.8723057771025613,0.3276340387827559,1.0,0.0980464558330073,0.9698866861932864,1.0,1.0,0.0980464558330073,20260819
calex_like,14,Ext1,Ext1,2,11,B,True,0.004331683798817876,0.0,0.1224411318222135,0.0,0.7537569484323792,0.0,0.0,0.1224411318222135,0.0,0.01946620749611694,0.0,0.1370260354402662,0.3913780643819897,0.131532887136529,0.011890191241964675,0.07630074796628383,0.38582848973868844,0.3913780643819897,2.8979104932518083,0.38476893158318193,1.0,0.1437932973406087,0.9546270539225337,1.0,1.0,0.1437932973406087,20260819
calex_like,15,Ext1,Ext1,2,12,B,True,0.0043602447733286365,0.0,0.12325546653117492,0.0,0.7549852335734087,0.0,0.0,0.12325546653117492,0.0,0.019592737229696677,0.0,0.13779906687197926,0.3934166340549609,0.13505488298253454,0.011958096273765755,0.07679475808484626,0.386766927781208,0.3934166340549609,2.9081905055884185,0.4542756255221113,1.0,0.19675805245179293,0.9366983846204319,1.0,1.0,0.19675805245179293,20260819
calex_like,16,Ext1,Ext1,2,13,B,True,0.004345503705131537,0.0,0.12283515539493983,0.0,0.7543527999037791,0.0,0.0,0.12283515539493983,0.0,0.019527434887469886,0.0,0.13740028327618792,0.39236527380735714,0.13994336945964253,0.011923064711925013,0.07653980144778116,0.38807079858344234,0.39236527380735714,2.902887908591954,0.5363977412140669,1.0,0.25657002300467263,0.9163646961561217,1.0,1.0,0.25657002300467263,20260819
calex_like,17,Ext1,Ext1,2,14,B,True,0.004287335149155136,0.003351063808639476,0.1211768411571933,0.003351063808639476,0.7365123939453181,0.020367753478264892,0.003351063808639476,0.1211768411571933,0.0024642137582522317,0.0192696886276994,0.0015755786689986007,0.13582254564978866,0.3881999322621996,0.14658536273049155,0.011784495988899139,0.07553342625493542,0.3898448706331918,0.3881999322621996,2.8818970017367733,0.6316915876250407,1.0,0.3230318004525869,0.8938490050088921,1.0,1.0,0.3230318004525869,20260819
calex_like,18,Ext1,Ext1,2,15,B,True,0.004186214571981539,0.005484438324155239,0.11829493639318522,0.005484438324155239,0.7222822568308445,0.03348674601805378,0.005484438324155239,0.11829493639318522,0.004035100779417489,0.01882138588180493,0.002579114295379159,0.13306406597958975,0.3808953600516226,0.15547280021596424,0.011542337154052548,0.07378275614482799,0.3922232630707944,0.3808953600516226,2.8451466305438733,0.7412109348990858,1.0,0.3961405169430844,0.8693011704535656,1.0,1.0,0.3961405169430844,20260819
calex_like,19,Ext1,Ext1,2,16,B,True,0.003967033433474043,0.008740743903677406,0.11205234336941883,0.008740743903677406,0.6968728896852727,0.05436019702035971,0.008740743903677406,0.11205234336941883,0.006436011110974915,0.017848654870970426,0.004111597177784532,0.12701598625815552,0.3647831250355654,0.16725202187731678,0.01101188229195489,0.06998299335167635,0.39538372053181403,0.3647831250355654,2.7642961320105757,0.8667372971830231,1.0,0.4761174304552753,0.842773210978834,1.0,1.0,0.4761174304552753,20260819
calex_like,20,Ext1,Ext1,2,17,B,True,0.003718763961894078,0.013681108952076304,0.1049878753210467,0.013681108952076304,0.6616786248554225,0.0862242171319789,0.013681108952076304,0.1049878753210467,0.01008592461750557,0.016745134841273268,0.006438301031353788,0.12005003967447467,0.346064275124688,0.18280313968221942,0.010401735457965756,0.06567045063013466,0.3995708278156475,0.346064275124688,2.670574997577674,1.0110930581043471,1.0,0.5634499431740698,0.8141996943834372,1.0,1.0,0.5634499431740698,20260819
calex_like,21,Ext1,Ext1,2,18,B,True,0.0034582011850471384,0.021159285516966886,0.09758112966499533,0.021159285516966886,0.614721396269118,0.13329488582168728,0.021159285516966886,0.09758112966499533,0.015627647256165167,0.015585036652590145,0.009964040374423333,0.1126059120983549,0.3258741178405919,0.20336432168232493,0.009750634246029304,0.061134668206823894,0.40513321990504536,0.3258741178405919,2.5694869905447852,1.1786005981642198,1.0,0.6589527217914009,0.7833801800441418,1.0,1.0,0.6589527217914009,20260819
calex_like,22,Ext1,Ext1,2,19,B,True,0.003184428885195323,0.0324809888052614,0.08980717574623831,0.0324809888052614,0.5533809319640148,0.20014391619392582,0.0324809888052614,0.08980717574623831,0.024056627729832747,0.014363988788209325,0.015310695749747305,0.10463541139715199,0.3040484557192745,0.230723175706341,0.009054522819796402,0.0563582486361307,0.41258305133984796,0.3040484557192745,2.459872218154448,1.375795663997672,1.0,0.763858398907373,0.7499610421202585,1.0,1.0,0.763858398907373,20260819
calex_like,23,Ext1,Ext1,2,20,B,True,0.0028958691188597507,0.049645949920405275,0.08162248915169545,0.049645949920405275,0.4765763592750089,0.2898721456759776,0.049645949920405275,0.08162248915169545,0.03692654023498343,0.01307461599488191,0.02343712549738819,0.09606684351947176,0.2803519185419695,0.26750175136516174,0.008307324111953793,0.05131199230416428,0.42269025574147845,0.2803519185419695,2.340004686204563,1.612582861209127,1.0,0.8799539756701181,0.7134160628672447,1.0,1.0,0.8799539756701181,20260819
calex_like,24,Ext1,Ext1,2,21,B,True,0.0025968117385147815,0.0738387856314453,0.07314995213208975,0.0738387856314453,0.3911997749543332,0.3948835984166139,0.07314995213208975,0.07314995213208975,0.05525446006406187,0.011735767290184773,0.03493254086714492,0.08700249543719463,0.2550288484244635,0.3146249002882216,0.007518137104392044,0.046069344961165215,0.43580788995246644,0.2550288484244635,2.210293978120637,1.887837047224029,1.0,1.0,0.6751707389534213,1.0,1.0,1.0,20260819
calex_like,25,Ext1,Ext1,2,22,B,True,0.002471798115214918,0.08017272044980983,0.06961119652196834,0.08017272044980983,0.36679186325530355,0.4224421211715844,0.06961119652196834,0.06961119652196834,0.06008992602783925,0.011175318949508073,0.037950269354529054,0.08315718571967187,0.24420875441492323,0.3337419868343502,0.007183720412551303,0.04387392341888041,0.44118745720389807,0.24420875441492323,2.1541740372718836,1.9937432307999774,1.0,1.0,0.661525860475637,1.0,1.0,1.0,20260819
calex_like,26,Ext1,Ext1,2,23,B,True,0.0023487067164663644,0.08686633591353465,0.06612856785213006,0.08686633591353465,0.3426441142322787,0.45009652699953234,0.06612856785213006,0.06612856785213006,0.0652168830313703,0.010623041348884699,0.041143034049493266,0.0793383488553791,0.23341832186065667,0.3535193969573022,0.006851821981002617,0.0417100364907419,0.4467904863388122,0.23341832186065667,2.0976934028546057,2.100888449173076,1.0,1.0,0.6482713299014378,1.0,1.0,1.0,20260819
calex_like,27,Ext1,Ext1,2,24,B,True,0.0022276247707910812,0.09393837108653869,0.06270445077728404,0.09393837108653869,0.31887485229797785,0.47771065425206327,0.06270445077728404,0.06270445077728404,0.07065268482142584,0.010079347020606422,0.044520405568615584,0.07554342127337299,0.22268268204000016,0.3739447054667095,0.00652222773842384,0.03957932438064804,0.4526192527200616,0.22268268204000016,2.040872232940164,2.2095574070929467,0.9999209420771187,1.0,0.6353600255053232,1.0,0.9999209420771187,1.0,20260819
calex_like,28,Ext1,Ext1,2,25,B,True,0.0021090793668544494,0.10140699566283728,0.059353656833426416,0.10140699566283728,0.2956438729174335,0.5051138975787327,0.059353656833426416,0.059353656833426416,0.07641465694927474,0.009546626808906278,0.04809176440281715,0.0717926877350292,0.21205129360193237,0.3949963303641781,0.006196685552358942,0.037491183418479235,0.4586739944718797,0.21205129360193237,1.9839154711992175,2.3199986501264522,0.9997776957388137,1.0,0.6227546420311411,1.0,0.9997776957388137,1.0,20260819
calex_like,29,Ext2,Ext2,3,1,B,True,0.0019935489897532355,0.10928898877653037,0.05608959879182496,0.10928898877653037,0.2731034401196127,0.5321342895113452,0.05608959879182496,0.05608959879182496,0.08251948958423538,0.009027059723633601,0.05186591223299453,0.06810496359679288,0.20157210173883838,0.4166412088060523,0.005876812913037559,0.03545418630770336,0.4649522179591124,0.20157210173883838,1.9270260999296946,2.4324225143431604,0.9995830986681696,1.0,0.6104265237212284,1.0,0.9995830986681696,1.0,20260819
calex_like,30,Ext2,Ext2,3,2,B,True,0.0018814583682605912,0.11759880950961488,0.05292414992991723,0.11759880950961488,0.2513937200522705,0.5586032507936144,0.05292414992991723,0.05292414992991723,0.0889825311224669,0.008522588514989993,0.05585062784787054,0.06449734871670625,0.1912907339638792,0.43883263144306567,0.005564076233973349,0.03347598501184501,0.47144800240850676,0.1912907339638792,1.8704029355146672,2.5469978429180293,0.9993474210116544,1.0,0.5983547478338828,1.0,0.9993474210116544,1.0,20260819
calex_like,31,Ext2,Ext2,3,3,B,True,0.0017731787048055336,0.12634756048989115,0.04986765555392347,0.12634756048989115,0.2306389738260517,0.5843601703974786,0.04986765555392347,0.04986765555392347,0.09581697747123785,0.008034919404160012,0.06005216706062144,0.06098523331782412,0.1812499969346254,0.4615083614642371,0.005259791846279991,0.031563308308239946,0.47815132998127,0.1812499969346254,1.8142403467491102,2.6638476909631956,0.9990788788864422,1.0,0.5865253778110798,1.0,0.9990788788864422,1.0,20260819
calex_like,32,Ext2,Ext2,3,4,B,True,0.0016690277557480648,0.13554186138307056,0.046928940132694,0.13554186138307056,0.21094426690132886,0.6092568573474838,0.046928940132694,0.046928940132694,0.10303296296747333,0.007565521176690182,0.06447471326972376,0.0575822817058715,0.17148938695541585,0.4845892069304564,0.004965125097983186,0.029721956896538004,0.485047480788276,0.17148938695541585,1.7587276694103924,2.7830442959409463,0.9987840451862725,1.0,0.5749308197631201,1.0,0.9987840451862725,1.0,20260819
calex_like,33,Ext2,Ext2,3,5,B,True,0.0016122166321859144,0.13844534080979798,0.04532647153669689,0.13844534080979798,0.2025566627959023,0.6186898133328121,0.04532647153669689,0.04532647153669689,0.10531888599336503,0.007309345027531999,0.06587281496264441,0.05570736714527267,0.16613872500682833,0.49172013521799024,0.0048028616589610605,0.028716893399293508,0.4871938170571956,0.16613872500682833,1.7278123951106699,2.8200000000000003,0.9984681782261368,1.0,0.5714285714285714,1.0,0.9984681782261368,1.0,20260819
calex_like,34,Ext2,Ext2,3,6,B,True,0.0015765288603446503,0.13844534080979798,0.04432001223454052,0.13844534080979798,0.19895379433497096,0.6214850690100011,0.04432001223454052,0.04432001223454052,0.10531888599336503,0.007148371221404437,0.06587281496264441,0.05451852089814434,0.16277623929627047,0.49172013521799024,0.004700017049295952,0.028085290427976473,0.4871938170571956,0.16277623929627047,1.7081654779163762,2.8200000000000003,0.9981354846580281,1.0,0.5714285714285714,1.0,0.9981354846580281,1.0,20260819
calex_like,35,Ext2,Ext2,3,7,B,True,0.0015430309572604939,0.13844534080979798,0.04337544025722939,0.13844534080979798,0.1955427261980593,0.624131517993186,0.04337544025722939,0.04337544025722939,0.10531888599336503,0.0069972411236148835,0.06587281496264441,0.053398851900515576,0.15961157332601428,0.49172013521799024,0.004603177287461778,0.02749227579395419,0.4871938170571956,0.15961157332601428,1.6895424944327668,2.8200000000000003,0.9977893298035413,1.0,0.5714285714285714,1.0,0.9977893298035413,1.0,20260819
calex_like,36,Ext2,Ext2,3,8,B,True,0.0015115865891793812,0.13844534080979798,0.042488887454636304,0.13844534080979798,0.19231464399342285,0.6266359988552518,0.042488887454636304,0.042488887454636304,0.10531888599336503,0.006855345900259602,0.06587281496264441,0.05234448507293703,0.15663344007987634,0.49172013521799024,0.00451200366652643,0.026935466952612064,0.4871938170571956,0.15663344007987634,1.671895792201632,2.8200000000000003,0.9974324059199517,1.0,0.5714285714285714,1.0,0.9974324059199517,1.0,20260819
calex_like,37,Ext2,Ext2,3,9,B,True,0.0014820668700084028,0.13844534080979798,0.041656699016851095,0.13844534080979798,0.1892608494208397,0.6290052601004362,0.041656699016851095,0.041656699016851095,0.10531888599336503,0.006722109446049562,0.06587281496264441,0.05135168263290774,0.15383106776445815,0.49172013521799024,0.004426169868717913,0.02641260887765917,0.4871938170571956,0.15383106776445815,1.6551789156305745,2.8200000000000003,0.9970668668130801,1.0,0.5714285714285714,1.0,0.9970668668130801,1.0,20260819
calex_like,38,Ext2,Ext2,3,10,B,True,0.001454350237548363,0.13844534080979798,0.04087542956611978,0.13844534080979798,0.18637281592645752,0.6312459169849779,0.04087542956611978,0.04087542956611978,0.10531888599336503,0.006596987934961773,0.06587281496264441,0.050416858768169946,0.15119420219202695,0.49172013521799024,0.0043453631638274755,0.025921572412189953,0.4871938170571956,0.15119420219202695,1.639346749861447,2.8200000000000003,0.9966944355275829,1.0,0.5714285714285714,1.0,0.9966944355275829,1.0,20260819
calex_like,39,Ext2,Ext2,3,11,B,True,0.0014283222514739347,0.13844534080979798,0.0401418370876131,0.13844534080979798,0.18364223132270255,0.6333644184508121,0.0401418370876131,0.0401418370876131,0.10531888599336503,0.006479469006101413,0.06587281496264441,0.049536588347115613,0.1487131027301644,0.49172013521799024,0.004269285101228363,0.025460351175814244,0.4871938170571956,0.1487131027301644,1.6243556231565413,2.8200000000000003,0.996316490499185,1.0,0.5714285714285714,1.0,0.996316490499185,1.0,20260819
calex_like,40,Ext2,Ext2,3,12,B,True,0.0014038753381323543,0.13844534080979798,0.039452875402927856,0.13844534080979798,0.18106102972596846,0.6353670223469796,0.039452875402927856,0.039452875402927856,0.10531888599336503,0.006369070698654888,0.06587281496264441,0.04870761113593823,0.14637853337079187,0.49172013521799024,0.00419765182146513,0.02502705747557954,0.4871938170571956,0.14637853337079187,1.610163376359557,2.8200000000000003,0.9959341344764667,1.0,0.5714285714285714,1.0,0.9959341344764667,1.0,20260819
calex_like,41,Ext2,Ext2,3,13,B,True,0.0013809085009857114,0.13844534080979798,0.03880568571361942,0.13844534080979798,0.17862141475053775,0.6372597774348145,0.03880568571361942,0.03880568571361942,0.10531888599336503,0.00626534022174563,0.06587281496264441,0.04792683265846502,0.1441817501575732,0.49172013521799024,0.004130194084624087,0.024619917558377225,0.4871938170571956,0.1441817501575732,1.5967294061815547,2.8200000000000003,0.9955482496582921,1.0,0.5714285714285714,1.0,0.9955482496582921,1.0,20260819
calex_like,42,Ext2,Ext2,3,14,B,True,0.0013593270107614686,0.13844534080979798,0.03819758760776715,0.13844534080979798,0.1763158755597311,0.6390485109347931,0.03819758760776715,0.03819758760776715,0.10531888599336503,0.006167852623576775,0.06587281496264441,0.047191322575998396,0.14211448595944878,0.49172013521799024,0.0040666570904469975,0.024237266458509543,0.4871938170571956,0.14211448595944878,1.5840146876594519,2.8200000000000003,0.9951595418037524,1.0,0.5714285714285714,1.0,0.9951595418037524,1.0,20260819
calex_like,43,Ext2,Ext2,3,15,B,True,0.0013390420857503083,0.13844534080979798,0.03762606982041239,0.13844534080979798,0.17413719709918735,0.6407388205871277,0.03762606982041239,0.03762606982041239,0.10531888599336503,0.006076209407887112,0.06587281496264441,0.046498311263977896,0.14016893337632316,0.49172013521799024,0.0040068001479088644,0.02387754262986408,0.4871938170571956,0.14016893337632316,1.5719817800425884,2.8200000000000003,0.9947685755201207,1.0,0.5714285714285714,1.0,0.9947685755201207,1.0,20260819
calex_like,44,Ext2,Ext2,3,16,B,True,0.0013199705699367126,0.13844534080979798,0.037088780961004875,0.13844534080979798,0.17207846561040005,0.6423360703741358,0.037088780961004875,0.037088780961004875,0.10531888599336503,0.005990037133260073,0.06587281496264441,0.045845185106679315,0.13833772640064826,0.49172013521799024,0.003950396238619922,0.02353928250305859,0.4871938170571956,0.13833772640064826,1.560594819509924,2.8200000000000003,0.9943758024932152,1.0,0.5714285714285714,1.0,0.9943758024932152,1.0,20260819
calex_like,45,Ext2,Ext2,3,17,B,True,0.0013020346145320438,0.13844534080979798,0.036583520361926136,0.13844534080979798,0.17013307033566152,0.6438453891974724,0.036583520361926136,0.036583520361926136,0.10531888599336503,0.0059089860212538925,0.06587281496264441,0.045229480910368824,0.13661392132789932,0.49172013521799024,0.0038972315080595403,0.023221115070399034,0.4871938170571956,0.13661392132789932,1.549819501451721,2.8200000000000003,0.9939815840716909,1.0,0.5714285714285714,1.0,0.9939815840716909,1.0,20260819
calex_like,46,Ext2,Ext2,3,18,B,True,0.0012851613668918294,0.13844534080979798,0.03610822915731415,0.13844534080979798,0.16829470217087977,0.6452716719233317,0.03610822915731415,0.03610822915731415,0.10531888599336503,0.005832728592069181,0.06587281496264441,0.04464887974148152,0.13499097730349416,0.49172013521799024,0.0038471047106056304,0.022921756572841567,0.4871938170571956,0.13499097730349416,1.539623054523022,2.8200000000000003,0.9935862093344714,1.0,0.5714285714285714,1.0,0.9935862093344714,1.0,20260819
calex_like,47,Ext2,Ext2,3,19,B,True,0.0012692826695803738,0.13844534080979798,0.035660981667440805,0.13844534080979798,0.1665573498943818,0.6466195823082983,0.035660981667440805,0.035660981667440805,0.10531888599336503,0.005760958340900957,0.06587281496264441,0.04410120042346569,0.1334627368085946,0.49172013521799024,0.0037998266280874736,0.02264000534129651,0.4871938170571956,0.1334627368085946,1.5299742082596777,2.8200000000000003,0.9931899095446959,1.0,0.5714285714285714,1.0,0.9931899095446959,1.0,20260819
calex_like,48,Ext2,Ext2,3,20,B,True,0.0012543347714207842,0.13844534080979798,0.03523997713823279,0.13844534080979798,0.16491529449301384,0.6478935574013958,0.03523997713823279,0.03523997713823279,0.10531888599336503,0.005693388463909099,0.06587281496264441,0.043584392869239666,0.1320234063185362,0.49172013521799024,0.003755219476753077,0.022374736827993624,0.4871938170571956,0.1320234063185362,1.5208431557163746,2.8200000000000003,0.9927928697128754,1.0,0.5714285714285714,1.0,0.9927928697128754,1.0,20260819
calex_like,49,Ext2,L-Ext,3,21,B,True,0.0012402580516883699,0.13844534080979798,0.03484353186623679,0.13844534080979798,0.16336310201780077,0.6490978130869635,0.03484353186623679,0.03484353186623679,0.10531888599336503,0.005629750639553732,0.06587281496264441,0.04309653138214814,0.13066753731221104,0.49172013521799024,0.0037131163137855117,0.022124898851020647,0.4871938170571956,0.13066753731221104,1.5122015123210868,2.8200000000000003,0.992395237847419,1.0,0.5714285714285714,1.0,0.992395237847419,1.0,20260819
calex_like,50,Ext2,L-Ext,3,22,B,True,0.001226996758067922,0.13844534080979798,0.03447007172491168,0.13844534080979798,0.1618956153270132,0.6502363504907307,0.03447007172491168,0.03447007172491168,0.10531888599336503,0.00556979386862555,0.06587281496264441,0.04263580802407503,0.1293900077660586,0.49172013521799024,0.003673360451585044,0.021889507065638192,0.4871938170571956,0.1293900077660586,1.5040222719270568,2.8200000000000003,0.9919971323550539,1.0,0.5714285714285714,1.0,0.9919971323550539,1.0,20260819
calex_like,51,Ext2,L-Ext,3,23,B,True,0.0012144987586293343,0.13844534080979798,0.03411812509745504,0.13844534080979798,0.16050794501225185,0.6513129630197377,0.03411812509745504,0.03411812509745504,0.10531888599336503,0.005513283374514177,0.06587281496264441,0.04220052612280781,0.12818600423039755,0.49172013521799024,0.003635804885788651,0.02166764066885274,0.4871938170571956,0.12818600423039755,1.4962797608706098,2.8200000000000003,0.9915986479611618,1.0,0.5714285714285714,1.0,0.9915986479611618,1.0,20260819
calex_like,52,Ext2,L-Ext,3,24,B,True,0.0012027153077710517,0.13844534080979798,0.03378631621355077,0.13844534080979798,0.15919545975101046,0.6523312438472214,0.03378631621355077,0.03378631621355077,0.10531888599336503,0.005459999563903972,0.06587281496264441,0.041789093970166113,0.12705100455700916,0.49172013521799024,0.0036003117412464515,0.021458438338427643,0.4871938170571956,0.12705100455700916,1.4889495907021792,2.8200000000000003,0.9911998604460481,1.0,0.5714285714285714,1.0,0.9911998604460481,1.0,20260819
calex_like,53,Ext2,L-Ext,3,25,B,True,0.0011916008258914257,0.13844534080979798,0.033473358881802695,0.13844534080979798,0.15795377628550727,0.6532945936874546,0.033473358881802695,0.033473358881802695,0.10531888599336503,0.0054097370471314354,0.06587281496264441,0.041400018746504896,0.12598076132385552,0.49172013521799024,0.0035667517388345313,0.021261094403651315,0.4871938170571956,0.12598076132385552,1.4820086101422405,2.8200000000000003,0.9908008304339572,1.0,0.5714285714285714,1.0,0.9908008304339572,1.0,20260819
calex_like,54,E-Ret,E-Ret,4,1,B,False,0.0011811126923940707,0.13844534080979798,0.03317805060566037,0.13844534080979798,0.15677874919094048,0.6542062287339613,0.03317805060566037,0.03317805060566037,0.10531888599336503,0.005362303716728856,0.06587281496264441,0.0410319006949474,0.12497128598449414,0.49172013521799024,0.003535003684952808,0.021074855242379953,0.4871938170571956,0.12497128598449414,1.4754348567182507,2.8200000000000003,0.9904016064242844,1.0,0.5714285714285714,1.0,0.9904016064242844,1.0,20260819
calex_like,55,E-Ret,E-Ret,4,2,B,False,0.0011811126923940707,0.13844534080979798,0.03317805060566037,0.13844534080979798,0.15677874919094048,0.6542062287339613,0.03317805060566037,0.03317805060566037,0.10531888599336503,0.005362303716728856,0.06587281496264441,0.0410319006949474,0.12497128598449414,0.49172013521799024,0.003535003684952808,0.021074855242379953,0.4871938170571956,0.12497128598449414,1.4754348567182507,2.8200000000000003,0.9904016064242844,1.0,0.5714285714285714,1.0,0.9904016064242844,1.0,20260819
calex_like,56,E-Ret,E-Ret,4,3,B,False,0.0011811126923940707,0.13844534080979798,0.03317805060566037,0.13844534080979798,0.15677874919094048,0.6542062287339613,0.03317805060566037,0.03317805060566037,0.10531888599336503,0.005362303716728856,0.06587281496264441,0.0410319006949474,0.12497128598449414,0.49172013521799024,0.003535003684952808,0.021074855242379953,0.4871938170571956,0.12497128598449414,1.4754348567182507,2.8200000000000003,0.9904016064242844,1.0,0.5714285714285714,1.0,0.9904016064242844,1.0,20260819
calex_like,57,E-Ret,E-Ret,4,4,B,False,0.0011811126923940707,0.13844534080979798,0.03317805060566037,0.13844534080979798,0.15677874919094048,0.6542062287339613,0.03317805060566037,0.03317805060566037,0.10531888599336503,0.005362303716728856,0.06587281496264441,0.0410319006949474,0.12497128598449414,0.49172013521799024,0.003535003684952808,0.021074855242379953,0.4871938170571956,0.12497128598449414,1.4754348567182507,2.8200000000000003,0.9904016064242844,1.0,0.5714285714285714,1.0,0.9904016064242844,1.0,20260819
calex_like,58,E-Ret,E-Ret,4,5,B,False,0.0011811126923940707,0.13844534080979798,0.03317805060566037,0.13844534080979798,0.15677874919094048,0.6542062287339613,0.03317805060566037,0.03317805060566037,0.10531888599336503,0.005362303716728856,0.06587281496264441,0.0410319006949474,0.12497128598449414,0.49172013521799024,0.003535003684952808,0.021074855242379953,0.4871938170571956,0.12497128598449414,1.4754348567182507,2.8200000000000003,0.9904016064242844,1.0,0.5714285714285714,1.0,0.9904016064242844,1.0,20260819
calex_like,59,F-Ren,F-Ren,5,1,A,False,0.005824193942725042,0.0,0.16512109074047288,0.0,0.8049932366505912,0.0,0.0,0.16512109074047288,0.0,0.026046408925326947,0.0,0.17338912946676055,0.4978171629852228,0.39033817861529113,0.3880758151876531,0.1019555990075437,0.12490910631891254,0.4978171629852228,3.4,2.8200000000000003,0.9904016064242844,1.0,1.3470604919674372,0.0,0.9904016064242844,1.0,20260819
calex_like,60,F-Ren,F-Ren,5,2,A,False,0.005824193942725042,0.0,0.16512109074047288,0.0,0.8049932366505912,0.0,0.0,0.16512109074047288,0.0,0.026046408925326947,0.0,0.17338912946676055,0.4978171629852228,0.39033817861529113,0.3880758151876531,0.1019555990075437,0.12490910631891254,0.4978171629852228,3.4,2.8200000000000003,0.9904016064242844,1.0,1.3470604919674372,0.0,0.9904016064242844,1.0,20260819
calex_like,61,F-Ren,F-Ren,5,3,A,False,0.005824193942725042,0.0,0.16512109074047288,0.0,0.8049932366505912,0.0,0.0,0.16512109074047288,0.0,0.026046408925326947,0.0,0.17338912946676055,0.4978171629852228,0.39033817861529113,0.3880758151876531,0.1019555990075437,0.12490910631891254,0.4978171629852228,3.4,2.8200000000000003,0.9904016064242844,1.0,1.3470604919674372,0.0,0.9904016064242844,1.0,20260819
calex_like,62,F-Ren,F-Ren,5,4,A,False,0.005824193942725042,0.0,0.16512109074047288,0.0,0.8049932366505912,0.0,0.0,0.16512109074047288,0.0,0.026046408925326947,0.0,0.17338912946676055,0.4978171629852228,0.39033817861529113,0.3880758151876531,0.1019555990075437,0.12490910631891254,0.4978171629852228,3.4,2.8200000000000003,0.9904016064242844,1.0,1.3470604919674372,0.0,0.9904016064242844,1.0,20260819
calex_like,63,F-Ren,F-Ren,5,5,A,False,0.005824193942725042,0.0,0.16512109074047288,0.0,0.8049932366505912,0.0,0.0,0.16512109074047288,0.0,0.026046408925326947,0.0,0.17338912946676055,0.4978171629852228,0.39033817861529113,0.3880758151876531,0.1019555990075437,0.12490910631891254,0.4978171629852228,3.4,2.8200000000000003,0.9904016064242844,1.0,1.3470604919674372,0.0,0.9904016064242844,1.0,20260819
hm3dq_like,0,Pre-Con,Pre-Con,0,1,A,False,0.0,0.0,0.0,0.0,0.0,0.0,0.0,0.0,0.0,0.0,0.0,0.0,0.00653119496947252,0.004036710768538954,0.3842523215571083,0.0,0.0,0.00653119496947252,,,0.0,0.0,,,0.0,0.0,20260819
hm3dq_like,1,F-Con,F-Con,1,1,A,True,0.08328698219138453,0.0,0.7998359770879381,0.0,0.9523716522139278,0.0,0.0,0.7998359770879381,0.0,0.27872687616858605,0.0,0.7165859895183705,0.00653119496947252,0.004036710768538954,0.3842523215571083,0.4215770703060906,0.0,0.00653119496947252,0.28,0.22,0.0,0.0,1.0,0.0,0.0,0.0,20260819
hm3dq_like,2,F-Con,F-Con,1,2,A,True,0.08328698219138453,0.0,0.7998359770879381,0.0,0.9523716522139278,0.0,0.0,0.7998359770879381,0.0,0.27872687616858605,0.0,0.5809773719640225,0.20091824478858633,0.004036710768538954,0.38339246276680483,0.4215770703060906,0.0,0.20091824478858633,0.3196005221444273,0.22,0.0,0.0,1.1414304362300973,0.0,0.0,0.0,20260819
hm3dq_like,3,F-Con,F-Con,1,3,A,True,0.08474756609711354,0.0,0.8103155951462515,0.0,0.9529586423813382,0.0,0.0,0.8103155951462515,0.0,0.2834107344521434,0.0,0.6214799987386012,0.39277771805901573,0.004036710768538954,0.3841122813893348,0.4286546895842237,0.0,0.39277771805901573,1.92421809064276,0.22,0.6563894360681201,0.0,1.35,0.0,0.6563894360681201,0.0,20260819
hm3dq_like,4,Ext1,E-Ext,2,1,B,True,0.0005381321593033173,0.0,0.020354350179140113,0.0,0.3372474414640464,0.0,0.0,0.020354350179140113,0.0,0.0013891633489639954,0.0,0.02584721971905842,0.07787072036602066,0.001109571691901623,0.0022237378174023497,0.003776367811482939,0.48524435617492145,0.07787072036602066,2.1957125324889537,0.22,1.0,0.0,1.0,1.0,1.0,0.0,20260819
hm3dq_like,5,Ext1,E-Ext,2,2,B,True,0.0005425895520413393,0.0,0.02052303526634458,0.0,0.3390946137454701,0.0,0.0,0.02052303526634458,0.0,0.0014006647245866644,0.0,0.02605596648591049,0.07849280609611564,0.001109571691901623,0.0022417283323483478,0.0038076243760650774,0.48524435617492145,0.07849280609611564,2.204883939888062,0.22,1.0,0.0,1.0,1.0,1.0,0.0,20260819
hm3dq_like,6,Ext1,E-Ext,2,3,B,True,0.0005467559737570848,0.0,0.02068071019096107,0.0,0.340811933905837,0.0,0.0,0.02068071019096107,0.0,0.0014114152330366725,0.0,0.026251008163085496,0.07907394819589299,0.001109571691901623,0.0022585381615465834,0.003836840217392501,0.48524435617492145,0.07907394819589299,2.2134237438973727,0.22,1.0,0.0,1.0,1.0,1.0,0.0,20260819
hm3dq_like,7,Ext1,E-Ext,2,4,B,True,0.0005506497555602952,0.0,0.020828068421456014,0.0,0.3424088412136606,0.0,0.0,0.020828068421456014,0.0,0.0014214621886980972,0.0,0.026433218305095815,0.07961676940751684,0.001109571691901623,0.0022742425012814895,0.003864143945427001,0.48524435617492145,0.07961676940751684,2.22137631172955,0.22,1.0,0.0,1.0,1.0,1.0,0.0,20260819
hm3dq_like,8,Ext1,E-Ext,2,5,B,True,0.0005542881693709756,0.0,0.020965763379282354,0.0,0.34389405163106723,0.0,0.0,0.020965763379282354,0.0,0.001430850170778153,0.0,0.026603418654094116,0.08012373520981111,0.004376223155211439,0.002288912095618402,0.003889656733019997,0.48247527005964946,0.08012373520981111,2.2287827777146454,0.22,1.0,0.0,1.0,1.0,1.0,0.0,20260819
hm3dq_like,9,Ext1,Ext1,2,6,B,True,0.0005576874744589455,0.0,0.021094410195329982,0.0,0.34527561732550166,0.0,0.0,0.021094410195329982,0.0,0.001439621143672909,0.0,0.026762381607376155,0.08059716154552242,0.008173600235887627,0.0023026134473436923,0.003913492643528693,0.47925921620304773,0.08059716154552242,2.2356812944044844,0.22,1.0,0.0,1.0,1.0,1.0,0.0,20260819
hm3dq_like,10,Ext1,Ext1,2,7,B,True,0.0005608629644576757,0.0,0.02121458748485816,0.0,0.3465609809117105,0.0,0.0,0.02121458748485816,0.0,0.0014478145785223884,0.0,0.02691083267272408,0.08103922246751688,0.014226018020126897,0.0023154090280623394,0.003935758961602254,0.47413997480398473,0.08103922246751688,2.2421072621134304,0.22,1.0,0.0,1.0,1.0,1.0,0.0,20260819
hm3dq_like,11,Ext1,Ext1,2,8,B,True,0.0005638290142722102,0.0,0.02132683911901334,0.0,0.3477570249075713,0.0,0.0,0.02132683911901334,0.0,0.0014554675744671286,0.0,0.02704945288818416,0.08145195763893633,0.022938041183819678,0.0023273574854143367,0.003956556523107779,0.46678600101604917,0.08145195763893633,2.2480935390146777,0.22,1.0,0.0,1.0,1.0,1.0,0.0,20260819
hm3dq_like,12,Ext1,Ext1,2,9,B,True,0.0005665991264329762,0.0,0.021431675975776776,0.0,0.34887011684700797,0.0,0.0,0.021431675975776776,0.0,0.0014626149784443543,0.0,0.02717888118845139,0.08183727963857622,0.03265499299917078,0.0023385138458524644,0.003975980041037608,0.4586053121059749,0.08183727963857622,2.253670633669482,0.22,1.0,0.0,1.0,1.0,1.0,0.0,20260819
hm3dq_like,13,Ext1,Ext1,2,10,B,True,0.0005691859765463159,0.0,0.021529577657063093,0.0,0.3499061504543201,0.0,0.0,0.021529577657063093,0.0,0.001469289502628257,0.0,0.027299716704536826,0.08219698103578282,0.03265499299917078,0.00234892971181645,0.003994118424965443,0.4586053121059749,0.08219698103578282,2.2588668816566404,0.22,1.0,0.0,1.0,1.0,1.0,0.0,20260819
hm3dq_like,14,Ext1,Ext1,2,11,B,True,0.0005716014575692929,0.0,0.021620994161856255,0.0,0.35087058324741816,0.0,0.0,0.021620994161856255,0.0,0.0014755218388227131,0.0,0.027412520987025124,0.08253274120961605,0.03265499299917078,0.00235865345244985,0.00401105509219446,0.4586053121059749,0.08253274120961605,2.2637086077864,0.22,1.0,0.0,1.0,1.0,1.0,0.0,20260819
hm3dq_like,15,Ext1,Ext1,2,12,B,True,0.0005738567227202562,0.0,0.02170634750785494,0.0,0.3517684709031242,0.0,0.0,0.02170634750785494,0.0,0.001481340769306505,0.0,0.02751782014615713,0.08284613289538047,0.03265499299917078,0.00236773038726186,0.00402686826922205,0.4586053121059749,0.08284613289538047,2.268220275222974,0.22,1.0,0.0,1.0,1.0,1.0,0.0,20260819
hm3dq_like,16,Ext1,Ext1,2,13,B,True,0.0005757752897544988,0.0,0.021778958382894675,0.0,0.3525303590894602,0.0,0.0,0.021778958382894675,0.0,0.0014862909497928012,0.0,0.02760738129895675,0.08311266257306973,0.0326603425632825,0.0023754507877355164,0.0040403205523342756,0.4586056072908861,0.08311266257306973,2.2720516403868127,0.22056909153304718,1.0,0.0006534418095531098,0.9998358659252687,1.0,1.0,0.0006534418095531098,20260819
hm3dq_like,17,Ext1,Ext1,2,14,B,True,0.0005773078794250042,0.0,0.021836961593607263,0.0,0.35313768708624227,0.0,0.0,0.021836961593607263,0.0,0.0014902452415220813,0.0,0.027678913014092036,0.08332552264924498,0.03267256316245587,0.0023816170731367184,0.004051066453581886,0.45860628161563,0.08332552264924498,2.275107784369603,0.2218636651226103,1.0,0.0021129206689477916,0.9994626931454139,1.0,1.0,0.0021129206689477916,20260819
hm3dq_like,18,Ext1,Ext1,2,15,B,True,0.0005784713340747372,0.0,0.02188099443699154,0.0,0.3535979768274604,0.0,0.0,0.02188099443699154,0.0,0.0014932471075115306,0.0,0.02773320897890988,0.08348708472982684,0.03269130325344001,0.002386297616914377,0.004059224098429182,0.4586073156852268,0.08348708472982684,2.2774252197439013,0.2238343588524995,1.0,0.004298381072643434,0.9988951569746544,1.0,1.0,0.004298381072643434,20260819
hm3dq_like,19,Ext1,Ext1,2,16,B,True,0.0005792836543848656,0.0,0.021911738085878985,0.0,0.3539189621115916,0.0,0.0,0.021911738085878985,0.0,0.001495342997295257,0.0,0.02777111475184248,0.08359987194532535,0.0327162570149925,0.002389565277044042,0.004064919724394489,0.4586086926289198,0.08359987194532535,2.2790419119016088,0.2264319100428216,1.0,0.007138065521181419,0.998148077314605,1.0,1.0,0.007138065521181419,20260819
hm3dq_like,20,Ext1,Ext1,2,17,B,True,0.0005797635087435582,0.0,0.021929899015932786,0.0,0.35410842524207653,0.0,0.0,0.021929899015932786,0.0,0.0014965810812839209,0.0,0.027793505123121266,0.08366649191889605,0.032747161208371664,0.002391495442888813,0.004068284242103037,0.4586103979267512,0.08366649191889605,2.2799964111097624,0.2296082268917417,1.0,0.010567671001852285,0.9972360566451329,1.0,1.0,0.010567671001852285,20260819
hm3dq_like,21,Ext1,Ext1,2,18,B,True,0.0005799298400341879,0.0,0.021936194119362096,0.0,0.3541740727092003,0.0,0.0,0.021936194119362096,0.0,0.001497010236492624,0.0,0.027801266034232608,0.08368958331496908,0.032783790872637546,0.0023921644749726402,0.004069450479447956,0.4586124191718951,0.08368958331496908,2.2803271789092894,0.2333171335586145,1.0,0.014529591731489197,0.9961732196690822,1.0,1.0,0.014529591731489197,20260819
hm3dq_like,22,Ext1,Ext1,2,19,B,True,0.0005798015545863677,0.0,0.021931338928325994,0.0,0.3541234423125817,0.0,0.0,0.021931338928325994,0.0,0.0014966792442534516,0.0,0.027795280328329064,0.08367177378237929,0.03282595467881839,0.0023916484750175935,0.00406855100183634,0.45861474581420675,0.08367177378237929,2.2800720734325504,0.23751486506613695,1.0,0.01897223934207215,0.9949730331480673,1.0,1.0,0.01897223934207215,20260819
hm3dq_like,23,Ext1,Ext1,2,20,B,True,0.0005793972799807978,0.0,0.02191603844438139,0.0,0.3539638354619275,0.0,0.0,0.02191603844438139,0.0,0.0014956361655686923,0.0,0.02777641669966215,0.0836156473979605,0.03287349043277035,0.0023900223318372195,0.0040657164151326475,0.4586173689120062,0.0836156473979605,2.2792679640044384,0.24216037211839506,1.0,0.023849432556456055,0.9936481883819291,1.0,1.0,0.023849432556456055,20260819
hm3dq_like,24,Ext1,Ext1,2,21,B,True,0.000578735180152834,0.0,0.02189098013695323,0.0,0.3537022695150822,0.0,0.0,0.02189098013695323,0.0,0.001493927864282485,0.0,0.027745521296401926,0.08352371997855938,0.03292626099198225,0.0023873589960854307,0.004061074070284887,0.45862028090672385,0.08352371997855938,2.2779504503088686,0.24721548298100632,1.0,0.029119849203474744,0.9922105320628084,1.0,1.0,0.029119849203474744,20260819
hm3dq_like,25,Ext1,Ext1,2,22,B,True,0.0005778328178420722,0.0,0.02185682873398953,0.0,0.3533454459487912,0.0,0.0,0.02185682873398953,0.0,0.0014915996523846564,0.0,0.027703411508523013,0.08339842086339924,0.03298415071548199,0.0023837289435142675,0.004054747099794254,0.4586234754269797,0.08339842086339924,2.276153665574958,0.25264495928589153,1.0,0.03474653415531671,0.990671033970287,1.0,1.0,0.03474653415531671,20260819
hm3dq_like,26,Ext1,Ext1,2,23,B,True,0.0005767070558529985,0.0,0.021814222481970957,0.0,0.35289973093705745,0.0,0.0,0.021814222481970957,0.0,0.001488695035429366,0.0,0.027650871541280708,0.0832420799764034,0.033047062474966915,0.00237919979230802,0.004046853726203392,0.45862694712364155,0.0832420799764034,2.273910146770249,0.2584164744706114,1.0,0.04069645743569307,0.989039782246607,1.0,1.0,0.04069645743569307,20260819
hm3dq_like,27,Ext1,Ext1,2,24,B,True,0.000575282693816348,0.0,0.02176031536925338,0.0,0.35233491343352963,0.0,0.0,0.02176031536925338,0.0,0.001485019982517044,0.0,0.027582012979230804,0.08304901909798777,0.03311491520192568,0.0023732701185335083,0.0040368666584346125,0.45863069153446945,0.08304901909798777,2.271093053068423,0.2645005371095549,0.9999209420771187,0.04694011734764183,0.9873259988696366,1.0,0.9999209420771187,0.04694011734764183,20260819
hm3dq_like,28,Ext1,Ext1,2,25,B,True,0.0005735910635605856,0.0,0.021696293283521295,0.0,0.35166283302981255,0.0,0.0,0.021696293283521295,0.0,0.0014806553290024338,0.0,0.027498759450476265,0.0828226351614879,0.03318764191729906,0.002366104603467695,0.004025005559739392,0.45863470497539316,0.0828226351614879,2.2677581945501535,0.27087037629592237,0.9997776957388137,0.05345118400897215,0.9855380694859499,1.0,0.9997776957388137,0.05345118400897215,20260819
hm3dq_like,29,Ext2,Ext2,3,1,B,True,0.0005716608041470561,0.0,0.021623240202956806,0.0,0.35089424268734376,0.0,0.0,0.021623240202956806,0.0,0.0014756749623872079,0.0,0.02740284819090119,0.08256607424171947,0.03326518817823816,0.0023578520301249816,0.004011471212126749,0.4586389844548135,0.08256607424171947,2.263956585090616,0.27750180221295073,0.9995830986681696,0.060206179166197804,0.9836835830293802,1.0,0.9995830986681696,0.060206179166197804,20260819
hm3dq_like,30,Ext2,Ext2,3,2,B,True,0.0005695171261643761,0.0,0.021542110349066834,0.0,0.35003853827696174,0.0,0.0,0.021542110349066834,0.0,0.0014701439242942316,0.0,0.027295778278112102,0.08228216391199573,0.03334751087453091,0.0023486408542863534,0.003996440358763009,0.4586435276072019,0.08228216391199573,2.2597332049714276,0.2843730518694326,0.9993474210116544,0.06718418858943463,0.9817693775769477,1.0,0.9993474210116544,0.06718418858943463,20260819
hm3dq_like,31,Ext2,Ext2,3,3,B,True,0.000567182309324954,0.0,0.02145374701685665,0.0,0.3491039693799619,0.0,0.0,0.02145374701685665,0.0,0.0014641196944563672,0.0,0.027178848722588425,0.0819734523466597,0.03343457731114695,0.00233858244373762,0.003980069193479263,0.45864833264249816,0.0819734523466597,2.255127875577789,0.29146462749219454,0.9990788788864422,0.0743666037361749,0.9798015897233163,1.0,0.9990788788864422,0.0743666037361749,20260819
hm3dq_like,32,Ext2,Ext2,3,4,B,True,0.0005646761158043523,0.0,0.0213588982169427,0.0,0.348097812014574,0.0,0.0,0.0213588982169427,0.0,0.0014576532572727618,0.0,0.027053189915200358,0.08164224141690378,0.03352636452019576,0.0023277737551743324,0.003962496259309445,0.4586533983081693,0.08164224141690378,2.250175984535651,0.2987591331264545,0.9987840451862725,0.08173688971589511,0.9777857054204744,1.0,0.9987840451862725,0.08173688971589511,20260819
hm3dq_like,33,Ext2,Ext2,3,5,B,True,0.0005620161347043018,0.0,0.021258229711420218,0.0,0.34702651074908714,0.0,0.0,0.021258229711420218,0.0,0.0014507899906183175,0.0,0.026919789604210664,0.08129061484899056,0.03362285875370357,0.0023162995472440526,0.003943844863951607,0.45865872386125517,0.08129061484899056,2.244909089062973,0.3062411134820267,0.9984681782261368,0.08928037689454926,0.9757266107598161,1.0,0.9984681782261368,0.08928037689454926,20260819
hm3dq_like,34,Ext2,Ext2,3,6,B,True,0.0005592180701300409,0.0,0.021152335916072462,0.0,0.3458957961164827,0.0,0.0,0.021152335916072462,0.0,0.001443570409150774,0.0,0.026779514377380537,0.08092046230810772,0.03372405511684389,0.002304234211920593,0.003924225099769529,0.4586643090481696,0.08092046230810772,2.239355419952977,0.3138968978900674,0.9981354846580281,0.0969840737522057,0.9736286415934955,1.0,0.9981354846580281,0.0969840737522057,20260819
hm3dq_like,35,Ext2,Ext2,3,7,B,True,0.0005562959830306413,0.0,0.021041749053040237,0.0,0.34471078203799005,0.0,0.0,0.021041749053040237,0.0,0.0014360307883053425,0.0,0.026633127456266274,0.08053350010692972,0.03382995730896575,0.002291643292397241,0.0039037355395464823,0.45867015409045625,0.08053350010692972,2.2335403043060493,0.32171445133049426,0.9977893298035413,0.10483649885206048,0.9714956312212569,1.0,0.9977893298035413,0.10483649885206048,20260819
hm3dq_like,36,Ext2,Ext2,3,8,B,True,0.0005532624950648213,0.0,0.02092694686635843,0.0,0.3434760470151427,0.0,0.0,0.02092694686635843,0.0,0.0014282036902971695,0.0,0.026481303467581818,0.08013128910658175,0.03394057744664586,0.002278584743792027,0.003882464665905472,0.45867625967507775,0.08013128910658175,2.2274865216678283,0.32968323379782527,0.9974324059199517,0.11282752999807227,0.9693309556250131,1.0,0.9974324059199517,0.11282752999807227,20260819
hm3dq_like,37,Ext2,Ext2,3,9,B,True,0.0005501289612043214,0.0,0.020808359154571687,0.0,0.34219570210204026,0.0,0.0,0.020808359154571687,0.0,0.001420118409456328,0.0,0.026324640737530068,0.07971525027220573,0.034055935948923775,0.0022651099829610007,0.003860492081517286,0.45868262694814277,0.07971525027220573,2.221214605446124,0.33779406874798285,0.9970668668130801,0.12094826885441934,0.9671375759304122,1.0,0.9970668668130801,0.12094826885441934,20260819
hm3dq_like,38,Ext2,Ext2,3,10,B,True,0.0005469056165511299,0.0,0.02068637332740042,0.0,0.34087344807702236,0.0,0.0,0.02068637332740042,0.0,0.0014118013510227012,0.0,0.026163671556155097,0.07928667826040767,0.03417606146982185,0.0022512647653822803,0.003837889538458872,0.4586892575112504,0.07928667826040767,2.214743099235098,0.3460390209747711,0.9966944355275829,0.1291909194754478,0.9649180779242972,1.0,0.9966944355275829,0.1291909194754478,20260819
hm3dq_like,39,Ext2,Ext2,3,11,B,True,0.0005436017018195516,0.0,0.020561339155077962,0.0,0.33951262376195207,0.0,0.0,0.020561339155077962,0.0,0.0014032763548922356,0.0,0.025998870777076903,0.07884675334735651,0.03430099086731288,0.002237089920163154,0.0038147218179735987,0.4586961534198506,0.07884675334735651,2.2080887758652614,0.3544112839737855,0.996316490499185,0.1375486793520354,0.9626747085688938,1.0,0.996316490499185,0.1375486793520354,20260819
hm3dq_like,40,Ext2,Ext2,3,12,B,True,0.0005402255711169923,0.0,0.0204335728478372,0.0,0.3381162470616443,0.0,0.0,0.0204335728478372,0.0,0.001394564973689394,0.0,0.025830663050763585,0.07839655195094773,0.034430769201146946,0.002222621968537712,0.003791047486114696,0.45870331718320884,0.07839655195094773,2.201266825537256,0.3629050766408174,0.9959341344764667,0.1460156417213367,0.960409409535694,1.0,0.9959341344764667,0.1460156417213367,20260819
hm3dq_like,41,Ext2,Ext2,3,13,B,True,0.0005367847849923058,0.0,0.020303360577744956,0.0,0.3366870499956505,0.0,0.0,0.020303360577744956,0.0,0.001385686712822909,0.0,0.02565942893438997,0.07793705595561147,0.034565449754492314,0.0022078936465363473,0.0037669195460652283,0.45871075176568776,0.07793705595561147,2.1942910182177737,0.3715155490034167,0.9955482496582921,0.15458670801347446,0.9581238478407157,1.0,0.9955482496582921,0.15458670801347446,20260819
hm3dq_like,42,Ext2,Ext2,3,14,B,True,0.0005332861911698794,0.0,0.020170961534558773,0.0,0.3352275087539314,0.0,0.0,0.020170961534558773,0.0,0.001376659238772282,0.0,0.02548551007629596,0.07746916101201655,0.034705094076348746,0.0021929343486948812,0.00374238600412391,0.45871846058918836,0.07746916101201655,2.187173844522809,0.3802386965839356,0.9951595418037524,0.16325750942245337,0.9558194437032892,1.0,0.9951595418037524,0.16325750942245337,20260819
hm3dq_like,43,Ext2,Ext2,3,15,B,True,0.0005297359949524294,0.0,0.020036610590618786,0.0,0.33373986961465263,0.0,0.0,0.020036610590618786,0.0,0.0013674985607164958,0.0,0.0253092136363213,0.0769936839544072,0.034849772043170496,0.0021777705065390337,0.003717490363256526,0.4587264475366571,0.0769936839544072,2.1799266385424563,0.3890712829288487,0.9947685755201207,0.17202433669077608,0.9534973957769266,1.0,0.9947685755201207,0.17202433669077608,20260819
hm3dq_like,44,Ext2,Ext2,3,16,B,True,0.0005261398209210899,0.0,0.019900520636263686,0.0,0.33222617140686317,0.0,0.0,0.019900520636263686,0.0,0.0013582191897071327,0.0,0.025130816073390592,0.0765113694542932,0.03499956193927778,0.002162425913039282,0.0036922720556087363,0.4587347169566395,0.0765113694542932,2.1725596854375557,0.3980107698035476,0.9943758024932152,0.18088407728915595,0.9511587039164852,1.0,0.9943758024932152,0.18088407728915595,20260819
hm3dq_like,45,Ext2,Ext2,3,17,B,True,0.0005225027672617344,0.0,0.019762884636278732,0.0,0.33068826507550775,0.0,0.0,0.019762884636278732,0.0,0.0013488342788193775,0.0,0.02495056640742818,0.07602289600966705,0.03515455055645902,0.002146922002166524,0.0036667668233398842,0.45874327366890233,0.07602289600966705,2.165082316132934,0.40705525453715835,0.9939815840716909,0.18983415925542418,0.9488041896534022,1.0,0.9939815840716909,0.18983415925542418,20260819
hm3dq_like,46,Ext2,Ext2,3,18,B,True,0.0005188294538213123,0.0,0.019623877448961324,0.0,0.3291278308050256,0.0,0.0,0.019623877448961324,0.0,0.0013393557471237383,0.0,0.024768689042938243,0.07552888135292225,0.035314833313772054,0.0021312780909915666,0.0036410070554843132,0.4587521229711836,0.07552888135292225,2.1575029910219765,0.41620341400276,0.9935862093344714,0.19887250103117943,0.9464345145523421,1.0,0.9935862093344714,0.19887250103117943,20260819
hm3dq_like,47,Ext2,Ext2,3,19,B,True,0.0005151240647980337,0.0,0.019483657442144753,0.0,0.3275463930760315,0.0,0.0,0.019483657442144753,0.0,0.0013297943898161746,0.0,0.0245853862255931,0.0750298873475982,0.03548051439897325,0.0021155115904142622,0.0036150220871995487,0.4587612706471434,0.0750298873475982,2.1498293742643466,0.42545445473042687,0.9931899095446959,0.20799746670178007,0.9440501966198055,1.0,0.9931899095446959,0.20799746670178007,20260819
hm3dq_like,48,Ext2,Ext2,3,20,B,True,0.0005113903868209091,0.0,0.019342367934619187,0.0,0.32594533396324454,0.0,0.0,0.019342367934619187,0.0,0.0013201599764485206,0.0,0.024400840190179268,0.07452642443331069,0.035651706933320156,0.0020996381894985905,0.0035888384666769024,0.45877072297561977,0.07452642443331069,2.142068399987827,0.43480806867045935,0.9927928697128754,0.21720782610568926,0.9416516249293808,1.0,0.9927928697128754,0.21720782610568926,20260819
hm3dq_like,49,Ext2,L-Ext,3,21,B,True,0.0005076318430379256,0.0,0.01920013848659452,0.0,0.32432590492912894,0.0,0.0,0.01920013848659452,0.0,0.0013104613388650321,0.0,0.024215215047737597,0.07401895566943009,0.03582853316170326,0.002083672017496031,0.0035624801940891127,0.45878048674129474,0.07401895566943009,2.1342263314847263,0.44426439414946695,0.992395237847419,0.22650271933362998,0.9392390726203708,1.0,0.992395237847419,0.22650271933362998,20260819
hm3dq_like,50,Ext2,L-Ext,3,22,B,True,0.0005038515237397734,0.0,0.019057086058932193,0.0,0.3226892373239582,0.0,0.0,0.019057086058932193,0.0,0.0013007064502023047,0.0,0.024028658451197064,0.07350790042075175,0.0360111246702306,0.0020676257869096386,0.003535968936234868,0.45879056924688993,0.07350790042075175,2.126308814313199,0.4538239815906716,0.9919971323550539,0.23588162518709846,0.9368127084172513,1.0,0.9919971323550539,0.23588162518709846,20260819
hm3dq_like,51,Ext2,L-Ext,3,23,B,True,0.0005000522139524399,0.0,0.01891331605767521,0.0,0.3210363517673894,0.0,0.0,0.01891331605767521,0.0,0.0012909024960634508,0.0,0.023841303071880385,0.07299363772236675,0.03619962263351379,0.0020515109203631788,0.003509324219939991,0.4588009783270162,0.07299363772236675,2.1183209240665852,0.4634877636004374,0.9915986479611618,0.2453443332100606,0.9343726068073915,1.0,0.9915986479611618,0.2453443332100606,20260819
hm3dq_like,52,Ext2,L-Ext,3,24,B,True,0.0004962364183668244,0.0,0.018768923277797,0.0,0.31936816655764616,0.0,0.0,0.018768923277797,0.0,0.001281055938829101,0.0,0.023653267913641085,0.07247650935591946,0.03639417809401478,0.002035337663561217,0.003482563606794553,0.45881172236381146,0.07247650935591946,2.110267209453072,0.4732570290545126,0.9911998604460481,0.25489091894760585,0.9319187570041235,1.0,0.9911998604460481,0.25489091894760585,20260819
hm3dq_like,53,Ext2,L-Ext,3,25,B,True,0.0004924063839170101,0.0,0.018623992757933028,0.0,0.3176855052304983,0.0,0.0,0.018623992757933028,0.0,0.0012711725758988157,0.0,0.02346465948682514,0.0719568226652205,0.036594952275937995,0.0020191151862331805,0.0034557028514062837,0.4588228103045017,0.0719568226652205,2.102151731228688,0.48313340084898826,0.9908008304339572,0.264521722121394,0.929451070811885,1.0,0.9908008304339572,0.264521722121394,20260819
hm3dq_like,54,E-Ret,E-Ret,4,1,B,False,0.0059032130247343995,0.0,0.06572461064593516,0.0,0.6216585735751026,0.0,0.0,0.06572461064593516,0.0,0.02639678260082079,0.0,0.07805425442752915,0.23370692131904539,0.050366955168369684,0.006742558399633284,0.041458831725412426,0.45958456465500647,0.23370692131904539,2.0939780974447055,0.4931188170119657,0.9904016064242844,0.2742373274442968,0.9269693895000327,1.0,0.9904016064242844,0.2742373274442968,20260819
hm3dq_like,55,E-Ret,E-Ret,4,2,B,False,0.0059032130247343995,0.0,0.06572461064593516,0.0,0.6216585735751026,0.0,0.0,0.06572461064593516,0.0,0.02639678260082079,0.0,0.07805425442752915,0.23370692131904539,0.050366955168369684,0.006742558399633284,0.041458831725412426,0.45958456465500647,0.23370692131904539,2.0939780974447055,0.4931188170119657,0.9904016064242844,0.2742373274442968,0.9269693895000327,1.0,0.9904016064242844,0.2742373274442968,20260819
hm3dq_like,56,E-Ret,E-Ret,4,3,B,False,0.0059032130247343995,0.0,0.06572461064593516,0.0,0.6216585735751026,0.0,0.0,0.06572461064593516,0.0,0.02639678260082079,0.0,0.07805425442752915,0.23370692131904539,0.050366955168369684,0.006742558399633284,0.041458831725412426,0.45958456465500647,0.23370692131904539,2.0939780974447055,0.4931188170119657,0.9904016064242844,0.2742373274442968,0.9269693895000327,1.0,0.9904016064242844,0.2742373274442968,20260819
hm3dq_like,57,E-Ret,E-Ret,4,4,B,False,0.0059032130247343995,0.0,0.06572461064593516,0.0,0.6216585735751026,0.0,0.0,0.06572461064593516,0.0,0.02639678260082079,0.0,0.07805425442752915,0.23370692131904539,0.050366955168369684,0.006742558399633284,0.041458831725412426,0.45958456465500647,0.23370692131904539,2.0939780974447055,0.4931188170119657,0.9904016064242844,0.2742373274442968,0.9269693895000327,1.0,0.9904016064242844,0.2742373274442968,20260819
hm3dq_like,58,E-Ret,E-Ret,4,5,B,False,0.0059032130247343995,0.0,0.06572461064593516,0.0,0.6216585735751026,0.0,0.0,0.06572461064593516,0.0,0.02639678260082079,0.0,0.07805425442752915,0.23370692131904539,0.050366955168369684,0.006742558399633284,0.041458831725412426,0.45958456465500647,0.23370692131904539,2.0939780974447055,0.4931188170119657,0.9904016064242844,0.2742373274442968,0.9269693895000327,1.0,0.9904016064242844,0.2742373274442968,20260819
hm3dq_like,59,F-Ren,F-Ren,5,1,A,False,0.01201271817952343,0.0,0.13479041291141958,0.0,0.7711544967842645,0.0,0.0,0.13479041291141958,0.0,0.05315213068639413,0.0,0.1469185797923684,0.42950783400305526,0.018921901963644794,0.3860487381226154,0.08377344146410226,0.00121259887175257,0.42950783400305526,3.042943163025346,0.4931188170119657,0.9904016064242844,0.2742373274442968,1.3470604919674372,0.0,0.9904016064242844,0.2742373274442968,20260819
hm3dq_like,60,F-Ren,F-Ren,5,2,A,False,0.01201271817952343,0.0,0.13479041291141958,0.0,0.7711544967842645,0.0,0.0,0.13479041291141958,0.0,0.05315213068639413,0.0,0.1469185797923684,0.42950783400305526,0.018921901963644794,0.3860487381226154,0.08377344146410226,0.00121259887175257,0.42950783400305526,3.042943163025346,0.4931188170119657,0.9904016064242844,0.2742373274442968,1.3470604919674372,0.0,0.9904016064242844,0.2742373274442968,20260819
hm3dq_like,61,F-Ren,F-Ren,5,3,A,False,0.01201271817952343,0.0,0.13479041291141958,0.0,0.7711544967842645,0.0,0.0,0.13479041291141958,0.0,0.05315213068639413,0.0,0.1469185797923684,0.42950783400305526,0.018921901963644794,0.3860487381226154,0.08377344146410226,0.00121259887175257,0.42950783400305526,3.042943163025346,0.4931188170119657,0.9904016064242844,0.2742373274442968,1.3470604919674372,0.0,0.9904016064242844,0.2742373274442968,20260819
hm3dq_like,62,F-Ren,F-Ren,5,4,A,False,0.01201271817952343,0.0,0.13479041291141958,0.0,0.7711544967842645,0.0,0.0,0.13479041291141958,0.0,0.05315213068639413,0.0,0.1469185797923684,0.42950783400305526,0.018921901963644794,0.3860487381226154,0.08377344146410226,0.00121259887175257,0.42950783400305526,3.042943163025346,0.4931188170119657,0.9904016064242844,0.2742373274442968,1.3470604919674372,0.0,0.9904016064242844,0.2742373274442968,20260819
hm3dq_like,63,F-Ren,F-Ren,5,5,A,False,0.01201271817952343,0.0,0.13479041291141958,0.0,0.7711544967842645,0.0,0.0,0.13479041291141958,0.0,0.05315213068639413,0.0,0.1469185797923684,0.42950783400305526,0.018921901963644794,0.3860487381226154,0.08377344146410226,0.00121259887175257,0.42950783400305526,3.042943163025346,0.4931188170119657,0.9904016064242844,0.2742373274442968,1.3470604919674372,0.0,0.9904016064242844,0.2742373274442968,20260819
hm4di_like,0,Pre-Con,Pre-Con,0,1,A,False,0.0,0.0,0.0,0.0,0.0,0.0,0.0,0.0,0.0,0.0,0.0,0.0,0.00653119496947252,0.004036710768538954,0.3842523215571083,0.0,0.0,0.00653119496947252,,,0.0,0.0,,,0.0,0.0,20260819
hm4di_like,1,F-Con,F-Con,1,1,A,True,0.08328698219138453,0.0,0.7998359770879381,0.0,0.9523716522139278,0.0,0.0,0.7998359770879381,0.0,0.27872687616858605,0.0,0.7165859895183705,0.00653119496947252,0.004036710768538954,0.3842523215571083,0.4215770703060906,0.0,0.00653119496947252,0.28,0.22,0.0,0.0,1.0,0.0,0.0,0.0,20260819
hm4di_like,2,F-Con,F-Con,1,2,A,True,0.08328698219138453,0.0,0.7998359770879381,0.0,0.9523716522139278,0.0,0.0,0.7998359770879381,0.0,0.27872687616858605,0.0,0.5809773719640225,0.20091824478858633,0.004036710768538954,0.38339246276680483,0.4215770703060906,0.0,0.20091824478858633,0.3196005221444273,0.22,0.0,0.0,1.1414304362300973,0.0,0.0,0.0,20260819
hm4di_like,3,F-Con,F-Con,1,3,A,True,0.08474756609711354,0.0,0.8103155951462515,0.0,0.9529586423813382,0.0,0.0,0.8103155951462515,0.0,0.2834107344521434,0.0,0.6214799987386012,0.39277771805901573,0.004036710768538954,0.3841122813893348,0.4286546895842237,0.0,0.39277771805901573,1.92421809064276,0.22,0.6563894360681201,0.0,1.35,0.0,0.6563894360681201,0.0,20260819
hm4di_like,4,Ext1,E-Ext,2,1,B,True,0.01884326598699848,0.0,0.11055530116449008,0.0,0.7343168942533762,0.0,0.0,0.11055530116449008,0.0,0.08954937812381714,0.0,0.12555066176984447,0.36085973322334025,0.0063006991581587846,0.010883463369899659,0.10205875596544434,0.48524435617492145,0.36085973322334025,2.1957125324889537,0.22,1.0,0.0,1.0,1.0,1.0,0.0,20260819
hm4di_like,5,Ext1,E-Ext,2,2,B,True,0.021091171660070906,0.0,0.1240718607401119,0.0,0.7562043861783248,0.0,0.0,0.1240718607401119,0.0,0.09985925931718376,0.0,0.13857237275159187,0.39545371004124646,0.0063006991581587846,0.012026036687688632,0.11403788097047107,0.48524435617492145,0.39545371004124646,2.334775896789571,0.22,1.0,0.0,1.0,1.0,1.0,0.0,20260819
hm4di_like,6,Ext1,E-Ext,2,3,B,True,0.02345998393665072,0.0,0.13839401448949273,0.0,0.7757772304498705,0.0,0.0,0.13839401448949273,0.0,0.11063798647057799,0.0,0.15186801563858798,0.4301242562030883,0.0063006991581587846,0.013195960439815448,0.1266142050452086,0.48524435617492145,0.4301242562030883,2.4758115600195465,0.22,1.0,0.0,1.0,1.0,1.0,0.0,20260819
hm4di_like,7,Ext1,E-Ext,2,4,B,True,0.025942192714248136,0.0,0.1534893410705871,0.0,0.7932702660586995,0.0,0.0,0.1534893410705871,0.0,0.12183847154802108,0.0,0.16533908767275296,0.46454652860614026,0.008661172888445494,0.014384969131214391,0.13974002642525618,0.4832406268570432,0.46454652860614026,2.618657437614809,0.22,1.0,0.0,1.0,1.0,1.0,0.0,20260819
hm4di_like,8,Ext1,E-Ext,2,5,B,True,0.02852672927168931,0.0,0.1693033895464383,0.0,0.8088898603759822,0.0,0.0,0.1693033895464383,0.0,0.13339835305661718,0.0,0.17887391366018063,0.49837752985780176,0.012704235884775091,0.015583570078252902,0.15334904697948515,0.47981142648490094,0.49837752985780176,2.7630185504835474,0.22,1.0,0.0,1.0,1.0,1.0,0.0,20260819
hm4di_like,9,Ext1,Ext1,2,6,B,True,0.03119886220962209,0.0,0.1857582084425624,0.0,0.8228192884947666,0.0,0.0,0.1857582084425624,0.0,0.14524041050079606,0.0,0.1923512585429152,0.5312713913494056,0.02002790290050874,0.016781329241857417,0.1673563262574954,0.47360902453588805,0.5312713913494056,2.9084719816399227,0.22,1.0,0.0,1.0,1.0,1.0,0.0,20260819
hm4di_like,10,Ext1,Ext1,2,7,B,True,0.033940370205623904,0.0,0.20275247656689532,0.0,0.8352231022904634,0.0,0.0,0.20275247656689532,0.0,0.15727426827769864,0.0,0.20564533383019434,0.5628972480479477,0.03143919864097828,0.017967282909552625,0.18165974994884593,0.4639697223088988,0.5628972480479477,3.054478352105308,0.22,1.0,0.0,1.0,1.0,1.0,0.0,20260819
hm4di_like,11,Ext1,Ext1,2,8,B,True,0.03670899153181717,0.0,0.22011519042390892,0.0,0.8462219759837474,0.0,0.0,0.22011519042390892,0.0,0.16930262963086562,0.0,0.21859658560364137,0.59287739586133,0.047304639149071646,0.019127284393017988,0.19606320130316957,0.4506204402206624,0.59287739586133,3.200400353748785,0.22,1.0,0.0,1.0,1.0,1.0,0.0,20260819
hm4di_like,12,Ext1,Ext1,2,9,B,True,0.03418516945928407,0.0,0.22011519042390892,0.0,0.8462219759837474,0.0,0.0,0.22011519042390892,0.0,0.15723817637107462,0.0,0.21859658560364137,0.59287739586133,0.04894586913282374,0.019127284393017988,0.18833662394064632,0.4489934400318876,0.59287739586133,3.2800000000000002,0.22,1.0,0.0,1.0,1.0,1.0,0.0,20260819
hm4di_like,13,Ext1,Ext1,2,10,B,True,0.034219984868735676,0.0,0.22011519042390892,0.0,0.8462219759837474,0.0,0.0,0.22011519042390892,0.0,0.1574052115862411,0.0,0.21859658560364137,0.59287739586133,0.04900979581923443,0.019127284393017988,0.18844539609950106,0.44899842598240813,0.59287739586133,3.278848771164611,0.2212171731323652,1.0,0.0013863242880154188,0.9996490155989667,1.0,1.0,0.0013863242880154188,20260819
hm4di_like,14,Ext1,Ext1,2,11,B,True,0.034301990528895265,0.0,0.22011519042390892,0.0,0.8462219759837474,0.0,0.0,0.22011519042390892,0.0,0.15779858566738558,0.0,0.21859658560364137,0.59287739586133,0.049161834491797396,0.019127284393017988,0.18870135088192552,0.449010284498973,0.59287739586133,3.276143349687334,0.2240809328704084,1.0,0.004541866245517803,0.9988241919778457,1.0,1.0,0.004541866245517803,20260819
hm4di_like,15,Ext1,Ext1,2,12,B,True,0.034429559207697524,0.0,0.22011519042390892,0.0,0.8462219759837474,0.0,0.0,0.22011519042390892,0.0,0.15841033304081087,0.0,0.21859658560364137,0.59287739586133,0.04940242820903798,0.019127284393017988,0.1890988168536798,0.4490290508448313,0.59287739586133,3.2719520560591864,0.22852687891411966,1.0,0.009297812310637381,0.9975463585546299,1.0,1.0,0.009297812310637381,20260819
hm4di_like,16,Ext1,Ext1,2,13,B,True,0.034600937836892665,0.0,0.22011519042390892,0.0,0.8462219759837474,0.0,0.0,0.22011519042390892,0.0,0.1592318070124733,0.0,0.21859658560364137,0.59287739586133,0.04973346188885408,0.019127284393017988,0.1896314500833537,0.4490548731784616,0.59287739586133,3.266354183621879,0.23448265990708742,1.0,0.015506952908130815,0.9958396901286215,1.0,1.0,0.015506952908130815,20260819
hm4di_like,17,Ext1,Ext1,2,14,B,True,0.03481440203729347,0.0,0.22011519042390892,0.0,0.8462219759837474,0.0,0.0,0.22011519042390892,0.0,0.16025443216730284,0.0,0.21859658560364137,0.59287739586133,0.0501583050054957,0.019127284393017988,0.19029276614150337,0.44908801594560754,0.59287739586133,3.2594335760322197,0.24187402650138698,1.0,0.023041622573175206,0.9937297487903108,1.0,1.0,0.023041622573175206,20260819
hm4di_like,18,Ext1,Ext1,2,15,B,True,0.03506836925118262,0.0,0.22011519042390892,0.0,0.8462219759837474,0.0,0.0,0.22011519042390892,0.0,0.16147025609478993,0.0,0.21859658560364137,0.59287739586133,0.05068182251482982,0.019127284393017988,0.191076536253029,0.4491288608309015,0.59287739586133,3.2512737244258925,0.25062935650175866,1.0,0.03179192523400377,0.9912419891542354,1.0,1.0,0.03179192523400377,20260819
hm4di_like,19,Ext1,Ext1,2,16,B,True,0.03536148339852996,0.0,0.22011519042390892,0.0,0.8462219759837474,0.0,0.0,0.22011519042390892,0.0,0.1628723615054315,0.0,0.21859658560364137,0.59287739586133,0.05131039721189399,0.019127284393017988,0.19197708405653147,0.4491779086429045,0.59287739586133,3.2419540616639675,0.2606830521725178,1.0,0.04166421672014213,0.9884006285560876,1.0,1.0,0.04166421672014213,20260819
hm4di_like,20,Ext1,Ext1,2,17,B,True,0.03569268072799614,0.0,0.22011519042390892,0.0,0.8462219759837474,0.0,0.0,0.22011519042390892,0.0,0.16445518462538133,0.0,0.21859658560364137,0.59287739586133,0.05205199210874896,0.019127284393017988,0.19298951115963447,0.4492357843700844,0.59287739586133,3.2315471869294408,0.2719781213956344,1.0,0.052579819966010896,0.9852278008931221,1.0,1.0,0.052579819966010896,20260819
hm4di_like,21,Ext1,Ext1,2,18,B,True,0.036061244241040624,0.0,0.2201151904239088,0.0,0.8462219759837474,0.0,0.0,0.2201151904239088,0.0,0.1662147749390247,0.0,0.21859658560364134,0.5928773958613298,0.05291627313188081,0.019127284393017984,0.1941098735856085,0.4493032470039839,0.5928773958613298,3.2201167986248262,0.2844681889145315,1.0,0.06447395296696182,0.9817429264100079,1.0,1.0,0.06447395296696182,20260819
hm4di_like,22,Ext1,Ext1,2,19,B,True,0.03646685253145909,0.0,0.22011519042390892,0.0,0.8462219759837474,0.0,0.0,0.22011519042390892,0.0,0.16814902400553278,0.0,0.21859658560364137,0.59287739586133,0.053914808872161255,0.019127284393017988,0.19533532687060728,0.44938120545471605,0.59287739586133,3.2077161488283226,0.29811913703358045,1.0,0.07729485475594247,0.9779622404964398,1.0,1.0,0.07729485475594247,20260819
hm4di_like,23,Ext1,Ext1,2,20,B,True,0.036614196157967904,0.0,0.21943822553262204,0.0,0.8458207154405227,0.0,0.0,0.21943822553262204,0.0,0.16889838195174123,0.0,0.21810326297035604,0.5917510199158678,0.055021131935899845,0.019083010854495666,0.1955432074407627,0.4494675997011931,0.5917510199158678,3.1943868599158276,0.3129105433918189,1.0,0.09100310025136929,0.9738984329011668,1.0,1.0,0.09100310025136929,20260819
hm4di_like,24,Ext1,Ext1,2,21,B,True,0.03634050342647477,0.0,0.2177251908642911,0.0,0.8447959244268731,0.0,0.0,0.2177251908642911,0.0,0.1677136437103819,0.0,0.21685075797542025,0.5888856049655022,0.05621401912991726,0.018970636169780133,0.19412515818125564,0.44956077809196665,0.5888856049655022,3.180162269331145,0.3288322241676548,1.0,0.10556895516549186,0.9695616674790076,1.0,1.0,0.10556895516549186,20260819
hm4di_like,25,Ext1,Ext1,2,22,B,True,0.03605053435990635,0.0,0.2159115521680428,0.0,0.8436959970695882,0.0,0.0,0.2159115521680428,0.0,0.16645718001471765,0.0,0.21551815869565547,0.5858281096795539,0.05755534394380871,0.018851125727026984,0.19262201389123645,0.44966558128584755,0.5858281096795539,3.165069346954795,0.3458823173253321,1.0,0.12097027509453631,0.9649601667545106,1.0,1.0,0.12097027509453631,20260819
hm4di_like,26,Ext1,Ext1,2,23,B,True,0.03574461761725378,0.0,0.2139995805186634,0.0,0.8425194249599918,0.0,0.0,0.2139995805186634,0.0,0.1651301970316672,0.0,0.2141059971774258,0.5825781759521058,0.05905927147642345,0.018724536084596507,0.19103534855147197,0.4497831272621267,0.5825781759521058,3.149120644303451,0.36407676014851265,1.0,0.1371950462364556,0.9600977574095887,1.0,1.0,0.1371950462364556,20260819
hm4di_like,27,Ext1,Ext1,2,24,B,True,0.03541779255359889,0.0,0.21195853311684265,0.0,0.8412437177452113,0.0,0.0,0.21195853311684265,0.0,0.16371091229811596,0.0,0.21257023530421432,0.579102774646652,0.06074242279011732,0.018586982145244752,0.18933927611808188,0.44991472896183093,0.579102774646652,3.132089815792254,0.3834477722427835,0.9999209420771187,0.15424112775386398,0.9549744849664061,1.0,0.9999209420771187,0.15424112775386398,20260819
hm4di_like,28,Ext1,Ext1,2,25,B,True,0.0350709827888267,0.0,0.20979448504497133,0.0,0.8398683622146474,0.0,0.0,0.20979448504497133,0.0,0.16220302510029272,0.0,0.21091798189383665,0.5754015646227539,0.06262438486898486,0.01843910503415214,0.18753840493340435,0.4500619350520643,0.5754015646227539,3.1140103615216264,0.40404523937699555,0.9997776957388137,0.1721161508769319,0.9495864795377819,1.0,0.9997776957388137,0.1721161508769319,20260819
hm4di_like,29,Ext2,Ext2,3,1,B,True,0.034704720961237334,0.0,0.20751107318482465,0.0,0.83839106879016,0.0,0.0,0.20751107318482465,0.0,0.16060853208495007,0.0,0.20915392552452802,0.5714705211048818,0.06472835210190259,0.018281330526593285,0.18563531224673313,0.4502265812901569,0.5714705211048818,3.0948959868040458,0.4259384681356535,0.9995830986681696,0.19083758626825978,0.9439257800453034,1.0,0.9995830986681696,0.19083758626825978,20260819
hm4di_like,30,Ext2,Ext2,3,2,B,True,0.034319106941288924,0.0,0.20510924479516313,0.0,0.8368074609612222,0.0,0.0,0.20510924479516313,0.0,0.15892753607185495,0.0,0.2072799700193409,0.5673014705677232,0.06708193554373776,0.018113837063898044,0.1836303216237044,0.45041085544997583,0.5673014705677232,3.0747383916750004,0.4492184453663163,0.9993474210116544,0.21043299703374999,0.9379800945056349,1.0,0.9993474210116544,0.21043299703374999,20260819
hm4di_like,31,Ext2,Ext2,3,3,B,True,0.0339138290931299,0.0,0.20258740150707522,0.0,0.8351109754608036,0.0,0.0,0.20258740150707522,0.0,0.15715832689873155,0.0,0.20529542367381245,0.5628819452969288,0.06971818998366094,0.017936572838876966,0.18152160653552962,0.4506173799078369,0.5628819452969288,3.053507793769645,0.4740007671177645,0.9990788788864422,0.23094050197268584,0.9317324722947864,1.0,0.9990788788864422,0.23094050197268584,20260819
hm4di_like,32,Ext2,Ext2,3,4,B,True,0.033488172534919314,0.0,0.19994146358580067,0.0,0.8332926731286008,0.0,0.0,0.19994146358580067,0.0,0.15529740424089633,0.0,0.20319709419491783,0.5581949001725022,0.07267692789812259,0.017749264592743848,0.17930522560149442,0.45084931756302826,0.5581949001725022,3.0311527622735155,0.500429447382307,0.9987840451862725,0.2524094828165325,0.9251608608781361,1.0,0.9987840451862725,0.2524094828165325,20260819
hm4di_like,33,Ext2,Ext2,3,5,B,True,0.033041014228822,0.0,0.19716485394046535,0.0,0.831340945610596,0.0,0.0,0.19716485394046535,0.0,0.15333944109992026,0.0,0.20097929075610194,0.5532182714265029,0.07600641609307299,0.01755141824869616,0.17697508828433606,0.4511105089938064,0.5532182714265029,3.007599317043552,0.5286818832126796,0.9984681782261368,0.2749015811305502,0.9182375139316489,1.0,0.9984681782261368,0.2749015811305502,20260819
hm4di_like,34,Ext2,Ext2,3,6,B,True,0.03257080412778457,0.0,0.19424839782257852,0.0,0.8292410946165946,0.0,0.0,0.19424839782257852,0.0,0.15127718379075272,0.0,0.19863372989552697,0.5479243474069893,0.07976558888653865,0.01734231110716854,0.17452284656650352,0.4514056519379358,0.5479243474069893,2.982749208196056,0.5589753483974577,0.9981354846580281,0.2984920463936746,0.9109282094701316,1.0,0.9981354846580281,0.2984920463936746,20260819
hm4di_like,35,Ext2,Ext2,3,7,B,True,0.03207553091396509,0.0006427252778998804,0.19118013012053447,0.0006427252778998804,0.8246819744841501,0.002772484519678732,0.0006427252778998804,0.19118013012053447,0.000472317163685565,0.14910128094206587,0.00030212031512732995,0.19614933665641937,0.5422789089274371,0.08402696660393744,0.01712097486972604,0.17193770436923972,0.4517405388214103,0.5422789089274371,2.956477243107772,0.5915755261584386,0.9977893298035413,0.3232715181676128,0.903191224656685,1.0,0.9977893298035413,0.3232715181676128,20260819
hm4di_like,36,Ext2,Ext2,3,8,B,True,0.031552670036404606,0.0008104441530641937,0.18794499737742332,0.0008104441530641937,0.8215979306108652,0.003542840981801,0.0008104441530641937,0.18794499737742332,0.000595592506959286,0.14680003001690467,0.0003809640628512634,0.19351192598751693,0.5362400803429499,0.0888805485153367,0.016886168209381068,0.16920613195117573,0.4521223748949113,0.5362400803429499,2.928627465327972,0.626807792797837,0.9974324059199517,0.34934835458925473,0.894975997117049,1.0,0.9974324059199517,0.34934835458925473,20260819
hm4di_like,37,Ext2,Ext2,3,9,B,True,0.030999110739009295,0.0010228830718135296,0.18452443584556444,0.0010228830718135296,0.8181185071552948,0.004535115188792069,0.0010228830718135296,0.18452443584556444,0.0007517521032641694,0.1443590248696901,0.0004808337835320309,0.19070374146761554,0.529756810386351,0.09443906846617425,0.016636336921403,0.16631146692736487,0.45256020976797473,0.529756810386351,2.899007907095661,0.6650722609044953,0.9970668668130801,0.3768516601639701,0.8862213789965669,1.0,0.9970668668130801,0.3768516601639701,20260819
hm4di_like,38,Ext2,Ext2,3,10,B,True,0.030411057504497352,0.001293681388498391,0.18089579974077818,0.001293681388498391,0.8141510517121534,0.005822424094620789,0.001293681388498391,0.18089579974077818,0.000950834017637181,0.14176068154450172,0.0006081442361078881,0.18770281822519894,0.5227668717452039,0.10084518029682285,0.01636955881489321,0.16323337653158043,0.4530655306663165,0.5227668717452039,2.867383525337345,0.7068640333535994,0.9966944355275829,0.4059352232118883,0.8768533570888666,1.0,0.9966944355275829,0.4059352232118883,20260819
hm4di_like,39,Ext2,Ext2,3,11,B,True,0.029783899770169486,0.001641524096215874,0.17703160512503024,0.001641524096215874,0.8095718287632662,0.007506748095030162,0.001641524096215874,0.17703160512503024,0.0012065950481338072,0.13898361153719063,0.0007716844252462218,0.1844821236722921,0.5151942273557242,0.10828141190452797,0.016083469373744115,0.1599471469573125,0.45365308967622586,0.5151942273557242,2.8334667782883898,0.7528007894874231,0.996316490499185,0.43678265519947057,0.8667820665304857,1.0,0.996316490499185,0.43678265519947057,20260819
hm4di_like,40,Ext2,Ext2,3,12,B,True,0.029112041874592376,0.0020924154120838256,0.17289854452406273,0.0020924154120838256,0.8042130914500522,0.009732573931040095,0.0020924154120838256,0.17289854452406273,0.0015381901298756606,0.13600180183604516,0.0009836882980009953,0.18100841244823573,0.5069455556560187,0.11698414423275671,0.01577516275234158,0.15642275485644908,0.45434207466008636,0.5069455556560187,2.79690509029835,0.8036608558927445,0.9959341344764667,0.46961414261683276,0.8558978619279836,1.0,0.9959341344764667,0.46961414261683276,20260819
hm4di_like,41,Ext2,Ext2,3,13,B,True,0.02838868305291553,0.0026831867274801358,0.16845621617594542,0.0026831867274801358,0.7978435756635947,0.012708128802975805,0.0026831867274801358,0.16845621617594542,0.0019727665379268844,0.1327835493672792,0.0012614874285146183,0.17724071002433375,0.49790565242498,0.12726351810685863,0.015441060820541216,0.15262366366685343,0.45515779281991203,0.49790565242498,2.7572641658453145,0.8604365276480896,0.9955482496582921,0.5046953956441532,0.8440661221917648,1.0,0.9955482496582921,0.5046953956441532,20260819
hm4di_like,42,Ext2,Ext2,3,14,B,True,0.02760553527241416,0.0034670360946409406,0.16365550217712677,0.0034670360946409406,0.790138550554033,0.01673905758190258,0.0034670360946409406,0.16365550217712677,0.002549566558913252,0.12929008529689445,0.0016301222030298268,0.17312831293027642,0.48793133040689723,0.13953217749382046,0.015076740764787419,0.14850527511518397,0.4561341309394827,0.48793133040689723,2.7140057284223382,0.9244099758304152,0.9951595418037524,0.5423496355575336,0.8311203470457669,1.0,0.9951595418037524,0.5423496355575336,20260819
hm4di_like,43,Ext2,Ext2,3,15,B,True,0.026752465825742866,0.004522500904701521,0.15843652842034195,0.004522500904701521,0.7806330614963785,0.022282826833284825,0.004522500904701521,0.15843652842034195,0.0033265857091250295,0.12547381621328468,0.002126574256354208,0.16860816565263342,0.4768433228437864,0.1543473143944212,0.0146767094850262,0.14401295926162905,0.45731720990493135,0.4768433228437864,2.666457762053042,0.9972632440636489,0.9947685755201207,0.582973849875134,0.8168529498806228,1.0,0.9947685755201207,0.582973849875134,20260819
hm4di_like,44,Ext2,Ext2,3,16,B,True,0.02581705450597449,0.005968400749746805,0.1527261624782129,0.005968400749746805,0.7686479186800503,0.030038067739676075,0.005968400749746805,0.1527261624782129,0.004391689476379468,0.12127611589641552,0.0028068214984046103,0.16360145610059112,0.4644155857846279,0.17247283641212213,0.01423411171350029,0.13907959848861962,0.4587708991720365,0.4644155857846279,2.613774747813347,1.0812407102255983,0.9943758024932152,0.6270611307188623,0.8010029708990611,1.0,0.9943758024932152,0.6270611307188623,20260819
hm4di_like,45,Ext2,Ext2,3,17,B,True,0.024784068170067508,0.00798948454402404,0.14643509184949455,0.00798948454402404,0.7531717160751709,0.04109297647563438,0.00798948454402404,0.14643509184949455,0.005881759311373025,0.11662465134096767,0.003757961910700547,0.15800929489650234,0.4503613627302704,0.19497182432792654,0.013740361246640631,0.1336226451281205,0.46058525095470043,0.4503613627302704,2.5548848640857957,1.179393896754683,0.9939815840716909,0.6752318034594236,0.7832397720258328,1.0,0.9939815840716909,0.6752318034594236,20260819
hm4di_like,46,Ext2,Ext2,3,18,B,True,0.023634893169749427,0.010881895016789489,0.13945476184237637,0.010881895016789489,0.732674221264493,0.057171830147469876,0.010881895016789489,0.13945476184237637,0.0080167949534522,0.11143038704075459,0.0051197420453164,0.15170749121941746,0.4343156401288601,0.22334339598359132,0.01318469818934807,0.12754088702706468,0.46288950676977936,0.4343156401288601,2.4884211576883555,1.295957964545722,0.9935862093344714,0.7282773973683256,0.7631417843436125,1.0,0.9935862093344714,0.7282773973683256,20260819
hm4di_like,47,Ext2,Ext2,3,19,B,True,0.022347061594260142,0.015136524737659474,0.13165503530148048,0.015136524737659474,0.7048232547225032,0.08103430762336261,0.015136524737659474,0.13165503530148048,0.011162867036588309,0.10558483762515469,0.0071241245390686325,0.14454091426445023,0.4158147528135163,0.2597197387032817,0.01255371752530686,0.12071161882931158,0.46587208535756475,0.4158147528135163,2.412635731928408,1.436942042427431,0.9931899095446959,0.7872234730114349,0.7401700018055497,1.0,0.9931899095446959,0.7872234730114349,20260819
hm4di_like,48,Ext2,Ext2,3,20,B,True,0.0208942330504438,0.0215969938846442,0.12288478724411911,0.0215969938846442,0.6661079836298244,0.11706843761211347,0.0215969938846442,0.12288478724411911,0.01595264489576098,0.0989591785663273,0.010170550141528234,0.13631922239642624,0.39427731903395224,0.3071263960048579,0.011831027907644474,0.11299012412079357,0.4698103826594827,0.39427731903395224,2.3253038865981237,1.611069380988588,0.9927928697128754,0.8534199284265188,0.7136383353599394,1.0,0.9927928697128754,0.8534199284265188,20260819
hm4di_like,49,Ext2,L-Ext,3,21,B,True,0.10326137589196449,0.031767586175774576,0.1129806147580138,0.031767586175774576,0.6115383759461059,0.17195072003521003,0.031767586175774576,0.1129806147580138,0.023524106395671485,0.0914092084522341,0.014973478845236032,0.12681894808576877,0.36899975359486004,0.369739858076774,0.010997478601991111,0.10421610323408059,0.47511096282499954,0.36899975359486004,2.223648640471432,1.8312835700604428,0.992395237847419,0.9286699172670219,0.6826901613949325,1.0,0.992395237847419,0.9286699172670219,20260819
hm4di_like,50,Ext2,L-Ext,3,22,B,True,0.0967305450843724,0.04598149886883751,0.10283794108513622,0.04598149886883751,0.5446364056063496,0.24352100016844597,0.04598149886883751,0.10283794108513622,0.03416977082654604,0.0836023982209505,0.021700200125156943,0.11683976563112916,0.34204510561980733,0.4444518207984406,0.010123620915787189,0.09517102484942697,0.4816064251561197,0.34204510561980733,2.11573257498637,2.088335013889272,0.9919971323550539,1.0,0.6497967337669929,1.0,0.9919971323550539,1.0,20260819
hm4di_like,51,Ext2,L-Ext,3,23,B,True,0.09246158079865785,0.05276001859798862,0.09694491338838673,0.05276001859798862,0.511030010518384,0.278116219992519,0.05276001859798862,0.09694491338838673,0.03927322676359679,0.07903139636856726,0.024914053853561935,0.1109016795918579,0.3259120402433635,0.4925440734806298,0.009604495970475463,0.08988785582489123,0.4859029895919039,0.3259120402433635,2.0510621193124345,2.2545282992104196,0.9915986479611618,1.0,0.6301661163019618,1.0,0.9915986479611618,1.0,20260819
hm4di_like,52,Ext2,L-Ext,3,24,B,True,0.08701812693977007,0.060477832862006364,0.09112769276697663,0.060477832862006364,0.4756005468413918,0.3156372065130999,0.060477832862006364,0.09112769276697663,0.04510498171604527,0.07449369726928434,0.02857792107596835,0.10495453591026618,0.30961030753230695,0.5433941858091774,0.00908515392524981,0.08465251806077234,0.49056227701472405,0.30961030753230695,1.9855802847809427,2.4338617419591912,0.9911998604460481,1.0,0.6102718650966604,1.0,0.9911998604460481,1.0,20260819
hm4di_like,53,Ext2,L-Ext,3,25,B,True,0.08167240671640463,0.06920085271696952,0.08542819877095831,0.06920085271696952,0.4389283003635103,0.3555525353894139,0.06920085271696952,0.08542819877095831,0.05172356632301778,0.07002313358969703,0.032724990838608026,0.09904419681935607,0.29327006046133886,0.5960945892379593,0.008569581270724836,0.07950369665322765,0.49554015761248865,0.29327006046133886,1.919672719840243,2.6267278899419915,0.9908008304339572,1.0,0.5902322129484769,1.0,0.9908008304339572,1.0,20260819
hm4di_like,54,E-Ret,E-Ret,4,1,B,False,0.04598548964666982,0.05282170040059242,0.05208992303432969,0.05282170040059242,0.35945993702653245,0.36450975531520385,0.05208992303432969,0.05208992303432969,0.0393197455966644,0.02099680375731694,0.02494331623551982,0.06292045337997726,0.18975010421168018,0.49296673383275613,0.005429159942331188,0.03295419707705827,0.48594119955621146,0.18975010421168018,1.8576111492601284,2.8200000000000003,0.9904016064242844,1.0,0.5714285714285714,1.0,0.9904016064242844,1.0,20260819
hm4di_like,55,E-Ret,E-Ret,4,2,B,False,0.04598548964666982,0.05282170040059242,0.05208992303432969,0.05282170040059242,0.35945993702653245,0.36450975531520385,0.05208992303432969,0.05208992303432969,0.0393197455966644,0.02099680375731694,0.02494331623551982,0.06292045337997726,0.18975010421168018,0.49296673383275613,0.005429159942331188,0.03295419707705827,0.48594119955621146,0.18975010421168018,1.8576111492601284,2.8200000000000003,0.9904016064242844,1.0,0.5714285714285714,1.0,0.9904016064242844,1.0,20260819
hm4di_like,56,E-Ret,E-Ret,4,3,B,False,0.04598548964666982,0.05282170040059242,0.05208992303432969,0.05282170040059242,0.35945993702653245,0.36450975531520385,0.05208992303432969,0.05208992303432969,0.0393197455966644,0.02099680375731694,0.02494331623551982,0.06292045337997726,0.18975010421168018,0.49296673383275613,0.005429159942331188,0.03295419707705827,0.48594119955621146,0.18975010421168018,1.8576111492601284,2.8200000000000003,0.9904016064242844,1.0,0.5714285714285714,1.0,0.9904016064242844,1.0,20260819
hm4di_like,57,E-Ret,E-Ret,4,4,B,False,0.04598548964666982,0.05282170040059242,0.05208992303432969,0.05282170040059242,0.35945993702653245,0.36450975531520385,0.05208992303432969,0.05208992303432969,0.0393197455966644,0.02099680375731694,0.02494331623551982,0.06292045337997726,0.18975010421168018,0.49296673383275613,0.005429159942331188,0.03295419707705827,0.48594119955621146,0.18975010421168018,1.8576111492601284,2.8200000000000003,0.9904016064242844,1.0,0.5714285714285714,1.0,0.9904016064242844,1.0,20260819
hm4di_like,58,E-Ret,E-Ret,4,5,B,False,0.04598548964666982,0.05282170040059242,0.05208992303432969,0.05282170040059242,0.35945993702653245,0.36450975531520385,0.05208992303432969,0.05208992303432969,0.0393197455966644,0.02099680375731694,0.02494331623551982,0.06292045337997726,0.18975010421168018,0.49296673383275613,0.005429159942331188,0.03295419707705827,0.48594119955621146,0.18975010421168018,1.8576111492601284,2.8200000000000003,0.9904016064242844,1.0,0.5714285714285714,1.0,0.9904016064242844,1.0,20260819
hm4di_like,59,F-Ren,F-Ren,5,1,A,False,0.14426996611800436,0.0,0.16512109074047288,0.0,0.8049932366505912,0.0,0.0,0.16512109074047288,0.0,0.06459232681376814,0.0,0.17338912946676055,0.4978171629852228,0.4564351897192668,0.3880758151876531,0.1019555990075437,0.04435598168123475,0.4978171629852228,3.4,2.8200000000000003,0.9904016064242844,1.0,1.3470604919674372,0.0,0.9904016064242844,1.0,20260819
hm4di_like,60,F-Ren,F-Ren,5,2,A,False,0.14426996611800436,0.0,0.16512109074047288,0.0,0.8049932366505912,0.0,0.0,0.16512109074047288,0.0,0.06459232681376814,0.0,0.17338912946676055,0.4978171629852228,0.4564351897192668,0.3880758151876531,0.1019555990075437,0.04435598168123475,0.4978171629852228,3.4,2.8200000000000003,0.9904016064242844,1.0,1.3470604919674372,0.0,0.9904016064242844,1.0,20260819
hm4di_like,61,F-Ren,F-Ren,5,3,A,False,0.14426996611800436,0.0,0.16512109074047288,0.0,0.8049932366505912,0.0,0.0,0.16512109074047288,0.0,0.06459232681376814,0.0,0.17338912946676055,0.4978171629852228,0.4564351897192668,0.3880758151876531,0.1019555990075437,0.04435598168123475,0.4978171629852228,3.4,2.8200000000000003,0.9904016064242844,1.0,1.3470604919674372,0.0,0.9904016064242844,1.0,20260819
hm4di_like,62,F-Ren,F-Ren,5,4,A,False,0.14426996611800436,0.0,0.16512109074047288,0.0,0.8049932366505912,0.0,0.0,0.16512109074047288,0.0,0.06459232681376814,0.0,0.17338912946676055,0.4978171629852228,0.4564351897192668,0.3880758151876531,0.1019555990075437,0.04435598168123475,0.4978171629852228,3.4,2.8200000000000003,0.9904016064242844,1.0,1.3470604919674372,0.0,0.9904016064242844,1.0,20260819
hm4di_like,63,F-Ren,F-Ren,5,5,A,False,0.14426996611800436,0.0,0.16512109074047288,0.0,0.8049932366505912,0.0,0.0,0.16512109074047288,0.0,0.06459232681376814,0.0,0.17338912946676055,0.4978171629852228,0.4564351897192668,0.3880758151876531,0.1019555990075437,0.04435598168123475,0.4978171629852228,3.4,2.8200000000000003,0.9904016064242844,1.0,1.3470604919674372,0.0,0.9904016064242844,1.0,20260819
