trial,phase,candidate_id,edge_type,driver,strength,active,effective_weight,effective_exchange_weight,drivers,requires,affinity,competition_groups,requires_glial_network,mediating_glia,generated_from
1,repeated_additive_loop,AUTO_GG_G0_G1,glia_glia,0.12235406595902565,0.0,False,0.0,0.0,G0;G1,,0.96,GG:G0;GG:G1,False,,local_domains:G0
1,repeated_additive_loop,AUTO_GG_G0_G2,glia_glia,0.016903463366197285,0.0,False,0.0,0.0,G0;G2,,0.42,GG:G0;GG:G2,False,,local_domains:G0
1,repeated_additive_loop,AUTO_GG_G1_G2,glia_glia,0.026562585289738594,0.0,False,0.0,0.0,G1;G2,,0.66,GG:G1;GG:G2,False,,local_domains:G1
1,repeated_additive_loop,AUTO_GN_G0_N0,glia_to_neuron,0.06332662373433613,0.0,False,0.0,0.0,G0,,0.35,GN_IN:N0;GN_OUT:G0,True,0.0,local_domain:G0
1,repeated_additive_loop,AUTO_GN_G0_N1,glia_to_neuron,0.04523330266738295,0.0,False,0.0,0.0,G0,,0.25,GN_IN:N1;GN_OUT:G0,True,0.0,local_domain:G0
1,repeated_additive_loop,AUTO_GN_G0_N3,glia_to_neuron,0.0995132658682425,0.0,False,0.0,0.0,G0,,0.55,GN_IN:N3;GN_OUT:G0,True,0.0,local_domain:G0
1,repeated_additive_loop,AUTO_GN_G1_N0,glia_to_neuron,0.02294138736731731,0.0,False,0.0,0.0,G1,,0.18,GN_IN:N0;GN_OUT:G1,True,1.0,local_domain:G1
1,repeated_additive_loop,AUTO_GN_G1_N2,glia_to_neuron,0.025490430408130343,0.0,False,0.0,0.0,G1,,0.2,GN_IN:N2;GN_OUT:G1,True,1.0,local_domain:G1
1,repeated_additive_loop,AUTO_GN_G1_N3,glia_to_neuron,0.12745215204065172,0.0,False,0.0,0.0,G1,,1.0,GN_IN:N3;GN_OUT:G1,True,1.0,local_domain:G1
1,repeated_additive_loop,AUTO_GN_G1_N6,glia_to_neuron,0.03568660257138248,0.0,False,0.0,0.0,G1,,0.28,GN_IN:N6;GN_OUT:G1,True,1.0,local_domain:G1
1,repeated_additive_loop,AUTO_GN_G2_N1,glia_to_neuron,0.008049268269617755,0.0,False,0.0,0.0,G2,,0.2,GN_IN:N1;GN_OUT:G2,True,2.0,local_domain:G2
1,repeated_additive_loop,AUTO_GN_G2_N3,glia_to_neuron,0.024952731635815042,0.0,False,0.0,0.0,G2,,0.62,GN_IN:N3;GN_OUT:G2,True,2.0,local_domain:G2
1,repeated_additive_loop,AUTO_GN_G2_N6,glia_to_neuron,0.012073902404426634,0.0,False,0.0,0.0,G2,,0.3,GN_IN:N6;GN_OUT:G2,True,2.0,local_domain:G2
1,repeated_additive_loop,AUTO_TRI_N0_G1_N6,tripartite,0.025490430408130343,0.0,False,0.0,0.0,N0;G1,,0.2,TRI_T:N6;TRI_G:G1,True,1.0,local_domain:G1
1,repeated_additive_loop,AUTO_TRI_N2_G1_N3,tripartite,0.025872786864252297,0.0,False,0.0,0.0,N2;G1,,0.20299999999999999,TRI_T:N3;TRI_G:G1,True,1.0,local_domain:G1
1,repeated_additive_loop,AUTO_TRI_N2_G1_N6,tripartite,0.073922248183578,0.0,False,0.0,0.0,N2;G1,,0.58,TRI_T:N6;TRI_G:G1,True,1.0,local_domain:G1
1,repeated_additive_loop,AUTO_TRI_N3_G1_N6,tripartite,0.0,0.0,False,0.0,0.0,N3;G1,,0.3,TRI_T:N6;TRI_G:G1,True,1.0,local_domain:G1
1,repeated_additive_loop,AUTO_TRI_N4_G1_N2,tripartite,0.021385120574672414,0.0,False,0.0,0.0,N4;G1,,0.2,TRI_T:N2;TRI_G:G1,True,1.0,local_domain:G1
1,repeated_additive_loop,AUTO_TRI_N4_G1_N3,tripartite,0.037423961005676715,0.0,False,0.0,0.0,N4;G1,,0.35,TRI_T:N3;TRI_G:G1,True,1.0,local_domain:G1
1,repeated_additive_loop,AUTO_TRI_N4_G1_N6,tripartite,0.10692560287336206,0.0,False,0.0,0.0,N4;G1,,1.0,TRI_T:N6;TRI_G:G1,True,1.0,local_domain:G1
1,repeated_additive_loop,AUTO_TRI_N5_G1_N6,tripartite,0.0,0.0,False,0.0,0.0,N5;G1,,0.35,TRI_T:N6;TRI_G:G1,True,1.0,local_domain:G1
2,repeated_additive_loop,AUTO_GG_G0_G1,glia_glia,0.23247272532214872,0.04475820186484656,False,0.0,0.0,G0;G1,,0.96,GG:G0;GG:G1,False,,local_domains:G0
2,repeated_additive_loop,AUTO_GG_G0_G2,glia_glia,0.03211658039577485,0.0,False,0.0,0.0,G0;G2,,0.42,GG:G0;GG:G2,False,,local_domains:G0
2,repeated_additive_loop,AUTO_GG_G1_G2,glia_glia,0.050468912050503335,0.0,False,0.0,0.0,G1;G2,,0.66,GG:G1;GG:G2,False,,local_domains:G1
2,repeated_additive_loop,AUTO_GN_G0_N0,glia_to_neuron,0.12032058509523863,0.0,False,0.0,0.0,G0,,0.35,GN_IN:N0;GN_OUT:G0,True,0.0,local_domain:G0
2,repeated_additive_loop,AUTO_GN_G0_N1,glia_to_neuron,0.0859432750680276,0.0,False,0.0,0.0,G0,,0.25,GN_IN:N1;GN_OUT:G0,True,0.0,local_domain:G0
2,repeated_additive_loop,AUTO_GN_G0_N3,glia_to_neuron,0.18907520514966072,0.0,False,0.0,0.0,G0,,0.55,GN_IN:N3;GN_OUT:G0,True,0.0,local_domain:G0
2,repeated_additive_loop,AUTO_GN_G1_N0,glia_to_neuron,0.043588635997902886,0.0,False,0.0,0.0,G1,,0.18,GN_IN:N0;GN_OUT:G1,True,1.0,local_domain:G1
2,repeated_additive_loop,AUTO_GN_G1_N2,glia_to_neuron,0.04843181777544765,0.0,False,0.0,0.0,G1,,0.2,GN_IN:N2;GN_OUT:G1,True,1.0,local_domain:G1
2,repeated_additive_loop,AUTO_GN_G1_N3,glia_to_neuron,0.24215908887723825,0.0,False,0.0,0.0,G1,,1.0,GN_IN:N3;GN_OUT:G1,True,1.0,local_domain:G1
2,repeated_additive_loop,AUTO_GN_G1_N6,glia_to_neuron,0.06780454488562672,0.0,False,0.0,0.0,G1,,0.28,GN_IN:N6;GN_OUT:G1,True,1.0,local_domain:G1
2,repeated_additive_loop,AUTO_GN_G2_N1,glia_to_neuron,0.015293609712273738,0.0,False,0.0,0.0,G2,,0.2,GN_IN:N1;GN_OUT:G2,True,2.0,local_domain:G2
2,repeated_additive_loop,AUTO_GN_G2_N3,glia_to_neuron,0.04741019010804858,0.0,False,0.0,0.0,G2,,0.62,GN_IN:N3;GN_OUT:G2,True,2.0,local_domain:G2
2,repeated_additive_loop,AUTO_GN_G2_N6,glia_to_neuron,0.022940414568410606,0.0,False,0.0,0.0,G2,,0.3,GN_IN:N6;GN_OUT:G2,True,2.0,local_domain:G2
2,repeated_additive_loop,AUTO_TRI_N0_G1_N6,tripartite,0.04843181777544765,0.0,False,0.0,0.0,N0;G1,,0.2,TRI_T:N6;TRI_G:G1,True,1.0,local_domain:G1
2,repeated_additive_loop,AUTO_TRI_N2_G1_N3,tripartite,0.04915829504207936,0.0,False,0.0,0.0,N2;G1,,0.20299999999999999,TRI_T:N3;TRI_G:G1,True,1.0,local_domain:G1
2,repeated_additive_loop,AUTO_TRI_N2_G1_N6,tripartite,0.14045227154879816,0.0,False,0.0,0.0,N2;G1,,0.58,TRI_T:N6;TRI_G:G1,True,1.0,local_domain:G1
2,repeated_additive_loop,AUTO_TRI_N3_G1_N6,tripartite,0.0,0.0,False,0.0,0.0,N3;G1,,0.3,TRI_T:N6;TRI_G:G1,True,1.0,local_domain:G1
2,repeated_additive_loop,AUTO_TRI_N4_G1_N2,tripartite,0.038493217034410346,0.0,False,0.0,0.0,N4;G1,,0.2,TRI_T:N2;TRI_G:G1,True,1.0,local_domain:G1
2,repeated_additive_loop,AUTO_TRI_N4_G1_N3,tripartite,0.0673631298102181,0.0,False,0.0,0.0,N4;G1,,0.35,TRI_T:N3;TRI_G:G1,True,1.0,local_domain:G1
2,repeated_additive_loop,AUTO_TRI_N4_G1_N6,tripartite,0.19246608517205172,0.0,False,0.0,0.0,N4;G1,,1.0,TRI_T:N6;TRI_G:G1,True,1.0,local_domain:G1
2,repeated_additive_loop,AUTO_TRI_N5_G1_N6,tripartite,0.0,0.0,False,0.0,0.0,N5;G1,,0.35,TRI_T:N6;TRI_G:G1,True,1.0,local_domain:G1
3,repeated_additive_loop,AUTO_GG_G0_G1,glia_glia,0.33157951874895947,0.13280442844485185,False,0.0,0.0,G0;G1,,0.96,GG:G0;GG:G1,False,,local_domains:G0
3,repeated_additive_loop,AUTO_GG_G0_G2,glia_glia,0.045808385722394644,0.0,False,0.0,0.0,G0;G2,,0.42,GG:G0;GG:G2,False,,local_domains:G0
3,repeated_additive_loop,AUTO_GG_G1_G2,glia_glia,0.0719846061351916,0.0,False,0.0,0.0,G1;G2,,0.66,GG:G1;GG:G2,False,,local_domains:G1
3,repeated_additive_loop,AUTO_GN_G0_N0,glia_to_neuron,0.17161515032005092,0.0,False,0.0,0.0,G0,,0.35,GN_IN:N0;GN_OUT:G0,True,0.0,local_domain:G0
3,repeated_additive_loop,AUTO_GN_G0_N1,glia_to_neuron,0.1225822502286078,0.0,False,0.0,0.0,G0,,0.25,GN_IN:N1;GN_OUT:G0,True,0.0,local_domain:G0
3,repeated_additive_loop,AUTO_GN_G0_N3,glia_to_neuron,0.26968095050293717,0.0,False,0.0,0.0,G0,,0.55,GN_IN:N3;GN_OUT:G0,True,0.0,local_domain:G0
3,repeated_additive_loop,AUTO_GN_G1_N0,glia_to_neuron,0.062171159765429904,0.0,False,0.0,0.0,G1,,0.18,GN_IN:N0;GN_OUT:G1,True,1.0,local_domain:G1
3,repeated_additive_loop,AUTO_GN_G1_N2,glia_to_neuron,0.06907906640603323,0.0,False,0.0,0.0,G1,,0.2,GN_IN:N2;GN_OUT:G1,True,1.0,local_domain:G1
3,repeated_additive_loop,AUTO_GN_G1_N3,glia_to_neuron,0.34539533203016615,0.0,False,0.0,0.0,G1,,1.0,GN_IN:N3;GN_OUT:G1,True,1.0,local_domain:G1
3,repeated_additive_loop,AUTO_GN_G1_N6,glia_to_neuron,0.09671069296844653,0.0,False,0.0,0.0,G1,,0.28,GN_IN:N6;GN_OUT:G1,True,1.0,local_domain:G1
3,repeated_additive_loop,AUTO_GN_G2_N1,glia_to_neuron,0.02181351701066412,0.0,False,0.0,0.0,G2,,0.2,GN_IN:N1;GN_OUT:G2,True,2.0,local_domain:G2
3,repeated_additive_loop,AUTO_GN_G2_N3,glia_to_neuron,0.06762190273305876,0.0,False,0.0,0.0,G2,,0.62,GN_IN:N3;GN_OUT:G2,True,2.0,local_domain:G2
3,repeated_additive_loop,AUTO_GN_G2_N6,glia_to_neuron,0.032720275515996176,0.0,False,0.0,0.0,G2,,0.3,GN_IN:N6;GN_OUT:G2,True,2.0,local_domain:G2
3,repeated_additive_loop,AUTO_TRI_N0_G1_N6,tripartite,0.06907906640603323,0.0,False,0.0,0.0,N0;G1,,0.2,TRI_T:N6;TRI_G:G1,True,1.0,local_domain:G1
3,repeated_additive_loop,AUTO_TRI_N2_G1_N3,tripartite,0.07011525240212373,0.0,False,0.0,0.0,N2;G1,,0.20299999999999999,TRI_T:N3;TRI_G:G1,True,1.0,local_domain:G1
3,repeated_additive_loop,AUTO_TRI_N2_G1_N6,tripartite,0.20032929257749635,0.0,False,0.0,0.0,N2;G1,,0.58,TRI_T:N6;TRI_G:G1,True,1.0,local_domain:G1
3,repeated_additive_loop,AUTO_TRI_N3_G1_N6,tripartite,0.0,0.0,False,0.0,0.0,N3;G1,,0.3,TRI_T:N6;TRI_G:G1,True,1.0,local_domain:G1
3,repeated_additive_loop,AUTO_TRI_N4_G1_N2,tripartite,0.05217969420220069,0.0,False,0.0,0.0,N4;G1,,0.2,TRI_T:N2;TRI_G:G1,True,1.0,local_domain:G1
3,repeated_additive_loop,AUTO_TRI_N4_G1_N3,tripartite,0.0913144648538512,0.0,False,0.0,0.0,N4;G1,,0.35,TRI_T:N3;TRI_G:G1,True,1.0,local_domain:G1
3,repeated_additive_loop,AUTO_TRI_N4_G1_N6,tripartite,0.26089847101100344,0.0,False,0.0,0.0,N4;G1,,1.0,TRI_T:N6;TRI_G:G1,True,1.0,local_domain:G1
3,repeated_additive_loop,AUTO_TRI_N5_G1_N6,tripartite,0.0,0.0,False,0.0,0.0,N5;G1,,0.35,TRI_T:N6;TRI_G:G1,True,1.0,local_domain:G1
4,repeated_additive_loop,AUTO_GG_G0_G1,glia_glia,0.4207756328330892,0.2598098772685,False,0.0,0.0,G0;G1,,0.96,GG:G0;GG:G1,False,,local_domains:G0
4,repeated_additive_loop,AUTO_GG_G0_G2,glia_glia,0.05813101051635247,0.0,False,0.0,0.0,G0;G2,,0.42,GG:G0;GG:G2,False,,local_domains:G0
4,repeated_additive_loop,AUTO_GG_G1_G2,glia_glia,0.09134873081141104,0.0,False,0.0,0.0,G1;G2,,0.66,GG:G1;GG:G2,False,,local_domains:G1
4,repeated_additive_loop,AUTO_GN_G0_N0,glia_to_neuron,0.21778025902238196,0.0,False,0.0,0.0,G0,,0.35,GN_IN:N0;GN_OUT:G0,True,0.0,local_domain:G0
4,repeated_additive_loop,AUTO_GN_G0_N1,glia_to_neuron,0.15555732787312998,0.0,False,0.0,0.0,G0,,0.25,GN_IN:N1;GN_OUT:G0,True,0.0,local_domain:G0
4,repeated_additive_loop,AUTO_GN_G0_N3,glia_to_neuron,0.342226121320886,0.0,False,0.0,0.0,G0,,0.55,GN_IN:N3;GN_OUT:G0,True,0.0,local_domain:G0
4,repeated_additive_loop,AUTO_GN_G1_N0,glia_to_neuron,0.07889543115620423,0.0,False,0.0,0.0,G1,,0.18,GN_IN:N0;GN_OUT:G1,True,1.0,local_domain:G1
4,repeated_additive_loop,AUTO_GN_G1_N2,glia_to_neuron,0.08766159017356026,0.0,False,0.0,0.0,G1,,0.2,GN_IN:N2;GN_OUT:G1,True,1.0,local_domain:G1
4,repeated_additive_loop,AUTO_GN_G1_N3,glia_to_neuron,0.4383079508678013,0.0,False,0.0,0.0,G1,,1.0,GN_IN:N3;GN_OUT:G1,True,1.0,local_domain:G1
4,repeated_additive_loop,AUTO_GN_G1_N6,glia_to_neuron,0.12272622624298436,0.0,False,0.0,0.0,G1,,0.28,GN_IN:N6;GN_OUT:G1,True,1.0,local_domain:G1
4,repeated_additive_loop,AUTO_GN_G2_N1,glia_to_neuron,0.027681433579215466,0.0,False,0.0,0.0,G2,,0.2,GN_IN:N1;GN_OUT:G2,True,2.0,local_domain:G2
4,repeated_additive_loop,AUTO_GN_G2_N3,glia_to_neuron,0.08581244409556794,0.0,False,0.0,0.0,G2,,0.62,GN_IN:N3;GN_OUT:G2,True,2.0,local_domain:G2
4,repeated_additive_loop,AUTO_GN_G2_N6,glia_to_neuron,0.041522150368823195,0.0,False,0.0,0.0,G2,,0.3,GN_IN:N6;GN_OUT:G2,True,2.0,local_domain:G2
4,repeated_additive_loop,AUTO_TRI_N0_G1_N6,tripartite,0.08766159017356026,0.0,False,0.0,0.0,N0;G1,,0.2,TRI_T:N6;TRI_G:G1,True,1.0,local_domain:G1
4,repeated_additive_loop,AUTO_TRI_N2_G1_N3,tripartite,0.08799969715731107,0.0,False,0.0,0.0,N2;G1,,0.20299999999999999,TRI_T:N3;TRI_G:G1,True,1.0,local_domain:G1
4,repeated_additive_loop,AUTO_TRI_N2_G1_N6,tripartite,0.25142770616374593,0.0,False,0.0,0.0,N2;G1,,0.58,TRI_T:N6;TRI_G:G1,True,1.0,local_domain:G1
4,repeated_additive_loop,AUTO_TRI_N3_G1_N6,tripartite,0.0,0.0,False,0.0,0.0,N3;G1,,0.3,TRI_T:N6;TRI_G:G1,True,1.0,local_domain:G1
4,repeated_additive_loop,AUTO_TRI_N4_G1_N2,tripartite,0.06312887593643297,0.0,False,0.0,0.0,N4;G1,,0.2,TRI_T:N2;TRI_G:G1,True,1.0,local_domain:G1
4,repeated_additive_loop,AUTO_TRI_N4_G1_N3,tripartite,0.1104755328887577,0.0,False,0.0,0.0,N4;G1,,0.35,TRI_T:N3;TRI_G:G1,True,1.0,local_domain:G1
4,repeated_additive_loop,AUTO_TRI_N4_G1_N6,tripartite,0.31564437968216486,0.0,False,0.0,0.0,N4;G1,,1.0,TRI_T:N6;TRI_G:G1,True,1.0,local_domain:G1
4,repeated_additive_loop,AUTO_TRI_N5_G1_N6,tripartite,0.0,0.0,False,0.0,0.0,N5;G1,,0.35,TRI_T:N6;TRI_G:G1,True,1.0,local_domain:G1
5,repeated_additive_loop,AUTO_GG_G0_G1,glia_glia,0.501052135508806,0.4218786261114268,True,0.3375029008891415,0.5062543513337121,G0;G1,,0.96,GG:G0;GG:G1,False,,local_domains:G0
5,repeated_additive_loop,AUTO_GG_G0_G2,glia_glia,0.06922137283091452,0.0,False,0.0,0.0,G0;G2,,0.42,GG:G0;GG:G2,False,,local_domains:G0
5,repeated_additive_loop,AUTO_GG_G1_G2,glia_glia,0.10877644302000854,0.0,False,0.0,0.0,G1;G2,,0.66,GG:G1;GG:G2,False,,local_domains:G1
5,repeated_additive_loop,AUTO_GN_G0_N0,glia_to_neuron,0.2593288568544799,0.0,False,0.0,0.0,G0,,0.35,GN_IN:N0;GN_OUT:G0,True,0.0,local_domain:G0
5,repeated_additive_loop,AUTO_GN_G0_N1,glia_to_neuron,0.18523489775319996,0.0,False,0.0,0.0,G0,,0.25,GN_IN:N1;GN_OUT:G0,True,0.0,local_domain:G0
5,repeated_additive_loop,AUTO_GN_G0_N3,glia_to_neuron,0.4075167750570399,0.0,False,0.0,0.0,G0,,0.55,GN_IN:N3;GN_OUT:G0,True,0.0,local_domain:G0
5,repeated_additive_loop,AUTO_GN_G1_N0,glia_to_neuron,0.09394727540790113,0.0,False,0.0,0.0,G1,,0.18,GN_IN:N0;GN_OUT:G1,True,1.0,local_domain:G1
5,repeated_additive_loop,AUTO_GN_G1_N2,glia_to_neuron,0.10438586156433459,0.0,False,0.0,0.0,G1,,0.2,GN_IN:N2;GN_OUT:G1,True,1.0,local_domain:G1
5,repeated_additive_loop,AUTO_GN_G1_N3,glia_to_neuron,0.5219293078216729,0.0,False,0.0,0.0,G1,,1.0,GN_IN:N3;GN_OUT:G1,True,1.0,local_domain:G1
5,repeated_additive_loop,AUTO_GN_G1_N6,glia_to_neuron,0.14614020619006843,0.0,False,0.0,0.0,G1,,0.28,GN_IN:N6;GN_OUT:G1,True,1.0,local_domain:G1
5,repeated_additive_loop,AUTO_GN_G2_N1,glia_to_neuron,0.032962558490911675,0.0,False,0.0,0.0,G2,,0.2,GN_IN:N1;GN_OUT:G2,True,2.0,local_domain:G2
5,repeated_additive_loop,AUTO_GN_G2_N3,glia_to_neuron,0.1021839313218262,0.0,False,0.0,0.0,G2,,0.62,GN_IN:N3;GN_OUT:G2,True,2.0,local_domain:G2
5,repeated_additive_loop,AUTO_GN_G2_N6,glia_to_neuron,0.04944383773636751,0.0,False,0.0,0.0,G2,,0.3,GN_IN:N6;GN_OUT:G2,True,2.0,local_domain:G2
5,repeated_additive_loop,AUTO_TRI_N0_G1_N6,tripartite,0.10438586156433459,0.0,False,0.0,0.0,N0;G1,,0.2,TRI_T:N6;TRI_G:G1,True,1.0,local_domain:G1
5,repeated_additive_loop,AUTO_TRI_N2_G1_N3,tripartite,0.10020995323984312,0.0,False,0.0,0.0,N2;G1,,0.20299999999999999,TRI_T:N3;TRI_G:G1,True,1.0,local_domain:G1
5,repeated_additive_loop,AUTO_TRI_N2_G1_N6,tripartite,0.2863141521138375,0.0,False,0.0,0.0,N2;G1,,0.58,TRI_T:N6;TRI_G:G1,True,1.0,local_domain:G1
5,repeated_additive_loop,AUTO_TRI_N3_G1_N6,tripartite,0.0,0.0,False,0.0,0.0,N3;G1,,0.3,TRI_T:N6;TRI_G:G1,True,1.0,local_domain:G1
5,repeated_additive_loop,AUTO_TRI_N4_G1_N2,tripartite,0.0718882213238188,0.0,False,0.0,0.0,N4;G1,,0.2,TRI_T:N2;TRI_G:G1,True,1.0,local_domain:G1
5,repeated_additive_loop,AUTO_TRI_N4_G1_N3,tripartite,0.12580438731668286,0.0,False,0.0,0.0,N4;G1,,0.35,TRI_T:N3;TRI_G:G1,True,1.0,local_domain:G1
5,repeated_additive_loop,AUTO_TRI_N4_G1_N6,tripartite,0.35944110661909395,0.0,False,0.0,0.0,N4;G1,,1.0,TRI_T:N6;TRI_G:G1,True,1.0,local_domain:G1
5,repeated_additive_loop,AUTO_TRI_N5_G1_N6,tripartite,0.0,0.0,False,0.0,0.0,N5;G1,,0.35,TRI_T:N6;TRI_G:G1,True,1.0,local_domain:G1
6,repeated_additive_loop,AUTO_GG_G0_G1,glia_glia,0.5761448401531346,0.6167464873277385,True,0.49339718986219083,0.7400957847932862,G0;G1,,0.96,GG:G0;GG:G1,False,,local_domains:G0
6,repeated_additive_loop,AUTO_GG_G0_G2,glia_glia,0.07920269891402035,0.0,False,0.0,0.0,G0;G2,,0.42,GG:G0;GG:G2,False,,local_domains:G0
6,repeated_additive_loop,AUTO_GG_G1_G2,glia_glia,0.12446138400774627,0.0,False,0.0,0.0,G1;G2,,0.66,GG:G1;GG:G2,False,,local_domains:G1
6,repeated_additive_loop,AUTO_GN_G0_N0,glia_to_neuron,0.29576447712520765,0.0,False,0.0,0.0,G0,,0.35,GN_IN:N0;GN_OUT:G0,True,0.0,local_domain:G0
6,repeated_additive_loop,AUTO_GN_G0_N1,glia_to_neuron,0.21126034080371975,0.0,False,0.0,0.0,G0,,0.25,GN_IN:N1;GN_OUT:G0,True,0.0,local_domain:G0
6,repeated_additive_loop,AUTO_GN_G0_N3,glia_to_neuron,0.4647727497681835,0.0,False,0.0,0.0,G0,,0.55,GN_IN:N3;GN_OUT:G0,True,0.0,local_domain:G0
6,repeated_additive_loop,AUTO_GN_G1_N0,glia_to_neuron,0.10802715752871274,0.0,False,0.0,0.0,G1,,0.18,GN_IN:N0;GN_OUT:G1,True,1.0,local_domain:G1
6,repeated_additive_loop,AUTO_GN_G1_N2,glia_to_neuron,0.12003017503190305,0.0,False,0.0,0.0,G1,,0.2,GN_IN:N2;GN_OUT:G1,True,1.0,local_domain:G1
6,repeated_additive_loop,AUTO_GN_G1_N3,glia_to_neuron,0.6001508751595153,0.1837371236255577,False,0.0,0.0,G1,,1.0,GN_IN:N3;GN_OUT:G1,True,1.0,local_domain:G1
6,repeated_additive_loop,AUTO_GN_G1_N6,glia_to_neuron,0.16804224504466428,0.0,False,0.0,0.0,G1,,0.28,GN_IN:N6;GN_OUT:G1,True,1.0,local_domain:G1
6,repeated_additive_loop,AUTO_GN_G2_N1,glia_to_neuron,0.03771557091143826,0.0,False,0.0,0.0,G2,,0.2,GN_IN:N1;GN_OUT:G2,True,2.0,local_domain:G2
6,repeated_additive_loop,AUTO_GN_G2_N3,glia_to_neuron,0.11691826982545861,0.0,False,0.0,0.0,G2,,0.62,GN_IN:N3;GN_OUT:G2,True,2.0,local_domain:G2
6,repeated_additive_loop,AUTO_GN_G2_N6,glia_to_neuron,0.05657335636715739,0.0,False,0.0,0.0,G2,,0.3,GN_IN:N6;GN_OUT:G2,True,2.0,local_domain:G2
6,repeated_additive_loop,AUTO_TRI_N0_G1_N6,tripartite,0.12003017503190305,0.0,False,0.0,0.0,N0;G1,,0.2,TRI_T:N6;TRI_G:G1,True,1.0,local_domain:G1
6,repeated_additive_loop,AUTO_TRI_N2_G1_N3,tripartite,0.10997815810586875,0.0,False,0.0,0.0,N2;G1,,0.20299999999999999,TRI_T:N3;TRI_G:G1,True,1.0,local_domain:G1
6,repeated_additive_loop,AUTO_TRI_N2_G1_N6,tripartite,0.3142233088739107,0.0,False,0.0,0.0,N2;G1,,0.58,TRI_T:N6;TRI_G:G1,True,1.0,local_domain:G1
6,repeated_additive_loop,AUTO_TRI_N3_G1_N6,tripartite,0.0,0.0,False,0.0,0.0,N3;G1,,0.3,TRI_T:N6;TRI_G:G1,True,1.0,local_domain:G1
6,repeated_additive_loop,AUTO_TRI_N4_G1_N2,tripartite,0.07889569763372745,0.0,False,0.0,0.0,N4;G1,,0.2,TRI_T:N2;TRI_G:G1,True,1.0,local_domain:G1
6,repeated_additive_loop,AUTO_TRI_N4_G1_N3,tripartite,0.13806747085902302,0.0,False,0.0,0.0,N4;G1,,0.35,TRI_T:N3;TRI_G:G1,True,1.0,local_domain:G1
6,repeated_additive_loop,AUTO_TRI_N4_G1_N6,tripartite,0.39447848816863723,0.09357221187567177,False,0.0,0.0,N4;G1,,1.0,TRI_T:N6;TRI_G:G1,True,1.0,local_domain:G1
6,repeated_additive_loop,AUTO_TRI_N5_G1_N6,tripartite,0.0,0.0,False,0.0,0.0,N5;G1,,0.35,TRI_T:N6;TRI_G:G1,True,1.0,local_domain:G1
7,repeated_additive_loop,AUTO_GG_G0_G1,glia_glia,0.6465848103404148,0.8423812320741266,True,0.6739049856593013,1.010857478488952,G0;G1,,0.96,GG:G0;GG:G1,False,,local_domains:G0
7,repeated_additive_loop,AUTO_GG_G0_G2,glia_glia,0.0881858923888156,0.0,False,0.0,0.0,G0;G2,,0.42,GG:G0;GG:G2,False,,local_domains:G0
7,repeated_additive_loop,AUTO_GG_G1_G2,glia_glia,0.13857783089671025,0.0,False,0.0,0.0,G1;G2,,0.66,GG:G1;GG:G2,False,,local_domains:G1
7,repeated_additive_loop,AUTO_GN_G0_N0,glia_to_neuron,0.32759806717048734,0.0,False,0.0,0.0,G0,,0.35,GN_IN:N0;GN_OUT:G0,True,0.0,local_domain:G0
7,repeated_additive_loop,AUTO_GN_G0_N1,glia_to_neuron,0.23399861940749098,0.0,False,0.0,0.0,G0,,0.25,GN_IN:N1;GN_OUT:G0,True,0.0,local_domain:G0
7,repeated_additive_loop,AUTO_GN_G0_N3,glia_to_neuron,0.5147969626964802,0.0,False,0.0,0.0,G0,,0.55,GN_IN:N3;GN_OUT:G0,True,0.0,local_domain:G0
7,repeated_additive_loop,AUTO_GN_G1_N0,glia_to_neuron,0.12123465193882778,0.0,False,0.0,0.0,G1,,0.18,GN_IN:N0;GN_OUT:G1,True,1.0,local_domain:G1
7,repeated_additive_loop,AUTO_GN_G1_N2,glia_to_neuron,0.13470516882091976,0.0,False,0.0,0.0,G1,,0.2,GN_IN:N2;GN_OUT:G1,True,1.0,local_domain:G1
7,repeated_additive_loop,AUTO_GN_G1_N3,glia_to_neuron,0.6735258441045988,0.3961495224710331,True,1.5845980898841323,0.0,G1,,1.0,GN_IN:N3;GN_OUT:G1,True,1.0,local_domain:G1
7,repeated_additive_loop,AUTO_GN_G1_N6,glia_to_neuron,0.18858723634928767,0.0,False,0.0,0.0,G1,,0.28,GN_IN:N6;GN_OUT:G1,True,1.0,local_domain:G1
7,repeated_additive_loop,AUTO_GN_G2_N1,glia_to_neuron,0.041993282089912196,0.0,False,0.0,0.0,G2,,0.2,GN_IN:N1;GN_OUT:G2,True,2.0,local_domain:G2
7,repeated_additive_loop,AUTO_GN_G2_N3,glia_to_neuron,0.1301791744787278,0.0,False,0.0,0.0,G2,,0.62,GN_IN:N3;GN_OUT:G2,True,2.0,local_domain:G2
7,repeated_additive_loop,AUTO_GN_G2_N6,glia_to_neuron,0.06298992313486829,0.0,False,0.0,0.0,G2,,0.3,GN_IN:N6;GN_OUT:G2,True,2.0,local_domain:G2
7,repeated_additive_loop,AUTO_TRI_N0_G1_N6,tripartite,0.13470516882091976,0.0,False,0.0,0.0,N0;G1,,0.2,TRI_T:N6;TRI_G:G1,True,1.0,local_domain:G1
7,repeated_additive_loop,AUTO_TRI_N2_G1_N3,tripartite,0.11779272199868926,0.0,False,0.0,0.0,N2;G1,,0.20299999999999999,TRI_T:N3;TRI_G:G1,True,1.0,local_domain:G1
7,repeated_additive_loop,AUTO_TRI_N2_G1_N6,tripartite,0.3365506342819693,0.0,False,0.0,0.0,N2;G1,,0.58,TRI_T:N6;TRI_G:G1,True,1.0,local_domain:G1
7,repeated_additive_loop,AUTO_TRI_N3_G1_N6,tripartite,0.0,0.0,False,0.0,0.0,N3;G1,,0.3,TRI_T:N6;TRI_G:G1,True,1.0,local_domain:G1
7,repeated_additive_loop,AUTO_TRI_N4_G1_N2,tripartite,0.08450167868165437,0.0,False,0.0,0.0,N4;G1,,0.2,TRI_T:N2;TRI_G:G1,True,1.0,local_domain:G1
7,repeated_additive_loop,AUTO_TRI_N4_G1_N3,tripartite,0.14787793769289515,0.0,False,0.0,0.0,N4;G1,,0.35,TRI_T:N3;TRI_G:G1,True,1.0,local_domain:G1
7,repeated_additive_loop,AUTO_TRI_N4_G1_N6,tripartite,0.42250839340827184,0.19670007326485534,False,0.0,0.0,N4;G1,,1.0,TRI_T:N6;TRI_G:G1,True,1.0,local_domain:G1
7,repeated_additive_loop,AUTO_TRI_N5_G1_N6,tripartite,0.0,0.0,False,0.0,0.0,N5;G1,,0.35,TRI_T:N6;TRI_G:G1,True,1.0,local_domain:G1
8,repeated_additive_loop,AUTO_GG_G0_G1,glia_glia,0.713895294545615,1.0,True,0.8,1.2,G0;G1,,0.96,GG:G0;GG:G1,False,,local_domains:G0
8,repeated_additive_loop,AUTO_GG_G0_G2,glia_glia,0.09627109060870426,0.0,False,0.0,0.0,G0;G2,,0.42,GG:G0;GG:G2,False,,local_domains:G0
8,repeated_additive_loop,AUTO_GG_G1_G2,glia_glia,0.1512831423851067,0.0,False,0.0,0.0,G1;G2,,0.66,GG:G1;GG:G2,False,,local_domains:G1
8,repeated_additive_loop,AUTO_GN_G0_N0,glia_to_neuron,0.35,0.0,False,0.0,0.0,G0,,0.35,GN_IN:N0;GN_OUT:G0,True,0.0,local_domain:G0
8,repeated_additive_loop,AUTO_GN_G0_N1,glia_to_neuron,0.25,0.0,False,0.0,0.0,G0,,0.25,GN_IN:N1;GN_OUT:G0,True,0.0,local_domain:G0
8,repeated_additive_loop,AUTO_GN_G0_N3,glia_to_neuron,0.55,0.0,False,0.0,0.0,G0,,0.55,GN_IN:N3;GN_OUT:G0,True,0.0,local_domain:G0
8,repeated_additive_loop,AUTO_GN_G1_N0,glia_to_neuron,0.1338553677273028,0.0,False,0.0,0.0,G1,,0.18,GN_IN:N0;GN_OUT:G1,True,1.0,local_domain:G1
8,repeated_additive_loop,AUTO_GN_G1_N2,glia_to_neuron,0.14872818636366977,0.0,False,0.0,0.0,G1,,0.2,GN_IN:N2;GN_OUT:G1,True,1.0,local_domain:G1
8,repeated_additive_loop,AUTO_GN_G1_N3,glia_to_neuron,0.7436409318183489,0.6359632199632614,True,2.5438528798530458,0.0,G1,,1.0,GN_IN:N3;GN_OUT:G1,True,1.0,local_domain:G1
8,repeated_additive_loop,AUTO_GN_G1_N6,glia_to_neuron,0.2082194609091377,0.0,False,0.0,0.0,G1,,0.28,GN_IN:N6;GN_OUT:G1,True,1.0,local_domain:G1
8,repeated_additive_loop,AUTO_GN_G2_N1,glia_to_neuron,0.04584337648033537,0.0,False,0.0,0.0,G2,,0.2,GN_IN:N1;GN_OUT:G2,True,2.0,local_domain:G2
8,repeated_additive_loop,AUTO_GN_G2_N3,glia_to_neuron,0.14211446708903963,0.0,False,0.0,0.0,G2,,0.62,GN_IN:N3;GN_OUT:G2,True,2.0,local_domain:G2
8,repeated_additive_loop,AUTO_GN_G2_N6,glia_to_neuron,0.06876506472050305,0.0,False,0.0,0.0,G2,,0.3,GN_IN:N6;GN_OUT:G2,True,2.0,local_domain:G2
8,repeated_additive_loop,AUTO_TRI_N0_G1_N6,tripartite,0.14872818636366977,0.0,False,0.0,0.0,N0;G1,,0.2,TRI_T:N6;TRI_G:G1,True,1.0,local_domain:G1
8,repeated_additive_loop,AUTO_TRI_N2_G1_N3,tripartite,0.12404480716271742,0.0,False,0.0,0.0,N2;G1,,0.20299999999999999,TRI_T:N3;TRI_G:G1,True,1.0,local_domain:G1
8,repeated_additive_loop,AUTO_TRI_N2_G1_N6,tripartite,0.35441373475062116,0.0,False,0.0,0.0,N2;G1,,0.58,TRI_T:N6;TRI_G:G1,True,1.0,local_domain:G1
8,repeated_additive_loop,AUTO_TRI_N3_G1_N6,tripartite,0.005488178353078184,0.0,False,0.0,0.0,N3;G1,,0.3,TRI_T:N6;TRI_G:G1,True,1.0,local_domain:G1
8,repeated_additive_loop,AUTO_TRI_N4_G1_N2,tripartite,0.08898799341376343,0.0,False,0.0,0.0,N4;G1,,0.2,TRI_T:N2;TRI_G:G1,True,1.0,local_domain:G1
8,repeated_additive_loop,AUTO_TRI_N4_G1_N3,tripartite,0.15572898847408598,0.0,False,0.0,0.0,N4;G1,,0.35,TRI_T:N3;TRI_G:G1,True,1.0,local_domain:G1
8,repeated_additive_loop,AUTO_TRI_N4_G1_N6,tripartite,0.4449399670688171,0.3074750620383157,False,0.0,0.0,N4;G1,,1.0,TRI_T:N6;TRI_G:G1,True,1.0,local_domain:G1
8,repeated_additive_loop,AUTO_TRI_N5_G1_N6,tripartite,0.0,0.0,False,0.0,0.0,N5;G1,,0.35,TRI_T:N6;TRI_G:G1,True,1.0,local_domain:G1
9,repeated_additive_loop,AUTO_GG_G0_G1,glia_glia,0.7773008481445424,1.0,True,0.8,1.2,G0;G1,,0.96,GG:G0;GG:G1,False,,local_domains:G0
9,repeated_additive_loop,AUTO_GG_G0_G2,glia_glia,0.10354827424585329,0.0,False,0.0,0.0,G0;G2,,0.42,GG:G0;GG:G2,False,,local_domains:G0
9,repeated_additive_loop,AUTO_GG_G1_G2,glia_glia,0.1627187166720552,0.0,False,0.0,0.0,G1;G2,,0.66,GG:G1;GG:G2,False,,local_domains:G1
9,repeated_additive_loop,AUTO_GN_G0_N0,glia_to_neuron,0.35,0.0,False,0.0,0.0,G0,,0.35,GN_IN:N0;GN_OUT:G0,True,0.0,local_domain:G0
9,repeated_additive_loop,AUTO_GN_G0_N1,glia_to_neuron,0.25,0.0,False,0.0,0.0,G0,,0.25,GN_IN:N1;GN_OUT:G0,True,0.0,local_domain:G0
9,repeated_additive_loop,AUTO_GN_G0_N3,glia_to_neuron,0.55,0.0,False,0.0,0.0,G0,,0.55,GN_IN:N3;GN_OUT:G0,True,0.0,local_domain:G0
9,repeated_additive_loop,AUTO_GN_G1_N0,glia_to_neuron,0.14574390902710171,0.0,False,0.0,0.0,G1,,0.18,GN_IN:N0;GN_OUT:G1,True,1.0,local_domain:G1
9,repeated_additive_loop,AUTO_GN_G1_N2,glia_to_neuron,0.1619376766967797,0.0,False,0.0,0.0,G1,,0.2,GN_IN:N2;GN_OUT:G1,True,1.0,local_domain:G1
9,repeated_additive_loop,AUTO_GN_G1_N3,glia_to_neuron,0.8096883834838984,0.9015885652328309,True,3.6063542609313237,0.0,G1,,1.0,GN_IN:N3;GN_OUT:G1,True,1.0,local_domain:G1
9,repeated_additive_loop,AUTO_GN_G1_N6,glia_to_neuron,0.22671274737549157,0.0,False,0.0,0.0,G1,,0.28,GN_IN:N6;GN_OUT:G1,True,1.0,local_domain:G1
9,repeated_additive_loop,AUTO_GN_G2_N1,glia_to_neuron,0.049308702021834905,0.0,False,0.0,0.0,G2,,0.2,GN_IN:N1;GN_OUT:G2,True,2.0,local_domain:G2
9,repeated_additive_loop,AUTO_GN_G2_N3,glia_to_neuron,0.1528569762676882,0.0,False,0.0,0.0,G2,,0.62,GN_IN:N3;GN_OUT:G2,True,2.0,local_domain:G2
9,repeated_additive_loop,AUTO_GN_G2_N6,glia_to_neuron,0.07396305303275236,0.0,False,0.0,0.0,G2,,0.3,GN_IN:N6;GN_OUT:G2,True,2.0,local_domain:G2
9,repeated_additive_loop,AUTO_TRI_N0_G1_N6,tripartite,0.1619376766967797,0.0,False,0.0,0.0,N0;G1,,0.2,TRI_T:N6;TRI_G:G1,True,1.0,local_domain:G1
9,repeated_additive_loop,AUTO_TRI_N2_G1_N3,tripartite,0.12904715187653615,0.0,False,0.0,0.0,N2;G1,,0.20299999999999999,TRI_T:N3;TRI_G:G1,True,1.0,local_domain:G1
9,repeated_additive_loop,AUTO_TRI_N2_G1_N6,tripartite,0.3687061482186747,0.0,False,0.0,0.0,N2;G1,,0.58,TRI_T:N6;TRI_G:G1,True,1.0,local_domain:G1
9,repeated_additive_loop,AUTO_TRI_N3_G1_N6,tripartite,0.01771595359976618,0.0,False,0.0,0.0,N3;G1,,0.3,TRI_T:N6;TRI_G:G1,True,1.0,local_domain:G1
9,repeated_additive_loop,AUTO_TRI_N4_G1_N2,tripartite,0.09257942340774872,0.0,False,0.0,0.0,N4;G1,,0.2,TRI_T:N2;TRI_G:G1,True,1.0,local_domain:G1
9,repeated_additive_loop,AUTO_TRI_N4_G1_N3,tripartite,0.16201399096356026,0.0,False,0.0,0.0,N4;G1,,0.35,TRI_T:N3;TRI_G:G1,True,1.0,local_domain:G1
9,repeated_additive_loop,AUTO_TRI_N4_G1_N6,tripartite,0.4628971170387436,0.42437180648334194,True,0.5729019387525116,0.0,N4;G1,,1.0,TRI_T:N6;TRI_G:G1,True,1.0,local_domain:G1
9,repeated_additive_loop,AUTO_TRI_N5_G1_N6,tripartite,0.0,0.0,False,0.0,0.0,N5;G1,,0.35,TRI_T:N6;TRI_G:G1,True,1.0,local_domain:G1
10,repeated_additive_loop,AUTO_GG_G0_G1,glia_glia,0.8343681154535625,1.0,True,0.8,1.2,G0;G1,,0.96,GG:G0;GG:G1,False,,local_domains:G0
10,repeated_additive_loop,AUTO_GG_G0_G2,glia_glia,0.11009844161503572,0.0,False,0.0,0.0,G0;G2,,0.42,GG:G0;GG:G2,False,,local_domains:G0
10,repeated_additive_loop,AUTO_GG_G1_G2,glia_glia,0.17301183682362758,0.0,False,0.0,0.0,G1;G2,,0.66,GG:G1;GG:G2,False,,local_domains:G1
10,repeated_additive_loop,AUTO_GN_G0_N0,glia_to_neuron,0.35,0.0,False,0.0,0.0,G0,,0.35,GN_IN:N0;GN_OUT:G0,True,0.0,local_domain:G0
10,repeated_additive_loop,AUTO_GN_G0_N1,glia_to_neuron,0.25,0.0,False,0.0,0.0,G0,,0.25,GN_IN:N1;GN_OUT:G0,True,0.0,local_domain:G0
10,repeated_additive_loop,AUTO_GN_G0_N3,glia_to_neuron,0.55,0.0,False,0.0,0.0,G0,,0.55,GN_IN:N3;GN_OUT:G0,True,0.0,local_domain:G0
10,repeated_additive_loop,AUTO_GN_G1_N0,glia_to_neuron,0.15644402164754298,0.0,False,0.0,0.0,G1,,0.18,GN_IN:N0;GN_OUT:G1,True,1.0,local_domain:G1
10,repeated_additive_loop,AUTO_GN_G1_N2,glia_to_neuron,0.1738266907194922,0.0,False,0.0,0.0,G1,,0.2,GN_IN:N2;GN_OUT:G1,True,1.0,local_domain:G1
10,repeated_additive_loop,AUTO_GN_G1_N3,glia_to_neuron,0.869133453597461,1.0,True,4.0,0.0,G1,,1.0,GN_IN:N3;GN_OUT:G1,True,1.0,local_domain:G1
10,repeated_additive_loop,AUTO_GN_G1_N6,glia_to_neuron,0.2433573670072891,0.0,False,0.0,0.0,G1,,0.28,GN_IN:N6;GN_OUT:G1,True,1.0,local_domain:G1
10,repeated_additive_loop,AUTO_GN_G2_N1,glia_to_neuron,0.052427829340493205,0.0,False,0.0,0.0,G2,,0.2,GN_IN:N1;GN_OUT:G2,True,2.0,local_domain:G2
10,repeated_additive_loop,AUTO_GN_G2_N3,glia_to_neuron,0.16252627095552893,0.0,False,0.0,0.0,G2,,0.62,GN_IN:N3;GN_OUT:G2,True,2.0,local_domain:G2
10,repeated_additive_loop,AUTO_GN_G2_N6,glia_to_neuron,0.0786417440107398,0.0,False,0.0,0.0,G2,,0.3,GN_IN:N6;GN_OUT:G2,True,2.0,local_domain:G2
10,repeated_additive_loop,AUTO_TRI_N0_G1_N6,tripartite,0.1738266907194922,0.0,False,0.0,0.0,N0;G1,,0.2,TRI_T:N6;TRI_G:G1,True,1.0,local_domain:G1
10,repeated_additive_loop,AUTO_TRI_N2_G1_N3,tripartite,0.13304996780307646,0.0,False,0.0,0.0,N2;G1,,0.20299999999999999,TRI_T:N3;TRI_G:G1,True,1.0,local_domain:G1
10,repeated_additive_loop,AUTO_TRI_N2_G1_N6,tripartite,0.380142765151647,0.0,False,0.0,0.0,N2;G1,,0.58,TRI_T:N6;TRI_G:G1,True,1.0,local_domain:G1
10,repeated_additive_loop,AUTO_TRI_N3_G1_N6,tripartite,0.03754359129165065,0.0,False,0.0,0.0,N3;G1,,0.3,TRI_T:N6;TRI_G:G1,True,1.0,local_domain:G1
10,repeated_additive_loop,AUTO_TRI_N4_G1_N2,tripartite,0.09545586902489292,0.0,False,0.0,0.0,N4;G1,,0.2,TRI_T:N2;TRI_G:G1,True,1.0,local_domain:G1
10,repeated_additive_loop,AUTO_TRI_N4_G1_N3,tripartite,0.1670477707935626,0.0,False,0.0,0.0,N4;G1,,0.35,TRI_T:N3;TRI_G:G1,True,1.0,local_domain:G1
10,repeated_additive_loop,AUTO_TRI_N4_G1_N6,tripartite,0.47727934512446457,0.5461715832303184,True,0.73733163736093,0.0,N4;G1,,1.0,TRI_T:N6;TRI_G:G1,True,1.0,local_domain:G1
10,repeated_additive_loop,AUTO_TRI_N5_G1_N6,tripartite,0.0,0.0,False,0.0,0.0,N5;G1,,0.35,TRI_T:N6;TRI_G:G1,True,1.0,local_domain:G1
11,repeated_additive_loop,AUTO_GG_G0_G1,glia_glia,0.8857294412673623,1.0,True,0.8,1.2,G0;G1,,0.96,GG:G0;GG:G1,False,,local_domains:G0
11,repeated_additive_loop,AUTO_GG_G0_G2,glia_glia,0.11599383499866009,0.0,False,0.0,0.0,G0;G2,,0.42,GG:G0;GG:G2,False,,local_domains:G0
11,repeated_additive_loop,AUTO_GG_G1_G2,glia_glia,0.18227602642646587,0.0,False,0.0,0.0,G1;G2,,0.66,GG:G1;GG:G2,False,,local_domains:G1
11,repeated_additive_loop,AUTO_GN_G0_N0,glia_to_neuron,0.35,0.0,False,0.0,0.0,G0,,0.35,GN_IN:N0;GN_OUT:G0,True,0.0,local_domain:G0
11,repeated_additive_loop,AUTO_GN_G0_N1,glia_to_neuron,0.25,0.0,False,0.0,0.0,G0,,0.25,GN_IN:N1;GN_OUT:G0,True,0.0,local_domain:G0
11,repeated_additive_loop,AUTO_GN_G0_N3,glia_to_neuron,0.55,0.0,False,0.0,0.0,G0,,0.55,GN_IN:N3;GN_OUT:G0,True,0.0,local_domain:G0
11,repeated_additive_loop,AUTO_GN_G1_N0,glia_to_neuron,0.1660742702376304,0.0,False,0.0,0.0,G1,,0.18,GN_IN:N0;GN_OUT:G1,True,1.0,local_domain:G1
11,repeated_additive_loop,AUTO_GN_G1_N2,glia_to_neuron,0.18452696693070048,0.0,False,0.0,0.0,G1,,0.2,GN_IN:N2;GN_OUT:G1,True,1.0,local_domain:G1
11,repeated_additive_loop,AUTO_GN_G1_N3,glia_to_neuron,0.9226348346535024,1.0,True,4.0,0.0,G1,,1.0,GN_IN:N3;GN_OUT:G1,True,1.0,local_domain:G1
11,repeated_additive_loop,AUTO_GN_G1_N6,glia_to_neuron,0.2583377537029807,0.0,False,0.0,0.0,G1,,0.28,GN_IN:N6;GN_OUT:G1,True,1.0,local_domain:G1
11,repeated_additive_loop,AUTO_GN_G2_N1,glia_to_neuron,0.05523515952317148,0.0,False,0.0,0.0,G2,,0.2,GN_IN:N1;GN_OUT:G2,True,2.0,local_domain:G2
11,repeated_additive_loop,AUTO_GN_G2_N3,glia_to_neuron,0.17122899452183157,0.0,False,0.0,0.0,G2,,0.62,GN_IN:N3;GN_OUT:G2,True,2.0,local_domain:G2
11,repeated_additive_loop,AUTO_GN_G2_N6,glia_to_neuron,0.08285273928475721,0.0,False,0.0,0.0,G2,,0.3,GN_IN:N6;GN_OUT:G2,True,2.0,local_domain:G2
11,repeated_additive_loop,AUTO_TRI_N0_G1_N6,tripartite,0.18452696693070048,0.0,False,0.0,0.0,N0;G1,,0.2,TRI_T:N6;TRI_G:G1,True,1.0,local_domain:G1
11,repeated_additive_loop,AUTO_TRI_N2_G1_N3,tripartite,0.13625254558726757,0.0,False,0.0,0.0,N2;G1,,0.20299999999999999,TRI_T:N3;TRI_G:G1,True,1.0,local_domain:G1
11,repeated_additive_loop,AUTO_TRI_N2_G1_N6,tripartite,0.3892929873921931,0.0,False,0.0,0.0,N2;G1,,0.58,TRI_T:N6;TRI_G:G1,True,1.0,local_domain:G1
11,repeated_additive_loop,AUTO_TRI_N3_G1_N6,tripartite,0.05662434635571699,0.0,False,0.0,0.0,N3;G1,,0.3,TRI_T:N6;TRI_G:G1,True,1.0,local_domain:G1
11,repeated_additive_loop,AUTO_TRI_N4_G1_N2,tripartite,0.09775816556308366,0.0,False,0.0,0.0,N4;G1,,0.2,TRI_T:N2;TRI_G:G1,True,1.0,local_domain:G1
11,repeated_additive_loop,AUTO_TRI_N4_G1_N3,tripartite,0.1710767897353964,0.0,False,0.0,0.0,N4;G1,,0.35,TRI_T:N3;TRI_G:G1,True,1.0,local_domain:G1
11,repeated_additive_loop,AUTO_TRI_N4_G1_N6,tripartite,0.48879082781541827,0.6718957290764838,True,0.9070592342532532,0.0,N4;G1,,1.0,TRI_T:N6;TRI_G:G1,True,1.0,local_domain:G1
11,repeated_additive_loop,AUTO_TRI_N5_G1_N6,tripartite,0.0,0.0,False,0.0,0.0,N5;G1,,0.35,TRI_T:N6;TRI_G:G1,True,1.0,local_domain:G1
12,repeated_additive_loop,AUTO_GG_G0_G1,glia_glia,0.931954634499782,1.0,True,0.8,1.2,G0;G1,,0.96,GG:G0;GG:G1,False,,local_domains:G0
12,repeated_additive_loop,AUTO_GG_G0_G2,glia_glia,0.12129968904392201,0.0,False,0.0,0.0,G0;G2,,0.42,GG:G0;GG:G2,False,,local_domains:G0
12,repeated_additive_loop,AUTO_GG_G1_G2,glia_glia,0.19061379706902032,0.0,False,0.0,0.0,G1;G2,,0.66,GG:G1;GG:G2,False,,local_domains:G1
12,repeated_additive_loop,AUTO_GN_G0_N0,glia_to_neuron,0.35,0.0,False,0.0,0.0,G0,,0.35,GN_IN:N0;GN_OUT:G0,True,0.0,local_domain:G0
12,repeated_additive_loop,AUTO_GN_G0_N1,glia_to_neuron,0.25,0.0,False,0.0,0.0,G0,,0.25,GN_IN:N1;GN_OUT:G0,True,0.0,local_domain:G0
12,repeated_additive_loop,AUTO_GN_G0_N3,glia_to_neuron,0.55,0.0,False,0.0,0.0,G0,,0.55,GN_IN:N3;GN_OUT:G0,True,0.0,local_domain:G0
12,repeated_additive_loop,AUTO_GN_G1_N0,glia_to_neuron,0.17474149396870914,0.0,False,0.0,0.0,G1,,0.18,GN_IN:N0;GN_OUT:G1,True,1.0,local_domain:G1
12,repeated_additive_loop,AUTO_GN_G1_N2,glia_to_neuron,0.19415721552078793,0.0,False,0.0,0.0,G1,,0.2,GN_IN:N2;GN_OUT:G1,True,1.0,local_domain:G1
12,repeated_additive_loop,AUTO_GN_G1_N3,glia_to_neuron,0.9707860776039396,1.0,True,4.0,0.0,G1,,1.0,GN_IN:N3;GN_OUT:G1,True,1.0,local_domain:G1
12,repeated_additive_loop,AUTO_GN_G1_N6,glia_to_neuron,0.27182010172910315,0.0,False,0.0,0.0,G1,,0.28,GN_IN:N6;GN_OUT:G1,True,1.0,local_domain:G1
12,repeated_additive_loop,AUTO_GN_G2_N1,glia_to_neuron,0.05776175668758191,0.0,False,0.0,0.0,G2,,0.2,GN_IN:N1;GN_OUT:G2,True,2.0,local_domain:G2
12,repeated_additive_loop,AUTO_GN_G2_N3,glia_to_neuron,0.17906144573150393,0.0,False,0.0,0.0,G2,,0.62,GN_IN:N3;GN_OUT:G2,True,2.0,local_domain:G2
12,repeated_additive_loop,AUTO_GN_G2_N6,glia_to_neuron,0.08664263503137286,0.0,False,0.0,0.0,G2,,0.3,GN_IN:N6;GN_OUT:G2,True,2.0,local_domain:G2
12,repeated_additive_loop,AUTO_TRI_N0_G1_N6,tripartite,0.19415721552078793,0.0,False,0.0,0.0,N0;G1,,0.2,TRI_T:N6;TRI_G:G1,True,1.0,local_domain:G1
12,repeated_additive_loop,AUTO_TRI_N2_G1_N3,tripartite,0.13881460781462046,0.0,False,0.0,0.0,N2;G1,,0.20299999999999999,TRI_T:N3;TRI_G:G1,True,1.0,local_domain:G1
12,repeated_additive_loop,AUTO_TRI_N2_G1_N6,tripartite,0.3966131651846299,0.0,False,0.0,0.0,N2;G1,,0.58,TRI_T:N6;TRI_G:G1,True,1.0,local_domain:G1
12,repeated_additive_loop,AUTO_TRI_N3_G1_N6,tripartite,0.07188895040697006,0.0,False,0.0,0.0,N3;G1,,0.3,TRI_T:N6;TRI_G:G1,True,1.0,local_domain:G1
12,repeated_additive_loop,AUTO_TRI_N4_G1_N2,tripartite,0.09960000279363625,0.0,False,0.0,0.0,N4;G1,,0.2,TRI_T:N2;TRI_G:G1,True,1.0,local_domain:G1
12,repeated_additive_loop,AUTO_TRI_N4_G1_N3,tripartite,0.1743000048888634,0.0,False,0.0,0.0,N4;G1,,0.35,TRI_T:N3;TRI_G:G1,True,1.0,local_domain:G1
12,repeated_additive_loop,AUTO_TRI_N4_G1_N6,tripartite,0.4980000139681812,0.800759370202,True,1.0810251497727001,0.0,N4;G1,,1.0,TRI_T:N6;TRI_G:G1,True,1.0,local_domain:G1
12,repeated_additive_loop,AUTO_TRI_N5_G1_N6,tripartite,0.0,0.0,False,0.0,0.0,N5;G1,,0.35,TRI_T:N6;TRI_G:G1,True,1.0,local_domain:G1
13,repeated_additive_loop,AUTO_GG_G0_G1,glia_glia,0.96,1.0,True,0.8,1.2,G0;G1,,0.96,GG:G0;GG:G1,False,,local_domains:G0
13,repeated_additive_loop,AUTO_GG_G0_G2,glia_glia,0.12607495768465773,0.0,False,0.0,0.0,G0;G2,,0.42,GG:G0;GG:G2,False,,local_domains:G0
13,repeated_additive_loop,AUTO_GG_G1_G2,glia_glia,0.19811779064731933,0.0,False,0.0,0.0,G1;G2,,0.66,GG:G1;GG:G2,False,,local_domains:G1
13,repeated_additive_loop,AUTO_GN_G0_N0,glia_to_neuron,0.35,0.0,False,0.0,0.0,G0,,0.35,GN_IN:N0;GN_OUT:G0,True,0.0,local_domain:G0
13,repeated_additive_loop,AUTO_GN_G0_N1,glia_to_neuron,0.25,0.0,False,0.0,0.0,G0,,0.25,GN_IN:N1;GN_OUT:G0,True,0.0,local_domain:G0
13,repeated_additive_loop,AUTO_GN_G0_N3,glia_to_neuron,0.55,0.0,False,0.0,0.0,G0,,0.55,GN_IN:N3;GN_OUT:G0,True,0.0,local_domain:G0
13,repeated_additive_loop,AUTO_GN_G1_N0,glia_to_neuron,0.18,0.0,False,0.0,0.0,G1,,0.18,GN_IN:N0;GN_OUT:G1,True,1.0,local_domain:G1
13,repeated_additive_loop,AUTO_GN_G1_N2,glia_to_neuron,0.2,0.0,False,0.0,0.0,G1,,0.2,GN_IN:N2;GN_OUT:G1,True,1.0,local_domain:G1
13,repeated_additive_loop,AUTO_GN_G1_N3,glia_to_neuron,1.0,1.0,True,4.0,0.0,G1,,1.0,GN_IN:N3;GN_OUT:G1,True,1.0,local_domain:G1
13,repeated_additive_loop,AUTO_GN_G1_N6,glia_to_neuron,0.28,0.0,False,0.0,0.0,G1,,0.28,GN_IN:N6;GN_OUT:G1,True,1.0,local_domain:G1
13,repeated_additive_loop,AUTO_GN_G2_N1,glia_to_neuron,0.060035694135551314,0.0,False,0.0,0.0,G2,,0.2,GN_IN:N1;GN_OUT:G2,True,2.0,local_domain:G2
13,repeated_additive_loop,AUTO_GN_G2_N3,glia_to_neuron,0.18611065182020906,0.0,False,0.0,0.0,G2,,0.62,GN_IN:N3;GN_OUT:G2,True,2.0,local_domain:G2
13,repeated_additive_loop,AUTO_GN_G2_N6,glia_to_neuron,0.09005354120332697,0.0,False,0.0,0.0,G2,,0.3,GN_IN:N6;GN_OUT:G2,True,2.0,local_domain:G2
13,repeated_additive_loop,AUTO_TRI_N0_G1_N6,tripartite,0.2,0.0,False,0.0,0.0,N0;G1,,0.2,TRI_T:N6;TRI_G:G1,True,1.0,local_domain:G1
13,repeated_additive_loop,AUTO_TRI_N2_G1_N3,tripartite,0.14086425759650278,0.0,False,0.0,0.0,N2;G1,,0.20299999999999999,TRI_T:N3;TRI_G:G1,True,1.0,local_domain:G1
13,repeated_additive_loop,AUTO_TRI_N2_G1_N6,tripartite,0.4024693074185794,0.0,False,0.0,0.0,N2;G1,,0.58,TRI_T:N6;TRI_G:G1,True,1.0,local_domain:G1
13,repeated_additive_loop,AUTO_TRI_N3_G1_N6,tripartite,0.08410063364797252,0.0,False,0.0,0.0,N3;G1,,0.3,TRI_T:N6;TRI_G:G1,True,1.0,local_domain:G1
13,repeated_additive_loop,AUTO_TRI_N4_G1_N2,tripartite,0.10107347257807833,0.0,False,0.0,0.0,N4;G1,,0.2,TRI_T:N2;TRI_G:G1,True,1.0,local_domain:G1
13,repeated_additive_loop,AUTO_TRI_N4_G1_N3,tripartite,0.17687857701163706,0.0,False,0.0,0.0,N4;G1,,0.35,TRI_T:N3;TRI_G:G1,True,1.0,local_domain:G1
13,repeated_additive_loop,AUTO_TRI_N4_G1_N6,tripartite,0.5053673628903916,0.9321346075509972,True,1.2583817201938463,0.0,N4;G1,,1.0,TRI_T:N6;TRI_G:G1,True,1.0,local_domain:G1
13,repeated_additive_loop,AUTO_TRI_N5_G1_N6,tripartite,0.0,0.0,False,0.0,0.0,N5;G1,,0.35,TRI_T:N6;TRI_G:G1,True,1.0,local_domain:G1
14,repeated_additive_loop,AUTO_GG_G0_G1,glia_glia,0.96,1.0,True,0.8,1.2,G0;G1,,0.96,GG:G0;GG:G1,False,,local_domains:G0
14,repeated_additive_loop,AUTO_GG_G0_G2,glia_glia,0.1303726994613199,0.0,False,0.0,0.0,G0;G2,,0.42,GG:G0;GG:G2,False,,local_domains:G0
14,repeated_additive_loop,AUTO_GG_G1_G2,glia_glia,0.20487138486778844,0.0,False,0.0,0.0,G1;G2,,0.66,GG:G1;GG:G2,False,,local_domains:G1
14,repeated_additive_loop,AUTO_GN_G0_N0,glia_to_neuron,0.35,0.0,False,0.0,0.0,G0,,0.35,GN_IN:N0;GN_OUT:G0,True,0.0,local_domain:G0
14,repeated_additive_loop,AUTO_GN_G0_N1,glia_to_neuron,0.25,0.0,False,0.0,0.0,G0,,0.25,GN_IN:N1;GN_OUT:G0,True,0.0,local_domain:G0
14,repeated_additive_loop,AUTO_GN_G0_N3,glia_to_neuron,0.55,0.0,False,0.0,0.0,G0,,0.55,GN_IN:N3;GN_OUT:G0,True,0.0,local_domain:G0
14,repeated_additive_loop,AUTO_GN_G1_N0,glia_to_neuron,0.18,0.0,False,0.0,0.0,G1,,0.18,GN_IN:N0;GN_OUT:G1,True,1.0,local_domain:G1
14,repeated_additive_loop,AUTO_GN_G1_N2,glia_to_neuron,0.2,0.0,False,0.0,0.0,G1,,0.2,GN_IN:N2;GN_OUT:G1,True,1.0,local_domain:G1
14,repeated_additive_loop,AUTO_GN_G1_N3,glia_to_neuron,1.0,1.0,True,4.0,0.0,G1,,1.0,GN_IN:N3;GN_OUT:G1,True,1.0,local_domain:G1
14,repeated_additive_loop,AUTO_GN_G1_N6,glia_to_neuron,0.28,0.0,False,0.0,0.0,G1,,0.28,GN_IN:N6;GN_OUT:G1,True,1.0,local_domain:G1
14,repeated_additive_loop,AUTO_GN_G2_N1,glia_to_neuron,0.06208223783872377,0.0,False,0.0,0.0,G2,,0.2,GN_IN:N1;GN_OUT:G2,True,2.0,local_domain:G2
14,repeated_additive_loop,AUTO_GN_G2_N3,glia_to_neuron,0.19245493730004368,0.0,False,0.0,0.0,G2,,0.62,GN_IN:N3;GN_OUT:G2,True,2.0,local_domain:G2
14,repeated_additive_loop,AUTO_GN_G2_N6,glia_to_neuron,0.09312335675808564,0.0,False,0.0,0.0,G2,,0.3,GN_IN:N6;GN_OUT:G2,True,2.0,local_domain:G2
14,repeated_additive_loop,AUTO_TRI_N0_G1_N6,tripartite,0.2,0.0,False,0.0,0.0,N0;G1,,0.2,TRI_T:N6;TRI_G:G1,True,1.0,local_domain:G1
14,repeated_additive_loop,AUTO_TRI_N2_G1_N3,tripartite,0.14250397742200863,0.0,False,0.0,0.0,N2;G1,,0.20299999999999999,TRI_T:N3;TRI_G:G1,True,1.0,local_domain:G1
14,repeated_additive_loop,AUTO_TRI_N2_G1_N6,tripartite,0.40715422120573896,0.0,False,0.0,0.0,N2;G1,,0.58,TRI_T:N6;TRI_G:G1,True,1.0,local_domain:G1
14,repeated_additive_loop,AUTO_TRI_N3_G1_N6,tripartite,0.09386998024077449,0.0,False,0.0,0.0,N3;G1,,0.3,TRI_T:N6;TRI_G:G1,True,1.0,local_domain:G1
14,repeated_additive_loop,AUTO_TRI_N4_G1_N2,tripartite,0.10225224840563199,0.0,False,0.0,0.0,N4;G1,,0.2,TRI_T:N2;TRI_G:G1,True,1.0,local_domain:G1
14,repeated_additive_loop,AUTO_TRI_N4_G1_N3,tripartite,0.17894143470985596,0.0,False,0.0,0.0,N4;G1,,0.35,TRI_T:N3;TRI_G:G1,True,1.0,local_domain:G1
14,repeated_additive_loop,AUTO_TRI_N4_G1_N6,tripartite,0.5112612420281599,1.0,True,1.35,0.0,N4;G1,,1.0,TRI_T:N6;TRI_G:G1,True,1.0,local_domain:G1
14,repeated_additive_loop,AUTO_TRI_N5_G1_N6,tripartite,0.0,0.0,False,0.0,0.0,N5;G1,,0.35,TRI_T:N6;TRI_G:G1,True,1.0,local_domain:G1
15,repeated_additive_loop,AUTO_GG_G0_G1,glia_glia,0.96,1.0,True,0.8,1.2,G0;G1,,0.96,GG:G0;GG:G1,False,,local_domains:G0
15,repeated_additive_loop,AUTO_GG_G0_G2,glia_glia,0.13424066706031584,0.0,False,0.0,0.0,G0;G2,,0.42,GG:G0;GG:G2,False,,local_domains:G0
15,repeated_additive_loop,AUTO_GG_G1_G2,glia_glia,0.21094961966621062,0.0,False,0.0,0.0,G1;G2,,0.66,GG:G1;GG:G2,False,,local_domains:G1
15,repeated_additive_loop,AUTO_GN_G0_N0,glia_to_neuron,0.35,0.0,False,0.0,0.0,G0,,0.35,GN_IN:N0;GN_OUT:G0,True,0.0,local_domain:G0
15,repeated_additive_loop,AUTO_GN_G0_N1,glia_to_neuron,0.25,0.0,False,0.0,0.0,G0,,0.25,GN_IN:N1;GN_OUT:G0,True,0.0,local_domain:G0
15,repeated_additive_loop,AUTO_GN_G0_N3,glia_to_neuron,0.55,0.0,False,0.0,0.0,G0,,0.55,GN_IN:N3;GN_OUT:G0,True,0.0,local_domain:G0
15,repeated_additive_loop,AUTO_GN_G1_N0,glia_to_neuron,0.18,0.0,False,0.0,0.0,G1,,0.18,GN_IN:N0;GN_OUT:G1,True,1.0,local_domain:G1
15,repeated_additive_loop,AUTO_GN_G1_N2,glia_to_neuron,0.2,0.0,False,0.0,0.0,G1,,0.2,GN_IN:N2;GN_OUT:G1,True,1.0,local_domain:G1
15,repeated_additive_loop,AUTO_GN_G1_N3,glia_to_neuron,1.0,1.0,True,4.0,0.0,G1,,1.0,GN_IN:N3;GN_OUT:G1,True,1.0,local_domain:G1
15,repeated_additive_loop,AUTO_GN_G1_N6,glia_to_neuron,0.28,0.0,False,0.0,0.0,G1,,0.28,GN_IN:N6;GN_OUT:G1,True,1.0,local_domain:G1
15,repeated_additive_loop,AUTO_GN_G2_N1,glia_to_neuron,0.06392412717157897,0.0,False,0.0,0.0,G2,,0.2,GN_IN:N1;GN_OUT:G2,True,2.0,local_domain:G2
15,repeated_additive_loop,AUTO_GN_G2_N3,glia_to_neuron,0.19816479423189481,0.0,False,0.0,0.0,G2,,0.62,GN_IN:N3;GN_OUT:G2,True,2.0,local_domain:G2
15,repeated_additive_loop,AUTO_GN_G2_N6,glia_to_neuron,0.09588619075736846,0.0,False,0.0,0.0,G2,,0.3,GN_IN:N6;GN_OUT:G2,True,2.0,local_domain:G2
15,repeated_additive_loop,AUTO_TRI_N0_G1_N6,tripartite,0.2,0.0,False,0.0,0.0,N0;G1,,0.2,TRI_T:N6;TRI_G:G1,True,1.0,local_domain:G1
15,repeated_additive_loop,AUTO_TRI_N2_G1_N3,tripartite,0.14381575328241333,0.0,False,0.0,0.0,N2;G1,,0.20299999999999999,TRI_T:N3;TRI_G:G1,True,1.0,local_domain:G1
15,repeated_additive_loop,AUTO_TRI_N2_G1_N6,tripartite,0.4109021522354666,0.0,False,0.0,0.0,N2;G1,,0.58,TRI_T:N6;TRI_G:G1,True,1.0,local_domain:G1
15,repeated_additive_loop,AUTO_TRI_N3_G1_N6,tripartite,0.10168545751501608,0.0,False,0.0,0.0,N3;G1,,0.3,TRI_T:N6;TRI_G:G1,True,1.0,local_domain:G1
15,repeated_additive_loop,AUTO_TRI_N4_G1_N2,tripartite,0.10319526906767491,0.0,False,0.0,0.0,N4;G1,,0.2,TRI_T:N2;TRI_G:G1,True,1.0,local_domain:G1
15,repeated_additive_loop,AUTO_TRI_N4_G1_N3,tripartite,0.1805917208684311,0.0,False,0.0,0.0,N4;G1,,0.35,TRI_T:N3;TRI_G:G1,True,1.0,local_domain:G1
15,repeated_additive_loop,AUTO_TRI_N4_G1_N6,tripartite,0.5159763453383746,1.0,True,1.35,0.0,N4;G1,,1.0,TRI_T:N6;TRI_G:G1,True,1.0,local_domain:G1
15,repeated_additive_loop,AUTO_TRI_N5_G1_N6,tripartite,0.0,0.0,False,0.0,0.0,N5;G1,,0.35,TRI_T:N6;TRI_G:G1,True,1.0,local_domain:G1
16,repeated_additive_loop,AUTO_GG_G0_G1,glia_glia,0.96,1.0,True,0.8,1.2,G0;G1,,0.96,GG:G0;GG:G1,False,,local_domains:G0
16,repeated_additive_loop,AUTO_GG_G0_G2,glia_glia,0.1377218378994122,0.0,False,0.0,0.0,G0;G2,,0.42,GG:G0;GG:G2,False,,local_domains:G0
16,repeated_additive_loop,AUTO_GG_G1_G2,glia_glia,0.2164200309847906,0.0,False,0.0,0.0,G1;G2,,0.66,GG:G1;GG:G2,False,,local_domains:G1
16,repeated_additive_loop,AUTO_GN_G0_N0,glia_to_neuron,0.35,0.0,False,0.0,0.0,G0,,0.35,GN_IN:N0;GN_OUT:G0,True,0.0,local_domain:G0
16,repeated_additive_loop,AUTO_GN_G0_N1,glia_to_neuron,0.25,0.0,False,0.0,0.0,G0,,0.25,GN_IN:N1;GN_OUT:G0,True,0.0,local_domain:G0
16,repeated_additive_loop,AUTO_GN_G0_N3,glia_to_neuron,0.55,0.0,False,0.0,0.0,G0,,0.55,GN_IN:N3;GN_OUT:G0,True,0.0,local_domain:G0
16,repeated_additive_loop,AUTO_GN_G1_N0,glia_to_neuron,0.18,0.0,False,0.0,0.0,G1,,0.18,GN_IN:N0;GN_OUT:G1,True,1.0,local_domain:G1
16,repeated_additive_loop,AUTO_GN_G1_N2,glia_to_neuron,0.2,0.0,False,0.0,0.0,G1,,0.2,GN_IN:N2;GN_OUT:G1,True,1.0,local_domain:G1
16,repeated_additive_loop,AUTO_GN_G1_N3,glia_to_neuron,1.0,1.0,True,4.0,0.0,G1,,1.0,GN_IN:N3;GN_OUT:G1,True,1.0,local_domain:G1
16,repeated_additive_loop,AUTO_GN_G1_N6,glia_to_neuron,0.28,0.0,False,0.0,0.0,G1,,0.28,GN_IN:N6;GN_OUT:G1,True,1.0,local_domain:G1
16,repeated_additive_loop,AUTO_GN_G2_N1,glia_to_neuron,0.06558182757114867,0.0,False,0.0,0.0,G2,,0.2,GN_IN:N1;GN_OUT:G2,True,2.0,local_domain:G2
16,repeated_additive_loop,AUTO_GN_G2_N3,glia_to_neuron,0.20330366547056086,0.0,False,0.0,0.0,G2,,0.62,GN_IN:N3;GN_OUT:G2,True,2.0,local_domain:G2
16,repeated_additive_loop,AUTO_GN_G2_N6,glia_to_neuron,0.098372741356723,0.0,False,0.0,0.0,G2,,0.3,GN_IN:N6;GN_OUT:G2,True,2.0,local_domain:G2
16,repeated_additive_loop,AUTO_TRI_N0_G1_N6,tripartite,0.2,0.0,False,0.0,0.0,N0;G1,,0.2,TRI_T:N6;TRI_G:G1,True,1.0,local_domain:G1
16,repeated_additive_loop,AUTO_TRI_N2_G1_N3,tripartite,0.14486517397073706,0.0,False,0.0,0.0,N2;G1,,0.20299999999999999,TRI_T:N3;TRI_G:G1,True,1.0,local_domain:G1
16,repeated_additive_loop,AUTO_TRI_N2_G1_N6,tripartite,0.41390049705924875,0.0,False,0.0,0.0,N2;G1,,0.58,TRI_T:N6;TRI_G:G1,True,1.0,local_domain:G1
16,repeated_additive_loop,AUTO_TRI_N3_G1_N6,tripartite,0.10793783933440934,0.0,False,0.0,0.0,N3;G1,,0.3,TRI_T:N6;TRI_G:G1,True,1.0,local_domain:G1
16,repeated_additive_loop,AUTO_TRI_N4_G1_N2,tripartite,0.10394968559730927,0.0,False,0.0,0.0,N4;G1,,0.2,TRI_T:N2;TRI_G:G1,True,1.0,local_domain:G1
16,repeated_additive_loop,AUTO_TRI_N4_G1_N3,tripartite,0.18191194979529118,0.0,False,0.0,0.0,N4;G1,,0.35,TRI_T:N3;TRI_G:G1,True,1.0,local_domain:G1
16,repeated_additive_loop,AUTO_TRI_N4_G1_N6,tripartite,0.5197484279865463,1.0,True,1.35,0.0,N4;G1,,1.0,TRI_T:N6;TRI_G:G1,True,1.0,local_domain:G1
16,repeated_additive_loop,AUTO_TRI_N5_G1_N6,tripartite,0.0,0.0,False,0.0,0.0,N5;G1,,0.35,TRI_T:N6;TRI_G:G1,True,1.0,local_domain:G1
17,repeated_additive_loop,AUTO_GG_G0_G1,glia_glia,0.96,1.0,True,0.8,1.2,G0;G1,,0.96,GG:G0;GG:G1,False,,local_domains:G0
17,repeated_additive_loop,AUTO_GG_G0_G2,glia_glia,0.1408548916545989,0.0,False,0.0,0.0,G0;G2,,0.42,GG:G0;GG:G2,False,,local_domains:G0
17,repeated_additive_loop,AUTO_GG_G1_G2,glia_glia,0.2213434011715126,0.0,False,0.0,0.0,G1;G2,,0.66,GG:G1;GG:G2,False,,local_domains:G1
17,repeated_additive_loop,AUTO_GN_G0_N0,glia_to_neuron,0.35,0.0,False,0.0,0.0,G0,,0.35,GN_IN:N0;GN_OUT:G0,True,0.0,local_domain:G0
17,repeated_additive_loop,AUTO_GN_G0_N1,glia_to_neuron,0.25,0.0,False,0.0,0.0,G0,,0.25,GN_IN:N1;GN_OUT:G0,True,0.0,local_domain:G0
17,repeated_additive_loop,AUTO_GN_G0_N3,glia_to_neuron,0.55,0.0,False,0.0,0.0,G0,,0.55,GN_IN:N3;GN_OUT:G0,True,0.0,local_domain:G0
17,repeated_additive_loop,AUTO_GN_G1_N0,glia_to_neuron,0.18,0.0,False,0.0,0.0,G1,,0.18,GN_IN:N0;GN_OUT:G1,True,1.0,local_domain:G1
17,repeated_additive_loop,AUTO_GN_G1_N2,glia_to_neuron,0.2,0.0,False,0.0,0.0,G1,,0.2,GN_IN:N2;GN_OUT:G1,True,1.0,local_domain:G1
17,repeated_additive_loop,AUTO_GN_G1_N3,glia_to_neuron,1.0,1.0,True,4.0,0.0,G1,,1.0,GN_IN:N3;GN_OUT:G1,True,1.0,local_domain:G1
17,repeated_additive_loop,AUTO_GN_G1_N6,glia_to_neuron,0.28,0.0,False,0.0,0.0,G1,,0.28,GN_IN:N6;GN_OUT:G1,True,1.0,local_domain:G1
17,repeated_additive_loop,AUTO_GN_G2_N1,glia_to_neuron,0.0670737579307614,0.0,False,0.0,0.0,G2,,0.2,GN_IN:N1;GN_OUT:G2,True,2.0,local_domain:G2
17,repeated_additive_loop,AUTO_GN_G2_N3,glia_to_neuron,0.2079286495853603,0.0,False,0.0,0.0,G2,,0.62,GN_IN:N3;GN_OUT:G2,True,2.0,local_domain:G2
17,repeated_additive_loop,AUTO_GN_G2_N6,glia_to_neuron,0.10061063689614208,0.0,False,0.0,0.0,G2,,0.3,GN_IN:N6;GN_OUT:G2,True,2.0,local_domain:G2
17,repeated_additive_loop,AUTO_TRI_N0_G1_N6,tripartite,0.2,0.0,False,0.0,0.0,N0;G1,,0.2,TRI_T:N6;TRI_G:G1,True,1.0,local_domain:G1
17,repeated_additive_loop,AUTO_TRI_N2_G1_N3,tripartite,0.14570471052139608,0.0,False,0.0,0.0,N2;G1,,0.20299999999999999,TRI_T:N3;TRI_G:G1,True,1.0,local_domain:G1
17,repeated_additive_loop,AUTO_TRI_N2_G1_N6,tripartite,0.4162991729182745,0.0,False,0.0,0.0,N2;G1,,0.58,TRI_T:N6;TRI_G:G1,True,1.0,local_domain:G1
17,repeated_additive_loop,AUTO_TRI_N3_G1_N6,tripartite,0.11293974478992394,0.0,False,0.0,0.0,N3;G1,,0.3,TRI_T:N6;TRI_G:G1,True,1.0,local_domain:G1
17,repeated_additive_loop,AUTO_TRI_N4_G1_N2,tripartite,0.10455321882101674,0.0,False,0.0,0.0,N4;G1,,0.2,TRI_T:N2;TRI_G:G1,True,1.0,local_domain:G1
17,repeated_additive_loop,AUTO_TRI_N4_G1_N3,tripartite,0.18296813293677927,0.0,False,0.0,0.0,N4;G1,,0.35,TRI_T:N3;TRI_G:G1,True,1.0,local_domain:G1
17,repeated_additive_loop,AUTO_TRI_N4_G1_N6,tripartite,0.5227660941050837,1.0,True,1.35,0.0,N4;G1,,1.0,TRI_T:N6;TRI_G:G1,True,1.0,local_domain:G1
17,repeated_additive_loop,AUTO_TRI_N5_G1_N6,tripartite,0.0,0.0,False,0.0,0.0,N5;G1,,0.35,TRI_T:N6;TRI_G:G1,True,1.0,local_domain:G1
18,repeated_additive_loop,AUTO_GG_G0_G1,glia_glia,0.96,1.0,True,0.8,1.2,G0;G1,,0.96,GG:G0;GG:G1,False,,local_domains:G0
18,repeated_additive_loop,AUTO_GG_G0_G2,glia_glia,0.14367464003426694,0.0,False,0.0,0.0,G0;G2,,0.42,GG:G0;GG:G2,False,,local_domains:G0
18,repeated_additive_loop,AUTO_GG_G1_G2,glia_glia,0.22577443433956237,0.0,False,0.0,0.0,G1;G2,,0.66,GG:G1;GG:G2,False,,local_domains:G1
18,repeated_additive_loop,AUTO_GN_G0_N0,glia_to_neuron,0.35,0.0,False,0.0,0.0,G0,,0.35,GN_IN:N0;GN_OUT:G0,True,0.0,local_domain:G0
18,repeated_additive_loop,AUTO_GN_G0_N1,glia_to_neuron,0.25,0.0,False,0.0,0.0,G0,,0.25,GN_IN:N1;GN_OUT:G0,True,0.0,local_domain:G0
18,repeated_additive_loop,AUTO_GN_G0_N3,glia_to_neuron,0.55,0.0,False,0.0,0.0,G0,,0.55,GN_IN:N3;GN_OUT:G0,True,0.0,local_domain:G0
18,repeated_additive_loop,AUTO_GN_G1_N0,glia_to_neuron,0.18,0.0,False,0.0,0.0,G1,,0.18,GN_IN:N0;GN_OUT:G1,True,1.0,local_domain:G1
18,repeated_additive_loop,AUTO_GN_G1_N2,glia_to_neuron,0.2,0.0,False,0.0,0.0,G1,,0.2,GN_IN:N2;GN_OUT:G1,True,1.0,local_domain:G1
18,repeated_additive_loop,AUTO_GN_G1_N3,glia_to_neuron,1.0,1.0,True,4.0,0.0,G1,,1.0,GN_IN:N3;GN_OUT:G1,True,1.0,local_domain:G1
18,repeated_additive_loop,AUTO_GN_G1_N6,glia_to_neuron,0.28,0.0,False,0.0,0.0,G1,,0.28,GN_IN:N6;GN_OUT:G1,True,1.0,local_domain:G1
18,repeated_additive_loop,AUTO_GN_G2_N1,glia_to_neuron,0.06841649525441283,0.0,False,0.0,0.0,G2,,0.2,GN_IN:N1;GN_OUT:G2,True,2.0,local_domain:G2
18,repeated_additive_loop,AUTO_GN_G2_N3,glia_to_neuron,0.2120911352886798,0.0,False,0.0,0.0,G2,,0.62,GN_IN:N3;GN_OUT:G2,True,2.0,local_domain:G2
18,repeated_additive_loop,AUTO_GN_G2_N6,glia_to_neuron,0.10262474288161925,0.0,False,0.0,0.0,G2,,0.3,GN_IN:N6;GN_OUT:G2,True,2.0,local_domain:G2
18,repeated_additive_loop,AUTO_TRI_N0_G1_N6,tripartite,0.2,0.0,False,0.0,0.0,N0;G1,,0.2,TRI_T:N6;TRI_G:G1,True,1.0,local_domain:G1
18,repeated_additive_loop,AUTO_TRI_N2_G1_N3,tripartite,0.14637633976192327,0.0,False,0.0,0.0,N2;G1,,0.20299999999999999,TRI_T:N3;TRI_G:G1,True,1.0,local_domain:G1
18,repeated_additive_loop,AUTO_TRI_N2_G1_N6,tripartite,0.41821811360549505,0.0,False,0.0,0.0,N2;G1,,0.58,TRI_T:N6;TRI_G:G1,True,1.0,local_domain:G1
18,repeated_additive_loop,AUTO_TRI_N3_G1_N6,tripartite,0.11694126915433563,0.0,False,0.0,0.0,N3;G1,,0.3,TRI_T:N6;TRI_G:G1,True,1.0,local_domain:G1
18,repeated_additive_loop,AUTO_TRI_N4_G1_N2,tripartite,0.10503604539998271,0.0,False,0.0,0.0,N4;G1,,0.2,TRI_T:N2;TRI_G:G1,True,1.0,local_domain:G1
18,repeated_additive_loop,AUTO_TRI_N4_G1_N3,tripartite,0.18381307944996972,0.0,False,0.0,0.0,N4;G1,,0.35,TRI_T:N3;TRI_G:G1,True,1.0,local_domain:G1
18,repeated_additive_loop,AUTO_TRI_N4_G1_N6,tripartite,0.5251802269999135,1.0,True,1.35,0.0,N4;G1,,1.0,TRI_T:N6;TRI_G:G1,True,1.0,local_domain:G1
18,repeated_additive_loop,AUTO_TRI_N5_G1_N6,tripartite,0.0,0.0,False,0.0,0.0,N5;G1,,0.35,TRI_T:N6;TRI_G:G1,True,1.0,local_domain:G1
19,repeated_additive_loop,AUTO_GG_G0_G1,glia_glia,0.96,1.0,True,0.8,1.2,G0;G1,,0.96,GG:G0;GG:G1,False,,local_domains:G0
19,repeated_additive_loop,AUTO_GG_G0_G2,glia_glia,0.14621241357596818,0.0,False,0.0,0.0,G0;G2,,0.42,GG:G0;GG:G2,False,,local_domains:G0
19,repeated_additive_loop,AUTO_GG_G1_G2,glia_glia,0.22976236419080717,0.0,False,0.0,0.0,G1;G2,,0.66,GG:G1;GG:G2,False,,local_domains:G1
19,repeated_additive_loop,AUTO_GN_G0_N0,glia_to_neuron,0.35,0.0,False,0.0,0.0,G0,,0.35,GN_IN:N0;GN_OUT:G0,True,0.0,local_domain:G0
19,repeated_additive_loop,AUTO_GN_G0_N1,glia_to_neuron,0.25,0.0,False,0.0,0.0,G0,,0.25,GN_IN:N1;GN_OUT:G0,True,0.0,local_domain:G0
19,repeated_additive_loop,AUTO_GN_G0_N3,glia_to_neuron,0.55,0.0,False,0.0,0.0,G0,,0.55,GN_IN:N3;GN_OUT:G0,True,0.0,local_domain:G0
19,repeated_additive_loop,AUTO_GN_G1_N0,glia_to_neuron,0.18,0.0,False,0.0,0.0,G1,,0.18,GN_IN:N0;GN_OUT:G1,True,1.0,local_domain:G1
19,repeated_additive_loop,AUTO_GN_G1_N2,glia_to_neuron,0.2,0.0,False,0.0,0.0,G1,,0.2,GN_IN:N2;GN_OUT:G1,True,1.0,local_domain:G1
19,repeated_additive_loop,AUTO_GN_G1_N3,glia_to_neuron,1.0,1.0,True,4.0,0.0,G1,,1.0,GN_IN:N3;GN_OUT:G1,True,1.0,local_domain:G1
19,repeated_additive_loop,AUTO_GN_G1_N6,glia_to_neuron,0.28,0.0,False,0.0,0.0,G1,,0.28,GN_IN:N6;GN_OUT:G1,True,1.0,local_domain:G1
19,repeated_additive_loop,AUTO_GN_G2_N1,glia_to_neuron,0.06962495884569914,0.0,False,0.0,0.0,G2,,0.2,GN_IN:N1;GN_OUT:G2,True,2.0,local_domain:G2
19,repeated_additive_loop,AUTO_GN_G2_N3,glia_to_neuron,0.2158373724216673,0.0,False,0.0,0.0,G2,,0.62,GN_IN:N3;GN_OUT:G2,True,2.0,local_domain:G2
19,repeated_additive_loop,AUTO_GN_G2_N6,glia_to_neuron,0.1044374382685487,0.0,False,0.0,0.0,G2,,0.3,GN_IN:N6;GN_OUT:G2,True,2.0,local_domain:G2
19,repeated_additive_loop,AUTO_TRI_N0_G1_N6,tripartite,0.2,0.0,False,0.0,0.0,N0;G1,,0.2,TRI_T:N6;TRI_G:G1,True,1.0,local_domain:G1
19,repeated_additive_loop,AUTO_TRI_N2_G1_N3,tripartite,0.14691364315434505,0.0,False,0.0,0.0,N2;G1,,0.20299999999999999,TRI_T:N3;TRI_G:G1,True,1.0,local_domain:G1
19,repeated_additive_loop,AUTO_TRI_N2_G1_N6,tripartite,0.41975326615527153,0.0,False,0.0,0.0,N2;G1,,0.58,TRI_T:N6;TRI_G:G1,True,1.0,local_domain:G1
19,repeated_additive_loop,AUTO_TRI_N3_G1_N6,tripartite,0.12014248864586499,0.0,False,0.0,0.0,N3;G1,,0.3,TRI_T:N6;TRI_G:G1,True,1.0,local_domain:G1
19,repeated_additive_loop,AUTO_TRI_N4_G1_N2,tripartite,0.1054223066631555,0.0,False,0.0,0.0,N4;G1,,0.2,TRI_T:N2;TRI_G:G1,True,1.0,local_domain:G1
19,repeated_additive_loop,AUTO_TRI_N4_G1_N3,tripartite,0.18448903666052208,0.0,False,0.0,0.0,N4;G1,,0.35,TRI_T:N3;TRI_G:G1,True,1.0,local_domain:G1
19,repeated_additive_loop,AUTO_TRI_N4_G1_N6,tripartite,0.5271115333157774,1.0,True,1.35,0.0,N4;G1,,1.0,TRI_T:N6;TRI_G:G1,True,1.0,local_domain:G1
19,repeated_additive_loop,AUTO_TRI_N5_G1_N6,tripartite,0.0,0.0,False,0.0,0.0,N5;G1,,0.35,TRI_T:N6;TRI_G:G1,True,1.0,local_domain:G1
20,repeated_additive_loop,AUTO_GG_G0_G1,glia_glia,0.96,1.0,True,0.8,1.2,G0;G1,,0.96,GG:G0;GG:G1,False,,local_domains:G0
20,repeated_additive_loop,AUTO_GG_G0_G2,glia_glia,0.14849640976349932,0.0,False,0.0,0.0,G0;G2,,0.42,GG:G0;GG:G2,False,,local_domains:G0
20,repeated_additive_loop,AUTO_GG_G1_G2,glia_glia,0.2333515010569275,0.0,False,0.0,0.0,G1;G2,,0.66,GG:G1;GG:G2,False,,local_domains:G1
20,repeated_additive_loop,AUTO_GN_G0_N0,glia_to_neuron,0.35,0.0,False,0.0,0.0,G0,,0.35,GN_IN:N0;GN_OUT:G0,True,0.0,local_domain:G0
20,repeated_additive_loop,AUTO_GN_G0_N1,glia_to_neuron,0.25,0.0,False,0.0,0.0,G0,,0.25,GN_IN:N1;GN_OUT:G0,True,0.0,local_domain:G0
20,repeated_additive_loop,AUTO_GN_G0_N3,glia_to_neuron,0.55,0.0,False,0.0,0.0,G0,,0.55,GN_IN:N3;GN_OUT:G0,True,0.0,local_domain:G0
20,repeated_additive_loop,AUTO_GN_G1_N0,glia_to_neuron,0.18,0.0,False,0.0,0.0,G1,,0.18,GN_IN:N0;GN_OUT:G1,True,1.0,local_domain:G1
20,repeated_additive_loop,AUTO_GN_G1_N2,glia_to_neuron,0.2,0.0,False,0.0,0.0,G1,,0.2,GN_IN:N2;GN_OUT:G1,True,1.0,local_domain:G1
20,repeated_additive_loop,AUTO_GN_G1_N3,glia_to_neuron,1.0,1.0,True,4.0,0.0,G1,,1.0,GN_IN:N3;GN_OUT:G1,True,1.0,local_domain:G1
20,repeated_additive_loop,AUTO_GN_G1_N6,glia_to_neuron,0.28,0.0,False,0.0,0.0,G1,,0.28,GN_IN:N6;GN_OUT:G1,True,1.0,local_domain:G1
20,repeated_additive_loop,AUTO_GN_G2_N1,glia_to_neuron,0.07071257607785682,0.0,False,0.0,0.0,G2,,0.2,GN_IN:N1;GN_OUT:G2,True,2.0,local_domain:G2
20,repeated_additive_loop,AUTO_GN_G2_N3,glia_to_neuron,0.21920898584135612,0.0,False,0.0,0.0,G2,,0.62,GN_IN:N3;GN_OUT:G2,True,2.0,local_domain:G2
20,repeated_additive_loop,AUTO_GN_G2_N6,glia_to_neuron,0.10606886411678522,0.0,False,0.0,0.0,G2,,0.3,GN_IN:N6;GN_OUT:G2,True,2.0,local_domain:G2
20,repeated_additive_loop,AUTO_TRI_N0_G1_N6,tripartite,0.2,0.0,False,0.0,0.0,N0;G1,,0.2,TRI_T:N6;TRI_G:G1,True,1.0,local_domain:G1
20,repeated_additive_loop,AUTO_TRI_N2_G1_N3,tripartite,0.14734348586828244,0.0,False,0.0,0.0,N2;G1,,0.20299999999999999,TRI_T:N3;TRI_G:G1,True,1.0,local_domain:G1
20,repeated_additive_loop,AUTO_TRI_N2_G1_N6,tripartite,0.4209813881950927,0.0,False,0.0,0.0,N2;G1,,0.58,TRI_T:N6;TRI_G:G1,True,1.0,local_domain:G1
20,repeated_additive_loop,AUTO_TRI_N3_G1_N6,tripartite,0.12270346423908846,0.0,False,0.0,0.0,N3;G1,,0.3,TRI_T:N6;TRI_G:G1,True,1.0,local_domain:G1
20,repeated_additive_loop,AUTO_TRI_N4_G1_N2,tripartite,0.10573131567369372,0.0,False,0.0,0.0,N4;G1,,0.2,TRI_T:N2;TRI_G:G1,True,1.0,local_domain:G1
20,repeated_additive_loop,AUTO_TRI_N4_G1_N3,tripartite,0.185029802428964,0.0,False,0.0,0.0,N4;G1,,0.35,TRI_T:N3;TRI_G:G1,True,1.0,local_domain:G1
20,repeated_additive_loop,AUTO_TRI_N4_G1_N6,tripartite,0.5286565783684686,1.0,True,1.35,0.0,N4;G1,,1.0,TRI_T:N6;TRI_G:G1,True,1.0,local_domain:G1
20,repeated_additive_loop,AUTO_TRI_N5_G1_N6,tripartite,0.0,0.0,False,0.0,0.0,N5;G1,,0.35,TRI_T:N6;TRI_G:G1,True,1.0,local_domain:G1
21,repeated_additive_loop,AUTO_GG_G0_G1,glia_glia,0.96,1.0,True,0.8,1.2,G0;G1,,0.96,GG:G0;GG:G1,False,,local_domains:G0
21,repeated_additive_loop,AUTO_GG_G0_G2,glia_glia,0.15055200633227733,0.0,False,0.0,0.0,G0;G2,,0.42,GG:G0;GG:G2,False,,local_domains:G0
21,repeated_additive_loop,AUTO_GG_G1_G2,glia_glia,0.2365817242364358,0.0,False,0.0,0.0,G1;G2,,0.66,GG:G1;GG:G2,False,,local_domains:G1
21,repeated_additive_loop,AUTO_GN_G0_N0,glia_to_neuron,0.35,0.0,False,0.0,0.0,G0,,0.35,GN_IN:N0;GN_OUT:G0,True,0.0,local_domain:G0
21,repeated_additive_loop,AUTO_GN_G0_N1,glia_to_neuron,0.25,0.0,False,0.0,0.0,G0,,0.25,GN_IN:N1;GN_OUT:G0,True,0.0,local_domain:G0
21,repeated_additive_loop,AUTO_GN_G0_N3,glia_to_neuron,0.55,0.0,False,0.0,0.0,G0,,0.55,GN_IN:N3;GN_OUT:G0,True,0.0,local_domain:G0
21,repeated_additive_loop,AUTO_GN_G1_N0,glia_to_neuron,0.18,0.0,False,0.0,0.0,G1,,0.18,GN_IN:N0;GN_OUT:G1,True,1.0,local_domain:G1
21,repeated_additive_loop,AUTO_GN_G1_N2,glia_to_neuron,0.2,0.0,False,0.0,0.0,G1,,0.2,GN_IN:N2;GN_OUT:G1,True,1.0,local_domain:G1
21,repeated_additive_loop,AUTO_GN_G1_N3,glia_to_neuron,1.0,1.0,True,4.0,0.0,G1,,1.0,GN_IN:N3;GN_OUT:G1,True,1.0,local_domain:G1
21,repeated_additive_loop,AUTO_GN_G1_N6,glia_to_neuron,0.28,0.0,False,0.0,0.0,G1,,0.28,GN_IN:N6;GN_OUT:G1,True,1.0,local_domain:G1
21,repeated_additive_loop,AUTO_GN_G2_N1,glia_to_neuron,0.07169143158679873,0.0,False,0.0,0.0,G2,,0.2,GN_IN:N1;GN_OUT:G2,True,2.0,local_domain:G2
21,repeated_additive_loop,AUTO_GN_G2_N3,glia_to_neuron,0.22224343791907605,0.0,False,0.0,0.0,G2,,0.62,GN_IN:N3;GN_OUT:G2,True,2.0,local_domain:G2
21,repeated_additive_loop,AUTO_GN_G2_N6,glia_to_neuron,0.10753714738019808,0.0,False,0.0,0.0,G2,,0.3,GN_IN:N6;GN_OUT:G2,True,2.0,local_domain:G2
21,repeated_additive_loop,AUTO_TRI_N0_G1_N6,tripartite,0.2,0.0,False,0.0,0.0,N0;G1,,0.2,TRI_T:N6;TRI_G:G1,True,1.0,local_domain:G1
21,repeated_additive_loop,AUTO_TRI_N2_G1_N3,tripartite,0.14768736003943236,0.0,False,0.0,0.0,N2;G1,,0.20299999999999999,TRI_T:N3;TRI_G:G1,True,1.0,local_domain:G1
21,repeated_additive_loop,AUTO_TRI_N2_G1_N6,tripartite,0.4219638858269496,0.0,False,0.0,0.0,N2;G1,,0.58,TRI_T:N6;TRI_G:G1,True,1.0,local_domain:G1
21,repeated_additive_loop,AUTO_TRI_N3_G1_N6,tripartite,0.12475224471366725,0.0,False,0.0,0.0,N3;G1,,0.3,TRI_T:N6;TRI_G:G1,True,1.0,local_domain:G1
21,repeated_additive_loop,AUTO_TRI_N4_G1_N2,tripartite,0.10597852288212431,0.0,False,0.0,0.0,N4;G1,,0.2,TRI_T:N2;TRI_G:G1,True,1.0,local_domain:G1
21,repeated_additive_loop,AUTO_TRI_N4_G1_N3,tripartite,0.18546241504371752,0.0,False,0.0,0.0,N4;G1,,0.35,TRI_T:N3;TRI_G:G1,True,1.0,local_domain:G1
21,repeated_additive_loop,AUTO_TRI_N4_G1_N6,tripartite,0.5298926144106215,1.0,True,1.35,0.0,N4;G1,,1.0,TRI_T:N6;TRI_G:G1,True,1.0,local_domain:G1
21,repeated_additive_loop,AUTO_TRI_N5_G1_N6,tripartite,0.0,0.0,False,0.0,0.0,N5;G1,,0.35,TRI_T:N6;TRI_G:G1,True,1.0,local_domain:G1
22,repeated_additive_loop,AUTO_GG_G0_G1,glia_glia,0.96,1.0,True,0.8,1.2,G0;G1,,0.96,GG:G0;GG:G1,False,,local_domains:G0
22,repeated_additive_loop,AUTO_GG_G0_G2,glia_glia,0.15240204324417753,0.0,False,0.0,0.0,G0;G2,,0.42,GG:G0;GG:G2,False,,local_domains:G0
22,repeated_additive_loop,AUTO_GG_G1_G2,glia_glia,0.23948892509799327,0.0,False,0.0,0.0,G1;G2,,0.66,GG:G1;GG:G2,False,,local_domains:G1
22,repeated_additive_loop,AUTO_GN_G0_N0,glia_to_neuron,0.35,0.0,False,0.0,0.0,G0,,0.35,GN_IN:N0;GN_OUT:G0,True,0.0,local_domain:G0
22,repeated_additive_loop,AUTO_GN_G0_N1,glia_to_neuron,0.25,0.0,False,0.0,0.0,G0,,0.25,GN_IN:N1;GN_OUT:G0,True,0.0,local_domain:G0
22,repeated_additive_loop,AUTO_GN_G0_N3,glia_to_neuron,0.55,0.0,False,0.0,0.0,G0,,0.55,GN_IN:N3;GN_OUT:G0,True,0.0,local_domain:G0
22,repeated_additive_loop,AUTO_GN_G1_N0,glia_to_neuron,0.18,0.0,False,0.0,0.0,G1,,0.18,GN_IN:N0;GN_OUT:G1,True,1.0,local_domain:G1
22,repeated_additive_loop,AUTO_GN_G1_N2,glia_to_neuron,0.2,0.0,False,0.0,0.0,G1,,0.2,GN_IN:N2;GN_OUT:G1,True,1.0,local_domain:G1
22,repeated_additive_loop,AUTO_GN_G1_N3,glia_to_neuron,1.0,1.0,True,4.0,0.0,G1,,1.0,GN_IN:N3;GN_OUT:G1,True,1.0,local_domain:G1
22,repeated_additive_loop,AUTO_GN_G1_N6,glia_to_neuron,0.28,0.0,False,0.0,0.0,G1,,0.28,GN_IN:N6;GN_OUT:G1,True,1.0,local_domain:G1
22,repeated_additive_loop,AUTO_GN_G2_N1,glia_to_neuron,0.07257240154484644,0.0,False,0.0,0.0,G2,,0.2,GN_IN:N1;GN_OUT:G2,True,2.0,local_domain:G2
22,repeated_additive_loop,AUTO_GN_G2_N3,glia_to_neuron,0.22497444478902398,0.0,False,0.0,0.0,G2,,0.62,GN_IN:N3;GN_OUT:G2,True,2.0,local_domain:G2
22,repeated_additive_loop,AUTO_GN_G2_N6,glia_to_neuron,0.10885860231726967,0.0,False,0.0,0.0,G2,,0.3,GN_IN:N6;GN_OUT:G2,True,2.0,local_domain:G2
22,repeated_additive_loop,AUTO_TRI_N0_G1_N6,tripartite,0.2,0.0,False,0.0,0.0,N0;G1,,0.2,TRI_T:N6;TRI_G:G1,True,1.0,local_domain:G1
22,repeated_additive_loop,AUTO_TRI_N2_G1_N3,tripartite,0.1479624593763523,0.0,False,0.0,0.0,N2;G1,,0.20299999999999999,TRI_T:N3;TRI_G:G1,True,1.0,local_domain:G1
22,repeated_additive_loop,AUTO_TRI_N2_G1_N6,tripartite,0.4227498839324351,0.0,False,0.0,0.0,N2;G1,,0.58,TRI_T:N6;TRI_G:G1,True,1.0,local_domain:G1
22,repeated_additive_loop,AUTO_TRI_N3_G1_N6,tripartite,0.1263912690933303,0.0,False,0.0,0.0,N3;G1,,0.3,TRI_T:N6;TRI_G:G1,True,1.0,local_domain:G1
22,repeated_additive_loop,AUTO_TRI_N4_G1_N2,tripartite,0.10617628864886877,0.0,False,0.0,0.0,N4;G1,,0.2,TRI_T:N2;TRI_G:G1,True,1.0,local_domain:G1
22,repeated_additive_loop,AUTO_TRI_N4_G1_N3,tripartite,0.18580850513552033,0.0,False,0.0,0.0,N4;G1,,0.35,TRI_T:N3;TRI_G:G1,True,1.0,local_domain:G1
22,repeated_additive_loop,AUTO_TRI_N4_G1_N6,tripartite,0.5308814432443438,1.0,True,1.35,0.0,N4;G1,,1.0,TRI_T:N6;TRI_G:G1,True,1.0,local_domain:G1
22,repeated_additive_loop,AUTO_TRI_N5_G1_N6,tripartite,0.0,0.0,False,0.0,0.0,N5;G1,,0.35,TRI_T:N6;TRI_G:G1,True,1.0,local_domain:G1
23,repeated_additive_loop,AUTO_GG_G0_G1,glia_glia,0.96,1.0,True,0.8,1.2,G0;G1,,0.96,GG:G0;GG:G1,False,,local_domains:G0
23,repeated_additive_loop,AUTO_GG_G0_G2,glia_glia,0.1540670764648877,0.0,False,0.0,0.0,G0;G2,,0.42,GG:G0;GG:G2,False,,local_domains:G0
23,repeated_additive_loop,AUTO_GG_G1_G2,glia_glia,0.242105405873395,0.0,False,0.0,0.0,G1;G2,,0.66,GG:G1;GG:G2,False,,local_domains:G1
23,repeated_additive_loop,AUTO_GN_G0_N0,glia_to_neuron,0.35,0.0,False,0.0,0.0,G0,,0.35,GN_IN:N0;GN_OUT:G0,True,0.0,local_domain:G0
23,repeated_additive_loop,AUTO_GN_G0_N1,glia_to_neuron,0.25,0.0,False,0.0,0.0,G0,,0.25,GN_IN:N1;GN_OUT:G0,True,0.0,local_domain:G0
23,repeated_additive_loop,AUTO_GN_G0_N3,glia_to_neuron,0.55,0.0,False,0.0,0.0,G0,,0.55,GN_IN:N3;GN_OUT:G0,True,0.0,local_domain:G0
23,repeated_additive_loop,AUTO_GN_G1_N0,glia_to_neuron,0.18,0.0,False,0.0,0.0,G1,,0.18,GN_IN:N0;GN_OUT:G1,True,1.0,local_domain:G1
23,repeated_additive_loop,AUTO_GN_G1_N2,glia_to_neuron,0.2,0.0,False,0.0,0.0,G1,,0.2,GN_IN:N2;GN_OUT:G1,True,1.0,local_domain:G1
23,repeated_additive_loop,AUTO_GN_G1_N3,glia_to_neuron,1.0,1.0,True,4.0,0.0,G1,,1.0,GN_IN:N3;GN_OUT:G1,True,1.0,local_domain:G1
23,repeated_additive_loop,AUTO_GN_G1_N6,glia_to_neuron,0.28,0.0,False,0.0,0.0,G1,,0.28,GN_IN:N6;GN_OUT:G1,True,1.0,local_domain:G1
23,repeated_additive_loop,AUTO_GN_G2_N1,glia_to_neuron,0.07336527450708939,0.0,False,0.0,0.0,G2,,0.2,GN_IN:N1;GN_OUT:G2,True,2.0,local_domain:G2
23,repeated_additive_loop,AUTO_GN_G2_N3,glia_to_neuron,0.2274323509719771,0.0,False,0.0,0.0,G2,,0.62,GN_IN:N3;GN_OUT:G2,True,2.0,local_domain:G2
23,repeated_additive_loop,AUTO_GN_G2_N6,glia_to_neuron,0.11004791176063407,0.0,False,0.0,0.0,G2,,0.3,GN_IN:N6;GN_OUT:G2,True,2.0,local_domain:G2
23,repeated_additive_loop,AUTO_TRI_N0_G1_N6,tripartite,0.2,0.0,False,0.0,0.0,N0;G1,,0.2,TRI_T:N6;TRI_G:G1,True,1.0,local_domain:G1
23,repeated_additive_loop,AUTO_TRI_N2_G1_N3,tripartite,0.14818253884588825,0.0,False,0.0,0.0,N2;G1,,0.20299999999999999,TRI_T:N3;TRI_G:G1,True,1.0,local_domain:G1
23,repeated_additive_loop,AUTO_TRI_N2_G1_N6,tripartite,0.4233786824168236,0.0,False,0.0,0.0,N2;G1,,0.58,TRI_T:N6;TRI_G:G1,True,1.0,local_domain:G1
23,repeated_additive_loop,AUTO_TRI_N3_G1_N6,tripartite,0.1277024885970607,0.0,False,0.0,0.0,N3;G1,,0.3,TRI_T:N6;TRI_G:G1,True,1.0,local_domain:G1
23,repeated_additive_loop,AUTO_TRI_N4_G1_N2,tripartite,0.10633450126226435,0.0,False,0.0,0.0,N4;G1,,0.2,TRI_T:N2;TRI_G:G1,True,1.0,local_domain:G1
23,repeated_additive_loop,AUTO_TRI_N4_G1_N3,tripartite,0.18608537720896257,0.0,False,0.0,0.0,N4;G1,,0.35,TRI_T:N3;TRI_G:G1,True,1.0,local_domain:G1
23,repeated_additive_loop,AUTO_TRI_N4_G1_N6,tripartite,0.5316725063113217,1.0,True,1.35,0.0,N4;G1,,1.0,TRI_T:N6;TRI_G:G1,True,1.0,local_domain:G1
23,repeated_additive_loop,AUTO_TRI_N5_G1_N6,tripartite,0.0,0.0,False,0.0,0.0,N5;G1,,0.35,TRI_T:N6;TRI_G:G1,True,1.0,local_domain:G1
24,repeated_additive_loop,AUTO_GG_G0_G1,glia_glia,0.96,1.0,True,0.8,1.2,G0;G1,,0.96,GG:G0;GG:G1,False,,local_domains:G0
24,repeated_additive_loop,AUTO_GG_G0_G2,glia_glia,0.15556560636352687,0.0,False,0.0,0.0,G0;G2,,0.42,GG:G0;GG:G2,False,,local_domains:G0
24,repeated_additive_loop,AUTO_GG_G1_G2,glia_glia,0.2444602385712565,0.0,False,0.0,0.0,G1;G2,,0.66,GG:G1;GG:G2,False,,local_domains:G1
24,repeated_additive_loop,AUTO_GN_G0_N0,glia_to_neuron,0.35,0.0,False,0.0,0.0,G0,,0.35,GN_IN:N0;GN_OUT:G0,True,0.0,local_domain:G0
24,repeated_additive_loop,AUTO_GN_G0_N1,glia_to_neuron,0.25,0.0,False,0.0,0.0,G0,,0.25,GN_IN:N1;GN_OUT:G0,True,0.0,local_domain:G0
24,repeated_additive_loop,AUTO_GN_G0_N3,glia_to_neuron,0.55,0.0,False,0.0,0.0,G0,,0.55,GN_IN:N3;GN_OUT:G0,True,0.0,local_domain:G0
24,repeated_additive_loop,AUTO_GN_G1_N0,glia_to_neuron,0.18,0.0,False,0.0,0.0,G1,,0.18,GN_IN:N0;GN_OUT:G1,True,1.0,local_domain:G1
24,repeated_additive_loop,AUTO_GN_G1_N2,glia_to_neuron,0.2,0.0,False,0.0,0.0,G1,,0.2,GN_IN:N2;GN_OUT:G1,True,1.0,local_domain:G1
24,repeated_additive_loop,AUTO_GN_G1_N3,glia_to_neuron,1.0,1.0,True,4.0,0.0,G1,,1.0,GN_IN:N3;GN_OUT:G1,True,1.0,local_domain:G1
24,repeated_additive_loop,AUTO_GN_G1_N6,glia_to_neuron,0.28,0.0,False,0.0,0.0,G1,,0.28,GN_IN:N6;GN_OUT:G1,True,1.0,local_domain:G1
24,repeated_additive_loop,AUTO_GN_G2_N1,glia_to_neuron,0.07407886017310804,0.0,False,0.0,0.0,G2,,0.2,GN_IN:N1;GN_OUT:G2,True,2.0,local_domain:G2
24,repeated_additive_loop,AUTO_GN_G2_N3,glia_to_neuron,0.2296444665366349,0.0,False,0.0,0.0,G2,,0.62,GN_IN:N3;GN_OUT:G2,True,2.0,local_domain:G2
24,repeated_additive_loop,AUTO_GN_G2_N6,glia_to_neuron,0.11111829025966204,0.0,False,0.0,0.0,G2,,0.3,GN_IN:N6;GN_OUT:G2,True,2.0,local_domain:G2
24,repeated_additive_loop,AUTO_TRI_N0_G1_N6,tripartite,0.2,0.0,False,0.0,0.0,N0;G1,,0.2,TRI_T:N6;TRI_G:G1,True,1.0,local_domain:G1
24,repeated_additive_loop,AUTO_TRI_N2_G1_N3,tripartite,0.14835860242151702,0.0,False,0.0,0.0,N2;G1,,0.20299999999999999,TRI_T:N3;TRI_G:G1,True,1.0,local_domain:G1
24,repeated_additive_loop,AUTO_TRI_N2_G1_N6,tripartite,0.4238817212043343,0.0,False,0.0,0.0,N2;G1,,0.58,TRI_T:N6;TRI_G:G1,True,1.0,local_domain:G1
24,repeated_additive_loop,AUTO_TRI_N3_G1_N6,tripartite,0.12875146420004505,0.0,False,0.0,0.0,N3;G1,,0.3,TRI_T:N6;TRI_G:G1,True,1.0,local_domain:G1
24,repeated_additive_loop,AUTO_TRI_N4_G1_N2,tripartite,0.1064610713529808,0.0,False,0.0,0.0,N4;G1,,0.2,TRI_T:N2;TRI_G:G1,True,1.0,local_domain:G1
24,repeated_additive_loop,AUTO_TRI_N4_G1_N3,tripartite,0.18630687486771638,0.0,False,0.0,0.0,N4;G1,,0.35,TRI_T:N3;TRI_G:G1,True,1.0,local_domain:G1
24,repeated_additive_loop,AUTO_TRI_N4_G1_N6,tripartite,0.532305356764904,1.0,True,1.35,0.0,N4;G1,,1.0,TRI_T:N6;TRI_G:G1,True,1.0,local_domain:G1
24,repeated_additive_loop,AUTO_TRI_N5_G1_N6,tripartite,0.0,0.0,False,0.0,0.0,N5;G1,,0.35,TRI_T:N6;TRI_G:G1,True,1.0,local_domain:G1
25,consolidation_loop,AUTO_GG_G0_G1,glia_glia,0.96,1.0,True,0.8,1.2,G0;G1,,0.96,GG:G0;GG:G1,False,,local_domains:G0
25,consolidation_loop,AUTO_GG_G0_G2,glia_glia,0.1549669617807835,0.0,False,0.0,0.0,G0;G2,,0.42,GG:G0;GG:G2,False,,local_domains:G0
25,consolidation_loop,AUTO_GG_G1_G2,glia_glia,0.24351951136980265,0.0,False,0.0,0.0,G1;G2,,0.66,GG:G1;GG:G2,False,,local_domains:G1
25,consolidation_loop,AUTO_GN_G0_N0,glia_to_neuron,0.35,0.0,False,0.0,0.0,G0,,0.35,GN_IN:N0;GN_OUT:G0,True,0.0,local_domain:G0
25,consolidation_loop,AUTO_GN_G0_N1,glia_to_neuron,0.25,0.0,False,0.0,0.0,G0,,0.25,GN_IN:N1;GN_OUT:G0,True,0.0,local_domain:G0
25,consolidation_loop,AUTO_GN_G0_N3,glia_to_neuron,0.55,0.0,False,0.0,0.0,G0,,0.55,GN_IN:N3;GN_OUT:G0,True,0.0,local_domain:G0
25,consolidation_loop,AUTO_GN_G1_N0,glia_to_neuron,0.18,0.0,False,0.0,0.0,G1,,0.18,GN_IN:N0;GN_OUT:G1,True,1.0,local_domain:G1
25,consolidation_loop,AUTO_GN_G1_N2,glia_to_neuron,0.2,0.0,False,0.0,0.0,G1,,0.2,GN_IN:N2;GN_OUT:G1,True,1.0,local_domain:G1
25,consolidation_loop,AUTO_GN_G1_N3,glia_to_neuron,1.0,1.0,True,4.0,0.0,G1,,1.0,GN_IN:N3;GN_OUT:G1,True,1.0,local_domain:G1
25,consolidation_loop,AUTO_GN_G1_N6,glia_to_neuron,0.28,0.0,False,0.0,0.0,G1,,0.28,GN_IN:N6;GN_OUT:G1,True,1.0,local_domain:G1
25,consolidation_loop,AUTO_GN_G2_N1,glia_to_neuron,0.07379379132418262,0.0,False,0.0,0.0,G2,,0.2,GN_IN:N1;GN_OUT:G2,True,2.0,local_domain:G2
25,consolidation_loop,AUTO_GN_G2_N3,glia_to_neuron,0.22876075310496613,0.0,False,0.0,0.0,G2,,0.62,GN_IN:N3;GN_OUT:G2,True,2.0,local_domain:G2
25,consolidation_loop,AUTO_GN_G2_N6,glia_to_neuron,0.11069068698627393,0.0,False,0.0,0.0,G2,,0.3,GN_IN:N6;GN_OUT:G2,True,2.0,local_domain:G2
25,consolidation_loop,AUTO_TRI_N0_G1_N6,tripartite,0.19732195692882948,0.0,False,0.0,0.0,N0;G1,,0.2,TRI_T:N6;TRI_G:G1,True,1.0,local_domain:G1
25,consolidation_loop,AUTO_TRI_N2_G1_N3,tripartite,0.14594755759431352,0.0,False,0.0,0.0,N2;G1,,0.20299999999999999,TRI_T:N3;TRI_G:G1,True,1.0,local_domain:G1
25,consolidation_loop,AUTO_TRI_N2_G1_N6,tripartite,0.4169930216980386,0.0,False,0.0,0.0,N2;G1,,0.58,TRI_T:N6;TRI_G:G1,True,1.0,local_domain:G1
25,consolidation_loop,AUTO_TRI_N3_G1_N6,tripartite,0.12701603752809928,0.0,False,0.0,0.0,N3;G1,,0.3,TRI_T:N6;TRI_G:G1,True,1.0,local_domain:G1
25,consolidation_loop,AUTO_TRI_N4_G1_N2,tripartite,0.10374929917911498,0.0,False,0.0,0.0,N4;G1,,0.2,TRI_T:N2;TRI_G:G1,True,1.0,local_domain:G1
25,consolidation_loop,AUTO_TRI_N4_G1_N3,tripartite,0.1815612735634512,0.0,False,0.0,0.0,N4;G1,,0.35,TRI_T:N3;TRI_G:G1,True,1.0,local_domain:G1
25,consolidation_loop,AUTO_TRI_N4_G1_N6,tripartite,0.5187464958955749,1.0,True,1.35,0.0,N4;G1,,1.0,TRI_T:N6;TRI_G:G1,True,1.0,local_domain:G1
25,consolidation_loop,AUTO_TRI_N5_G1_N6,tripartite,0.0,0.0,False,0.0,0.0,N5;G1,,0.35,TRI_T:N6;TRI_G:G1,True,1.0,local_domain:G1
26,consolidation_loop,AUTO_GG_G0_G1,glia_glia,0.96,1.0,True,0.8,1.2,G0;G1,,0.96,GG:G0;GG:G1,False,,local_domains:G0
26,consolidation_loop,AUTO_GG_G0_G2,glia_glia,0.1544281816563145,0.0,False,0.0,0.0,G0;G2,,0.42,GG:G0;GG:G2,False,,local_domains:G0
26,consolidation_loop,AUTO_GG_G1_G2,glia_glia,0.24267285688849424,0.0,False,0.0,0.0,G1;G2,,0.66,GG:G1;GG:G2,False,,local_domains:G1
26,consolidation_loop,AUTO_GN_G0_N0,glia_to_neuron,0.35,0.0,False,0.0,0.0,G0,,0.35,GN_IN:N0;GN_OUT:G0,True,0.0,local_domain:G0
26,consolidation_loop,AUTO_GN_G0_N1,glia_to_neuron,0.25,0.0,False,0.0,0.0,G0,,0.25,GN_IN:N1;GN_OUT:G0,True,0.0,local_domain:G0
26,consolidation_loop,AUTO_GN_G0_N3,glia_to_neuron,0.55,0.0,False,0.0,0.0,G0,,0.55,GN_IN:N3;GN_OUT:G0,True,0.0,local_domain:G0
26,consolidation_loop,AUTO_GN_G1_N0,glia_to_neuron,0.18,0.0,False,0.0,0.0,G1,,0.18,GN_IN:N0;GN_OUT:G1,True,1.0,local_domain:G1
26,consolidation_loop,AUTO_GN_G1_N2,glia_to_neuron,0.2,0.0,False,0.0,0.0,G1,,0.2,GN_IN:N2;GN_OUT:G1,True,1.0,local_domain:G1
26,consolidation_loop,AUTO_GN_G1_N3,glia_to_neuron,1.0,1.0,True,4.0,0.0,G1,,1.0,GN_IN:N3;GN_OUT:G1,True,1.0,local_domain:G1
26,consolidation_loop,AUTO_GN_G1_N6,glia_to_neuron,0.28,0.0,False,0.0,0.0,G1,,0.28,GN_IN:N6;GN_OUT:G1,True,1.0,local_domain:G1
26,consolidation_loop,AUTO_GN_G2_N1,glia_to_neuron,0.07353722936014977,0.0,False,0.0,0.0,G2,,0.2,GN_IN:N1;GN_OUT:G2,True,2.0,local_domain:G2
26,consolidation_loop,AUTO_GN_G2_N3,glia_to_neuron,0.22796541101646428,0.0,False,0.0,0.0,G2,,0.62,GN_IN:N3;GN_OUT:G2,True,2.0,local_domain:G2
26,consolidation_loop,AUTO_GN_G2_N6,glia_to_neuron,0.11030584404022466,0.0,False,0.0,0.0,G2,,0.3,GN_IN:N6;GN_OUT:G2,True,2.0,local_domain:G2
26,consolidation_loop,AUTO_TRI_N0_G1_N6,tripartite,0.19517952247189305,0.0,False,0.0,0.0,N0;G1,,0.2,TRI_T:N6;TRI_G:G1,True,1.0,local_domain:G1
26,consolidation_loop,AUTO_TRI_N2_G1_N3,tripartite,0.1440187217325507,0.0,False,0.0,0.0,N2;G1,,0.20299999999999999,TRI_T:N3;TRI_G:G1,True,1.0,local_domain:G1
26,consolidation_loop,AUTO_TRI_N2_G1_N6,tripartite,0.41148206209300203,0.0,False,0.0,0.0,N2;G1,,0.58,TRI_T:N6;TRI_G:G1,True,1.0,local_domain:G1
26,consolidation_loop,AUTO_TRI_N3_G1_N6,tripartite,0.12562769619054265,0.0,False,0.0,0.0,N3;G1,,0.3,TRI_T:N6;TRI_G:G1,True,1.0,local_domain:G1
26,consolidation_loop,AUTO_TRI_N4_G1_N2,tripartite,0.10157988144002231,0.0,False,0.0,0.0,N4;G1,,0.2,TRI_T:N2;TRI_G:G1,True,1.0,local_domain:G1
26,consolidation_loop,AUTO_TRI_N4_G1_N3,tripartite,0.17776479252003902,0.0,False,0.0,0.0,N4;G1,,0.35,TRI_T:N3;TRI_G:G1,True,1.0,local_domain:G1
26,consolidation_loop,AUTO_TRI_N4_G1_N6,tripartite,0.5078994072001115,1.0,True,1.35,0.0,N4;G1,,1.0,TRI_T:N6;TRI_G:G1,True,1.0,local_domain:G1
26,consolidation_loop,AUTO_TRI_N5_G1_N6,tripartite,0.0,0.0,False,0.0,0.0,N5;G1,,0.35,TRI_T:N6;TRI_G:G1,True,1.0,local_domain:G1
27,consolidation_loop,AUTO_GG_G0_G1,glia_glia,0.96,1.0,True,0.8,1.2,G0;G1,,0.96,GG:G0;GG:G1,False,,local_domains:G0
27,consolidation_loop,AUTO_GG_G0_G2,glia_glia,0.15394327954429243,0.0,False,0.0,0.0,G0;G2,,0.42,GG:G0;GG:G2,False,,local_domains:G0
27,consolidation_loop,AUTO_GG_G1_G2,glia_glia,0.24191086785531668,0.0,False,0.0,0.0,G1;G2,,0.66,GG:G1;GG:G2,False,,local_domains:G1
27,consolidation_loop,AUTO_GN_G0_N0,glia_to_neuron,0.35,0.0,False,0.0,0.0,G0,,0.35,GN_IN:N0;GN_OUT:G0,True,0.0,local_domain:G0
27,consolidation_loop,AUTO_GN_G0_N1,glia_to_neuron,0.25,0.0,False,0.0,0.0,G0,,0.25,GN_IN:N1;GN_OUT:G0,True,0.0,local_domain:G0
27,consolidation_loop,AUTO_GN_G0_N3,glia_to_neuron,0.55,0.0,False,0.0,0.0,G0,,0.55,GN_IN:N3;GN_OUT:G0,True,0.0,local_domain:G0
27,consolidation_loop,AUTO_GN_G1_N0,glia_to_neuron,0.18,0.0,False,0.0,0.0,G1,,0.18,GN_IN:N0;GN_OUT:G1,True,1.0,local_domain:G1
27,consolidation_loop,AUTO_GN_G1_N2,glia_to_neuron,0.2,0.0,False,0.0,0.0,G1,,0.2,GN_IN:N2;GN_OUT:G1,True,1.0,local_domain:G1
27,consolidation_loop,AUTO_GN_G1_N3,glia_to_neuron,1.0,1.0,True,4.0,0.0,G1,,1.0,GN_IN:N3;GN_OUT:G1,True,1.0,local_domain:G1
27,consolidation_loop,AUTO_GN_G1_N6,glia_to_neuron,0.28,0.0,False,0.0,0.0,G1,,0.28,GN_IN:N6;GN_OUT:G1,True,1.0,local_domain:G1
27,consolidation_loop,AUTO_GN_G2_N1,glia_to_neuron,0.0733063235925202,0.0,False,0.0,0.0,G2,,0.2,GN_IN:N1;GN_OUT:G2,True,2.0,local_domain:G2
27,consolidation_loop,AUTO_GN_G2_N3,glia_to_neuron,0.22724960313681264,0.0,False,0.0,0.0,G2,,0.62,GN_IN:N3;GN_OUT:G2,True,2.0,local_domain:G2
27,consolidation_loop,AUTO_GN_G2_N6,glia_to_neuron,0.10995948538878031,0.0,False,0.0,0.0,G2,,0.3,GN_IN:N6;GN_OUT:G2,True,2.0,local_domain:G2
27,consolidation_loop,AUTO_TRI_N0_G1_N6,tripartite,0.19346557490634386,0.0,False,0.0,0.0,N0;G1,,0.2,TRI_T:N6;TRI_G:G1,True,1.0,local_domain:G1
27,consolidation_loop,AUTO_TRI_N2_G1_N3,tripartite,0.14247565304314047,0.0,False,0.0,0.0,N2;G1,,0.20299999999999999,TRI_T:N3;TRI_G:G1,True,1.0,local_domain:G1
27,consolidation_loop,AUTO_TRI_N2_G1_N6,tripartite,0.4070732944089728,0.0,False,0.0,0.0,N2;G1,,0.58,TRI_T:N6;TRI_G:G1,True,1.0,local_domain:G1
27,consolidation_loop,AUTO_TRI_N3_G1_N6,tripartite,0.12451702312049737,0.0,False,0.0,0.0,N3;G1,,0.3,TRI_T:N6;TRI_G:G1,True,1.0,local_domain:G1
27,consolidation_loop,AUTO_TRI_N4_G1_N2,tripartite,0.09984434724874819,0.0,False,0.0,0.0,N4;G1,,0.2,TRI_T:N2;TRI_G:G1,True,1.0,local_domain:G1
27,consolidation_loop,AUTO_TRI_N4_G1_N3,tripartite,0.1747276076853093,0.0,False,0.0,0.0,N4;G1,,0.35,TRI_T:N3;TRI_G:G1,True,1.0,local_domain:G1
27,consolidation_loop,AUTO_TRI_N4_G1_N6,tripartite,0.4992217362437409,1.0,True,1.35,0.0,N4;G1,,1.0,TRI_T:N6;TRI_G:G1,True,1.0,local_domain:G1
27,consolidation_loop,AUTO_TRI_N5_G1_N6,tripartite,0.0,0.0,False,0.0,0.0,N5;G1,,0.35,TRI_T:N6;TRI_G:G1,True,1.0,local_domain:G1
28,consolidation_loop,AUTO_GG_G0_G1,glia_glia,0.96,1.0,True,0.8,1.2,G0;G1,,0.96,GG:G0;GG:G1,False,,local_domains:G0
28,consolidation_loop,AUTO_GG_G0_G2,glia_glia,0.15350686764347254,0.0,False,0.0,0.0,G0;G2,,0.42,GG:G0;GG:G2,False,,local_domains:G0
28,consolidation_loop,AUTO_GG_G1_G2,glia_glia,0.24122507772545687,0.0,False,0.0,0.0,G1;G2,,0.66,GG:G1;GG:G2,False,,local_domains:G1
28,consolidation_loop,AUTO_GN_G0_N0,glia_to_neuron,0.35,0.0,False,0.0,0.0,G0,,0.35,GN_IN:N0;GN_OUT:G0,True,0.0,local_domain:G0
28,consolidation_loop,AUTO_GN_G0_N1,glia_to_neuron,0.25,0.0,False,0.0,0.0,G0,,0.25,GN_IN:N1;GN_OUT:G0,True,0.0,local_domain:G0
28,consolidation_loop,AUTO_GN_G0_N3,glia_to_neuron,0.55,0.0,False,0.0,0.0,G0,,0.55,GN_IN:N3;GN_OUT:G0,True,0.0,local_domain:G0
28,consolidation_loop,AUTO_GN_G1_N0,glia_to_neuron,0.18,0.0,False,0.0,0.0,G1,,0.18,GN_IN:N0;GN_OUT:G1,True,1.0,local_domain:G1
28,consolidation_loop,AUTO_GN_G1_N2,glia_to_neuron,0.2,0.0,False,0.0,0.0,G1,,0.2,GN_IN:N2;GN_OUT:G1,True,1.0,local_domain:G1
28,consolidation_loop,AUTO_GN_G1_N3,glia_to_neuron,1.0,1.0,True,4.0,0.0,G1,,1.0,GN_IN:N3;GN_OUT:G1,True,1.0,local_domain:G1
28,consolidation_loop,AUTO_GN_G1_N6,glia_to_neuron,0.28,0.0,False,0.0,0.0,G1,,0.28,GN_IN:N6;GN_OUT:G1,True,1.0,local_domain:G1
28,consolidation_loop,AUTO_GN_G2_N1,glia_to_neuron,0.07309850840165359,0.0,False,0.0,0.0,G2,,0.2,GN_IN:N1;GN_OUT:G2,True,2.0,local_domain:G2
28,consolidation_loop,AUTO_GN_G2_N3,glia_to_neuron,0.22660537604512615,0.0,False,0.0,0.0,G2,,0.62,GN_IN:N3;GN_OUT:G2,True,2.0,local_domain:G2
28,consolidation_loop,AUTO_GN_G2_N6,glia_to_neuron,0.1096477626024804,0.0,False,0.0,0.0,G2,,0.3,GN_IN:N6;GN_OUT:G2,True,2.0,local_domain:G2
28,consolidation_loop,AUTO_TRI_N0_G1_N6,tripartite,0.19209441685390455,0.0,False,0.0,0.0,N0;G1,,0.2,TRI_T:N6;TRI_G:G1,True,1.0,local_domain:G1
28,consolidation_loop,AUTO_TRI_N2_G1_N3,tripartite,0.14124119809161226,0.0,False,0.0,0.0,N2;G1,,0.20299999999999999,TRI_T:N3;TRI_G:G1,True,1.0,local_domain:G1
28,consolidation_loop,AUTO_TRI_N2_G1_N6,tripartite,0.4035462802617493,0.0,False,0.0,0.0,N2;G1,,0.58,TRI_T:N6;TRI_G:G1,True,1.0,local_domain:G1
28,consolidation_loop,AUTO_TRI_N3_G1_N6,tripartite,0.12362848466446114,0.0,False,0.0,0.0,N3;G1,,0.3,TRI_T:N6;TRI_G:G1,True,1.0,local_domain:G1
28,consolidation_loop,AUTO_TRI_N4_G1_N2,tripartite,0.09845591989572888,0.0,False,0.0,0.0,N4;G1,,0.2,TRI_T:N2;TRI_G:G1,True,1.0,local_domain:G1
28,consolidation_loop,AUTO_TRI_N4_G1_N3,tripartite,0.17229785981752554,0.0,False,0.0,0.0,N4;G1,,0.35,TRI_T:N3;TRI_G:G1,True,1.0,local_domain:G1
28,consolidation_loop,AUTO_TRI_N4_G1_N6,tripartite,0.4922795994786444,1.0,True,1.35,0.0,N4;G1,,1.0,TRI_T:N6;TRI_G:G1,True,1.0,local_domain:G1
28,consolidation_loop,AUTO_TRI_N5_G1_N6,tripartite,0.0,0.0,False,0.0,0.0,N5;G1,,0.35,TRI_T:N6;TRI_G:G1,True,1.0,local_domain:G1
29,consolidation_loop,AUTO_GG_G0_G1,glia_glia,0.96,1.0,True,0.8,1.2,G0;G1,,0.96,GG:G0;GG:G1,False,,local_domains:G0
29,consolidation_loop,AUTO_GG_G0_G2,glia_glia,0.15311409693273464,0.0,False,0.0,0.0,G0;G2,,0.42,GG:G0;GG:G2,False,,local_domains:G0
29,consolidation_loop,AUTO_GG_G1_G2,glia_glia,0.24060786660858305,0.0,False,0.0,0.0,G1;G2,,0.66,GG:G1;GG:G2,False,,local_domains:G1
29,consolidation_loop,AUTO_GN_G0_N0,glia_to_neuron,0.35,0.0,False,0.0,0.0,G0,,0.35,GN_IN:N0;GN_OUT:G0,True,0.0,local_domain:G0
29,consolidation_loop,AUTO_GN_G0_N1,glia_to_neuron,0.25,0.0,False,0.0,0.0,G0,,0.25,GN_IN:N1;GN_OUT:G0,True,0.0,local_domain:G0
29,consolidation_loop,AUTO_GN_G0_N3,glia_to_neuron,0.55,0.0,False,0.0,0.0,G0,,0.55,GN_IN:N3;GN_OUT:G0,True,0.0,local_domain:G0
29,consolidation_loop,AUTO_GN_G1_N0,glia_to_neuron,0.18,0.0,False,0.0,0.0,G1,,0.18,GN_IN:N0;GN_OUT:G1,True,1.0,local_domain:G1
29,consolidation_loop,AUTO_GN_G1_N2,glia_to_neuron,0.2,0.0,False,0.0,0.0,G1,,0.2,GN_IN:N2;GN_OUT:G1,True,1.0,local_domain:G1
29,consolidation_loop,AUTO_GN_G1_N3,glia_to_neuron,1.0,1.0,True,4.0,0.0,G1,,1.0,GN_IN:N3;GN_OUT:G1,True,1.0,local_domain:G1
29,consolidation_loop,AUTO_GN_G1_N6,glia_to_neuron,0.28,0.0,False,0.0,0.0,G1,,0.28,GN_IN:N6;GN_OUT:G1,True,1.0,local_domain:G1
29,consolidation_loop,AUTO_GN_G2_N1,glia_to_neuron,0.07291147472987365,0.0,False,0.0,0.0,G2,,0.2,GN_IN:N1;GN_OUT:G2,True,2.0,local_domain:G2
29,consolidation_loop,AUTO_GN_G2_N3,glia_to_neuron,0.2260255716626083,0.0,False,0.0,0.0,G2,,0.62,GN_IN:N3;GN_OUT:G2,True,2.0,local_domain:G2
29,consolidation_loop,AUTO_GN_G2_N6,glia_to_neuron,0.10936721209481047,0.0,False,0.0,0.0,G2,,0.3,GN_IN:N6;GN_OUT:G2,True,2.0,local_domain:G2
29,consolidation_loop,AUTO_TRI_N0_G1_N6,tripartite,0.1909974904119531,0.0,False,0.0,0.0,N0;G1,,0.2,TRI_T:N6;TRI_G:G1,True,1.0,local_domain:G1
29,consolidation_loop,AUTO_TRI_N2_G1_N3,tripartite,0.14025363413038971,0.0,False,0.0,0.0,N2;G1,,0.20299999999999999,TRI_T:N3;TRI_G:G1,True,1.0,local_domain:G1
29,consolidation_loop,AUTO_TRI_N2_G1_N6,tripartite,0.40072466894397063,0.0,False,0.0,0.0,N2;G1,,0.58,TRI_T:N6;TRI_G:G1,True,1.0,local_domain:G1
29,consolidation_loop,AUTO_TRI_N3_G1_N6,tripartite,0.12291765389963215,0.0,False,0.0,0.0,N3;G1,,0.3,TRI_T:N6;TRI_G:G1,True,1.0,local_domain:G1
29,consolidation_loop,AUTO_TRI_N4_G1_N2,tripartite,0.09734517801331344,0.0,False,0.0,0.0,N4;G1,,0.2,TRI_T:N2;TRI_G:G1,True,1.0,local_domain:G1
29,consolidation_loop,AUTO_TRI_N4_G1_N3,tripartite,0.17035406152329852,0.0,False,0.0,0.0,N4;G1,,0.35,TRI_T:N3;TRI_G:G1,True,1.0,local_domain:G1
29,consolidation_loop,AUTO_TRI_N4_G1_N6,tripartite,0.4867258900665672,1.0,True,1.35,0.0,N4;G1,,1.0,TRI_T:N6;TRI_G:G1,True,1.0,local_domain:G1
29,consolidation_loop,AUTO_TRI_N5_G1_N6,tripartite,0.0,0.0,False,0.0,0.0,N5;G1,,0.35,TRI_T:N6;TRI_G:G1,True,1.0,local_domain:G1
30,consolidation_loop,AUTO_GG_G0_G1,glia_glia,0.96,1.0,True,0.8,1.2,G0;G1,,0.96,GG:G0;GG:G1,False,,local_domains:G0
30,consolidation_loop,AUTO_GG_G0_G2,glia_glia,0.15276060329307056,0.0,False,0.0,0.0,G0;G2,,0.42,GG:G0;GG:G2,False,,local_domains:G0
30,consolidation_loop,AUTO_GG_G1_G2,glia_glia,0.24005237660339662,0.0,False,0.0,0.0,G1;G2,,0.66,GG:G1;GG:G2,False,,local_domains:G1
30,consolidation_loop,AUTO_GN_G0_N0,glia_to_neuron,0.35,0.0,False,0.0,0.0,G0,,0.35,GN_IN:N0;GN_OUT:G0,True,0.0,local_domain:G0
30,consolidation_loop,AUTO_GN_G0_N1,glia_to_neuron,0.25,0.0,False,0.0,0.0,G0,,0.25,GN_IN:N1;GN_OUT:G0,True,0.0,local_domain:G0
30,consolidation_loop,AUTO_GN_G0_N3,glia_to_neuron,0.55,0.0,False,0.0,0.0,G0,,0.55,GN_IN:N3;GN_OUT:G0,True,0.0,local_domain:G0
30,consolidation_loop,AUTO_GN_G1_N0,glia_to_neuron,0.18,0.0,False,0.0,0.0,G1,,0.18,GN_IN:N0;GN_OUT:G1,True,1.0,local_domain:G1
30,consolidation_loop,AUTO_GN_G1_N2,glia_to_neuron,0.2,0.0,False,0.0,0.0,G1,,0.2,GN_IN:N2;GN_OUT:G1,True,1.0,local_domain:G1
30,consolidation_loop,AUTO_GN_G1_N3,glia_to_neuron,1.0,1.0,True,4.0,0.0,G1,,1.0,GN_IN:N3;GN_OUT:G1,True,1.0,local_domain:G1
30,consolidation_loop,AUTO_GN_G1_N6,glia_to_neuron,0.28,0.0,False,0.0,0.0,G1,,0.28,GN_IN:N6;GN_OUT:G1,True,1.0,local_domain:G1
30,consolidation_loop,AUTO_GN_G2_N1,glia_to_neuron,0.0727431444252717,0.0,False,0.0,0.0,G2,,0.2,GN_IN:N1;GN_OUT:G2,True,2.0,local_domain:G2
30,consolidation_loop,AUTO_GN_G2_N3,glia_to_neuron,0.22550374771834228,0.0,False,0.0,0.0,G2,,0.62,GN_IN:N3;GN_OUT:G2,True,2.0,local_domain:G2
30,consolidation_loop,AUTO_GN_G2_N6,glia_to_neuron,0.10911471663790755,0.0,False,0.0,0.0,G2,,0.3,GN_IN:N6;GN_OUT:G2,True,2.0,local_domain:G2
30,consolidation_loop,AUTO_TRI_N0_G1_N6,tripartite,0.19011994925839193,0.0,False,0.0,0.0,N0;G1,,0.2,TRI_T:N6;TRI_G:G1,True,1.0,local_domain:G1
30,consolidation_loop,AUTO_TRI_N2_G1_N3,tripartite,0.13946358296141168,0.0,False,0.0,0.0,N2;G1,,0.20299999999999999,TRI_T:N3;TRI_G:G1,True,1.0,local_domain:G1
30,consolidation_loop,AUTO_TRI_N2_G1_N6,tripartite,0.3984673798897477,0.0,False,0.0,0.0,N2;G1,,0.58,TRI_T:N6;TRI_G:G1,True,1.0,local_domain:G1
30,consolidation_loop,AUTO_TRI_N3_G1_N6,tripartite,0.12234898928776897,0.0,False,0.0,0.0,N3;G1,,0.3,TRI_T:N6;TRI_G:G1,True,1.0,local_domain:G1
30,consolidation_loop,AUTO_TRI_N4_G1_N2,tripartite,0.0964565845073811,0.0,False,0.0,0.0,N4;G1,,0.2,TRI_T:N2;TRI_G:G1,True,1.0,local_domain:G1
30,consolidation_loop,AUTO_TRI_N4_G1_N3,tripartite,0.16879902288791687,0.0,False,0.0,0.0,N4;G1,,0.35,TRI_T:N3;TRI_G:G1,True,1.0,local_domain:G1
30,consolidation_loop,AUTO_TRI_N4_G1_N6,tripartite,0.4822829225369054,1.0,True,1.35,0.0,N4;G1,,1.0,TRI_T:N6;TRI_G:G1,True,1.0,local_domain:G1
30,consolidation_loop,AUTO_TRI_N5_G1_N6,tripartite,0.0,0.0,False,0.0,0.0,N5;G1,,0.35,TRI_T:N6;TRI_G:G1,True,1.0,local_domain:G1
31,consolidation_loop,AUTO_GG_G0_G1,glia_glia,0.96,1.0,True,0.8,1.2,G0;G1,,0.96,GG:G0;GG:G1,False,,local_domains:G0
31,consolidation_loop,AUTO_GG_G0_G2,glia_glia,0.15244245901737286,0.0,False,0.0,0.0,G0;G2,,0.42,GG:G0;GG:G2,False,,local_domains:G0
31,consolidation_loop,AUTO_GG_G1_G2,glia_glia,0.2395524355987288,0.0,False,0.0,0.0,G1;G2,,0.66,GG:G1;GG:G2,False,,local_domains:G1
31,consolidation_loop,AUTO_GN_G0_N0,glia_to_neuron,0.35,0.0,False,0.0,0.0,G0,,0.35,GN_IN:N0;GN_OUT:G0,True,0.0,local_domain:G0
31,consolidation_loop,AUTO_GN_G0_N1,glia_to_neuron,0.25,0.0,False,0.0,0.0,G0,,0.25,GN_IN:N1;GN_OUT:G0,True,0.0,local_domain:G0
31,consolidation_loop,AUTO_GN_G0_N3,glia_to_neuron,0.55,0.0,False,0.0,0.0,G0,,0.55,GN_IN:N3;GN_OUT:G0,True,0.0,local_domain:G0
31,consolidation_loop,AUTO_GN_G1_N0,glia_to_neuron,0.18,0.0,False,0.0,0.0,G1,,0.18,GN_IN:N0;GN_OUT:G1,True,1.0,local_domain:G1
31,consolidation_loop,AUTO_GN_G1_N2,glia_to_neuron,0.2,0.0,False,0.0,0.0,G1,,0.2,GN_IN:N2;GN_OUT:G1,True,1.0,local_domain:G1
31,consolidation_loop,AUTO_GN_G1_N3,glia_to_neuron,1.0,1.0,True,4.0,0.0,G1,,1.0,GN_IN:N3;GN_OUT:G1,True,1.0,local_domain:G1
31,consolidation_loop,AUTO_GN_G1_N6,glia_to_neuron,0.28,0.0,False,0.0,0.0,G1,,0.28,GN_IN:N6;GN_OUT:G1,True,1.0,local_domain:G1
31,consolidation_loop,AUTO_GN_G2_N1,glia_to_neuron,0.07259164715112994,0.0,False,0.0,0.0,G2,,0.2,GN_IN:N1;GN_OUT:G2,True,2.0,local_domain:G2
31,consolidation_loop,AUTO_GN_G2_N3,glia_to_neuron,0.2250341061685028,0.0,False,0.0,0.0,G2,,0.62,GN_IN:N3;GN_OUT:G2,True,2.0,local_domain:G2
31,consolidation_loop,AUTO_GN_G2_N6,glia_to_neuron,0.1088874707266949,0.0,False,0.0,0.0,G2,,0.3,GN_IN:N6;GN_OUT:G2,True,2.0,local_domain:G2
31,consolidation_loop,AUTO_TRI_N0_G1_N6,tripartite,0.189417916335543,0.0,False,0.0,0.0,N0;G1,,0.2,TRI_T:N6;TRI_G:G1,True,1.0,local_domain:G1
31,consolidation_loop,AUTO_TRI_N2_G1_N3,tripartite,0.13883154202622924,0.0,False,0.0,0.0,N2;G1,,0.20299999999999999,TRI_T:N3;TRI_G:G1,True,1.0,local_domain:G1
31,consolidation_loop,AUTO_TRI_N2_G1_N6,tripartite,0.39666154864636927,0.0,False,0.0,0.0,N2;G1,,0.58,TRI_T:N6;TRI_G:G1,True,1.0,local_domain:G1
31,consolidation_loop,AUTO_TRI_N3_G1_N6,tripartite,0.12189405759827841,0.0,False,0.0,0.0,N3;G1,,0.3,TRI_T:N6;TRI_G:G1,True,1.0,local_domain:G1
31,consolidation_loop,AUTO_TRI_N4_G1_N2,tripartite,0.09574570970263521,0.0,False,0.0,0.0,N4;G1,,0.2,TRI_T:N2;TRI_G:G1,True,1.0,local_domain:G1
31,consolidation_loop,AUTO_TRI_N4_G1_N3,tripartite,0.1675549919796116,0.0,False,0.0,0.0,N4;G1,,0.35,TRI_T:N3;TRI_G:G1,True,1.0,local_domain:G1
31,consolidation_loop,AUTO_TRI_N4_G1_N6,tripartite,0.47872854851317603,1.0,True,1.35,0.0,N4;G1,,1.0,TRI_T:N6;TRI_G:G1,True,1.0,local_domain:G1
31,consolidation_loop,AUTO_TRI_N5_G1_N6,tripartite,0.0,0.0,False,0.0,0.0,N5;G1,,0.35,TRI_T:N6;TRI_G:G1,True,1.0,local_domain:G1
32,consolidation_loop,AUTO_GG_G0_G1,glia_glia,0.96,1.0,True,0.8,1.2,G0;G1,,0.96,GG:G0;GG:G1,False,,local_domains:G0
32,consolidation_loop,AUTO_GG_G0_G2,glia_glia,0.15215612916924495,0.0,False,0.0,0.0,G0;G2,,0.42,GG:G0;GG:G2,False,,local_domains:G0
32,consolidation_loop,AUTO_GG_G1_G2,glia_glia,0.2391024886945278,0.0,False,0.0,0.0,G1;G2,,0.66,GG:G1;GG:G2,False,,local_domains:G1
32,consolidation_loop,AUTO_GN_G0_N0,glia_to_neuron,0.35,0.0,False,0.0,0.0,G0,,0.35,GN_IN:N0;GN_OUT:G0,True,0.0,local_domain:G0
32,consolidation_loop,AUTO_GN_G0_N1,glia_to_neuron,0.25,0.0,False,0.0,0.0,G0,,0.25,GN_IN:N1;GN_OUT:G0,True,0.0,local_domain:G0
32,consolidation_loop,AUTO_GN_G0_N3,glia_to_neuron,0.55,0.0,False,0.0,0.0,G0,,0.55,GN_IN:N3;GN_OUT:G0,True,0.0,local_domain:G0
32,consolidation_loop,AUTO_GN_G1_N0,glia_to_neuron,0.18,0.0,False,0.0,0.0,G1,,0.18,GN_IN:N0;GN_OUT:G1,True,1.0,local_domain:G1
32,consolidation_loop,AUTO_GN_G1_N2,glia_to_neuron,0.2,0.0,False,0.0,0.0,G1,,0.2,GN_IN:N2;GN_OUT:G1,True,1.0,local_domain:G1
32,consolidation_loop,AUTO_GN_G1_N3,glia_to_neuron,1.0,1.0,True,4.0,0.0,G1,,1.0,GN_IN:N3;GN_OUT:G1,True,1.0,local_domain:G1
32,consolidation_loop,AUTO_GN_G1_N6,glia_to_neuron,0.28,0.0,False,0.0,0.0,G1,,0.28,GN_IN:N6;GN_OUT:G1,True,1.0,local_domain:G1
32,consolidation_loop,AUTO_GN_G2_N1,glia_to_neuron,0.07245529960440236,0.0,False,0.0,0.0,G2,,0.2,GN_IN:N1;GN_OUT:G2,True,2.0,local_domain:G2
32,consolidation_loop,AUTO_GN_G2_N3,glia_to_neuron,0.22461142877364731,0.0,False,0.0,0.0,G2,,0.62,GN_IN:N3;GN_OUT:G2,True,2.0,local_domain:G2
32,consolidation_loop,AUTO_GN_G2_N6,glia_to_neuron,0.10868294940660353,0.0,False,0.0,0.0,G2,,0.3,GN_IN:N6;GN_OUT:G2,True,2.0,local_domain:G2
32,consolidation_loop,AUTO_TRI_N0_G1_N6,tripartite,0.18885628999726387,0.0,False,0.0,0.0,N0;G1,,0.2,TRI_T:N6;TRI_G:G1,True,1.0,local_domain:G1
32,consolidation_loop,AUTO_TRI_N2_G1_N3,tripartite,0.1383259092780833,0.0,False,0.0,0.0,N2;G1,,0.20299999999999999,TRI_T:N3;TRI_G:G1,True,1.0,local_domain:G1
32,consolidation_loop,AUTO_TRI_N2_G1_N6,tripartite,0.3952168836516666,0.0,False,0.0,0.0,N2;G1,,0.58,TRI_T:N6;TRI_G:G1,True,1.0,local_domain:G1
32,consolidation_loop,AUTO_TRI_N3_G1_N6,tripartite,0.12153011224668597,0.0,False,0.0,0.0,N3;G1,,0.3,TRI_T:N6;TRI_G:G1,True,1.0,local_domain:G1
32,consolidation_loop,AUTO_TRI_N4_G1_N2,tripartite,0.09517700985883851,0.0,False,0.0,0.0,N4;G1,,0.2,TRI_T:N2;TRI_G:G1,True,1.0,local_domain:G1
32,consolidation_loop,AUTO_TRI_N4_G1_N3,tripartite,0.16655976725296737,0.0,False,0.0,0.0,N4;G1,,0.35,TRI_T:N3;TRI_G:G1,True,1.0,local_domain:G1
32,consolidation_loop,AUTO_TRI_N4_G1_N6,tripartite,0.4758850492941925,1.0,True,1.35,0.0,N4;G1,,1.0,TRI_T:N6;TRI_G:G1,True,1.0,local_domain:G1
32,consolidation_loop,AUTO_TRI_N5_G1_N6,tripartite,0.0,0.0,False,0.0,0.0,N5;G1,,0.35,TRI_T:N6;TRI_G:G1,True,1.0,local_domain:G1
33,consolidation_loop,AUTO_GG_G0_G1,glia_glia,0.96,1.0,True,0.8,1.2,G0;G1,,0.96,GG:G0;GG:G1,False,,local_domains:G0
33,consolidation_loop,AUTO_GG_G0_G2,glia_glia,0.1518984323059298,0.0,False,0.0,0.0,G0;G2,,0.42,GG:G0;GG:G2,False,,local_domains:G0
33,consolidation_loop,AUTO_GG_G1_G2,glia_glia,0.23869753648074687,0.0,False,0.0,0.0,G1;G2,,0.66,GG:G1;GG:G2,False,,local_domains:G1
33,consolidation_loop,AUTO_GN_G0_N0,glia_to_neuron,0.35,0.0,False,0.0,0.0,G0,,0.35,GN_IN:N0;GN_OUT:G0,True,0.0,local_domain:G0
33,consolidation_loop,AUTO_GN_G0_N1,glia_to_neuron,0.25,0.0,False,0.0,0.0,G0,,0.25,GN_IN:N1;GN_OUT:G0,True,0.0,local_domain:G0
33,consolidation_loop,AUTO_GN_G0_N3,glia_to_neuron,0.55,0.0,False,0.0,0.0,G0,,0.55,GN_IN:N3;GN_OUT:G0,True,0.0,local_domain:G0
33,consolidation_loop,AUTO_GN_G1_N0,glia_to_neuron,0.18,0.0,False,0.0,0.0,G1,,0.18,GN_IN:N0;GN_OUT:G1,True,1.0,local_domain:G1
33,consolidation_loop,AUTO_GN_G1_N2,glia_to_neuron,0.2,0.0,False,0.0,0.0,G1,,0.2,GN_IN:N2;GN_OUT:G1,True,1.0,local_domain:G1
33,consolidation_loop,AUTO_GN_G1_N3,glia_to_neuron,1.0,1.0,True,4.0,0.0,G1,,1.0,GN_IN:N3;GN_OUT:G1,True,1.0,local_domain:G1
33,consolidation_loop,AUTO_GN_G1_N6,glia_to_neuron,0.28,0.0,False,0.0,0.0,G1,,0.28,GN_IN:N6;GN_OUT:G1,True,1.0,local_domain:G1
33,consolidation_loop,AUTO_GN_G2_N1,glia_to_neuron,0.07233258681234754,0.0,False,0.0,0.0,G2,,0.2,GN_IN:N1;GN_OUT:G2,True,2.0,local_domain:G2
33,consolidation_loop,AUTO_GN_G2_N3,glia_to_neuron,0.22423101911827734,0.0,False,0.0,0.0,G2,,0.62,GN_IN:N3;GN_OUT:G2,True,2.0,local_domain:G2
33,consolidation_loop,AUTO_GN_G2_N6,glia_to_neuron,0.10849888021852129,0.0,False,0.0,0.0,G2,,0.3,GN_IN:N6;GN_OUT:G2,True,2.0,local_domain:G2
33,consolidation_loop,AUTO_TRI_N0_G1_N6,tripartite,0.18840698892664054,0.0,False,0.0,0.0,N0;G1,,0.2,TRI_T:N6;TRI_G:G1,True,1.0,local_domain:G1
33,consolidation_loop,AUTO_TRI_N2_G1_N3,tripartite,0.13792140307956655,0.0,False,0.0,0.0,N2;G1,,0.20299999999999999,TRI_T:N3;TRI_G:G1,True,1.0,local_domain:G1
33,consolidation_loop,AUTO_TRI_N2_G1_N6,tripartite,0.3940611516559044,0.0,False,0.0,0.0,N2;G1,,0.58,TRI_T:N6;TRI_G:G1,True,1.0,local_domain:G1
33,consolidation_loop,AUTO_TRI_N3_G1_N6,tripartite,0.12123895596541204,0.0,False,0.0,0.0,N3;G1,,0.3,TRI_T:N6;TRI_G:G1,True,1.0,local_domain:G1
33,consolidation_loop,AUTO_TRI_N4_G1_N2,tripartite,0.09472204998380114,0.0,False,0.0,0.0,N4;G1,,0.2,TRI_T:N2;TRI_G:G1,True,1.0,local_domain:G1
33,consolidation_loop,AUTO_TRI_N4_G1_N3,tripartite,0.16576358747165199,0.0,False,0.0,0.0,N4;G1,,0.35,TRI_T:N3;TRI_G:G1,True,1.0,local_domain:G1
33,consolidation_loop,AUTO_TRI_N4_G1_N6,tripartite,0.4736102499190057,1.0,True,1.35,0.0,N4;G1,,1.0,TRI_T:N6;TRI_G:G1,True,1.0,local_domain:G1
33,consolidation_loop,AUTO_TRI_N5_G1_N6,tripartite,0.0,0.0,False,0.0,0.0,N5;G1,,0.35,TRI_T:N6;TRI_G:G1,True,1.0,local_domain:G1
34,consolidation_loop,AUTO_GG_G0_G1,glia_glia,0.96,1.0,True,0.8,1.2,G0;G1,,0.96,GG:G0;GG:G1,False,,local_domains:G0
34,consolidation_loop,AUTO_GG_G0_G2,glia_glia,0.15166650512894617,0.0,False,0.0,0.0,G0;G2,,0.42,GG:G0;GG:G2,False,,local_domains:G0
34,consolidation_loop,AUTO_GG_G1_G2,glia_glia,0.23833307948834398,0.0,False,0.0,0.0,G1;G2,,0.66,GG:G1;GG:G2,False,,local_domains:G1
34,consolidation_loop,AUTO_GN_G0_N0,glia_to_neuron,0.35,0.0,False,0.0,0.0,G0,,0.35,GN_IN:N0;GN_OUT:G0,True,0.0,local_domain:G0
34,consolidation_loop,AUTO_GN_G0_N1,glia_to_neuron,0.25,0.0,False,0.0,0.0,G0,,0.25,GN_IN:N1;GN_OUT:G0,True,0.0,local_domain:G0
34,consolidation_loop,AUTO_GN_G0_N3,glia_to_neuron,0.55,0.0,False,0.0,0.0,G0,,0.55,GN_IN:N3;GN_OUT:G0,True,0.0,local_domain:G0
34,consolidation_loop,AUTO_GN_G1_N0,glia_to_neuron,0.18,0.0,False,0.0,0.0,G1,,0.18,GN_IN:N0;GN_OUT:G1,True,1.0,local_domain:G1
34,consolidation_loop,AUTO_GN_G1_N2,glia_to_neuron,0.2,0.0,False,0.0,0.0,G1,,0.2,GN_IN:N2;GN_OUT:G1,True,1.0,local_domain:G1
34,consolidation_loop,AUTO_GN_G1_N3,glia_to_neuron,1.0,1.0,True,4.0,0.0,G1,,1.0,GN_IN:N3;GN_OUT:G1,True,1.0,local_domain:G1
34,consolidation_loop,AUTO_GN_G1_N6,glia_to_neuron,0.28,0.0,False,0.0,0.0,G1,,0.28,GN_IN:N6;GN_OUT:G1,True,1.0,local_domain:G1
34,consolidation_loop,AUTO_GN_G2_N1,glia_to_neuron,0.07222214529949818,0.0,False,0.0,0.0,G2,,0.2,GN_IN:N1;GN_OUT:G2,True,2.0,local_domain:G2
34,consolidation_loop,AUTO_GN_G2_N3,glia_to_neuron,0.22388865042844433,0.0,False,0.0,0.0,G2,,0.62,GN_IN:N3;GN_OUT:G2,True,2.0,local_domain:G2
34,consolidation_loop,AUTO_GN_G2_N6,glia_to_neuron,0.10833321794924726,0.0,False,0.0,0.0,G2,,0.3,GN_IN:N6;GN_OUT:G2,True,2.0,local_domain:G2
34,consolidation_loop,AUTO_TRI_N0_G1_N6,tripartite,0.1880475480701419,0.0,False,0.0,0.0,N0;G1,,0.2,TRI_T:N6;TRI_G:G1,True,1.0,local_domain:G1
34,consolidation_loop,AUTO_TRI_N2_G1_N3,tripartite,0.13759779812075315,0.0,False,0.0,0.0,N2;G1,,0.20299999999999999,TRI_T:N3;TRI_G:G1,True,1.0,local_domain:G1
34,consolidation_loop,AUTO_TRI_N2_G1_N6,tripartite,0.3931365660592947,0.0,False,0.0,0.0,N2;G1,,0.58,TRI_T:N6;TRI_G:G1,True,1.0,local_domain:G1
34,consolidation_loop,AUTO_TRI_N3_G1_N6,tripartite,0.12100603094039286,0.0,False,0.0,0.0,N3;G1,,0.3,TRI_T:N6;TRI_G:G1,True,1.0,local_domain:G1
34,consolidation_loop,AUTO_TRI_N4_G1_N2,tripartite,0.09435808208377125,0.0,False,0.0,0.0,N4;G1,,0.2,TRI_T:N2;TRI_G:G1,True,1.0,local_domain:G1
34,consolidation_loop,AUTO_TRI_N4_G1_N3,tripartite,0.16512664364659968,0.0,False,0.0,0.0,N4;G1,,0.35,TRI_T:N3;TRI_G:G1,True,1.0,local_domain:G1
34,consolidation_loop,AUTO_TRI_N4_G1_N6,tripartite,0.4717904104188562,1.0,True,1.35,0.0,N4;G1,,1.0,TRI_T:N6;TRI_G:G1,True,1.0,local_domain:G1
34,consolidation_loop,AUTO_TRI_N5_G1_N6,tripartite,0.0,0.0,False,0.0,0.0,N5;G1,,0.35,TRI_T:N6;TRI_G:G1,True,1.0,local_domain:G1
35,consolidation_loop,AUTO_GG_G0_G1,glia_glia,0.96,1.0,True,0.8,1.2,G0;G1,,0.96,GG:G0;GG:G1,False,,local_domains:G0
35,consolidation_loop,AUTO_GG_G0_G2,glia_glia,0.1514577706696609,0.0,False,0.0,0.0,G0;G2,,0.42,GG:G0;GG:G2,False,,local_domains:G0
35,consolidation_loop,AUTO_GG_G1_G2,glia_glia,0.2380050681951814,0.0,False,0.0,0.0,G1;G2,,0.66,GG:G1;GG:G2,False,,local_domains:G1
35,consolidation_loop,AUTO_GN_G0_N0,glia_to_neuron,0.35,0.0,False,0.0,0.0,G0,,0.35,GN_IN:N0;GN_OUT:G0,True,0.0,local_domain:G0
35,consolidation_loop,AUTO_GN_G0_N1,glia_to_neuron,0.25,0.0,False,0.0,0.0,G0,,0.25,GN_IN:N1;GN_OUT:G0,True,0.0,local_domain:G0
35,consolidation_loop,AUTO_GN_G0_N3,glia_to_neuron,0.55,0.0,False,0.0,0.0,G0,,0.55,GN_IN:N3;GN_OUT:G0,True,0.0,local_domain:G0
35,consolidation_loop,AUTO_GN_G1_N0,glia_to_neuron,0.18,0.0,False,0.0,0.0,G1,,0.18,GN_IN:N0;GN_OUT:G1,True,1.0,local_domain:G1
35,consolidation_loop,AUTO_GN_G1_N2,glia_to_neuron,0.2,0.0,False,0.0,0.0,G1,,0.2,GN_IN:N2;GN_OUT:G1,True,1.0,local_domain:G1
35,consolidation_loop,AUTO_GN_G1_N3,glia_to_neuron,1.0,1.0,True,4.0,0.0,G1,,1.0,GN_IN:N3;GN_OUT:G1,True,1.0,local_domain:G1
35,consolidation_loop,AUTO_GN_G1_N6,glia_to_neuron,0.28,0.0,False,0.0,0.0,G1,,0.28,GN_IN:N6;GN_OUT:G1,True,1.0,local_domain:G1
35,consolidation_loop,AUTO_GN_G2_N1,glia_to_neuron,0.07212274793793376,0.0,False,0.0,0.0,G2,,0.2,GN_IN:N1;GN_OUT:G2,True,2.0,local_domain:G2
35,consolidation_loop,AUTO_GN_G2_N3,glia_to_neuron,0.22358051860759467,0.0,False,0.0,0.0,G2,,0.62,GN_IN:N3;GN_OUT:G2,True,2.0,local_domain:G2
35,consolidation_loop,AUTO_GN_G2_N6,glia_to_neuron,0.10818412190690065,0.0,False,0.0,0.0,G2,,0.3,GN_IN:N6;GN_OUT:G2,True,2.0,local_domain:G2
35,consolidation_loop,AUTO_TRI_N0_G1_N6,tripartite,0.18775999538494298,0.0,False,0.0,0.0,N0;G1,,0.2,TRI_T:N6;TRI_G:G1,True,1.0,local_domain:G1
35,consolidation_loop,AUTO_TRI_N2_G1_N3,tripartite,0.13733891415370242,0.0,False,0.0,0.0,N2;G1,,0.20299999999999999,TRI_T:N3;TRI_G:G1,True,1.0,local_domain:G1
35,consolidation_loop,AUTO_TRI_N2_G1_N6,tripartite,0.3923968975820069,0.0,False,0.0,0.0,N2;G1,,0.58,TRI_T:N6;TRI_G:G1,True,1.0,local_domain:G1
35,consolidation_loop,AUTO_TRI_N3_G1_N6,tripartite,0.12081969092037753,0.0,False,0.0,0.0,N3;G1,,0.3,TRI_T:N6;TRI_G:G1,True,1.0,local_domain:G1
35,consolidation_loop,AUTO_TRI_N4_G1_N2,tripartite,0.09406690776374733,0.0,False,0.0,0.0,N4;G1,,0.2,TRI_T:N2;TRI_G:G1,True,1.0,local_domain:G1
35,consolidation_loop,AUTO_TRI_N4_G1_N3,tripartite,0.16461708858655782,0.0,False,0.0,0.0,N4;G1,,0.35,TRI_T:N3;TRI_G:G1,True,1.0,local_domain:G1
35,consolidation_loop,AUTO_TRI_N4_G1_N6,tripartite,0.47033453881873666,1.0,True,1.35,0.0,N4;G1,,1.0,TRI_T:N6;TRI_G:G1,True,1.0,local_domain:G1
35,consolidation_loop,AUTO_TRI_N5_G1_N6,tripartite,0.0,0.0,False,0.0,0.0,N5;G1,,0.35,TRI_T:N6;TRI_G:G1,True,1.0,local_domain:G1
36,consolidation_loop,AUTO_GG_G0_G1,glia_glia,0.96,1.0,True,0.8,1.2,G0;G1,,0.96,GG:G0;GG:G1,False,,local_domains:G0
36,consolidation_loop,AUTO_GG_G0_G2,glia_glia,0.15126990965630416,0.0,False,0.0,0.0,G0;G2,,0.42,GG:G0;GG:G2,False,,local_domains:G0
36,consolidation_loop,AUTO_GG_G1_G2,glia_glia,0.23770985803133513,0.0,False,0.0,0.0,G1;G2,,0.66,GG:G1;GG:G2,False,,local_domains:G1
36,consolidation_loop,AUTO_GN_G0_N0,glia_to_neuron,0.35,0.0,False,0.0,0.0,G0,,0.35,GN_IN:N0;GN_OUT:G0,True,0.0,local_domain:G0
36,consolidation_loop,AUTO_GN_G0_N1,glia_to_neuron,0.25,0.0,False,0.0,0.0,G0,,0.25,GN_IN:N1;GN_OUT:G0,True,0.0,local_domain:G0
36,consolidation_loop,AUTO_GN_G0_N3,glia_to_neuron,0.55,0.0,False,0.0,0.0,G0,,0.55,GN_IN:N3;GN_OUT:G0,True,0.0,local_domain:G0
36,consolidation_loop,AUTO_GN_G1_N0,glia_to_neuron,0.18,0.0,False,0.0,0.0,G1,,0.18,GN_IN:N0;GN_OUT:G1,True,1.0,local_domain:G1
36,consolidation_loop,AUTO_GN_G1_N2,glia_to_neuron,0.2,0.0,False,0.0,0.0,G1,,0.2,GN_IN:N2;GN_OUT:G1,True,1.0,local_domain:G1
36,consolidation_loop,AUTO_GN_G1_N3,glia_to_neuron,1.0,1.0,True,4.0,0.0,G1,,1.0,GN_IN:N3;GN_OUT:G1,True,1.0,local_domain:G1
36,consolidation_loop,AUTO_GN_G1_N6,glia_to_neuron,0.28,0.0,False,0.0,0.0,G1,,0.28,GN_IN:N6;GN_OUT:G1,True,1.0,local_domain:G1
36,consolidation_loop,AUTO_GN_G2_N1,glia_to_neuron,0.0720332903125258,0.0,False,0.0,0.0,G2,,0.2,GN_IN:N1;GN_OUT:G2,True,2.0,local_domain:G2
36,consolidation_loop,AUTO_GN_G2_N3,glia_to_neuron,0.22330319996882994,0.0,False,0.0,0.0,G2,,0.62,GN_IN:N3;GN_OUT:G2,True,2.0,local_domain:G2
36,consolidation_loop,AUTO_GN_G2_N6,glia_to_neuron,0.10804993546878867,0.0,False,0.0,0.0,G2,,0.3,GN_IN:N6;GN_OUT:G2,True,2.0,local_domain:G2
36,consolidation_loop,AUTO_TRI_N0_G1_N6,tripartite,0.18752995323678384,0.0,False,0.0,0.0,N0;G1,,0.2,TRI_T:N6;TRI_G:G1,True,1.0,local_domain:G1
36,consolidation_loop,AUTO_TRI_N2_G1_N3,tripartite,0.13713180698006183,0.0,False,0.0,0.0,N2;G1,,0.20299999999999999,TRI_T:N3;TRI_G:G1,True,1.0,local_domain:G1
36,consolidation_loop,AUTO_TRI_N2_G1_N6,tripartite,0.39180516280017663,0.0,False,0.0,0.0,N2;G1,,0.58,TRI_T:N6;TRI_G:G1,True,1.0,local_domain:G1
36,consolidation_loop,AUTO_TRI_N3_G1_N6,tripartite,0.12067061890436527,0.0,False,0.0,0.0,N3;G1,,0.3,TRI_T:N6;TRI_G:G1,True,1.0,local_domain:G1
36,consolidation_loop,AUTO_TRI_N4_G1_N2,tripartite,0.09383396830772821,0.0,False,0.0,0.0,N4;G1,,0.2,TRI_T:N2;TRI_G:G1,True,1.0,local_domain:G1
36,consolidation_loop,AUTO_TRI_N4_G1_N3,tripartite,0.16420944453852435,0.0,False,0.0,0.0,N4;G1,,0.35,TRI_T:N3;TRI_G:G1,True,1.0,local_domain:G1
36,consolidation_loop,AUTO_TRI_N4_G1_N6,tripartite,0.469169841538641,1.0,True,1.35,0.0,N4;G1,,1.0,TRI_T:N6;TRI_G:G1,True,1.0,local_domain:G1
36,consolidation_loop,AUTO_TRI_N5_G1_N6,tripartite,0.0,0.0,False,0.0,0.0,N5;G1,,0.35,TRI_T:N6;TRI_G:G1,True,1.0,local_domain:G1
37,consolidation_loop,AUTO_GG_G0_G1,glia_glia,0.96,1.0,True,0.8,1.2,G0;G1,,0.96,GG:G0;GG:G1,False,,local_domains:G0
37,consolidation_loop,AUTO_GG_G0_G2,glia_glia,0.1511008347442831,0.0,False,0.0,0.0,G0;G2,,0.42,GG:G0;GG:G2,False,,local_domains:G0
37,consolidation_loop,AUTO_GG_G1_G2,glia_glia,0.23744416888387346,0.0,False,0.0,0.0,G1;G2,,0.66,GG:G1;GG:G2,False,,local_domains:G1
37,consolidation_loop,AUTO_GN_G0_N0,glia_to_neuron,0.35,0.0,False,0.0,0.0,G0,,0.35,GN_IN:N0;GN_OUT:G0,True,0.0,local_domain:G0
37,consolidation_loop,AUTO_GN_G0_N1,glia_to_neuron,0.25,0.0,False,0.0,0.0,G0,,0.25,GN_IN:N1;GN_OUT:G0,True,0.0,local_domain:G0
37,consolidation_loop,AUTO_GN_G0_N3,glia_to_neuron,0.55,0.0,False,0.0,0.0,G0,,0.55,GN_IN:N3;GN_OUT:G0,True,0.0,local_domain:G0
37,consolidation_loop,AUTO_GN_G1_N0,glia_to_neuron,0.18,0.0,False,0.0,0.0,G1,,0.18,GN_IN:N0;GN_OUT:G1,True,1.0,local_domain:G1
37,consolidation_loop,AUTO_GN_G1_N2,glia_to_neuron,0.2,0.0,False,0.0,0.0,G1,,0.2,GN_IN:N2;GN_OUT:G1,True,1.0,local_domain:G1
37,consolidation_loop,AUTO_GN_G1_N3,glia_to_neuron,1.0,1.0,True,4.0,0.0,G1,,1.0,GN_IN:N3;GN_OUT:G1,True,1.0,local_domain:G1
37,consolidation_loop,AUTO_GN_G1_N6,glia_to_neuron,0.28,0.0,False,0.0,0.0,G1,,0.28,GN_IN:N6;GN_OUT:G1,True,1.0,local_domain:G1
37,consolidation_loop,AUTO_GN_G2_N1,glia_to_neuron,0.07195277844965862,0.0,False,0.0,0.0,G2,,0.2,GN_IN:N1;GN_OUT:G2,True,2.0,local_domain:G2
37,consolidation_loop,AUTO_GN_G2_N3,glia_to_neuron,0.2230536131939417,0.0,False,0.0,0.0,G2,,0.62,GN_IN:N3;GN_OUT:G2,True,2.0,local_domain:G2
37,consolidation_loop,AUTO_GN_G2_N6,glia_to_neuron,0.10792916767448792,0.0,False,0.0,0.0,G2,,0.3,GN_IN:N6;GN_OUT:G2,True,2.0,local_domain:G2
37,consolidation_loop,AUTO_TRI_N0_G1_N6,tripartite,0.18734591951825652,0.0,False,0.0,0.0,N0;G1,,0.2,TRI_T:N6;TRI_G:G1,True,1.0,local_domain:G1
37,consolidation_loop,AUTO_TRI_N2_G1_N3,tripartite,0.13696612124114935,0.0,False,0.0,0.0,N2;G1,,0.20299999999999999,TRI_T:N3;TRI_G:G1,True,1.0,local_domain:G1
37,consolidation_loop,AUTO_TRI_N2_G1_N6,tripartite,0.39133177497471244,0.0,False,0.0,0.0,N2;G1,,0.58,TRI_T:N6;TRI_G:G1,True,1.0,local_domain:G1
37,consolidation_loop,AUTO_TRI_N3_G1_N6,tripartite,0.12055136129155546,0.0,False,0.0,0.0,N3;G1,,0.3,TRI_T:N6;TRI_G:G1,True,1.0,local_domain:G1
37,consolidation_loop,AUTO_TRI_N4_G1_N2,tripartite,0.0936476167429129,0.0,False,0.0,0.0,N4;G1,,0.2,TRI_T:N2;TRI_G:G1,True,1.0,local_domain:G1
37,consolidation_loop,AUTO_TRI_N4_G1_N3,tripartite,0.16388332930009755,0.0,False,0.0,0.0,N4;G1,,0.35,TRI_T:N3;TRI_G:G1,True,1.0,local_domain:G1
37,consolidation_loop,AUTO_TRI_N4_G1_N6,tripartite,0.4682380837145645,1.0,True,1.35,0.0,N4;G1,,1.0,TRI_T:N6;TRI_G:G1,True,1.0,local_domain:G1
37,consolidation_loop,AUTO_TRI_N5_G1_N6,tripartite,0.0,0.0,False,0.0,0.0,N5;G1,,0.35,TRI_T:N6;TRI_G:G1,True,1.0,local_domain:G1
38,consolidation_loop,AUTO_GG_G0_G1,glia_glia,0.96,1.0,True,0.8,1.2,G0;G1,,0.96,GG:G0;GG:G1,False,,local_domains:G0
38,consolidation_loop,AUTO_GG_G0_G2,glia_glia,0.1509486673234641,0.0,False,0.0,0.0,G0;G2,,0.42,GG:G0;GG:G2,False,,local_domains:G0
38,consolidation_loop,AUTO_GG_G1_G2,glia_glia,0.2372050486511579,0.0,False,0.0,0.0,G1;G2,,0.66,GG:G1;GG:G2,False,,local_domains:G1
38,consolidation_loop,AUTO_GN_G0_N0,glia_to_neuron,0.35,0.0,False,0.0,0.0,G0,,0.35,GN_IN:N0;GN_OUT:G0,True,0.0,local_domain:G0
38,consolidation_loop,AUTO_GN_G0_N1,glia_to_neuron,0.25,0.0,False,0.0,0.0,G0,,0.25,GN_IN:N1;GN_OUT:G0,True,0.0,local_domain:G0
38,consolidation_loop,AUTO_GN_G0_N3,glia_to_neuron,0.55,0.0,False,0.0,0.0,G0,,0.55,GN_IN:N3;GN_OUT:G0,True,0.0,local_domain:G0
38,consolidation_loop,AUTO_GN_G1_N0,glia_to_neuron,0.18,0.0,False,0.0,0.0,G1,,0.18,GN_IN:N0;GN_OUT:G1,True,1.0,local_domain:G1
38,consolidation_loop,AUTO_GN_G1_N2,glia_to_neuron,0.2,0.0,False,0.0,0.0,G1,,0.2,GN_IN:N2;GN_OUT:G1,True,1.0,local_domain:G1
38,consolidation_loop,AUTO_GN_G1_N3,glia_to_neuron,1.0,1.0,True,4.0,0.0,G1,,1.0,GN_IN:N3;GN_OUT:G1,True,1.0,local_domain:G1
38,consolidation_loop,AUTO_GN_G1_N6,glia_to_neuron,0.28,0.0,False,0.0,0.0,G1,,0.28,GN_IN:N6;GN_OUT:G1,True,1.0,local_domain:G1
38,consolidation_loop,AUTO_GN_G2_N1,glia_to_neuron,0.07188031777307816,0.0,False,0.0,0.0,G2,,0.2,GN_IN:N1;GN_OUT:G2,True,2.0,local_domain:G2
38,consolidation_loop,AUTO_GN_G2_N3,glia_to_neuron,0.22282898509654225,0.0,False,0.0,0.0,G2,,0.62,GN_IN:N3;GN_OUT:G2,True,2.0,local_domain:G2
38,consolidation_loop,AUTO_GN_G2_N6,glia_to_neuron,0.10782047665961722,0.0,False,0.0,0.0,G2,,0.3,GN_IN:N6;GN_OUT:G2,True,2.0,local_domain:G2
38,consolidation_loop,AUTO_TRI_N0_G1_N6,tripartite,0.18719869254343469,0.0,False,0.0,0.0,N0;G1,,0.2,TRI_T:N6;TRI_G:G1,True,1.0,local_domain:G1
38,consolidation_loop,AUTO_TRI_N2_G1_N3,tripartite,0.13683357265001939,0.0,False,0.0,0.0,N2;G1,,0.20299999999999999,TRI_T:N3;TRI_G:G1,True,1.0,local_domain:G1
38,consolidation_loop,AUTO_TRI_N2_G1_N6,tripartite,0.3909530647143411,0.0,False,0.0,0.0,N2;G1,,0.58,TRI_T:N6;TRI_G:G1,True,1.0,local_domain:G1
38,consolidation_loop,AUTO_TRI_N3_G1_N6,tripartite,0.1204559552013076,0.0,False,0.0,0.0,N3;G1,,0.3,TRI_T:N6;TRI_G:G1,True,1.0,local_domain:G1
38,consolidation_loop,AUTO_TRI_N4_G1_N2,tripartite,0.09349853549106066,0.0,False,0.0,0.0,N4;G1,,0.2,TRI_T:N2;TRI_G:G1,True,1.0,local_domain:G1
38,consolidation_loop,AUTO_TRI_N4_G1_N3,tripartite,0.16362243710935614,0.0,False,0.0,0.0,N4;G1,,0.35,TRI_T:N3;TRI_G:G1,True,1.0,local_domain:G1
38,consolidation_loop,AUTO_TRI_N4_G1_N6,tripartite,0.46749267745530326,1.0,True,1.35,0.0,N4;G1,,1.0,TRI_T:N6;TRI_G:G1,True,1.0,local_domain:G1
38,consolidation_loop,AUTO_TRI_N5_G1_N6,tripartite,0.0,0.0,False,0.0,0.0,N5;G1,,0.35,TRI_T:N6;TRI_G:G1,True,1.0,local_domain:G1
39,consolidation_loop,AUTO_GG_G0_G1,glia_glia,0.96,1.0,True,0.8,1.2,G0;G1,,0.96,GG:G0;GG:G1,False,,local_domains:G0
39,consolidation_loop,AUTO_GG_G0_G2,glia_glia,0.15081171664472703,0.0,False,0.0,0.0,G0;G2,,0.42,GG:G0;GG:G2,False,,local_domains:G0
39,consolidation_loop,AUTO_GG_G1_G2,glia_glia,0.23698984044171395,0.0,False,0.0,0.0,G1;G2,,0.66,GG:G1;GG:G2,False,,local_domains:G1
39,consolidation_loop,AUTO_GN_G0_N0,glia_to_neuron,0.35,0.0,False,0.0,0.0,G0,,0.35,GN_IN:N0;GN_OUT:G0,True,0.0,local_domain:G0
39,consolidation_loop,AUTO_GN_G0_N1,glia_to_neuron,0.25,0.0,False,0.0,0.0,G0,,0.25,GN_IN:N1;GN_OUT:G0,True,0.0,local_domain:G0
39,consolidation_loop,AUTO_GN_G0_N3,glia_to_neuron,0.55,0.0,False,0.0,0.0,G0,,0.55,GN_IN:N3;GN_OUT:G0,True,0.0,local_domain:G0
39,consolidation_loop,AUTO_GN_G1_N0,glia_to_neuron,0.18,0.0,False,0.0,0.0,G1,,0.18,GN_IN:N0;GN_OUT:G1,True,1.0,local_domain:G1
39,consolidation_loop,AUTO_GN_G1_N2,glia_to_neuron,0.2,0.0,False,0.0,0.0,G1,,0.2,GN_IN:N2;GN_OUT:G1,True,1.0,local_domain:G1
39,consolidation_loop,AUTO_GN_G1_N3,glia_to_neuron,1.0,1.0,True,4.0,0.0,G1,,1.0,GN_IN:N3;GN_OUT:G1,True,1.0,local_domain:G1
39,consolidation_loop,AUTO_GN_G1_N6,glia_to_neuron,0.28,0.0,False,0.0,0.0,G1,,0.28,GN_IN:N6;GN_OUT:G1,True,1.0,local_domain:G1
39,consolidation_loop,AUTO_GN_G2_N1,glia_to_neuron,0.07181510316415574,0.0,False,0.0,0.0,G2,,0.2,GN_IN:N1;GN_OUT:G2,True,2.0,local_domain:G2
39,consolidation_loop,AUTO_GN_G2_N3,glia_to_neuron,0.22262681980888277,0.0,False,0.0,0.0,G2,,0.62,GN_IN:N3;GN_OUT:G2,True,2.0,local_domain:G2
39,consolidation_loop,AUTO_GN_G2_N6,glia_to_neuron,0.1077226547462336,0.0,False,0.0,0.0,G2,,0.3,GN_IN:N6;GN_OUT:G2,True,2.0,local_domain:G2
39,consolidation_loop,AUTO_TRI_N0_G1_N6,tripartite,0.1870809109635772,0.0,False,0.0,0.0,N0;G1,,0.2,TRI_T:N6;TRI_G:G1,True,1.0,local_domain:G1
39,consolidation_loop,AUTO_TRI_N2_G1_N3,tripartite,0.1367275337771154,0.0,False,0.0,0.0,N2;G1,,0.20299999999999999,TRI_T:N3;TRI_G:G1,True,1.0,local_domain:G1
39,consolidation_loop,AUTO_TRI_N2_G1_N6,tripartite,0.39065009650604404,0.0,False,0.0,0.0,N2;G1,,0.58,TRI_T:N6;TRI_G:G1,True,1.0,local_domain:G1
39,consolidation_loop,AUTO_TRI_N3_G1_N6,tripartite,0.12037963032910932,0.0,False,0.0,0.0,N3;G1,,0.3,TRI_T:N6;TRI_G:G1,True,1.0,local_domain:G1
39,consolidation_loop,AUTO_TRI_N4_G1_N2,tripartite,0.09337927048957886,0.0,False,0.0,0.0,N4;G1,,0.2,TRI_T:N2;TRI_G:G1,True,1.0,local_domain:G1
39,consolidation_loop,AUTO_TRI_N4_G1_N3,tripartite,0.163413723356763,0.0,False,0.0,0.0,N4;G1,,0.35,TRI_T:N3;TRI_G:G1,True,1.0,local_domain:G1
39,consolidation_loop,AUTO_TRI_N4_G1_N6,tripartite,0.4668963524478943,1.0,True,1.35,0.0,N4;G1,,1.0,TRI_T:N6;TRI_G:G1,True,1.0,local_domain:G1
39,consolidation_loop,AUTO_TRI_N5_G1_N6,tripartite,0.0,0.0,False,0.0,0.0,N5;G1,,0.35,TRI_T:N6;TRI_G:G1,True,1.0,local_domain:G1
40,consolidation_loop,AUTO_GG_G0_G1,glia_glia,0.96,1.0,True,0.8,1.2,G0;G1,,0.96,GG:G0;GG:G1,False,,local_domains:G0
40,consolidation_loop,AUTO_GG_G0_G2,glia_glia,0.15068846103386366,0.0,False,0.0,0.0,G0;G2,,0.42,GG:G0;GG:G2,False,,local_domains:G0
40,consolidation_loop,AUTO_GG_G1_G2,glia_glia,0.23679615305321436,0.0,False,0.0,0.0,G1;G2,,0.66,GG:G1;GG:G2,False,,local_domains:G1
40,consolidation_loop,AUTO_GN_G0_N0,glia_to_neuron,0.35,0.0,False,0.0,0.0,G0,,0.35,GN_IN:N0;GN_OUT:G0,True,0.0,local_domain:G0
40,consolidation_loop,AUTO_GN_G0_N1,glia_to_neuron,0.25,0.0,False,0.0,0.0,G0,,0.25,GN_IN:N1;GN_OUT:G0,True,0.0,local_domain:G0
40,consolidation_loop,AUTO_GN_G0_N3,glia_to_neuron,0.55,0.0,False,0.0,0.0,G0,,0.55,GN_IN:N3;GN_OUT:G0,True,0.0,local_domain:G0
40,consolidation_loop,AUTO_GN_G1_N0,glia_to_neuron,0.18,0.0,False,0.0,0.0,G1,,0.18,GN_IN:N0;GN_OUT:G1,True,1.0,local_domain:G1
40,consolidation_loop,AUTO_GN_G1_N2,glia_to_neuron,0.2,0.0,False,0.0,0.0,G1,,0.2,GN_IN:N2;GN_OUT:G1,True,1.0,local_domain:G1
40,consolidation_loop,AUTO_GN_G1_N3,glia_to_neuron,1.0,1.0,True,4.0,0.0,G1,,1.0,GN_IN:N3;GN_OUT:G1,True,1.0,local_domain:G1
40,consolidation_loop,AUTO_GN_G1_N6,glia_to_neuron,0.28,0.0,False,0.0,0.0,G1,,0.28,GN_IN:N6;GN_OUT:G1,True,1.0,local_domain:G1
40,consolidation_loop,AUTO_GN_G2_N1,glia_to_neuron,0.07175641001612557,0.0,False,0.0,0.0,G2,,0.2,GN_IN:N1;GN_OUT:G2,True,2.0,local_domain:G2
40,consolidation_loop,AUTO_GN_G2_N3,glia_to_neuron,0.22244487104998922,0.0,False,0.0,0.0,G2,,0.62,GN_IN:N3;GN_OUT:G2,True,2.0,local_domain:G2
40,consolidation_loop,AUTO_GN_G2_N6,glia_to_neuron,0.10763461502418833,0.0,False,0.0,0.0,G2,,0.3,GN_IN:N6;GN_OUT:G2,True,2.0,local_domain:G2
40,consolidation_loop,AUTO_TRI_N0_G1_N6,tripartite,0.18698668569969124,0.0,False,0.0,0.0,N0;G1,,0.2,TRI_T:N6;TRI_G:G1,True,1.0,local_domain:G1
40,consolidation_loop,AUTO_TRI_N2_G1_N3,tripartite,0.13664270267879222,0.0,False,0.0,0.0,N2;G1,,0.20299999999999999,TRI_T:N3;TRI_G:G1,True,1.0,local_domain:G1
40,consolidation_loop,AUTO_TRI_N2_G1_N6,tripartite,0.39040772193940637,0.0,False,0.0,0.0,N2;G1,,0.58,TRI_T:N6;TRI_G:G1,True,1.0,local_domain:G1
40,consolidation_loop,AUTO_TRI_N3_G1_N6,tripartite,0.1203185704313507,0.0,False,0.0,0.0,N3;G1,,0.3,TRI_T:N6;TRI_G:G1,True,1.0,local_domain:G1
40,consolidation_loop,AUTO_TRI_N4_G1_N2,tripartite,0.09328385848839343,0.0,False,0.0,0.0,N4;G1,,0.2,TRI_T:N2;TRI_G:G1,True,1.0,local_domain:G1
40,consolidation_loop,AUTO_TRI_N4_G1_N3,tripartite,0.16324675235468847,0.0,False,0.0,0.0,N4;G1,,0.35,TRI_T:N3;TRI_G:G1,True,1.0,local_domain:G1
40,consolidation_loop,AUTO_TRI_N4_G1_N6,tripartite,0.4664192924419671,1.0,True,1.35,0.0,N4;G1,,1.0,TRI_T:N6;TRI_G:G1,True,1.0,local_domain:G1
40,consolidation_loop,AUTO_TRI_N5_G1_N6,tripartite,0.0,0.0,False,0.0,0.0,N5;G1,,0.35,TRI_T:N6;TRI_G:G1,True,1.0,local_domain:G1
41,consolidation_loop,AUTO_GG_G0_G1,glia_glia,0.96,1.0,True,0.8,1.2,G0;G1,,0.96,GG:G0;GG:G1,False,,local_domains:G0
41,consolidation_loop,AUTO_GG_G0_G2,glia_glia,0.15057753098408663,0.0,False,0.0,0.0,G0;G2,,0.42,GG:G0;GG:G2,False,,local_domains:G0
41,consolidation_loop,AUTO_GG_G1_G2,glia_glia,0.23662183440356474,0.0,False,0.0,0.0,G1;G2,,0.66,GG:G1;GG:G2,False,,local_domains:G1
41,consolidation_loop,AUTO_GN_G0_N0,glia_to_neuron,0.35,0.0,False,0.0,0.0,G0,,0.35,GN_IN:N0;GN_OUT:G0,True,0.0,local_domain:G0
41,consolidation_loop,AUTO_GN_G0_N1,glia_to_neuron,0.25,0.0,False,0.0,0.0,G0,,0.25,GN_IN:N1;GN_OUT:G0,True,0.0,local_domain:G0
41,consolidation_loop,AUTO_GN_G0_N3,glia_to_neuron,0.55,0.0,False,0.0,0.0,G0,,0.55,GN_IN:N3;GN_OUT:G0,True,0.0,local_domain:G0
41,consolidation_loop,AUTO_GN_G1_N0,glia_to_neuron,0.18,0.0,False,0.0,0.0,G1,,0.18,GN_IN:N0;GN_OUT:G1,True,1.0,local_domain:G1
41,consolidation_loop,AUTO_GN_G1_N2,glia_to_neuron,0.2,0.0,False,0.0,0.0,G1,,0.2,GN_IN:N2;GN_OUT:G1,True,1.0,local_domain:G1
41,consolidation_loop,AUTO_GN_G1_N3,glia_to_neuron,1.0,1.0,True,4.0,0.0,G1,,1.0,GN_IN:N3;GN_OUT:G1,True,1.0,local_domain:G1
41,consolidation_loop,AUTO_GN_G1_N6,glia_to_neuron,0.28,0.0,False,0.0,0.0,G1,,0.28,GN_IN:N6;GN_OUT:G1,True,1.0,local_domain:G1
41,consolidation_loop,AUTO_GN_G2_N1,glia_to_neuron,0.0717035861828984,0.0,False,0.0,0.0,G2,,0.2,GN_IN:N1;GN_OUT:G2,True,2.0,local_domain:G2
41,consolidation_loop,AUTO_GN_G2_N3,glia_to_neuron,0.22228111716698506,0.0,False,0.0,0.0,G2,,0.62,GN_IN:N3;GN_OUT:G2,True,2.0,local_domain:G2
41,consolidation_loop,AUTO_GN_G2_N6,glia_to_neuron,0.1075553792743476,0.0,False,0.0,0.0,G2,,0.3,GN_IN:N6;GN_OUT:G2,True,2.0,local_domain:G2
41,consolidation_loop,AUTO_TRI_N0_G1_N6,tripartite,0.18691130548858245,0.0,False,0.0,0.0,N0;G1,,0.2,TRI_T:N6;TRI_G:G1,True,1.0,local_domain:G1
41,consolidation_loop,AUTO_TRI_N2_G1_N3,tripartite,0.13657483780013369,0.0,False,0.0,0.0,N2;G1,,0.20299999999999999,TRI_T:N3;TRI_G:G1,True,1.0,local_domain:G1
41,consolidation_loop,AUTO_TRI_N2_G1_N6,tripartite,0.39021382228609625,0.0,False,0.0,0.0,N2;G1,,0.58,TRI_T:N6;TRI_G:G1,True,1.0,local_domain:G1
41,consolidation_loop,AUTO_TRI_N3_G1_N6,tripartite,0.12026972251314381,0.0,False,0.0,0.0,N3;G1,,0.3,TRI_T:N6;TRI_G:G1,True,1.0,local_domain:G1
41,consolidation_loop,AUTO_TRI_N4_G1_N2,tripartite,0.09320752888744509,0.0,False,0.0,0.0,N4;G1,,0.2,TRI_T:N2;TRI_G:G1,True,1.0,local_domain:G1
41,consolidation_loop,AUTO_TRI_N4_G1_N3,tripartite,0.16311317555302887,0.0,False,0.0,0.0,N4;G1,,0.35,TRI_T:N3;TRI_G:G1,True,1.0,local_domain:G1
41,consolidation_loop,AUTO_TRI_N4_G1_N6,tripartite,0.4660376444372254,1.0,True,1.35,0.0,N4;G1,,1.0,TRI_T:N6;TRI_G:G1,True,1.0,local_domain:G1
41,consolidation_loop,AUTO_TRI_N5_G1_N6,tripartite,0.0,0.0,False,0.0,0.0,N5;G1,,0.35,TRI_T:N6;TRI_G:G1,True,1.0,local_domain:G1
42,consolidation_loop,AUTO_GG_G0_G1,glia_glia,0.96,1.0,True,0.8,1.2,G0;G1,,0.96,GG:G0;GG:G1,False,,local_domains:G0
42,consolidation_loop,AUTO_GG_G0_G2,glia_glia,0.1504776939392873,0.0,False,0.0,0.0,G0;G2,,0.42,GG:G0;GG:G2,False,,local_domains:G0
42,consolidation_loop,AUTO_GG_G1_G2,glia_glia,0.2364649476188801,0.0,False,0.0,0.0,G1;G2,,0.66,GG:G1;GG:G2,False,,local_domains:G1
42,consolidation_loop,AUTO_GN_G0_N0,glia_to_neuron,0.35,0.0,False,0.0,0.0,G0,,0.35,GN_IN:N0;GN_OUT:G0,True,0.0,local_domain:G0
42,consolidation_loop,AUTO_GN_G0_N1,glia_to_neuron,0.25,0.0,False,0.0,0.0,G0,,0.25,GN_IN:N1;GN_OUT:G0,True,0.0,local_domain:G0
42,consolidation_loop,AUTO_GN_G0_N3,glia_to_neuron,0.55,0.0,False,0.0,0.0,G0,,0.55,GN_IN:N3;GN_OUT:G0,True,0.0,local_domain:G0
42,consolidation_loop,AUTO_GN_G1_N0,glia_to_neuron,0.18,0.0,False,0.0,0.0,G1,,0.18,GN_IN:N0;GN_OUT:G1,True,1.0,local_domain:G1
42,consolidation_loop,AUTO_GN_G1_N2,glia_to_neuron,0.2,0.0,False,0.0,0.0,G1,,0.2,GN_IN:N2;GN_OUT:G1,True,1.0,local_domain:G1
42,consolidation_loop,AUTO_GN_G1_N3,glia_to_neuron,1.0,1.0,True,4.0,0.0,G1,,1.0,GN_IN:N3;GN_OUT:G1,True,1.0,local_domain:G1
42,consolidation_loop,AUTO_GN_G1_N6,glia_to_neuron,0.28,0.0,False,0.0,0.0,G1,,0.28,GN_IN:N6;GN_OUT:G1,True,1.0,local_domain:G1
42,consolidation_loop,AUTO_GN_G2_N1,glia_to_neuron,0.07165604473299396,0.0,False,0.0,0.0,G2,,0.2,GN_IN:N1;GN_OUT:G2,True,2.0,local_domain:G2
42,consolidation_loop,AUTO_GN_G2_N3,glia_to_neuron,0.22213373867228128,0.0,False,0.0,0.0,G2,,0.62,GN_IN:N3;GN_OUT:G2,True,2.0,local_domain:G2
42,consolidation_loop,AUTO_GN_G2_N6,glia_to_neuron,0.10748406709949095,0.0,False,0.0,0.0,G2,,0.3,GN_IN:N6;GN_OUT:G2,True,2.0,local_domain:G2
42,consolidation_loop,AUTO_TRI_N0_G1_N6,tripartite,0.1868510013196954,0.0,False,0.0,0.0,N0;G1,,0.2,TRI_T:N6;TRI_G:G1,True,1.0,local_domain:G1
42,consolidation_loop,AUTO_TRI_N2_G1_N3,tripartite,0.13652054589720686,0.0,False,0.0,0.0,N2;G1,,0.20299999999999999,TRI_T:N3;TRI_G:G1,True,1.0,local_domain:G1
42,consolidation_loop,AUTO_TRI_N2_G1_N6,tripartite,0.39005870256344816,0.0,False,0.0,0.0,N2;G1,,0.58,TRI_T:N6;TRI_G:G1,True,1.0,local_domain:G1
42,consolidation_loop,AUTO_TRI_N3_G1_N6,tripartite,0.12023064417857829,0.0,False,0.0,0.0,N3;G1,,0.3,TRI_T:N6;TRI_G:G1,True,1.0,local_domain:G1
42,consolidation_loop,AUTO_TRI_N4_G1_N2,tripartite,0.0931464652066864,0.0,False,0.0,0.0,N4;G1,,0.2,TRI_T:N2;TRI_G:G1,True,1.0,local_domain:G1
42,consolidation_loop,AUTO_TRI_N4_G1_N3,tripartite,0.1630063141117012,0.0,False,0.0,0.0,N4;G1,,0.35,TRI_T:N3;TRI_G:G1,True,1.0,local_domain:G1
42,consolidation_loop,AUTO_TRI_N4_G1_N6,tripartite,0.465732326033432,1.0,True,1.35,0.0,N4;G1,,1.0,TRI_T:N6;TRI_G:G1,True,1.0,local_domain:G1
42,consolidation_loop,AUTO_TRI_N5_G1_N6,tripartite,0.0,0.0,False,0.0,0.0,N5;G1,,0.35,TRI_T:N6;TRI_G:G1,True,1.0,local_domain:G1
43,consolidation_loop,AUTO_GG_G0_G1,glia_glia,0.96,1.0,True,0.8,1.2,G0;G1,,0.96,GG:G0;GG:G1,False,,local_domains:G0
43,consolidation_loop,AUTO_GG_G0_G2,glia_glia,0.15038784059896795,0.0,False,0.0,0.0,G0;G2,,0.42,GG:G0;GG:G2,False,,local_domains:G0
43,consolidation_loop,AUTO_GG_G1_G2,glia_glia,0.23632374951266394,0.0,False,0.0,0.0,G1;G2,,0.66,GG:G1;GG:G2,False,,local_domains:G1
43,consolidation_loop,AUTO_GN_G0_N0,glia_to_neuron,0.35,0.0,False,0.0,0.0,G0,,0.35,GN_IN:N0;GN_OUT:G0,True,0.0,local_domain:G0
43,consolidation_loop,AUTO_GN_G0_N1,glia_to_neuron,0.25,0.0,False,0.0,0.0,G0,,0.25,GN_IN:N1;GN_OUT:G0,True,0.0,local_domain:G0
43,consolidation_loop,AUTO_GN_G0_N3,glia_to_neuron,0.55,0.0,False,0.0,0.0,G0,,0.55,GN_IN:N3;GN_OUT:G0,True,0.0,local_domain:G0
43,consolidation_loop,AUTO_GN_G1_N0,glia_to_neuron,0.18,0.0,False,0.0,0.0,G1,,0.18,GN_IN:N0;GN_OUT:G1,True,1.0,local_domain:G1
43,consolidation_loop,AUTO_GN_G1_N2,glia_to_neuron,0.2,0.0,False,0.0,0.0,G1,,0.2,GN_IN:N2;GN_OUT:G1,True,1.0,local_domain:G1
43,consolidation_loop,AUTO_GN_G1_N3,glia_to_neuron,1.0,1.0,True,4.0,0.0,G1,,1.0,GN_IN:N3;GN_OUT:G1,True,1.0,local_domain:G1
43,consolidation_loop,AUTO_GN_G1_N6,glia_to_neuron,0.28,0.0,False,0.0,0.0,G1,,0.28,GN_IN:N6;GN_OUT:G1,True,1.0,local_domain:G1
43,consolidation_loop,AUTO_GN_G2_N1,glia_to_neuron,0.07161325742807999,0.0,False,0.0,0.0,G2,,0.2,GN_IN:N1;GN_OUT:G2,True,2.0,local_domain:G2
43,consolidation_loop,AUTO_GN_G2_N3,glia_to_neuron,0.22200109802704793,0.0,False,0.0,0.0,G2,,0.62,GN_IN:N3;GN_OUT:G2,True,2.0,local_domain:G2
43,consolidation_loop,AUTO_GN_G2_N6,glia_to_neuron,0.10741988614211996,0.0,False,0.0,0.0,G2,,0.3,GN_IN:N6;GN_OUT:G2,True,2.0,local_domain:G2
43,consolidation_loop,AUTO_TRI_N0_G1_N6,tripartite,0.1868027579845858,0.0,False,0.0,0.0,N0;G1,,0.2,TRI_T:N6;TRI_G:G1,True,1.0,local_domain:G1
43,consolidation_loop,AUTO_TRI_N2_G1_N3,tripartite,0.13647711237486537,0.0,False,0.0,0.0,N2;G1,,0.20299999999999999,TRI_T:N3;TRI_G:G1,True,1.0,local_domain:G1
43,consolidation_loop,AUTO_TRI_N2_G1_N6,tripartite,0.38993460678532965,0.0,False,0.0,0.0,N2;G1,,0.58,TRI_T:N6;TRI_G:G1,True,1.0,local_domain:G1
43,consolidation_loop,AUTO_TRI_N3_G1_N6,tripartite,0.12019938151092588,0.0,False,0.0,0.0,N3;G1,,0.3,TRI_T:N6;TRI_G:G1,True,1.0,local_domain:G1
43,consolidation_loop,AUTO_TRI_N4_G1_N2,tripartite,0.09309761426207946,0.0,False,0.0,0.0,N4;G1,,0.2,TRI_T:N2;TRI_G:G1,True,1.0,local_domain:G1
43,consolidation_loop,AUTO_TRI_N4_G1_N3,tripartite,0.16292082495863902,0.0,False,0.0,0.0,N4;G1,,0.35,TRI_T:N3;TRI_G:G1,True,1.0,local_domain:G1
43,consolidation_loop,AUTO_TRI_N4_G1_N6,tripartite,0.46548807131039727,1.0,True,1.35,0.0,N4;G1,,1.0,TRI_T:N6;TRI_G:G1,True,1.0,local_domain:G1
43,consolidation_loop,AUTO_TRI_N5_G1_N6,tripartite,0.0,0.0,False,0.0,0.0,N5;G1,,0.35,TRI_T:N6;TRI_G:G1,True,1.0,local_domain:G1
44,consolidation_loop,AUTO_GG_G0_G1,glia_glia,0.96,1.0,True,0.8,1.2,G0;G1,,0.96,GG:G0;GG:G1,False,,local_domains:G0
44,consolidation_loop,AUTO_GG_G0_G2,glia_glia,0.1503069725926805,0.0,False,0.0,0.0,G0;G2,,0.42,GG:G0;GG:G2,False,,local_domains:G0
44,consolidation_loop,AUTO_GG_G1_G2,glia_glia,0.23619667121706936,0.0,False,0.0,0.0,G1;G2,,0.66,GG:G1;GG:G2,False,,local_domains:G1
44,consolidation_loop,AUTO_GN_G0_N0,glia_to_neuron,0.35,0.0,False,0.0,0.0,G0,,0.35,GN_IN:N0;GN_OUT:G0,True,0.0,local_domain:G0
44,consolidation_loop,AUTO_GN_G0_N1,glia_to_neuron,0.25,0.0,False,0.0,0.0,G0,,0.25,GN_IN:N1;GN_OUT:G0,True,0.0,local_domain:G0
44,consolidation_loop,AUTO_GN_G0_N3,glia_to_neuron,0.55,0.0,False,0.0,0.0,G0,,0.55,GN_IN:N3;GN_OUT:G0,True,0.0,local_domain:G0
44,consolidation_loop,AUTO_GN_G1_N0,glia_to_neuron,0.18,0.0,False,0.0,0.0,G1,,0.18,GN_IN:N0;GN_OUT:G1,True,1.0,local_domain:G1
44,consolidation_loop,AUTO_GN_G1_N2,glia_to_neuron,0.2,0.0,False,0.0,0.0,G1,,0.2,GN_IN:N2;GN_OUT:G1,True,1.0,local_domain:G1
44,consolidation_loop,AUTO_GN_G1_N3,glia_to_neuron,1.0,1.0,True,4.0,0.0,G1,,1.0,GN_IN:N3;GN_OUT:G1,True,1.0,local_domain:G1
44,consolidation_loop,AUTO_GN_G1_N6,glia_to_neuron,0.28,0.0,False,0.0,0.0,G1,,0.28,GN_IN:N6;GN_OUT:G1,True,1.0,local_domain:G1
44,consolidation_loop,AUTO_GN_G2_N1,glia_to_neuron,0.07157474885365737,0.0,False,0.0,0.0,G2,,0.2,GN_IN:N1;GN_OUT:G2,True,2.0,local_domain:G2
44,consolidation_loop,AUTO_GN_G2_N3,glia_to_neuron,0.22188172144633786,0.0,False,0.0,0.0,G2,,0.62,GN_IN:N3;GN_OUT:G2,True,2.0,local_domain:G2
44,consolidation_loop,AUTO_GN_G2_N6,glia_to_neuron,0.10736212328048607,0.0,False,0.0,0.0,G2,,0.3,GN_IN:N6;GN_OUT:G2,True,2.0,local_domain:G2
44,consolidation_loop,AUTO_TRI_N0_G1_N6,tripartite,0.1867641633164981,0.0,False,0.0,0.0,N0;G1,,0.2,TRI_T:N6;TRI_G:G1,True,1.0,local_domain:G1
44,consolidation_loop,AUTO_TRI_N2_G1_N3,tripartite,0.1364423655569922,0.0,False,0.0,0.0,N2;G1,,0.20299999999999999,TRI_T:N3;TRI_G:G1,True,1.0,local_domain:G1
44,consolidation_loop,AUTO_TRI_N2_G1_N6,tripartite,0.3898353301628349,0.0,False,0.0,0.0,N2;G1,,0.58,TRI_T:N6;TRI_G:G1,True,1.0,local_domain:G1
44,consolidation_loop,AUTO_TRI_N3_G1_N6,tripartite,0.12017437137680394,0.0,False,0.0,0.0,N3;G1,,0.3,TRI_T:N6;TRI_G:G1,True,1.0,local_domain:G1
44,consolidation_loop,AUTO_TRI_N4_G1_N2,tripartite,0.09305853350639391,0.0,False,0.0,0.0,N4;G1,,0.2,TRI_T:N2;TRI_G:G1,True,1.0,local_domain:G1
44,consolidation_loop,AUTO_TRI_N4_G1_N3,tripartite,0.16285243363618931,0.0,False,0.0,0.0,N4;G1,,0.35,TRI_T:N3;TRI_G:G1,True,1.0,local_domain:G1
44,consolidation_loop,AUTO_TRI_N4_G1_N6,tripartite,0.4652926675319695,1.0,True,1.35,0.0,N4;G1,,1.0,TRI_T:N6;TRI_G:G1,True,1.0,local_domain:G1
44,consolidation_loop,AUTO_TRI_N5_G1_N6,tripartite,0.0,0.0,False,0.0,0.0,N5;G1,,0.35,TRI_T:N6;TRI_G:G1,True,1.0,local_domain:G1
